tree
version=v4
num_class=1
num_tree_per_iteration=1
label_index=0
max_feature_idx=14
objective=binary sigmoid:1
feature_names=name_exact name_no_suf_exact name_ratio name_wratio name_token_set name_len_diff name_len_ratio name_jaccard addr_exact addr_ratio addr_token_set addr_jaccard number_exact postal_exact name_addr_mean
feature_infos=[0:1] [0:1] [0:1] [0:1] [0:1] [0:79] [0.045454546809196472:1] [0:1] [0:1] [0:1] [0:1] [0:1] [-1:1] [-1:1] [0.1485273689031601:1]
tree_sizes=3440 3445 3464 3427 3463 3487 3511 3485 3473 3516 3488 3504 3484 3497 3488 3495 3522 3501 3495 3531 3484 3514 3514 3505 3498 3509 3500 3486 3508 3525 3496 3502 3513 3515 3501 3509 3533 3523 3518 3503 3523 3508 3531 3519 3541 3526 3522 3530 3542 3518 3504 3513 3530 3514 3525 3546 3539 3553 3501 3505 3515 3505 3536 3501 3529 3500 3505 3518 3489 3527 3500 3499 3493 3509 3505 3522 3529 3529 3530 3520 3522 3499 3511 3521 3524 3529 3494 3510 3499 3491 3482 3492 3525 3504 3515 3497 3467 3530 3492 3473 3484 3541 3516 3544 3521 3514 3506 3496 3523 3471 3500 3517 3475 3465 3458 3546 3505 3505 3520 3455 3517 3520 3439 3516 3526 3511 3508 3512 3531 3499 3496 3500 3515 3482 3513 3465 3542 3449 3503 3498 3506 3470 3532 3502 3467 3505 3471 3549 3520 3460 3521 3454 3511 3511 3483 3478 3512 3527 3482 3517 3471 3478 3459 3509 3478 3511 3470 3508 3448 3521 3487 3553 3503 3450 3518 3488 3506 3474 3477 3484 3486 3489 3483 3467 3489 3494 3494 3510 3442 3489 3524 3473 3520 3470 3488 3504 3490 3490 3504 3442

Tree=0
num_leaves=31
num_cat=0
split_feature=14 10 3 12 3 5 10 6 3 10 9 3 12 11 10 7 10 3 7 7 11 5 12 3 12 3 3 4 7 3
split_gain=2.57058e+06 186806 91321.5 90782.9 72702.3 39927.4 47107.7 28047.4 16319.5 15761.2 13364.8 21272.8 10433.7 10135.1 9565.31 42972.6 7238.93 6803.15 7648.62 6265.12 4987.94 4873.84 4612.04 3502.6 3496.99 3196.87 5019.55 5725.38 2832.46 2704.56
threshold=0.77176257967948925 0.8445824682712556 0.71339285373687755 1.0000000180025095e-35 0.20058823376894 4.5000000000000009 0.66811594367027294 0.82426470518112194 0.90325224399566661 0.98425099253654491 1.0000000180025095e-35 0.90501254796981823 1.0000000180025095e-35 0.57518798112869274 0.72690168023109447 0.47727273404598242 0.98425099253654491 0.85566902160644542 0.060661764815449722 0.31666667759418493 0.72474747896194469 4.5000000000000009 -1.0000000180025095e-35 0.85566902160644542 1.0000000180025095e-35 0.85566902160644542 0.85432928800582897 0.58380147814750682 0.89444443583488475 0.59628483653068554
decision_type=2 2 2 2 2 2 2 2 2 2 2 2 2 2 2 2 2 2 2 2 2 2 2 2 2 2 2 2 2 2
left_child=1 10 4 5 7 6 -2 20 16 17 11 -1 21 -9 -12 23 -8 18 -7 29 -3 -4 -19 -16 -21 26 -5 -28 -10 -6
right_child=3 2 12 25 19 9 8 13 28 -11 14 -13 -14 -15 15 -17 -18 22 -20 24 -22 -23 -24 -25 -26 -27 27 -29 -30 -31
leaf_value=-3.5019557790491289 -3.4027304464330173 -3.1841927686853477 -0.97693127182444917 -0.34715408236641654 -3.4166189258646629 -0.18776408419169499 -1.9079915746176317 -1.9899548116901589 -0.62481534417617324 -0.60821340872324114 -3.5809393886885235 -2.6460712962707471 -0.2241977071856418 -0.51460724120382384 -3.4603304830042791 -0.90768796554236975 -0.3834929277452459 -0.94567902825219896 -3.272155768707433 -2.9520459695890398 -1.7136117177517403 -2.4181492370564968 -2.3106117175362795 -0.61367343788819539 -0.90403443381063475 -0.15537543543575438 -3.3617084549340559 -0.7639131961356993 -0.16378708086445926 -2.4203041787673545
leaf_weight=1031.1790046729147 69.177505701780319 90.596482116729021 62.578143440186977 273.52611049264669 707.86823419854045 8.6544240079820138 125.59045676514506 64.893709231168032 269.79226293042302 53.113271363079548 35103.879317265004 404.23976382985711 165.59183870255947 164.83928068727255 970.77170100063086 71.493068531155586 41.419668179005384 29.668176226317883 113.20218592509627 17.540405113250017 30.94173725694418 37.541097823530436 149.49866615235806 4.3416843079030505 15.890564624220131 1812.0742969959974 12.098827350884674 28.394615426659584 263.33762408420444 28.336726885288954
leaf_count=35056 2306 2888 1074 3546 23662 103 2935 1552 3997 781 1211877 11436 2011 2321 32733 1194 547 503 3675 532 683 1005 3895 64 265 21175 400 447 3092 759
internal_value=-3.29281 -3.51812 -2.37827 -0.590639 -2.77338 -1.31776 -0.913282 -1.58129 -0.667311 -2.19642 -3.56018 -3.26092 -0.711449 -0.931355 -3.57206 -3.27415 -1.52991 -2.47665 -3.0531 -3.31747 -2.80981 -1.51734 -2.08459 -3.44766 -1.97858 -0.206421 -0.500986 -1.5401 -0.397092 -3.37827
internal_weight=42222.1 38972.5 1386.62 3249.55 1120.91 1123.45 769.318 351.271 700.14 354.137 37585.9 1435.42 265.711 229.733 36150.5 1046.61 167.01 301.023 121.857 769.636 121.538 100.119 179.167 975.113 33.431 2126.09 314.02 40.4934 533.13 736.205
internal_count=1376514 1329112 36752 47402 32662 21834 12877 7444 10571 8957 1292360 46492 4090 3873 1245868 33991 3482 8176 3778 25218 3571 2079 4398 32797 797 25568 4393 847 7089 24421
is_linear=0
shrinkage=1


Tree=1
num_leaves=31
num_cat=0
split_feature=11 9 3 3 4 14 14 12 14 3 6 11 3 12 11 4 11 6 7 7 4 12 7 14 3 3 11 4 11 12
split_gain=133128 10005.2 6974.59 4822.42 5881.32 2165.97 1856.01 1480.45 1978.65 1130.54 798.601 755.086 2060.1 718.778 627.73 626.875 604.899 507.084 392.425 349.731 1052.6 349.303 339.619 337.318 716.934 312.94 301.222 297.64 295.191 293.546
threshold=0.24568965286016467 1.0000000180025095e-35 0.86056843400001537 0.66510871052742015 0.20942982286214831 0.68135628104209911 0.75835782289505016 1.0000000180025095e-35 0.60964813828468334 0.95040982961654674 0.86240702867507946 0.18019481003284457 0.87019926309585582 -1.0000000180025095e-35 0.8441295623779298 0.27639257907867437 0.32071428000926977 0.43613053858280187 0.47727273404598242 0.054093567654490478 0.64051282405853283 1.0000000180025095e-35 0.76388889551162731 0.77176257967948925 0.71339285373687755 0.44879534840583807 0.12060606107115747 0.89825496077537548 0.52786380052566539 1.0000000180025095e-35
decision_type=2 2 2 2 2 2 2 2 2 2 2 2 2 2 2 2 2 2 2 2 2 2 2 2 2 2 2 2 2 2
left_child=1 2 18 4 7 14 11 10 16 22 28 -3 -13 -5 -6 -7 -9 -16 -1 23 -21 -14 27 24 -15 -10 -8 -4 -2 -17
right_child=3 6 9 13 5 15 26 8 25 -11 -12 12 21 19 17 29 -18 -19 -20 20 -22 -23 -24 -25 -26 -27 -28 -29 -30 -31
leaf_value=-0.089663171880841497 -0.051113846266822562 -0.10014899391375608 0.56588787662030982 0.27150667896923625 -0.067510101473483991 0.99487426584289307 0.0015210887363304433 0.067200703171088796 1.8542361302058425 0.47181771583102022 0.20168502917171521 -0.0737823041924318 0.17052254649553272 1.2454479897207036 1.317206209350325 0.058390469277785767 0.30373917928917682 0.20499667146836775 0.12244658842996209 -0.049512056219372783 0.21594202619535685 0.44648494335066352 0.42546761558770341 0.24864783538595758 0.35090198774548814 0.63751592888790864 0.17464333070366278 0.20456339511585353 0.12659433487909891 0.24688800640528219
leaf_weight=764.00679430924356 236.85498454980552 30149.311344781891 23.760502008721232 2697.1514110118151 1691.2985101267695 9.7869444545358402 158.27644958905876 119.55972047895193 9.1953242272138578 334.76668703556061 616.36195071041584 1173.3654089458287 115.93528641574085 9.528885053470729 4.6462888959795228 123.89508568309247 1129.2613330818713 34.818735344335437 98.465170787647367 150.38273741491139 22336.67847266607 75.892300970852375 92.397131020203233 1091.5068220086396 149.88268391415477 2.744887823238968 275.34306361339986 562.80612233281136 154.41054439730942 247.96471961773932
leaf_count=26833 7154 1139924 700 5801 57013 214 3762 4123 179 4121 3770 42410 1944 61 107 2344 5324 997 3319 3446 43533 175 1199 1560 330 44 1815 10278 1790 1878
internal_value=0.0561317 -0.0808479 0.143582 0.206484 0.109308 -0.0107608 -0.0940279 0.221121 0.293343 0.321423 0.130755 -0.0968552 -0.0241133 0.222588 -0.0583106 0.204877 0.281093 0.335939 -0.0654474 0.21703 0.214167 0.279701 0.24727 0.268493 0.404374 1.57453 0.111452 0.2192 0.0190176 0.184085
internal_weight=64640.3 33824.3 1876.2 30815.9 4380.8 2112.41 31948.1 2268.39 1260.76 1013.73 1007.63 31514.5 1365.19 26435.1 1730.76 381.647 1248.82 39.465 862.472 23738 22487.1 191.828 678.964 1250.92 159.412 11.9402 433.62 586.567 391.266 371.86
internal_count=1376148 1236480 46450 139668 84937 62553 1190030 22384 9670 16298 12714 1184453 44529 54731 58117 4436 9447 1104 30152 48930 46979 2119 12177 1951 391 223 5577 10978 8944 4222
is_linear=0
shrinkage=0.1


Tree=2
num_leaves=31
num_cat=0
split_feature=10 9 3 3 2 14 12 10 3 9 12 12 10 9 10 6 2 12 2 3 7 9 7 7 14 7 3 7 10 10
split_gain=112434 8341.42 3774.98 3032.75 4110.12 1553.3 1536.56 736.247 2244.33 1901.7 1183.92 630.922 457.424 437.219 468.314 417.101 400.082 388.047 373.878 365.385 350.755 522.834 303.899 294.225 287.728 277.328 214.556 206.782 345.931 199.565
threshold=0.6858804225921632 1.0000000180025095e-35 0.85566902160644542 0.6789083480834962 0.22318007797002795 0.69118842482566845 1.0000000180025095e-35 0.62534916400909435 0.86702898144721996 0.54176929593086254 1.0000000180025095e-35 -1.0000000180025095e-35 0.95013812184333812 0.41542178392410284 0.76490327715873729 0.88303694128990184 0.51000401377677929 -1.0000000180025095e-35 0.94665718078613292 0.51381558179855358 0.085144929587841048 0.90360623598098766 0.31666667759418493 0.47727273404598242 0.77176257967948925 0.31666667759418493 0.85432928800582897 0.080128207802772536 0.82385262846946727 0.78404545783996593
decision_type=2 2 2 2 2 2 2 2 2 2 2 2 2 2 2 2 2 2 2 2 2 2 2 2 2 2 2 2 2 2
left_child=1 2 23 4 6 12 11 -3 -9 10 -10 29 -6 -8 -15 -13 22 24 -4 -14 21 -7 26 -1 -18 -22 -5 28 -19 -2
right_child=3 7 18 16 5 20 13 8 9 -11 -12 15 19 14 -16 -17 17 27 -20 -21 25 -23 -24 -25 -26 -27 -28 -29 -30 -31
leaf_value=-0.088604472063602377 -0.033580629917336846 -0.10095923732237383 0.16748797301785648 0.19471828874546487 -0.074199335094712868 0.68329904370018635 0.94516829493927268 -0.075073828133801451 0.82297489633862364 0.23870813163719712 2.7083107363961143 -0.020408947537413683 0.035545593694153124 0.019316802927772034 0.27549117049799482 0.12810562935883021 0.32460766149157927 0.49294955733188905 0.27626773598597193 0.44330301573738745 -0.033244139313369933 0.19606461424887334 0.19445230257323209 0.090937928116018474 0.22058279286486351 0.16269022837048924 -0.072264290074210577 0.19028066006404182 0.22141924703644744 0.23423623369081745
leaf_weight=699.60240467637777 30.251083884388208 28202.052722936496 832.25305226445198 39.381248872727156 1275.9127472192049 26.607514247298241 9.4007004685699922 704.72623797319829 10.367524286732076 111.18181577697396 4.9073861166834822 375.51260223798454 202.88763606734574 75.715061295777559 1241.1627432126552 380.94660614617169 296.67117961682379 48.822957322001457 509.32376332581043 24.645376056432724 108.79426572658122 127.83636078611016 130.15785556100309 104.96832005679607 2563.002438891679 214.99573837220669 127.72836853563786 23050.463391035795 1203.4394764453173 346.69317752681673
leaf_count=26743 1074 1172059 12288 103 44751 225 155 27746 311 797 53 8768 5847 2313 4680 2669 967 132 4273 177 1531 1350 397 3159 4169 811 2675 42699 1690 1977
internal_value=0.05088 -0.0841627 0.106078 0.182868 0.106201 -0.000973284 0.192548 -0.0982254 -0.00546637 0.382447 1.42868 0.107049 -0.0509062 0.265613 0.260762 0.0543818 0.195268 0.196531 0.208786 0.0797121 0.156003 0.280005 0.0798861 -0.0651805 0.231375 0.0968558 -0.00934686 0.192431 0.232006 0.212743
internal_weight=63080.4 31179.4 2146.15 31901 4441.36 1981.68 2459.68 29033.2 831.183 126.457 15.2749 1133.4 1503.45 1326.28 1316.88 756.459 27459.7 27162.4 1341.58 227.533 478.234 154.444 297.267 804.571 2859.67 323.79 167.11 24302.7 1252.26 376.944
internal_count=1376589 1247429 46463 129160 76328 54692 21636 1200966 28907 1161 364 14488 50775 7148 6993 11437 52832 49657 16561 6024 3917 1575 3175 29902 5136 2342 2778 44521 1822 3051
is_linear=0
shrinkage=0.1


Tree=3
num_leaves=31
num_cat=0
split_feature=10 9 3 11 7 10 2 3 10 2 2 10 5 5 2 2 7 7 14 5 4 2 4 7 10 14 10 7 3 11
split_gain=91599 7523.52 2666.1 2600.32 2545.4 1012.29 717.091 909.908 715.984 1244.45 667.308 610.354 753.778 577.405 385.837 344.243 310.477 275.319 248.335 316.417 247.564 232.669 204.331 199.79 294.602 644.399 193.63 176.259 153.272 183.913
threshold=0.6858804225921632 1.0000000180025095e-35 0.73100960254669201 0.47722567617893225 0.47727273404598242 0.95780044794082653 0.25493229925632482 0.51158317923545849 0.63182720541954052 0.7243877947330476 0.15504807978868487 0.8445824682712556 3.5000000000000004 5.5000000000000009 0.52689418196678173 0.79431909322738659 0.085144929587841048 0.47727273404598242 0.22844818979501727 4.5000000000000009 0.77015754580497753 0.92907443642616283 0.24440020322799685 0.080128207802772536 0.8445824682712556 0.77176257967948925 0.99790793657302868 0.47727273404598242 0.87839940190315258 0.4220647811889649
decision_type=2 2 2 2 2 2 2 2 2 2 2 2 2 2 2 2 2 2 2 2 2 2 2 2 2 2 2 2 2 2
left_child=1 4 3 5 15 10 11 -8 -3 18 13 12 -5 -2 20 -1 -9 -12 19 -10 -4 -6 -7 24 25 -16 -13 -20 29 -25
right_child=2 8 14 6 21 22 7 16 9 -11 17 26 -14 -15 23 -17 -18 -19 27 -21 -22 -23 -24 28 -26 -27 -28 -29 -30 -31
leaf_value=-0.091770616235522753 0.17030909663747507 -0.10021770637258845 -0.021638314526943724 1.2651891574256056 0.125087085988387 0.50431420135453131 -0.022025134890730859 0.25682244265963816 2.3166795010068895 0.2525084243380053 -0.070714111310636818 0.15424638744757724 0.236590220925503 -0.039160889599788973 0.76847629327252298 0.13013927798079908 0.11672611686373187 0.2290487074181633 -0.082245198210956605 -0.10240754775113042 0.1566104463645428 0.20125595837173257 0.18637316855970343 0.098232261200601093 0.20266371974466213 0.19737703150110239 0.21844681677668598 0.19601458256821405 0.17833673056866239 0.16492953089536827
leaf_weight=638.18066355027258 285.15265792049468 25703.06281635724 159.74780181609094 11.604584228247406 907.58773567527533 39.913470212370157 459.63487250171602 216.10245154425502 0.99210001341998522 154.01663250662386 1100.2750662788749 1187.3753890693188 18.453952861949801 244.36579552665353 29.999282728880644 78.504883483052254 590.27931819669902 31.517058415338397 559.66896010935307 1.1883720420300958 152.10871740989387 718.53675793856382 40.953860867768526 478.74415229447186 1200.2059066295624 57.871787667274475 777.333476241678 23.729336002841592 21970.009708205238 3030.1386117264628
leaf_count=26223 4618 1175340 2901 160 13353 227 14391 680 27 1294 39376 5671 466 7233 120 1733 2831 84 23663 52 442 5093 412 2770 1689 87 1992 300 34997 7752
internal_value=0.0472988 -0.082209 0.1635 0.0964329 0.0895453 -0.00219834 0.14913 0.0902654 -0.0974264 -0.000421328 -0.019016 0.186489 0.633697 0.0736415 0.175891 -0.0674629 0.154271 -0.0623666 -0.0669459 0.998261 0.0653029 0.158744 0.343298 0.17718 0.215604 0.392351 0.179647 -0.0709272 0.175237 0.15583
internal_weight=60867.3 28785.5 32081.8 5002.96 2342.81 1742.18 3260.78 1266.02 26442.7 739.595 1661.31 1994.77 30.0585 529.518 27078.8 716.686 806.382 1131.79 585.579 2.18047 311.857 1626.12 80.8673 26767 1288.08 87.8711 1964.71 583.398 25478.9 3508.88
internal_count=1375977 1247078 128899 78141 46402 51950 26191 17902 1200676 25336 51311 8289 626 11851 50758 27956 3511 39460 24042 79 3343 18446 639 47415 1896 207 7663 23963 45519 10522
is_linear=0
shrinkage=0.1


Tree=4
num_leaves=31
num_cat=0
split_feature=10 9 3 11 4 2 11 4 2 3 6 3 7 9 2 7 10 4 7 7 10 2 11 7 3 11 10 14 6 5
split_gain=76042.4 6615.75 2616.06 2040.59 1813.44 751.92 538.999 834.202 535.361 736.206 489.37 349.757 516.097 320.385 296.191 239.746 224.087 220.817 213.277 194.964 191.656 480.069 163.596 141.425 173.201 178.872 137.117 217.91 133.286 193.618
threshold=0.67912882566452037 1.0000000180025095e-35 0.73100960254669201 0.47722567617893225 0.82807883620262157 0.21132376790046695 0.26794873178005224 0.74133810400962841 0.25493229925632482 0.47478812932968145 0.86425063014030468 0.55642086267471325 0.069047622382640853 0.4918693900108338 0.53694942593574535 0.085144929587841048 0.95780044794082653 0.77015754580497753 0.13809524476528171 0.5634920895099641 0.61410415172576915 0.74862638115882885 0.70710784196853649 0.085144929587841048 0.87839940190315258 0.4220647811889649 0.8445824682712556 0.77176257967948925 0.4016129076480866 15.500000000000002
decision_type=2 2 2 2 2 2 2 2 2 2 2 2 2 2 2 2 2 2 2 2 2 2 2 2 2 2 2 2 2 2
left_child=1 4 3 5 -1 10 20 -8 28 18 16 -7 -13 -12 17 -11 -2 22 -10 -6 -3 -22 -4 26 25 -25 27 -16 -5 -30
right_child=2 6 14 8 19 11 7 -9 9 15 13 12 -14 -15 23 -17 -18 -19 -20 -21 21 -23 -24 24 -26 -27 -28 -29 29 -31
leaf_value=-0.077428970876401271 -0.018637701268107053 -0.10059979641528227 -0.071767817777929982 0.27007258964781189 0.053444891399359741 -0.087801050064563138 -0.068634697141557996 0.34192292746371883 -0.046008617364443304 0.21254533764289207 0.38821796530088193 0.45231365619497987 -0.0035386136732650265 0.12225346547929467 0.49635582383687099 0.096508844840004451 0.37215517188878056 0.14642770368668567 0.32702417707563813 0.13583901245604729 -0.082780668238575203 0.15166841942601494 0.13938162192139109 0.082949473667039753 0.16346638454217932 0.14851647084442543 0.18513597866640774 0.18458853449533819 0.15866976769614641 -0.059946114222883463
leaf_weight=609.60514798387885 347.92587911337614 23065.346624089405 124.30701634660363 104.29677108116448 352.04769203998148 826.17942725121975 168.43282116949558 70.08316595107317 399.8422031942755 251.10608535259962 54.373993087559938 27.782382443547249 234.1923929322511 271.17831434682012 37.785766934975982 612.08815374597907 15.319201543927191 187.54045985266566 15.937689036130903 1558.707732334733 555.22122810594738 103.6419064309448 52.061652254313231 480.88282678462565 21546.116090334952 3087.2791537195444 1162.5309380888939 55.126929149031639 1922.785588953644 41.383820056915283
leaf_count=26387 10338 1162551 2839 1176 6860 34331 7428 591 13026 1289 585 328 5344 3460 113 3285 116 536 453 13220 25332 1392 310 2779 34960 7698 1668 85 6544 569
internal_value=0.0438502 -0.0813675 0.147942 0.0824898 0.0727465 -0.00412153 -0.0975769 0.0519995 0.128467 0.0776084 0.0776397 -0.0558761 0.0448044 0.166675 0.160488 0.130264 -0.00215672 0.0708867 -0.0317095 0.120658 -0.0990807 -0.0459009 -0.00943935 0.161724 0.160087 0.13968 0.194479 0.311378 0.159913 0.154064
internal_weight=58341.1 26483.1 31858 5124.39 2520.36 1776.95 23962.7 238.516 3347.44 1278.97 688.797 1088.15 261.975 325.552 26733.6 863.194 363.245 363.909 415.78 1910.76 23724.2 658.863 176.369 26369.7 25114.3 3568.16 1255.44 92.9127 2068.47 1964.17
internal_count=1375593 1243761 131832 80844 46467 54502 1197294 8019 26342 18053 14499 40003 5672 4045 50988 4574 10454 3685 13479 20080 1189275 26724 3149 47303 45437 10477 1866 198 8289 7113
is_linear=0
shrinkage=0.1


Tree=5
num_leaves=31
num_cat=0
split_feature=10 9 3 12 7 10 10 10 3 4 4 3 12 2 2 12 12 3 10 12 12 11 7 3 2 7 7 12 14 7
split_gain=63754.1 6016.91 2277.15 2312.32 1367.59 887.254 685.889 620.369 1206.35 468.69 355.073 408.85 268.748 237.772 220.441 187.102 553.568 412.008 216.488 183.471 228.478 176.51 144.042 140.615 127.949 120.065 119.528 353.495 98.403 96.0379
threshold=0.6858804225921632 1.0000000180025095e-35 0.70064935088157665 1.0000000180025095e-35 0.47727273404598242 0.97473672032356273 0.76490327715873729 0.59868276119232189 0.86056843400001537 0.19433516263961795 0.27639257907867437 0.47478812932968145 -1.0000000180025095e-35 0.47395551204681402 0.78738203644752514 -1.0000000180025095e-35 1.0000000180025095e-35 0.88748916983604442 0.72690168023109447 -1.0000000180025095e-35 1.0000000180025095e-35 0.58578431606292736 0.31666667759418493 0.57036584615707409 0.93405798077583324 0.73214286565780651 0.47727273404598242 1.0000000180025095e-35 0.22844818979501727 0.31666667759418493
decision_type=2 2 2 2 2 2 2 2 2 2 2 2 2 2 2 2 2 2 2 2 2 2 2 2 2 2 2 2 2 2
left_child=1 4 3 5 14 9 29 -3 26 12 21 -12 -2 22 -1 -15 17 -17 -18 -10 -21 -8 -4 -11 25 -6 28 -28 -9 -5
right_child=2 7 13 6 24 -7 10 8 19 23 11 -13 -14 15 -16 16 18 -19 -20 20 -22 -23 -24 -25 -26 -27 27 -29 -30 -31
leaf_value=-0.088994465077820592 0.12004296933049818 -0.10031905245083467 -0.0364178777357511 -0.043979899720817679 0.058359972364287166 0.13192783948184225 0.24942542007421672 0.22354129207055362 0.42162426098351191 -0.087924617831006635 -0.01417257945611909 0.15116619288620531 -0.0044977245338657934 0.1722149051840868 0.078638133805692512 0.066735837950127039 0.28337292914138928 0.13251416961853676 0.15274233477017407 0.049133857727507273 0.26773417492789675 0.16754935336019361 0.15340552314494468 0.00091990353106856122 0.13236541035473545 0.12643398005511061 0.040978169555666077 1.6243650973793748 -0.083957059587681571 0.47683611104139667
leaf_weight=544.7319222278893 236.28556429222226 20785.515738811344 112.19577516242862 196.70995241031051 762.56617202982306 439.80653137899935 342.26160322502255 10.532609945163129 28.628058418631554 855.02356549724936 216.50742523185909 483.67078276351094 649.69422642700374 2931.0809925086796 91.644789567217231 1254.1329603455961 127.76528450474143 3955.5806193612516 18011.366544792429 103.33431568928063 88.986305626109242 1141.3475930765271 62.101715987548232 225.02824485860765 864.1705567240715 392.42456625029445 14.485896905884147 1.5620014965534217 872.17653933912516 3.6054733768105498
leaf_count=26080 2346 1154088 2215 7322 10734 2321 3232 177 270 35057 7113 2246 9720 5167 1843 7477 324 9595 27049 1715 178 3188 184 4470 4736 3074 469 26 43986 107
internal_value=0.0413741 -0.0791798 0.13614 0.072696 0.0629756 0.00353074 0.142492 -0.0964131 -0.0239062 -0.025192 0.158737 0.100041 0.0287165 0.147628 -0.0648536 0.1484 0.145411 0.116679 0.153662 0.185438 0.15028 0.186438 0.0312157 -0.0694139 0.103263 0.0814891 -0.0753708 0.195095 -0.0802879 -0.0346057
internal_weight=55804.9 24560.8 31244.2 4789.94 2655.54 2405.84 2384.1 21905.2 1119.71 1966.03 2183.79 700.178 885.98 26454.2 636.377 26279.9 23348.8 5209.71 18139.1 220.949 192.321 1483.61 174.297 1080.05 2019.16 1154.99 898.757 16.0479 882.709 200.315
internal_count=1376509 1247376 129133 77122 46467 53914 23208 1200909 46821 51593 15779 9359 12066 52011 27923 49612 44445 17072 27373 2163 1893 6420 2399 39527 18544 13808 44658 495 44163 7429
is_linear=0
shrinkage=0.1


Tree=6
num_leaves=31
num_cat=0
split_feature=14 12 9 4 5 3 9 12 12 14 2 6 3 4 14 4 7 9 14 12 9 9 4 12 9 14 9 5 14 14
split_gain=43610.3 5710.66 4815.48 2226.76 1258.72 1068.97 895.775 657.723 810.615 875.873 598.773 477.602 470.35 952.151 468.879 241.051 216.906 246.085 189.69 213.882 187.836 281.902 144.784 130.844 117.02 111.882 107.941 103.279 102.856 96.0799
threshold=0.72118842601776134 1.0000000180025095e-35 1.0000000180025095e-35 0.19433516263961795 4.5000000000000009 0.86056843400001537 0.73817512392997753 1.0000000180025095e-35 -1.0000000180025095e-35 0.79409262537956249 0.61257407069206249 0.86240702867507946 0.76604324579238903 0.17192118614912036 0.54546290636062633 0.27639257907867437 0.89444443583488475 0.98124927282333385 0.67770394682884227 -1.0000000180025095e-35 0.39192584156990057 0.31142632663249975 0.70659971237182628 -1.0000000180025095e-35 0.51521766185760509 0.68655282258987438 0.69592735171318065 8.5000000000000018 0.28041014075279241 0.77176257967948925
decision_type=2 2 2 2 2 2 2 2 2 2 2 2 2 2 2 2 2 2 2 2 2 2 2 2 2 2 2 2 2 2
left_child=1 2 5 11 12 22 10 8 27 -10 24 26 13 28 -15 -8 17 -11 -5 -20 21 -14 -1 -13 -6 -17 -4 -2 -3 -9
right_child=7 4 3 18 6 -7 15 29 9 16 -12 23 20 14 -16 25 -18 -19 19 -21 -22 -23 -24 -25 -26 -27 -28 -29 -30 -31
leaf_value=-0.095618002752512823 0.1591863060272859 0.042070997138228337 -0.068619247578839235 -0.097974950575070469 -0.086720845778613262 0.090224711342983793 0.15424589160762844 0.17113677713573774 0.012191671014815485 0.084954929307114541 0.12721635951114549 0.13228714904374489 2.0959607314880753 -0.080216745324518293 0.093402388733015568 -0.054202542568691704 0.14530575267659054 0.17259849574820929 0.0093189880850956912 -0.079480565418582949 0.19815014226475702 0.43323280924483809 -0.0018962785891851503 0.051302080387517872 -0.02634773341266013 0.14872141441127659 0.014338176394098756 0.096762244939804606 0.15371854763679485 0.14176760139026712
leaf_weight=377.86700349673629 2586.7254129759967 89.528154194355011 368.93169107288122 16657.407555688173 759.26995453238487 2110.9001225531101 391.25231001339853 1197.0563225504011 1210.1406860295683 2828.8607728779316 193.48742439411581 311.9463461022824 1.0920775532722498 371.14737225137651 267.77228894643486 100.76219648867846 1164.4193945769221 361.27913144603372 314.93901196867228 1954.7846761532128 360.81338747963309 15.377248384058474 292.36487939022481 553.45085384137928 556.26156456954777 37.201507436111569 272.84087339043617 295.29285761713982 1053.3750584349036 16036.359977411106
leaf_count=20041 6606 3657 16772 993585 43998 16248 2621 2867 30080 11212 2225 2186 51 20727 5467 3400 2233 639 12613 101726 814 262 10236 6131 22861 561 3942 1295 5506 25507
internal_value=0.038965 -0.0487549 -0.0681622 -0.0849643 0.0585867 0.0552905 0.00222455 0.132603 0.109744 0.0874499 -0.0370347 0.0320176 0.111794 0.0903166 -0.00745268 0.114169 0.108364 0.0948804 -0.0942795 -0.067159 0.213225 0.543488 -0.0547352 0.0804945 -0.0611926 0.000515306 -0.033351 0.15279 0.144973 0.143808
internal_weight=53092.9 27412.8 23215.4 20434.3 4197.34 2781.13 2038.23 25680.1 8446.72 5564.7 1509.02 1507.17 2159.11 1781.82 638.92 529.216 4354.56 3190.14 18927.1 2269.72 377.283 16.4693 670.232 865.397 1315.53 137.964 641.773 2882.02 1142.9 17233.4
internal_count=1376069 1295630 1183480 1136955 112150 46525 75666 80439 52065 44164 69084 29031 36484 35357 26194 6582 14084 11851 1107924 114339 1127 313 30277 8317 66859 3961 20714 7901 9163 28374
is_linear=0
shrinkage=0.1


Tree=7
num_leaves=31
num_cat=0
split_feature=10 9 3 12 7 10 10 3 10 5 1 12 12 7 2 3 6 12 10 2 5 12 12 5 10 14 2 1 10 9
split_gain=46983.3 4906.13 1878.25 1397.23 806.533 674.634 469.478 775.348 456.947 399.03 539.483 538.775 387.661 261.057 230.523 268.197 206.293 199.872 196.004 182.882 179.878 147.774 365.585 394.685 190.157 801.021 108.79 101.467 93.5704 90.6212
threshold=0.67912882566452037 1.0000000180025095e-35 0.73942822217941295 1.0000000180025095e-35 0.43650794029235845 0.97473672032356273 0.59868276119232189 0.86702898144721996 0.76490327715873729 8.5000000000000018 1.0000000180025095e-35 1.0000000180025095e-35 -1.0000000180025095e-35 0.054093567654490478 0.24525599926710132 0.44277133047580725 0.83156028389930736 1.0000000180025095e-35 0.78404545783996593 0.78738203644752514 2.5000000000000004 1.0000000180025095e-35 -1.0000000180025095e-35 7.5000000000000009 0.72690168023109447 0.77176257967948925 0.073622401803731932 1.0000000180025095e-35 0.98425099253654491 0.55010917782783519
decision_type=2 2 2 2 2 2 2 2 2 2 2 2 2 2 2 2 2 2 2 2 2 2 2 2 2 2 2 2 2 2
left_child=1 4 3 5 19 12 -3 -8 29 21 11 13 18 -11 26 -16 -9 28 -2 -1 -14 22 -4 -24 25 -23 -10 -18 -12 -5
right_child=2 6 9 8 -6 -7 7 16 14 10 17 -13 20 -15 15 -17 27 -19 -20 -21 -22 24 23 -25 -26 -27 -28 -29 -30 -31
leaf_value=-0.088418901840650724 -0.061569279374047173 -0.099726900353393808 0.15346273727631646 0.10064207811908679 0.07111775782626549 0.11549735702241176 -0.074539097325998102 0.0017933976863364017 0.060719935416386164 0.18326036308555493 0.31751613153705149 0.11227549357702114 0.010226502277855383 -0.01135183840984362 -0.0015279243729723003 0.11779314501384799 0.36838381619966754 0.13970191488840586 0.10344453183503249 0.058457315368304133 -0.06253152751017188 0.74300256363188777 0.097921341040826074 0.21935551491768718 0.13928124016677551 0.12723850379258902 0.15897801910950857 0.16776020901167543 0.15658476269177965 -0.058206237864455883
leaf_weight=466.74806086346507 91.569354528561234 17329.060220794752 2480.8970278967172 45.298157710582018 2297.5628878585994 483.81170739978552 741.11008273810148 66.019514182582498 122.91838879883289 75.906115107238293 120.04323354922235 1157.4507110230625 499.535734558478 749.76664381846786 247.64719974994659 787.0285689663142 33.496450977399945 391.90022871643305 336.51424049399793 103.58996659331024 1062.5823539532721 27.200289610773325 4209.7202181890607 285.82332536578178 14578.35843401216 94.598826438188553 1353.0706263426691 101.89638695679605 51.684396773576736 173.36152816005051
leaf_count=26008 3879 1154216 4217 1509 18625 2467 41890 861 652 140 331 2665 9021 6458 7461 3631 214 639 4657 1836 36481 102 10986 1137 23771 167 4621 935 78 6833
internal_value=0.036825 -0.0769025 0.118524 0.0640135 0.044696 0.00958575 -0.0959886 -0.0272562 0.11335 0.130234 0.092789 0.0682523 -0.016161 0.00653934 0.125425 0.0892339 0.146724 0.179121 0.0681472 -0.0617419 -0.0392649 0.134633 0.122648 0.105642 0.140321 0.264751 0.150795 0.217395 0.269081 -0.0252988
internal_weight=50566.2 21139.5 29426.7 5203.34 2867.9 2474.01 18271.6 942.522 2729.32 24223.3 2546.75 1983.12 1990.2 825.673 2510.66 1034.68 201.412 563.628 428.084 570.338 1562.12 21676.6 6976.44 4495.54 14700.2 121.799 1475.99 135.393 171.728 218.66
internal_count=1376488 1244585 131903 81212 46469 56505 1198116 43900 24707 50691 10311 9263 54038 6598 16365 11092 2010 1048 8536 27844 45502 40380 16340 12123 24040 269 5273 1149 409 8342
is_linear=0
shrinkage=0.1


Tree=8
num_leaves=31
num_cat=0
split_feature=10 9 3 12 4 11 10 2 12 12 2 10 10 2 9 2 3 5 9 10 9 12 10 9 2 9 6 1 5 4
split_gain=39968 4560.87 1705.83 1128.67 690.983 561.525 552.273 763.604 448.54 517.93 460.358 423.12 350.753 208.547 176.187 171.594 239.804 168.979 164.576 134.664 137.289 110.131 96.0904 272.773 93.4039 82.6934 80.9759 98.2737 108.59 102.47
threshold=0.6858804225921632 1.0000000180025095e-35 0.73100960254669201 1.0000000180025095e-35 0.80982521176338207 0.52786380052566539 0.59868276119232189 0.680425524711609 1.0000000180025095e-35 -1.0000000180025095e-35 0.95713412761688244 0.97473672032356273 0.77482193708419811 0.15504807978868487 0.30025906860828405 0.27334994077682501 0.51548427343368541 3.5000000000000004 0.40081967413425451 0.98425099253654491 0.91572606563568126 1.0000000180025095e-35 0.72690168023109447 0.54583653807640087 0.047065338119864471 0.44742849469184881 0.81909090280532848 1.0000000180025095e-35 2.5000000000000004 0.92031747102737438
decision_type=2 2 2 2 2 2 2 2 2 2 2 2 2 2 2 2 2 2 2 2 2 2 2 2 2 2 2 2 2 2
left_child=1 4 3 5 -1 13 -3 -8 9 -4 11 -11 25 14 -2 24 -17 18 -9 20 -7 -19 23 -10 -14 -5 -6 28 -28 -29
right_child=2 6 8 12 26 19 7 17 22 10 -12 -13 15 -15 -16 16 -18 21 -20 -21 -22 -23 -24 -25 -26 -27 27 29 -30 -31
leaf_value=-0.076002544243033876 1.2884080964530289 -0.099331017308598682 0.13872463654411452 0.18898383840032656 0.033892185854808576 0.058423906580424172 -0.075046628027976972 0.67308997948225535 0.55547253113143391 0.053388479412508849 0.13945877763581824 0.13809912004484087 -0.067718630910544822 -0.074784701639652076 0.0074530164181683322 -0.0017556500037534846 0.11161128411313886 -0.025589240574194455 0.17074969251804636 0.10458400786276741 -0.037757853901936117 0.20588057955985894 0.13144044419151993 0.15607609224413108 0.13694253769247969 -0.034500754255533103 0.14806322439802194 -0.055031398375855384 0.040147272575021473 0.06548340332309191
leaf_weight=438.44022008776665 1.0761552583426226 15716.438466495834 2665.8179085385054 17.988707263022661 807.41162841394544 552.35631489939988 723.85489841829985 6.8330064760521045 20.182862946763635 3315.0035701636225 1180.4959984011948 717.21191260963678 22.633262682706118 714.35882921330631 481.4817263148725 261.33386043272913 652.36888181604445 84.074807446449995 143.21354911476374 395.91630324348807 202.92714283615351 27.206911623477936 15383.914695626125 111.94429030828178 1511.9389776308089 207.99491147883236 292.85076464526355 74.917017472907901 136.80095975473523 1211.2039618603885
leaf_count=25458 14 1153190 5287 317 9715 6743 43308 58 72 14547 1964 1460 184 33097 9213 7556 1974 1771 1566 1940 3324 125 27237 311 5970 7870 2465 1039 1660 6201
internal_value=0.0351085 -0.0744976 0.110951 0.0580721 0.039872 0.00748138 -0.0947782 -0.0221482 0.122303 0.102871 0.0845356 0.068456 0.102493 -0.0404774 0.0103097 0.113496 0.0791865 0.124376 0.193626 0.0573447 0.0325821 0.0310021 0.13217 0.217085 0.133924 -0.016711 0.0600069 0.072296 0.113703 0.0584634
internal_weight=48080.2 19663.2 28416.9 5022.38 2961.62 2348.12 16701.6 985.183 23394.6 7878.53 5212.71 4032.22 2674.26 1196.92 482.558 2448.27 913.703 261.328 150.047 1151.2 755.283 111.282 15516 132.127 1534.57 225.984 2523.18 1715.77 429.652 1286.12
internal_count=1375636 1246556 129080 78202 46538 54331 1200018 46828 50878 23258 17971 16007 23871 42324 9227 15684 9530 3520 1624 12007 10067 1896 27620 383 6154 8187 21080 11365 4125 7240
is_linear=0
shrinkage=0.1


Tree=9
num_leaves=31
num_cat=0
split_feature=11 9 3 11 7 11 4 12 12 7 7 12 14 12 4 6 12 2 3 4 14 5 7 7 6 3 6 5 14 12
split_gain=32192.4 3892.45 1973.93 962.217 991.385 960.837 559.985 509.139 463.725 466.203 418.062 381.678 330.867 323.066 289.634 186.998 181.453 170.68 159.885 146.696 112.374 105.793 100.407 100.005 98.4118 97.3893 88.4084 79.3623 73.2427 193.475
threshold=0.24568965286016467 1.0000000180025095e-35 0.70064935088157665 0.12060606107115747 0.47727273404598242 0.43874999880790716 0.78629976511001598 1.0000000180025095e-35 -1.0000000180025095e-35 0.89444443583488475 0.054093567654490478 1.0000000180025095e-35 0.35407139360904699 1.0000000180025095e-35 0.17192118614912036 0.79516318440437328 1.0000000180025095e-35 0.73746865987777721 0.55419176816940319 0.25158227980136877 0.29251739382743841 8.5000000000000018 0.52777779102325451 0.31666667759418493 0.76533168554306041 0.47478812932968145 0.97182539105415355 5.5000000000000009 0.71184292435646068 1.0000000180025095e-35
decision_type=2 2 2 2 2 2 2 2 2 2 2 2 2 2 2 2 2 2 2 2 2 2 2 2 2 2 2 2 2 2
left_child=1 6 5 28 17 12 -1 8 21 10 -10 14 15 26 24 -2 -14 20 -18 -13 -5 -4 -8 -16 -7 -21 -6 -9 -3 -30
right_child=2 3 7 4 13 11 22 27 9 -11 -12 19 16 -15 23 -17 18 -19 -20 25 -22 -23 -24 -25 -26 -27 -28 -29 29 -31
leaf_value=-0.078712907988499475 -0.048616470887429583 -0.099337406674460116 0.13677547822783578 0.00026981692902676788 -0.0026610240920745161 -0.0063508959323037434 0.010771746166565288 0.12988517528298191 0.21702179397707111 0.13486939943367107 0.054452281850117537 0.12253249784577769 -0.078298410801692017 0.19360826092677119 -0.045002600470668098 0.12370939921242877 -0.023401968468211284 0.085359027439841417 0.1366250663075308 0.0092552831686616918 -0.091510091077490044 0.072298435044412079 0.060707462538420437 0.07745387327950376 0.086207805755202038 0.091516153128224226 0.093657006349706418 0.1105963935811759 -0.077167649764469284 0.17281143428691617
leaf_weight=377.85274175275117 90.321426409296691 13112.335039368831 2242.1041832286865 153.0551171945408 242.95577026158571 138.66237894073129 494.91319099627435 11873.744034875184 165.01457938551903 1094.2799454797059 3821.3495294004679 1283.0508799087256 709.62688328605145 189.62211868260056 429.67987608350813 207.9464051714167 397.55047606304288 66.100374993868172 74.065716997720301 215.5457333503291 1039.0359336910769 287.05661152303219 2160.2313436456025 78.941985642537475 669.52052872255445 433.11362183094025 156.7999497205019 2600.1782292760909 546.95030117314309 32.818993703462183
leaf_count=24314 3296 1063085 4418 8060 5629 1811 8837 21950 337 2153 16885 3915 34273 440 13626 2944 15553 1888 1109 5761 72834 1235 13415 603 2120 1694 2657 5861 35792 130
internal_value=0.0327589 -0.0684337 0.102856 -0.0886588 -0.020918 0.0442149 0.0351901 0.11541 0.0944698 0.0770528 0.0611818 0.0746378 -0.0225839 0.08611 0.0331218 0.0715257 -0.0463468 -0.0710533 0.00172973 0.102938 -0.0797263 0.129457 0.0513996 -0.0259964 0.0703272 0.0641813 0.0351187 0.12642 -0.0977995 -0.0630171
internal_weight=45384.4 18572.7 26811.8 15539.7 1847.57 4728.03 3033 22083.7 7609.8 5080.64 3986.36 3248.52 1479.51 589.378 1316.8 298.268 1181.24 1258.19 471.616 1931.71 1192.09 2529.16 2655.14 508.622 808.183 648.659 399.756 14473.9 13692.1 579.769
internal_count=1376625 1237081 139544 1190515 91508 86705 46566 52839 25028 19375 17222 29530 57175 8726 18160 6240 50935 82782 16662 11370 80894 5653 22252 14229 3931 7455 8286 27811 1099007 35922
is_linear=0
shrinkage=0.1


Tree=10
num_leaves=31
num_cat=0
split_feature=10 9 3 12 11 10 2 2 12 12 10 9 2 12 5 10 10 11 12 5 12 10 5 10 9 11 4 5 9 3
split_gain=29579.9 3865.6 1658.45 1156.48 593.844 505.826 586.933 474.517 341.687 291.979 286.895 471.821 200.639 189.864 162.998 194.319 156.538 153.376 151.644 149.534 147.033 129.408 116.959 105.588 98.7725 80.424 112.452 80.3635 78.5987 72.1023
threshold=0.6858804225921632 1.0000000180025095e-35 0.85566902160644542 1.0000000180025095e-35 0.5313725769519807 0.59004598855972301 0.75147059559822094 0.6569296419620515 -1.0000000180025095e-35 1.0000000180025095e-35 0.97473672032356273 0.92695629596710216 0.95904389023780834 1.0000000180025095e-35 3.5000000000000004 0.9656854271888734 0.61951711773872387 0.57518798112869274 -1.0000000180025095e-35 5.5000000000000009 -1.0000000180025095e-35 0.99790793657302868 3.5000000000000004 0.75490951538085949 0.35094879567623144 0.26794873178005224 0.83438816666603099 2.5000000000000004 0.52314186096191417 0.79827535152435314
decision_type=2 2 2 2 2 2 2 2 2 2 2 2 2 2 2 2 2 2 2 2 2 2 2 2 2 2 2 2 2 2
left_child=1 7 3 4 8 25 24 -1 19 10 11 17 -13 18 -5 23 -15 -4 -8 -2 -6 -22 -10 -16 27 -3 -27 -7 -28 -9
right_child=2 5 9 14 20 6 13 29 22 -11 -12 12 -14 16 15 -17 -18 -19 -20 -21 21 -23 -24 -25 -26 26 28 -29 -30 -31
leaf_value=-0.070323200031148156 0.1110813687781171 -0.099275868663145292 0.084562441318274742 0.11295938210517542 0.094690668200122841 0.43539378249162664 0.22401425395626107 -0.045686724162935545 -0.012542175855567729 0.12484358087136793 0.13182072033651679 -0.012266622690046296 0.11960158018664918 0.65157387628769703 -0.036283656266171402 0.10415126304585638 0.19485370214993017 0.12785363499265526 0.0017360213259025672 -0.017513488086512024 0.025223866409860303 0.12219006686366818 -0.074679942617256717 0.05715716688686702 -0.073109822554903267 -0.072473730658021512 1.1052516980084626 -0.058783346105110407 0.26053504572180153 0.048552488949571627
leaf_weight=407.14898831024766 221.08959457371384 12903.339138880372 2425.5358303822577 2338.3542005419731 652.7138052508235 6.9914574772119504 40.303401193581522 83.823747389949858 499.09216455183923 11617.208901755512 1783.7261787205935 615.35975947976112 142.00767043232918 8.560590807348488 137.97881617210805 1151.9994741119444 60.82895883359015 1235.1204026043415 128.70908032078296 153.00580105744302 1165.1656482256949 156.06785470992327 770.64421314187348 978.80178888514638 735.44413554295897 10.310411377809944 1.4888981990516175 6.2169151734560728 4.2337549459189177 2580.8393013607711
leaf_count=23640 3008 1146627 6233 9254 3225 95 354 3927 10039 23012 3341 2203 276 39 5118 5184 154 2811 2437 4832 11794 430 29416 8655 50092 718 32 351 53 18894
internal_value=0.0313971 -0.0713002 0.0983464 0.0612036 0.0188883 -0.0937261 -0.0247271 0.0302247 -0.0255088 0.115491 0.097971 0.0843046 0.0124589 0.111923 0.0944319 0.0753362 0.251199 0.0991691 0.0547414 0.0584858 0.0558606 0.0366778 -0.0502556 0.0456125 -0.0682421 -0.0989978 0.12483 0.202795 0.48031 0.045588
internal_weight=43022.1 16978.2 26043.9 8224.91 3617.78 13906.4 987.055 3071.81 1643.83 17819 6201.75 4418.02 757.367 238.402 4607.13 2268.78 69.3895 3660.66 169.012 374.095 1973.95 1321.23 1269.74 1116.78 748.653 12919.4 16.0331 13.2084 5.72265 2664.66
internal_count=1376244 1247413 128831 90955 62744 1200952 53522 46461 47295 37876 14864 11523 2479 2984 28211 18957 193 9044 2791 7840 15449 12224 39455 13773 50538 1147430 803 446 85 22821
is_linear=0
shrinkage=0.1


Tree=11
num_leaves=31
num_cat=0
split_feature=10 10 3 12 11 12 4 7 10 7 11 12 2 5 10 10 7 12 12 5 10 10 2 6 2 6 14 14 10 2
split_gain=25225 3773.05 1708.5 1048.26 539.204 396.756 389.05 332.577 406.932 290.059 268.059 262.489 259.301 209.188 222.178 124.628 327.116 332.573 123.974 109.925 101.814 92.8398 87.6288 72.3475 64.9557 64.1888 58.5445 56.9184 93.6948 55.4293
threshold=0.65724277496337902 1.0000000180025095e-35 0.85566902160644542 1.0000000180025095e-35 0.5313725769519807 1.0000000180025095e-35 0.70659971237182628 0.89444443583488475 0.97473672032356273 0.76388889551162731 0.26794873178005224 -1.0000000180025095e-35 0.598850578069687 4.5000000000000009 0.95013812184333812 0.55634120106697094 0.47727273404598242 1.0000000180025095e-35 -1.0000000180025095e-35 7.5000000000000009 0.94349297881126415 0.99790793657302868 0.45923791825771337 0.83935481309890758 0.5388936996459962 0.44543650746345526 0.44551281630992895 0.77176257967948925 0.73481681942939769 0.80982521176338207
decision_type=2 2 2 2 2 2 2 2 2 2 2 2 2 2 2 2 2 2 2 2 2 2 2 2 2 2 2 2 2 2
left_child=1 6 3 4 11 7 29 8 9 -4 15 19 -12 23 22 -3 -17 -18 -6 -2 -13 -20 -15 -5 -8 -16 -25 28 -9 -1
right_child=2 10 5 13 18 -7 24 27 -10 -11 12 20 -14 14 25 16 17 -19 21 -21 -22 -23 -24 26 -26 -27 -28 -29 -30 -31
leaf_value=-0.09305577107670096 0.080800199523696062 -0.09954541334399461 0.069602089965535102 0.14789780134218949 0.085926362209151716 0.12123247285551871 -0.089102089611092061 0.39836168457113269 0.12715708641535023 -0.014085801639735813 -0.073712173864128039 -0.053278454060323471 0.21530151118724464 -0.0037292758094793115 0.14422794601532449 -0.090791939465447544 0.00081502478892916215 0.37356578761706433 0.023226507309045033 -0.030963574389299142 0.096060941637654371 0.10759409449828963 0.060278548395120181 0.13281370436762671 0.039984634091883318 0.080240747773696275 0.090856948633467341 0.12005157820900388 0.15558874816622356 0.84489293814125532
leaf_weight=254.13403875567019 270.81949135940522 11369.116385444067 2819.9177377177402 331.62174875475466 653.50365168042481 10825.202967427671 39.524947330355644 17.274519141763449 1115.6930060684681 485.45080814138055 72.904936088249087 1269.5499606179073 54.063948162831366 499.4983910638839 190.98280750028789 728.72749732062221 150.5255660014227 28.461745196022093 1168.868946345523 130.36439629923552 47.354796321131289 146.81426344066858 374.05574429407716 400.87913448084146 2833.0846568532288 875.23266047239304 1951.6930294213817 1473.9775291010737 199.35197885334492 0.63162494823336501
leaf_count=19963 4536 1116056 7860 1424 3228 23064 1570 72 2095 1766 4938 45628 563 12251 869 61565 5790 124 11761 4741 583 412 1998 2234 24839 4259 8716 3205 300 14
internal_value=0.0298241 -0.0704545 0.0915097 0.0543752 0.0146052 0.109732 0.0277047 0.0893626 0.0749373 0.0573111 -0.0952035 -0.0263345 0.0493512 0.086089 0.0610687 -0.0966985 -0.0610407 0.0600881 0.0503245 0.0444826 -0.0479083 0.0326409 0.0236789 0.10417 0.0382085 0.0917023 0.0980064 0.127086 0.174948 -0.0907304
internal_weight=40779.3 15531.2 25248.1 8311.24 3687.28 16936.9 3127.38 6111.67 4421.06 3305.37 12403.8 1718.09 126.969 4623.96 1939.77 12276.8 907.715 178.987 1969.19 401.184 1316.9 1315.68 873.554 2684.19 2872.61 1066.22 2352.57 1690.6 216.626 254.766
internal_count=1376424 1235422 141002 102640 70889 38362 46386 15298 11721 9626 1189036 55488 5501 31751 19377 1183535 67479 5914 15401 9277 46211 12173 14249 12374 26409 5128 10950 3577 372 19977
is_linear=0
shrinkage=0.1


Tree=12
num_leaves=31
num_cat=0
split_feature=10 9 3 10 10 2 5 4 10 7 9 2 7 7 7 14 10 6 1 9 11 10 10 6 2 14 6 6 7 3
split_gain=21722.3 3389.62 1512.86 728.335 485.386 457.807 402.424 341.542 248.219 359.029 325.811 211.706 301.747 189.205 163.559 208.367 141.381 136.28 141.265 128.074 98.6265 155.807 82.2299 67.5296 73.9219 65.0428 82.3358 59.5657 57.4329 54.5644
threshold=0.6858804225921632 1.0000000180025095e-35 0.85566902160644542 0.96984851360321056 0.59004598855972301 0.598850578069687 5.5000000000000009 0.70659971237182628 0.97473672032356273 0.89444443583488475 0.92695629596710216 0.58380147814750682 0.095454547554254546 0.76388889551162731 0.080128207802772536 0.63485825061798107 0.81266710162162792 0.78817018866539013 1.0000000180025095e-35 0.46188034117221838 0.70294117927551281 0.99790793657302868 0.95780044794082653 0.82426470518112194 0.63224515318870556 0.29251739382743841 0.92232277989387523 0.40778534114360815 0.095454547554254546 0.6789083480834962
decision_type=2 2 2 2 2 2 2 2 2 2 2 2 2 2 2 2 2 2 2 2 2 2 2 2 2 2 2 2 2 2
left_child=1 7 3 6 -3 25 17 -1 9 10 13 16 -13 -4 15 -7 -8 -2 -19 -16 27 28 -12 -9 -25 26 -6 -5 -22 -23
right_child=2 4 8 20 5 14 11 23 -10 -11 22 12 -14 -15 19 -17 -18 18 -20 -21 21 29 -24 24 -26 -27 -28 -29 -30 -31
leaf_value=-0.092282305280952645 0.13162900471741276 -0.098475705494332905 0.098189927643187194 0.27360381681939588 -0.054275983014226814 1.7715685299014823 -0.073390827576770207 0.011612197962601663 0.1198611659231244 0.12379293019453474 -0.0011719053132526046 0.1661439449064023 0.00056224370968314681 0.039718376949266547 0.22081382218279197 0.31036332915393761 -0.0054230255397736907 0.048123342949472819 -0.12568158420552628 0.034874268822998551 0.062330773632785434 0.078563913209353506 0.055398610723880207 0.23578961197617754 0.041842375733899428 -0.086314020354403317 0.23535945736246433 0.12215889469454347 -0.0043632322105717387 0.11174337646470463
leaf_weight=234.12624229304492 195.03712402656674 10648.150026816875 4630.0207028798759 27.417867651209235 30.490915390662849 1.1203147042542676 473.20032369438559 972.5956017896533 6622.8370647728443 2865.6800588071346 467.95723648369312 147.99151051044464 429.35888024233282 628.53220089152455 42.610766956582665 7.5706875724717975 866.38232709746808 2843.3769545052201 47.545923789963126 283.55034196004272 304.49226130731404 991.62356062792242 569.84808723628521 19.850824418477714 1961.759975720197 529.90833443030715 14.473997969180344 492.10541778057814 224.18038018420339 990.95654288679361
leaf_count=20046 2264 1147646 11253 163 2164 46 22949 12971 14868 6368 1566 320 3748 1923 867 146 20029 29660 237 6216 1239 5385 1641 469 13059 43734 536 2125 887 2119
internal_value=0.0280796 -0.0673044 0.0871324 0.0518055 -0.0924858 -0.0223747 0.02837 0.0239792 0.105112 0.0944503 0.0810955 -0.00761512 0.0430056 0.0912011 0.0705745 0.49872 -0.0294323 0.0507232 0.0452648 0.059166 0.0904905 0.0822855 0.0298904 0.0331931 0.0437852 -0.0765157 0.0389563 0.130151 0.0340496 0.0951481
internal_weight=38564.8 14746.2 23818.5 8033.67 11557.9 909.725 5002.89 3188.33 15784.9 9162.04 6296.36 1916.93 577.35 5258.55 334.852 8.691 1339.58 3085.96 2890.92 326.161 3030.78 2511.25 1037.81 2954.21 1981.61 574.873 44.9649 519.523 528.673 1982.58
internal_count=1376644 1247900 128744 91125 1201355 53709 79207 46545 37619 22751 16383 47046 4068 13176 7275 192 42978 32161 29897 7083 11918 9630 3207 26499 13528 46434 2700 2288 2126 7504
is_linear=0
shrinkage=0.1


Tree=13
num_leaves=31
num_cat=0
split_feature=10 9 3 12 12 12 2 2 4 11 2 3 11 4 12 10 3 6 4 2 2 6 5 5 1 12 11 5 10 2
split_gain=18547.3 3273.8 1679.74 879.448 582.041 558.723 479.661 334.745 321.814 297.22 211.109 246.094 187.897 425.713 224.955 184.766 175.764 170.19 167.598 164.909 115.947 177.918 115.178 106.644 105.627 97.7559 81.2284 78.8583 77.5592 71.7947
threshold=0.65012314915657055 1.0000000180025095e-35 0.73942822217941295 1.0000000180025095e-35 1.0000000180025095e-35 -1.0000000180025095e-35 0.95713412761688244 0.19139194488525393 0.78629976511001598 0.71825397014617931 0.22318007797002795 0.51381558179855358 0.18019481003284457 0.73375529050827037 1.0000000180025095e-35 0.5719888210296632 0.59186315536499035 0.48181217908859258 0.079473681747913374 0.58885449171066295 0.078689370304346098 0.72821971774101268 5.5000000000000009 8.5000000000000018 1.0000000180025095e-35 -1.0000000180025095e-35 0.29520697891712194 4.5000000000000009 0.99790793657302868 0.94665718078613292
decision_type=2 2 2 2 2 2 2 2 2 2 2 2 2 2 2 2 2 2 2 2 2 2 2 2 2 2 2 2 2 2
left_child=1 8 4 5 7 22 9 18 -1 -7 20 17 -3 -14 26 -16 -9 -12 27 -18 21 -6 -4 -5 -24 -20 -15 -2 -25 -10
right_child=2 12 3 23 10 6 -8 16 29 -11 11 -13 13 14 15 -17 19 -19 25 -21 -22 -23 24 28 -26 -27 -28 -29 -30 -31
leaf_value=-0.078925947878706326 0.017499800090473257 -0.09821098526093737 0.12262692811659869 0.11575430997692258 -0.10220577894646017 0.02107487188590916 0.11496531909837732 -0.072309013695783589 0.018946813737802687 0.09054339068502032 0.09358730456429433 0.07108537338225944 -0.093131017888230749 0.0021190338051151557 0.92631636512464299 0.2278555793067216 0.10756074584098725 -0.045393565247548319 0.090237429768287081 -0.032773128498187525 0.098532122554925494 0.087067677941708388 0.028720553537681767 0.06322657413339193 0.12498910326333697 0.024485159103590212 0.25529878767003733 -0.10575591071412249 0.11629924431179967 0.0513964889349861
leaf_weight=292.5444071656093 94.229792922735214 9612.7607540804893 1647.941856848076 9901.5640001827851 77.414846811443567 3284.2281015673652 896.19004148989916 773.23589611798525 1820.115222540684 758.04437449201941 109.53827416803688 687.85507109574974 431.77081512659788 114.44308358989656 4.2405724562704554 35.438549661077559 119.81932469923049 450.39339781366289 352.45534889120609 278.07243650220335 1257.9831796931103 138.54275111760944 288.04953602328897 712.89973644725978 188.59861829131842 630.76782165002078 14.250034306198357 115.57304606586695 448.63862153887749 1090.2271652072668
leaf_count=24404 681 1138712 3718 24128 1173 15002 2029 43370 17769 2142 2128 3321 41803 4497 71 215 1568 13982 2290 4367 6952 700 1376 2379 386 8258 106 3284 1107 4227
internal_value=0.0264437 -0.0671579 0.0805423 0.0947917 0.0297575 0.0672244 0.0487766 -0.00654009 0.0210528 0.0341023 0.0612864 0.0310172 -0.0948219 -0.0405366 0.0943357 0.302501 -0.0445189 -0.018205 0.0307416 0.00948638 0.0869113 0.0192184 0.110105 0.112392 0.0668118 0.0480553 0.0301533 -0.0503975 0.0837256 0.0311026
internal_weight=36627.8 13415.8 23212 18126.2 5085.88 7063.05 4938.46 2364.15 3202.89 4042.27 2721.73 1247.79 10212.9 600.143 168.372 39.6791 1171.13 559.932 1193.03 397.892 1473.94 215.958 2124.59 11063.1 476.648 983.223 128.693 209.803 1161.54 2910.34
internal_count=1376145 1231804 144341 52267 92074 24653 19173 63818 46400 17144 28256 19431 1185404 46692 4889 286 49305 16110 14513 5935 8825 1873 5480 27614 1762 10548 4603 3965 3486 21996
is_linear=0
shrinkage=0.1


Tree=14
num_leaves=31
num_cat=0
split_feature=10 9 2 12 10 12 7 7 12 7 10 7 4 7 14 9 12 10 12 5 6 4 7 4 7 2 6 2 5 5
split_gain=16186.4 3046.5 1548.62 787.159 584.392 480.237 491.191 465.301 276.678 255.712 217.881 301.107 198.292 217.233 192.776 166.267 114.04 108.807 107.916 96.4706 95.1152 93.4653 167.392 166.761 92.9248 90.9486 88.1417 87.5588 77.3641 73.2186
threshold=0.65724277496337902 1.0000000180025095e-35 0.57735043764114391 1.0000000180025095e-35 0.80276900529861461 -1.0000000180025095e-35 0.89444443583488475 0.069047622382640853 1.0000000180025095e-35 0.43650794029235845 0.57634520530700695 0.47727273404598242 0.19433516263961795 0.31666667759418493 0.33878655731678015 0.36854232847690588 1.0000000180025095e-35 0.6088932752609254 -1.0000000180025095e-35 3.5000000000000004 0.42163743078708654 0.88067796826362621 0.10555555671453477 0.75147059559822094 0.38750000298023229 0.6569296419620515 0.84045451879501354 0.86706829071044933 3.5000000000000004 5.5000000000000009
decision_type=2 2 2 2 2 2 2 2 2 2 2 2 2 2 2 2 2 2 2 2 2 2 2 2 2 2 2 2 2 2
left_child=1 9 4 5 14 29 7 -7 12 25 -3 27 18 -14 28 17 -17 -13 -6 26 -21 22 -5 -24 -16 -1 -10 -12 -2 -4
right_child=2 10 3 21 8 6 -8 -9 19 -11 11 15 13 -15 24 16 -18 -19 -20 20 -22 -23 23 -25 -26 -27 -28 -29 -30 -31
leaf_value=-0.094931916729131469 0.12629951031497269 -0.098187061206836485 0.11574320083174001 0.13265292703757592 0.084269600483712181 0.19444147461314626 0.11694967196145521 0.026717632828164042 0.22584869159030607 0.02917830520500396 -0.085159430638697159 1.2270589919132018 -0.055890732903886332 0.078573857148464585 -0.071780340527407102 0.01568618693985897 0.21426368520527028 0.19705942731400189 0.016613437561940055 0.098674473760088477 0.032519480762779565 0.11293158302170594 0.0069165609151594911 0.088750228356617097 0.10132088254867491 -0.0017355788921212046 0.084289108773273391 0.22266972451989356 -0.015619030185530867 0.06931746590958103
leaf_weight=238.37691505625844 79.685883928090334 8688.7131011458114 1596.8103398494422 612.53375677205622 380.77980701997876 172.65457430109382 857.91156752407551 3938.3693166803569 46.192755138501525 2833.4294662484899 487.08572867512703 2.0084446547552934 554.93311288207769 153.34630971122533 747.33704276755452 138.37072327826172 36.561489110812545 2.0958468420431018 619.0456678243354 286.52836238406599 899.93731130473316 8354.5810242965817 322.69773941114545 1090.6362761314958 32.35471379943192 186.74381831474602 920.22257618047297 9.4188573732972127 74.15869889780879 431.50482171773911
leaf_count=22142 1156 1136573 4179 1502 1595 390 2125 17041 199 18659 48974 55 22003 764 39775 3426 126 23 5391 1462 8124 22121 1411 2763 180 5648 4176 126 3036 1444
internal_value=0.0254409 -0.0649538 0.0769033 0.090785 0.0265891 0.0648624 0.0481245 0.0337617 0.0437561 0.0183275 -0.0939338 -0.0392291 0.0137029 -0.0267784 -0.0444117 0.0719507 0.0571896 0.701092 0.04238 0.0676005 0.0484957 0.108259 0.0889893 0.0700657 -0.0645972 -0.0539933 0.0910554 -0.0793198 0.0578896 0.105867
internal_weight=34795 12622.8 22172.2 17377.7 4794.52 6997.25 4968.94 4111.02 3860.99 3258.55 9364.25 675.541 1708.1 708.279 933.536 179.037 174.932 4.10429 999.825 2152.88 1186.47 10380.4 2025.87 1413.33 779.692 425.121 966.415 496.505 153.845 2028.32
internal_count=1376589 1235752 140837 52976 87861 25179 19556 17431 43714 46449 1189303 52730 29753 22767 44147 3630 3552 78 6986 13961 9586 27797 5676 4174 39955 27790 4375 49100 4192 5623
is_linear=0
shrinkage=0.1


Tree=15
num_leaves=31
num_cat=0
split_feature=10 10 3 12 10 12 4 12 2 10 12 11 14 4 5 2 5 14 10 10 5 2 5 2 3 4 14 4 2 4
split_gain=13819.2 2617.38 1362.1 660.186 639.941 494.744 437.399 337.296 300.752 335.041 275.897 264.423 255.872 202.443 153.239 124.727 107.54 104.45 92.4023 86.1825 77.1649 76.6009 69.6366 65.3867 65.2296 152.552 61.2923 60.3346 57.5947 55.9568
threshold=0.70615220069885265 1.0000000180025095e-35 0.87839940190315258 1.0000000180025095e-35 0.58547571301460277 1.0000000180025095e-35 0.73375529050827037 -1.0000000180025095e-35 0.95713412761688244 0.97473672032356273 1.0000000180025095e-35 0.5313725769519807 0.93514028191566478 0.70064935088157665 6.5000000000000009 0.078689370304346098 3.5000000000000004 0.25818021595478063 0.95013812184333812 0.99790793657302868 2.5000000000000004 0.79431909322738659 5.5000000000000009 0.94665718078613292 0.73100960254669201 0.17192118614912036 0.77176257967948925 0.99484536051750194 0.53410854935646068 0.079473681747913374
decision_type=2 2 2 2 2 2 2 2 2 2 2 2 2 2 2 2 2 2 2 2 2 2 2 2 2 2 2 2 2 2
left_child=1 13 3 7 -3 8 17 22 9 12 20 16 -4 -1 24 -16 -9 29 -17 -13 -8 -19 -2 -15 25 -5 -12 -25 -24 -6
right_child=2 4 5 14 6 -7 10 11 -10 -11 26 19 -14 23 15 18 -18 21 -20 -21 -22 -23 28 27 -26 -27 -28 -29 -30 -31
leaf_value=-0.087395086946163325 0.076993170110831552 -0.097374117293131224 0.052065510253196549 0.094604507592546461 -0.11143269047202183 0.11091713391750671 0.064996465103470277 -0.0095642667500000778 0.11300340691706706 0.10993567785627173 0.23670512014471706 0.012609553048286449 -0.03139152872745482 0.011639497670780924 -0.078138923636630345 0.017053728280319532 -0.069749744758924398 -0.079444716247062785 0.070291029410739989 0.092424322015381782 -0.035904258784722858 0.23821946311305561 -0.0092741455194805481 0.099492446094862769 0.096695404247990349 0.033113272633222168 0.09210405452391969 0.032569785683230865 0.072448211385869141 0.20390014907847545
leaf_weight=176.62149427924305 711.80126981996 7954.5633382806554 2405.5234558992088 910.82765795662999 7.6847614143043783 7530.1471754387021 140.58435954153538 543.33843863010406 1234.0358332246542 880.19258826971054 82.721322567202151 1334.4924164935946 433.57914698123932 1967.729510829784 82.37619174271822 550.06332248263061 654.52017387654632 622.06417284812778 800.46181500703096 150.5478143170476 164.45755584957078 7.6847487566992632 217.97947613801807 156.1794586032629 1414.2521567232907 724.26938919723034 45.401796281337738 980.27568712830544 142.69056716002524 21.020928563084453
leaf_count=19523 4319 1144403 6711 2956 458 21701 1739 9326 3278 2030 328 12293 1503 22477 877 7752 26538 57383 4045 457 3753 86 5191 537 3768 7801 162 3710 737 589
internal_value=0.0240679 -0.0597712 0.0739437 0.0423817 -0.0875212 0.094771 -0.0157236 0.0114536 0.0702253 0.0560318 0.0623204 -0.00749474 0.0393202 0.0167439 0.0682943 0.0413211 -0.0424501 -0.0670649 0.0486077 0.0207009 0.0105978 -0.0755683 0.0588547 0.0226692 0.0809691 0.0673668 0.185464 0.0417668 0.0230574 0.119483
internal_weight=33048.1 12327 20721.1 8237.62 9046.18 12483.5 1091.62 3755.37 4953.33 3719.3 433.165 2682.9 2839.1 3280.81 4482.25 1432.9 1197.86 658.455 1350.53 1485.04 305.042 629.749 1072.47 3104.18 3049.35 1635.1 128.123 1136.46 360.67 28.7057
internal_count=1376431 1255148 121283 86060 1208901 35223 64498 58861 13522 10244 5982 48614 8214 46247 27199 12674 35864 58516 11797 12750 5492 57469 10247 26724 14525 10757 490 4247 5928 1047
is_linear=0
shrinkage=0.1


Tree=16
num_leaves=31
num_cat=0
split_feature=11 7 3 12 14 11 12 12 7 7 12 11 5 1 11 11 2 14 4 6 3 4 5 11 11 11 2 14 5 11
split_gain=11195.7 1426.75 1284.61 960.364 1374.48 515.095 452.742 409.441 268.287 292.31 268.226 188.578 182.699 166.805 162.815 149.116 124.644 131.678 116.628 106.11 97.9322 111.716 90.9917 73.4717 68.2809 64.3988 63.0464 122.353 61.4481 59.4786
threshold=0.26794873178005224 0.43650794029235845 0.88748916983604442 1.0000000180025095e-35 0.50000259280204784 0.10435571894049646 1.0000000180025095e-35 1.0000000180025095e-35 0.89444443583488475 0.76388889551162731 -1.0000000180025095e-35 0.45643940567970281 6.5000000000000009 1.0000000180025095e-35 0.13100686669349673 0.71825397014617931 0.73375529050827037 0.29251739382743841 0.079473681747913374 0.97467949986457836 0.77807807922363292 0.17192118614912036 2.5000000000000004 0.54692083597183239 0.71825397014617931 0.1695402339100838 0.80982521176338207 0.4784075021743775 5.5000000000000009 0.057983193546533592
decision_type=2 2 2 2 2 2 2 2 2 2 2 2 2 2 2 2 2 2 2 2 2 2 2 2 2 2 2 2 2 2
left_child=1 14 6 4 -3 -6 10 8 9 15 28 -12 20 -11 26 -4 17 22 -14 -7 21 -8 -16 -20 -13 29 -1 -28 -2 -5
right_child=2 3 7 25 5 19 12 -9 -10 13 11 24 18 -15 16 -17 -18 -19 23 -21 -22 -23 -24 -25 -26 -27 27 -29 -30 -31
leaf_value=-0.098100989105726344 0.073416898812631234 0.022344326195303667 0.053978552644854239 -0.059772086158362006 -0.09458624686007347 -0.029542970912185242 0.087419684820138538 0.10902390658309882 0.11317945169156148 -0.062631873953487294 -0.045138371463665408 0.001615269384398447 -0.084696792306605276 0.051887788480159361 0.12879892703025267 0.10637736528632001 0.049035409506426042 -0.078070123000663752 0.005334645451647288 0.046534553151940647 0.098307913240307451 0.037875446951351872 -0.040304878064785325 0.055367427135643035 0.044103436112562962 0.12547778657527839 0.027791715331916236 -0.090433110667003519 0.022292807149877775 0.2614052743900776
leaf_weight=4403.914512407966 714.54194678459316 2912.7240335750394 1992.1743840835989 6.3251042943447819 2476.1931654075161 507.01328090438619 869.57970774546266 6611.2609596177936 1057.9655277356505 296.83174676820636 753.76328693283722 1249.2046510027722 79.778709839098155 222.54778035730124 54.510710857342929 746.65427304804325 111.39550933521241 801.65446583554149 427.35350079182535 287.17556251306087 1195.9597654230893 954.90170629648492 76.44011993566528 937.07602694816887 542.49328698031604 251.26334663573653 119.79158511385322 325.12459191633388 350.38992294529453 65.223740595392883
leaf_count=683987 4295 19415 5422 486 386153 14890 3624 20714 3246 1215 27162 15020 1237 583 1601 1774 1893 81062 9075 8378 3430 9779 5999 5026 2629 765 1451 50266 5737 418
internal_value=0.0228006 -0.0511205 0.0710328 -0.0188361 -0.0276149 -0.0721105 0.0407868 0.0933836 0.0694268 0.05522 0.0144557 -0.00317429 0.0620797 -0.0135616 -0.0867637 0.0682634 -0.0509415 -0.0628832 0.0328251 -0.00203364 0.0760677 0.0614891 0.0300877 0.0396966 0.0144799 0.149312 -0.0944766 -0.0586016 0.0565958 0.233012
internal_weight=31401.2 12398.7 19002.5 6505.92 6183.11 3270.38 8075.04 10927.4 4316.17 3258.21 3610.39 2545.46 4464.65 519.38 5892.83 2738.83 1044 932.605 1444.21 794.189 3020.44 1824.48 130.951 1364.43 1791.7 322.812 4848.83 444.916 1064.93 71.5488
internal_count=1376732 1256764 119968 430505 428836 409421 87014 32954 12240 8994 54843 44811 32171 1798 826259 7196 90555 88662 15338 23268 16833 13403 7600 14101 17649 1669 735704 51717 10032 904
is_linear=0
shrinkage=0.1


Tree=17
num_leaves=31
num_cat=0
split_feature=10 9 3 12 12 7 10 9 11 10 7 12 10 7 3 4 3 12 10 9 7 7 10 5 6 5 14 3 12 14
split_gain=10148.4 2533.22 1380.09 618.396 541.575 340.229 321.768 313.475 286.561 232.764 325.932 256.67 246.655 168.577 167.619 180.016 171.706 139.061 120.855 107.762 101.731 206.524 99.623 57.8376 56.8785 53.0216 51.4084 49.5797 91.9022 48.8024
threshold=0.65724277496337902 1.0000000180025095e-35 0.87839940190315258 1.0000000180025095e-35 1.0000000180025095e-35 0.89444443583488475 0.97473672032356273 0.92695629596710216 0.38278388977050787 0.53361582756042492 0.47727273404598242 1.0000000180025095e-35 0.57634520530700695 0.31666667759418493 0.73100960254669201 0.24440020322799685 0.51835015416145336 -1.0000000180025095e-35 0.94349297881126415 0.3661343008279801 0.069047622382640853 0.18465909361839297 0.97473672032356273 4.5000000000000009 0.7589399814605714 5.5000000000000009 0.42463749647140508 0.86702898144721996 1.0000000180025095e-35 0.22844818979501727
decision_type=2 2 2 2 2 2 2 2 2 2 2 2 2 2 2 2 2 2 2 2 2 2 2 2 2 2 2 2 2 2
left_child=1 13 4 5 8 6 7 -4 18 -3 27 19 -13 -1 15 24 -17 26 23 -12 -16 -22 -19 -2 -6 -5 -10 29 -29 -11
right_child=2 9 3 25 14 -7 -8 -9 17 10 11 12 -14 -15 20 16 -18 22 -20 -21 21 -23 -24 -25 -26 -27 -28 28 -30 -31
leaf_value=-0.078951333419128966 -0.022974354942245135 -0.098427703250927742 0.045512703303757035 0.11109028048712262 0.036065014597996069 0.10847220549255521 0.10142560798813959 -0.038594721038864035 0.12142895273955062 0.13020258950111896 0.44368382928624589 0.81768561738131251 0.16920988908308915 0.019621879051512151 0.12302606670969052 -0.030446372205361366 0.047835777173898086 -0.0028861038919782154 0.13604563481573145 -0.0075436924816415715 -0.12550234185658424 0.07498173353442103 0.054814322827338113 -0.071338194778281669 0.077970110843638626 0.08612312306625125 0.046970053907234133 -0.012339233341192475 0.66730919494815222 -0.089028318084718699
leaf_weight=183.65357903484255 515.85880173463374 6236.1731298635714 2323.2920941002667 5444.7327457591891 486.7565600425005 1099.5704369619489 793.17010185867548 547.57476660609245 106.25065420009196 10.322739926166831 5.4391606459394088 6.8812668435275546 39.73400304466486 3135.8478922741488 427.97375779226422 533.55037626810372 590.06872207392007 1616.3615991510451 37.793238355778158 196.51605149405077 53.44514612480998 1330.9476405922323 367.20627308450639 474.90731039084494 968.11619754321873 1008.058401465416 728.4499607924372 11.447332204785196 2.4080906650051466 621.19486476993188
leaf_count=20734 12958 1090472 6584 18463 4773 3565 1970 1957 518 401 261 68 137 25743 1250 14858 2956 24749 238 10008 679 3970 1411 26882 4524 3438 5213 601 12 87282
internal_value=0.0214943 -0.057992 0.0641898 0.0870155 0.0331104 0.0596872 0.0450469 0.0294705 0.00571678 -0.0915869 -0.0438655 0.0534292 0.264937 0.0141683 0.05711 0.0407295 0.0106635 0.0222053 -0.0394619 0.004609 0.0804149 0.0672419 0.00779564 -0.0461568 0.0639499 0.10719 0.0564481 -0.0813393 0.105785 -0.0854448
internal_weight=29903.7 10449.6 19454.1 11216.4 8237.69 4763.61 3664.04 2870.87 3846.83 7130.12 893.944 248.57 46.6153 3319.5 4390.86 2578.49 1123.62 2818.27 1028.56 201.955 1812.37 1384.39 1983.57 990.766 1454.87 6452.79 834.701 645.373 13.8554 631.518
internal_count=1376675 1235719 140956 35977 104979 14076 10511 8541 71969 1189242 98770 10474 205 46477 33010 27111 17814 31891 40078 10269 5899 4649 26160 39840 9297 21901 5731 88296 613 87683
is_linear=0
shrinkage=0.1


Tree=18
num_leaves=31
num_cat=0
split_feature=10 10 3 12 10 7 12 10 7 7 5 1 10 6 4 1 5 14 11 5 5 2 2 5 7 2 11 10 7 6
split_gain=8869.03 2328.4 1277.95 610.429 464.992 328.957 295.445 240.839 258.586 206.404 206.372 254.941 167.954 148.897 141.473 120.745 86.4692 83.9241 87.5397 75.9299 65.3705 64.5923 72.1034 56.2493 51.5713 49.4705 49.4611 46.5491 58.9198 44.868
threshold=0.65724277496337902 1.0000000180025095e-35 0.87839940190315258 1.0000000180025095e-35 0.98425099253654491 0.89444443583488475 -1.0000000180025095e-35 0.55938130617141735 0.47727273404598242 0.76388889551162731 3.5000000000000004 1.0000000180025095e-35 0.76490327715873729 0.84045451879501354 0.70659971237182628 1.0000000180025095e-35 5.5000000000000009 0.69735485315322887 0.29520697891712194 3.5000000000000004 5.5000000000000009 0.52976614236831676 0.21132376790046695 5.5000000000000009 0.085144929587841048 0.78319624066352855 0.2788888961076737 0.99790793657302868 0.76388889551162731 0.90990260243415844
decision_type=2 2 2 2 2 2 2 2 2 2 2 2 2 2 2 2 2 2 2 2 2 2 2 2 2 2 2 2 2 2
left_child=1 14 4 5 10 6 16 26 25 -8 11 13 -12 -2 -1 -14 -4 20 -19 -6 -10 22 -21 -5 -23 -9 -3 28 -25 -28
right_child=2 7 3 23 19 -7 9 8 17 -11 12 -13 15 -15 -16 -17 -18 18 -20 21 -22 24 -24 27 -26 -27 29 -29 -30 -31
leaf_value=-0.085938940060093283 0.15431550022405258 -0.097725673699667309 0.11313682134692456 0.10959592754364951 0.087288201406461166 0.10710245148497627 0.038789259654561779 -0.083641038950211369 0.26445236492497082 -0.034679454743989396 -0.056999687633245935 -0.15936747114982563 0.0038224550477635546 0.035745862743360009 0.016284291589070729 0.11610990391512988 0.044925341344963482 -0.0041464334108722144 0.18665758096814677 0.063440216617023551 -0.043071208847706585 0.12758121914697015 -0.0019936190116515147 0.080144283752721798 0.057417510701388813 0.070529658276735532 -0.10374302784362095 0.11105905733453476 -0.0035115358100519887 0.54582685772954009
leaf_weight=141.40347061259672 110.39540989790112 5829.2727303369902 622.82970939576626 4989.079860303551 1157.7430327013135 1017.103875733912 2254.4583148546517 435.26274175290018 29.210600895341486 460.50694839656353 467.35302957100794 65.312606086954474 2447.9749096697196 2606.9384715543129 3181.610934750177 99.66412740573287 264.87902373820543 143.01939748506993 28.904991503804922 339.54499811679125 9.0551210283301753 149.62054419517517 334.11292437650263 483.7934103384614 349.36556620895863 21.858595807105303 1.9940900425426651 365.64892288297415 101.92984253913164 2.2783029871061444
leaf_count=19960 935 1119433 1605 18455 4257 3524 6419 62686 849 1732 28068 332 40326 25060 26324 317 706 4344 114 1002 440 415 3591 1735 1035 843 166 1311 421 48
internal_value=0.0207655 -0.0561593 0.0612026 0.0841444 0.0313957 0.056881 0.0427026 -0.0909665 -0.0340576 0.0263276 0.0162315 0.0358703 -0.00189377 0.0405629 0.0119344 0.00821516 0.0927835 0.0577435 0.0279327 0.0691218 0.191681 0.0511862 0.0309871 0.105347 0.078456 -0.0762689 -0.0974764 0.0830632 0.0655862 0.242648
internal_weight=28512.1 9823.87 18688.3 10560.2 8128.03 4619.78 3602.67 6500.86 667.311 2714.97 5797.64 2782.65 3014.99 2717.33 3323.01 2547.64 887.709 210.19 171.924 2330.39 38.2657 1172.64 673.658 5940.45 498.986 457.121 5833.55 951.372 585.723 4.27239
internal_count=1376453 1235207 141246 35908 105338 13986 10462 1188923 69276 8151 95038 26327 68711 25995 46284 40643 2311 5747 4458 10300 1289 6043 4593 21922 1450 63529 1119647 3467 2156 214
is_linear=0
shrinkage=0.1


Tree=19
num_leaves=31
num_cat=0
split_feature=11 9 3 11 12 2 12 11 7 7 5 4 7 12 1 12 4 14 5 12 5 3 11 7 12 9 5 3 4 2
split_gain=7079.26 1563.13 1119.35 1016.27 475.096 325.42 331.849 307.273 242.793 217.944 196.586 167.793 148.387 136.962 135.112 134.119 119.921 113.014 102.929 95.3583 87.2995 81.8954 78.2927 114.778 184.466 53.4556 53.3294 50.8729 52.6991 42.5848
threshold=0.26794873178005224 1.0000000180025095e-35 0.88748916983604442 0.12060606107115747 1.0000000180025095e-35 0.58102023601531994 1.0000000180025095e-35 0.93541666865348827 0.89444443583488475 0.76388889551162731 5.5000000000000009 0.079473681747913374 0.054093567654490478 -1.0000000180025095e-35 1.0000000180025095e-35 1.0000000180025095e-35 0.70064935088157665 0.29251739382743841 1.0000000180025095e-35 -1.0000000180025095e-35 3.5000000000000004 0.77807807922363292 0.077935222536325469 0.47727273404598242 1.0000000180025095e-35 0.43058878183364874 5.5000000000000009 0.65733855962753307 0.28759399056434637 0.80982521176338207
decision_type=2 2 2 2 2 2 2 2 2 2 2 2 2 2 2 2 2 2 2 2 2 2 2 2 2 2 2 2 2 2
left_child=1 16 7 22 8 17 18 10 9 13 15 -12 -13 -4 -11 19 29 20 -7 -2 -5 -17 -3 -24 -25 -8 -6 28 -9 -1
right_child=2 3 4 5 26 6 25 27 -10 14 11 12 -14 -15 -16 21 -18 -19 -20 -21 -22 -23 23 24 -26 -27 -28 -29 -30 -31
leaf_value=-0.088775128694986979 0.053243853370298758 -0.099314974568381523 0.09491667545212 0.099745852927460202 0.10799883563617661 0.052674579195252508 0.27788226593119641 0.078753681759826333 0.10530884736815758 -0.059611229847812745 -0.099720841811931554 0.028888743127411173 -0.02408860757128925 0.042434868081677922 0.045019582559074567 0.040400904904629581 0.014913409925179262 -0.07396160447558478 -0.027913244349630464 0.0076300340246440237 -0.062320331812083518 0.083323378133295142 -0.094288691937112479 -0.045849911064411671 0.20135322269073055 0.11060700338793138 0.080510208151230722 0.10125830802027694 0.0092075983004952129 0.64465425148905986
leaf_weight=126.14707918884233 629.69061623653397 4360.1316661834717 672.51877166889608 74.032552320510149 4292.7904508560896 223.3325504148379 20.639207776635885 366.73168199509382 828.44575297087431 293.6230798996985 156.68227198207751 1303.2891780012287 889.58780403342098 1908.1032246965915 212.9061377607286 1246.4263852708973 3230.4044760405086 635.49765989324078 545.85885970992967 1684.0232635587454 60.317153505980968 690.9268969707191 604.92723777983338 322.52782619651407 33.303214118815958 256.8751802155748 844.62874707579613 572.67121089249849 155.01255280524492 0.79665781185030837
leaf_count=19615 4144 930436 1875 2448 17413 3844 320 1242 3231 1238 3483 33280 10446 5299 583 10343 26769 81091 15165 18569 6181 2343 122905 45268 251 2222 3292 1859 1386 10
internal_value=0.0192926 -0.045104 0.0596453 -0.0715731 0.08348 -0.0069925 0.029306 0.0316044 0.0572397 0.0443403 0.0234675 0.000254076 0.00739734 0.0561118 -0.0156324 0.0362976 0.0111669 -0.0563449 -0.0045148 0.0200441 0.0269852 0.0557085 -0.0936209 -0.0677798 -0.0227135 0.123048 0.10348 0.0806791 0.0580912 -0.0841724
internal_weight=27242.8 10494.8 16748.1 7137.44 9053.02 1816.55 1046.71 7695.04 3915.6 3087.15 6600.63 2349.56 2192.88 2580.62 506.529 4251.07 3357.35 769.847 769.191 2313.71 134.35 1937.35 5320.89 960.758 355.831 277.514 5137.42 1094.42 521.744 126.944
internal_count=1376551 1256525 120026 1210131 32931 111271 21551 87095 12226 8995 82608 47209 43726 7174 1821 35399 46394 89720 19009 22713 8629 12686 1098860 168424 45519 2542 20705 4487 2628 19625
is_linear=0
shrinkage=0.1


Tree=20
num_leaves=31
num_cat=0
split_feature=10 9 3 10 2 5 3 10 10 7 9 1 9 11 1 2 9 5 2 7 14 11 10 3 10 11 10 3 9 11
split_gain=6512.4 1651.96 931.592 897.106 352.543 299.121 445.244 288.304 189.338 223.208 194.302 170.558 165.918 231.511 148.38 131.719 117.203 115.891 112.654 110.054 98.1888 91.1282 155.108 116.719 87.3878 81.5258 73.2969 63.6806 61.5252 50.9066
threshold=0.75490951538085949 0.22961895912885669 0.89512962102890026 0.59004598855972301 0.66996699571609508 8.5000000000000018 0.94804319739341747 0.96984851360321056 0.97473672032356273 0.89444443583488475 0.92695629596710216 1.0000000180025095e-35 0.91572606563568126 0.71825397014617931 1.0000000180025095e-35 0.54923510551452648 0.55391839146614086 5.5000000000000009 0.5388936996459962 0.47727273404598242 0.33878655731678015 0.68585526943206798 0.99790793657302868 0.6789083480834962 0.99790793657302868 0.29520697891712194 0.9656854271888734 0.72034484148025524 0.88991525769233715 0.32071428000926977
decision_type=2 2 2 2 2 2 2 2 2 2 2 2 2 2 2 2 2 2 2 2 2 2 2 2 2 2 2 2 2 2
left_child=1 18 7 29 19 8 14 12 9 10 -4 24 13 15 26 -2 17 -6 -1 20 -5 -9 28 -24 -8 -18 -7 -21 -23 -3
right_child=2 3 5 4 16 6 11 21 -10 -11 -12 -13 -14 -15 -16 -17 25 -19 -20 27 -22 22 23 -25 -26 -27 -28 -29 -30 -31
leaf_value=-0.084546053425708881 -0.0015236132332860034 -0.095743037878698423 0.071040557950410796 0.0099293048093238925 0.13583889509682986 0.0091460941993001445 -0.11065947469662683 0.095368130704620482 0.10679441914480554 0.10671095127053989 0.0061737010114648353 0.15098930074436787 -0.02767131461953358 0.09310495242286293 0.14308313185393043 0.036427430184859909 -0.029352319269571183 -0.064090251007608276 0.014488076311527959 0.45359560935335735 -0.07903856674516517 0.068923216372434468 0.038002207973618383 0.089364032728898882 0.065637979872114852 0.054144735467354169 0.089197666590528149 0.054619248099189416 -0.014550203732413418 0.30806589082805325
leaf_weight=119.01451626559719 1897.8935843394138 4967.5504468455911 2515.0949810519814 154.9425760707818 187.05113777983934 269.21354535222054 259.7835270985961 521.07782276719809 2985.4968728721142 1450.0331635251641 565.62566552311182 32.190230712294579 698.61758166737854 445.56050572730601 217.71736751496792 1765.0594084970653 212.11151834949851 34.311501046177 3292.424258322455 4.3564530797302714 622.16613658424467 110.84744464606047 893.21340408176184 876.72503121942282 31.528690174221992 260.61345229577273 198.87255119532347 48.95949067780748 434.08028202317655 3.123887982685118
leaf_count=16202 42004 1141667 8271 8266 1604 994 1240 2434 12516 6092 2029 94 5837 1743 622 9105 3030 712 35221 22 62123 423 5444 3067 125 1169 723 496 2031 144
internal_value=0.0185324 -0.045313 0.0576509 -0.0749074 -0.00780038 0.0803783 0.0292629 0.0322995 0.0872422 0.0743585 0.0591309 -0.067442 0.0173819 0.0250428 0.0748799 0.0167638 0.0447993 0.10485 0.0110331 -0.0517644 -0.0612999 0.0575858 0.0490809 0.0634439 -0.0915788 0.0166796 0.0431571 0.0872197 0.00242969 -0.0954893
internal_weight=26075.3 9906.63 16168.6 6495.19 1524.51 8525.56 1009.31 7643.08 7516.25 4530.75 3080.72 323.502 4807.13 4108.51 685.803 3662.95 694.088 221.363 3411.44 830.425 777.109 2835.94 2314.87 1769.94 291.312 472.725 468.086 53.3159 544.928 4970.67
internal_count=1375450 1270656 104794 1219233 77422 32706 3798 72088 28908 16392 10300 1459 58689 52852 2339 51109 6515 2316 51423 70907 70389 13399 10965 8511 1365 4199 1717 518 2454 1141811
is_linear=0
shrinkage=0.1


Tree=21
num_leaves=31
num_cat=0
split_feature=11 9 3 11 12 7 4 11 12 12 5 9 3 2 7 3 7 2 11 7 12 9 12 5 6 4 5 9 3 7
split_gain=5184.31 1211.9 979.065 923.362 637.693 280.651 239.928 225.538 224.256 179.497 157.1 155.938 124.045 176.824 112.27 458.405 105.989 103.172 97.9521 113.779 146.128 95.1902 94.7858 81.5973 79.847 73.7672 66.0715 52.152 48.2877 47.7402
threshold=0.2788888961076737 1.0000000180025095e-35 0.85566902160644542 0.12060606107115747 1.0000000180025095e-35 0.89444443583488475 0.94174209237098705 0.89181286096572887 -1.0000000180025095e-35 1.0000000180025095e-35 8.5000000000000018 0.98124927282333385 0.79827535152435314 0.19139194488525393 0.054093567654490478 0.55941176414489757 0.34523810446262365 0.6569296419620515 0.080540537834167494 0.47727273404598242 1.0000000180025095e-35 0.34051844477653509 1.0000000180025095e-35 4.5000000000000009 0.97894504666328441 0.83225107192993175 5.5000000000000009 0.40481010079383856 0.71339285373687755 0.47727273404598242
decision_type=2 2 2 2 2 2 2 2 2 2 2 2 2 2 2 2 2 2 2 2 2 2 2 2 2 2 2 2 2 2
left_child=1 17 7 18 5 8 21 10 23 24 12 -10 13 -2 15 -12 -14 29 -3 -20 -21 -5 -23 -4 -8 -16 -6 -11 -9 -1
right_child=2 3 4 6 26 -7 9 28 11 27 14 -13 16 -15 25 -17 -18 -19 19 20 -22 22 -24 -25 -26 -27 -28 -29 -30 -31
leaf_value=-0.0908271614071572 0.041569752733693427 -0.099029256052556525 0.10316798374882406 0.14577234295156116 0.10473675807248824 0.10297687938069872 -0.022896839828528085 0.048925857314212562 0.012049641324452387 0.39626395047900659 -0.027040753192738888 0.1072217168939941 0.10980481368762003 -0.0061397695830442932 -0.086134914173574967 0.14221893894596468 0.035869217510062744 0.011894026567137219 -0.090741664233262645 -0.03641498168703277 0.19125154401035932 -0.060124121874509065 0.00047403372382848397 0.035765982396058882 0.060396356953128741 -0.002232811030486876 0.073251552272503725 0.11482960549675508 0.093121323973179307 -0.0015237342891350036
leaf_weight=149.04867052752525 1438.4244003742933 3607.8325186700094 517.51207168772817 28.44624265935272 3900.6129390075803 697.59847994893789 303.57573546189815 642.65569290518761 2382.6763237342238 6.8450965378433457 832.80140591505915 185.56838918477297 272.08704776782542 1689.0048323860392 278.39050052966923 198.06221567373723 674.6359013337642 3149.4569461159408 493.67012981558219 289.08936220081523 31.23900057002902 755.15753054991364 392.16967583959922 275.08054910600185 185.36567200860009 168.04272989649326 803.85742392390966 172.89059057831764 401.77350357174873 100.04020256735384
leaf_count=22070 8821 933521 1603 1302 18597 3205 4584 3107 7424 33 25340 448 972 31529 4987 660 2505 22959 119859 44978 246 67946 37912 815 2654 980 3529 747 1428 1380
internal_value=0.0162896 -0.0410893 0.0523964 -0.0671676 0.0743012 0.0452571 -0.00773168 0.0232949 0.0332764 0.040094 0.0152743 0.0189263 0.0254041 0.0158037 -0.0126621 0.0054795 0.0571182 0.00699406 -0.0919597 -0.0606256 -0.0142125 -0.0349307 -0.039411 0.0797752 0.00868097 -0.0545532 0.0993569 0.125548 0.0659271 -0.0549607
internal_weight=25023.6 9664.83 15358.8 6266.28 8762.91 4058.44 1844.45 6595.88 3360.84 668.677 5551.45 2568.24 4074.15 3127.43 1477.3 1030.86 946.723 3398.55 4421.83 813.998 320.328 1175.77 1147.33 792.593 488.941 446.433 4704.47 179.736 1044.43 249.089
internal_count=1376141 1260191 115950 1213782 35621 13495 115178 80329 10290 8018 75794 7872 43827 40350 31967 26000 3477 46409 1098604 165083 45224 107160 105858 2418 7238 5967 22126 780 4535 23450
is_linear=0
shrinkage=0.1


Tree=22
num_leaves=31
num_cat=0
split_feature=10 9 10 3 12 3 12 7 12 10 9 12 10 9 11 9 3 2 7 14 2 7 7 6 4 10 2 4 7 7
split_gain=4793.58 1282.47 926.483 812.236 508.267 362.007 288.585 260.683 240.503 196.055 223.053 172.684 142.319 118.383 114.748 107.46 101.557 104.312 119.13 100.222 90.6202 87.625 117.78 49.5282 48.0525 47.0558 40.9251 98.9961 70.9086 38.6161
threshold=0.76490327715873729 1.0000000180025095e-35 0.55938130617141735 0.89512962102890026 1.0000000180025095e-35 0.69571343064308178 1.0000000180025095e-35 0.89444443583488475 1.0000000180025095e-35 0.97473672032356273 0.92695629596710216 -1.0000000180025095e-35 0.95013812184333812 0.50753843784332286 0.71825397014617931 0.92695629596710216 0.73100960254669201 0.21132376790046695 0.47727273404598242 0.33878655731678015 0.5388936996459962 0.069047622382640853 0.17424242943525317 0.84262126684188854 0.0745370388031006 0.59399941563606273 0.49295215308666235 0.24440020322799685 0.095454547554254546 0.58571431040763866
decision_type=2 2 2 2 2 2 2 2 2 2 2 2 2 2 2 2 2 2 2 2 2 2 2 2 2 2 2 2 2 2
left_child=1 20 -3 6 7 19 11 9 13 10 -5 26 14 -7 -13 -14 17 24 -19 23 -1 -18 -23 -4 -8 -10 27 -2 -28 -22
right_child=3 2 5 4 -6 8 16 -9 25 -11 -12 12 15 -15 -16 -17 21 18 -20 -21 29 22 -24 -25 -26 -27 28 -29 -30 -31
leaf_value=-0.08902129085805241 0.048907674972937881 -0.095882401796523575 -0.062460489913934762 0.037210188901351776 0.098963491890957295 0.080797055667963691 -0.0051255573825557867 0.10263736868027379 0.27879240515033005 0.086221653987780367 -0.038258551390242708 -0.029625919214928367 0.069339264602616468 -0.02202330784649029 0.074668216392079337 -0.0026442554288368873 0.11320478393765172 -0.0010283319905893715 0.10372278459889062 -0.077264751949925936 -0.010390489780793216 -0.11063944436260589 0.060283972993191971 0.045413240708340956 0.061333148343185179 0.10058605566814627 0.14629828461476474 -0.049210648269021641 0.045684099685171592 0.016189744266868211
leaf_weight=93.759785919450223 393.39836334530264 4011.4884690849576 66.43093668227084 1850.6538594812155 3960.6277109310031 143.024339472875 121.74547459371388 684.65183650329709 15.684879451058803 578.76955206692219 496.74891547858715 1619.6551477247849 352.63070192094892 515.84439397812821 112.8430076725781 503.49800855480134 320.31535179913044 953.61870363913476 122.51660554856062 618.05156004661694 689.88550194073468 41.738932618871331 1181.7527345512062 118.45584483351558 1022.8339274413884 267.85069163143635 85.130593371577561 139.21986568951979 395.29367674980313 2631.1971840281039
leaf_count=14365 2340 1119348 7534 5309 20457 4365 713 3258 460 1833 1777 32653 1985 12802 687 2948 1317 11434 286 77493 18983 408 4449 4413 3797 1819 261 3872 1657 13184
internal_value=0.0162847 -0.0406208 -0.0694209 0.0512245 0.0742248 -0.00860188 0.0275834 0.0470894 0.033436 0.0340926 0.0212398 0.0073477 -0.00635017 0.000296486 -0.0228329 0.027005 0.0469437 0.0332491 0.0108974 -0.0579415 0.00793113 0.066643 0.054453 0.00665356 0.0542641 0.110444 0.0423498 0.0232607 0.0635128 0.0106683
internal_weight=24109.3 9171.67 5756.83 14937.6 7571.45 1745.34 7366.19 3610.82 942.404 2926.17 2347.4 3601.67 2588.63 658.869 1732.5 856.129 3764.52 2220.71 1076.14 802.938 3414.84 1543.81 1223.49 184.887 1144.58 283.536 1013.04 532.618 480.424 3321.08
internal_count=1376207 1274766 1228234 101441 32634 108886 68807 12177 19446 8919 7086 46403 38273 17167 33340 4933 22404 16230 11720 89440 46532 6174 4857 11947 4510 2279 8130 6212 1918 32167
is_linear=0
shrinkage=0.1


Tree=23
num_leaves=31
num_cat=0
split_feature=10 9 10 12 4 7 2 10 9 11 12 10 12 11 11 10 2 2 9 14 6 2 10 10 6 10 1 7 7 12
split_gain=4150.32 1122.93 822.877 787.541 517.598 411.328 334.757 268.573 268.38 289.342 221.853 136.768 112.415 95.4313 87.4622 86.6252 83.3608 81.3996 68.1858 77.4998 62.1212 61.2321 59.0672 48.8579 42.9155 58.8127 102.433 42.7532 37.1955 36.1607
threshold=0.76490327715873729 0.22961895912885669 0.55938130617141735 1.0000000180025095e-35 0.88067796826362621 0.89444443583488475 0.58102023601531994 0.97473672032356273 0.92695629596710216 0.71825397014617931 1.0000000180025095e-35 0.95013812184333812 -1.0000000180025095e-35 0.057983193546533592 0.68585526943206798 0.98425099253654491 0.15504807978868487 0.5388936996459962 0.50108224153518688 0.85335588455200206 0.81909090280532848 0.19139194488525393 0.99790793657302868 0.99790793657302868 0.81530213356018078 0.99790793657302868 1.0000000180025095e-35 0.31666667759418493 0.085144929587841048 1.0000000180025095e-35
decision_type=2 2 2 2 2 2 2 2 2 2 2 2 2 2 2 2 2 2 2 2 2 2 2 2 2 2 2 2 2 2
left_child=1 13 -3 5 18 7 16 8 9 -2 12 -10 -8 17 22 -16 20 -1 -5 21 -4 -20 -9 -21 25 26 -6 -18 -12 -15
right_child=3 2 6 4 24 -7 10 14 11 -11 28 -13 -14 29 15 -17 27 -19 19 23 -22 -23 -24 -25 -26 -27 -28 -29 -30 -31
leaf_value=-0.088500789165264507 0.0077243182222814719 -0.095283514728312604 -0.079119431656216321 0.1163867491577939 0.014367662893082819 0.10161894802073489 0.074133403071358364 0.13798626848497925 -0.096821382279375534 0.091561573677834102 0.24227383226022681 -0.015236166270600981 -0.025841658985241302 0.31670042487727806 -0.021689857388488762 0.056892077012542133 -0.09174912706819896 0.0071431072492245092 0.050689508746881974 0.037295207982310105 0.0164610424159643 0.01916593342313002 0.039265309487500344 0.094556181096182079 0.10159854598158535 0.10668732292866914 0.094121680112162612 0.017938091487042548 0.096004733572852649 1.0462966544836112
leaf_weight=91.439600417390466 3782.4852831033058 3631.549022849882 103.77030277973972 117.83885163813829 285.5909657292068 620.88823778182268 147.66388201178052 191.80976982787251 310.00212822575122 461.93292183615267 18.650985864456743 609.40130783244967 471.91362594021484 1.9716856831219038 168.90828826092184 827.69539502263069 456.68664415879175 3312.3688494053204 1005.8282892331481 254.10865396261215 197.25919842277654 1590.5984398555011 88.604819154366851 360.28189079090953 2867.9572324343026 437.70098586007953 369.2648471519351 38.533349677920341 256.21636038506404 1.0363899343647063
leaf_count=16150 42802 1114864 11771 719 1360 3228 2376 573 2641 1630 59 3130 12904 66 715 3481 70237 35102 3934 1082 7548 13649 527 1613 16208 2323 1851 1639 2204 31
internal_value=0.014614 -0.0397585 -0.0684544 0.0476865 0.0707441 0.0238863 -0.0108264 0.016393 0.00623814 0.0168486 0.0311572 -0.0427449 -0.00201461 0.00507128 0.0574557 0.0435737 -0.0579875 0.00457374 0.0416772 0.0389353 -0.0164873 0.0313778 0.106793 0.0708733 0.0951736 0.0783083 0.0593399 -0.0832143 0.10593 0.568072
internal_weight=23080 8729.06 5322.24 14350.9 7289.17 7061.73 1690.69 6440.84 5163.82 4244.42 894.445 919.403 619.578 3406.82 1277.02 996.604 796.249 3403.81 3328.66 3210.82 301.03 2596.43 280.415 614.391 3960.51 1092.56 654.856 495.22 274.867 3.00808
internal_count=1376417 1274951 1223602 101466 42739 58727 108738 55499 50203 44432 17543 5771 15280 51349 5296 4196 91195 51252 20997 20278 19319 17583 1100 2695 21742 5534 3211 71876 2263 97
is_linear=0
shrinkage=0.1


Tree=24
num_leaves=31
num_cat=0
split_feature=10 9 10 1 5 3 7 2 5 12 7 5 12 7 10 9 12 7 12 6 5 10 2 14 7 2 3 7 12 7
split_gain=3406.01 1062.87 856.485 776.265 806.479 370.038 353.724 337.264 263.863 475.628 368.261 1289.64 228.126 197.302 145.226 139.846 138.058 130.163 111.23 103.053 185.65 89.553 78.5224 77.3501 72.8586 71.1755 68.2968 91.6233 63.8183 48.9667
threshold=0.77482193708419811 1.0000000180025095e-35 0.53361582756042492 1.0000000180025095e-35 4.5000000000000009 0.82750278711318981 0.73214286565780651 0.598850578069687 5.5000000000000009 1.0000000180025095e-35 0.89444443583488475 3.5000000000000004 1.0000000180025095e-35 0.89444443583488475 0.99790793657302868 0.50753843784332286 1.0000000180025095e-35 0.47727273404598242 1.0000000180025095e-35 0.82182541489601146 2.5000000000000004 0.55342859029769909 0.19139194488525393 0.89720961451530468 0.47727273404598242 0.53410854935646068 0.93361583352088939 0.13809524476528171 -1.0000000180025095e-35 0.38750000298023229
decision_type=2 2 2 2 2 2 2 2 2 2 2 2 2 2 2 2 2 2 2 2 2 2 2 2 2 2 2 2 2 2
left_child=1 25 -3 4 5 19 16 22 9 10 11 -5 15 14 -8 -9 -6 29 28 -2 -21 -14 -4 -18 -24 -1 27 -7 -19 -10
right_child=3 2 7 8 6 26 13 12 17 -11 -12 -13 21 -15 -16 -17 23 18 -20 20 -22 -23 24 -25 -26 -27 -28 -29 -30 -31
leaf_value=-0.089270504192045977 0.093865769388543796 -0.095949522192634085 -0.018534066455269185 -0.19889746963292473 -0.013582735557533443 0.130576767075374 -0.11253068936951321 0.077671175566838516 0.090459961845508641 0.10398429355882102 0.098461277220155463 0.057417760648430294 0.56154111837240872 0.10712419445025007 0.066089390291799416 -0.026813780447102194 0.01820832351837923 0.10805474243314415 0.094333746719918121 0.040009534825861545 -0.01898041582246502 0.096573955500012243 -0.087426351738404115 0.078639404564145851 0.069865203459114983 0.009678024222753245 0.099692158352189378 0.057562515774011197 0.1950743975559962 -0.28197743764688377
leaf_weight=74.307507478632033 227.63258204329759 3212.3877609351184 355.59528278373182 258.68717550858855 1653.4152038157918 197.80321257188916 477.98125365749002 168.18694866634905 5.4138020835816834 1808.2390756048262 515.27964733168483 813.93991216272116 4.2028918461874119 52.85322168469429 50.308902986347675 537.42290438897908 1545.0203304337338 113.98297818005085 313.28406547755003 1938.812973712571 736.04272275883704 287.05440768552944 527.57147028669715 245.45674588158727 31.189960452727973 3352.4344764966518 1124.9196370206773 1310.7041380032897 323.37809014320374 10.146059826016426
leaf_count=13835 1747 1090499 24728 1133 29231 808 2416 6922 29 11346 3033 2273 204 214 266 14814 11523 328 1626 12903 6752 2243 92127 1218 415 32593 5472 5225 588 70
internal_value=0.0139616 -0.0355793 -0.064413 0.0448283 0.0291357 0.0539006 -0.00492515 -0.0114064 0.0808743 0.0689152 0.02898 -0.00439819 0.0288253 -0.0770908 -0.0955208 -0.00190907 0.00725252 0.133882 0.139816 0.029274 0.0237772 0.103284 -0.0552686 0.0264928 -0.0786464 0.00753237 0.0810433 0.0671365 0.172396 -0.152394
internal_weight=22273.7 8550.35 5123.61 13723.3 9560.95 5535.92 4025.04 1911.22 4162.35 3396.15 1587.91 1072.63 996.867 581.143 528.29 705.61 3443.89 766.205 750.645 2902.49 2674.86 291.257 914.357 1790.48 558.761 3426.74 2633.43 1508.51 437.361 15.5599
internal_count=1376581 1278380 1231952 98201 77775 32907 44868 141453 20426 17785 6439 3406 24183 2896 2682 21736 41972 2641 2542 21402 19655 2447 117270 12741 92542 46428 11505 6033 916 99
is_linear=0
shrinkage=0.1


Tree=25
num_leaves=31
num_cat=0
split_feature=10 9 7 12 3 12 10 11 3 9 12 14 9 5 3 7 2 3 5 2 2 9 3 2 5 5 5 10 7 14
split_gain=2941.96 1414.19 800.733 549.956 433.174 260.361 238.658 227.828 197.896 174.202 143.596 163.347 127.182 124.655 112.614 99.0866 97.8934 152.999 85.9602 66.4802 61.2765 57.9341 46.9517 45.2373 41.5724 32.2386 28.9182 28.3425 46.9967 152.798
threshold=0.65724277496337902 1.0000000180025095e-35 0.89444443583488475 1.0000000180025095e-35 0.73942822217941295 -1.0000000180025095e-35 0.95013812184333812 0.12060606107115747 0.85760369896888744 0.92695629596710216 1.0000000180025095e-35 0.70000001788139354 0.93764951825141918 8.5000000000000018 0.64871454238891613 0.76388889551162731 0.24525599926710132 0.50900974869728099 5.5000000000000009 0.2362911254167557 0.53410854935646068 0.31267458200454717 0.87019926309585582 0.078689370304346098 3.5000000000000004 2.5000000000000004 2.5000000000000004 0.5085725486278535 0.76388889551162731 0.72501033544540416
decision_type=2 2 2 2 2 2 2 2 2 2 2 2 2 2 2 2 2 2 2 2 2 2 2 2 2 2 2 2 2 2
left_child=1 20 3 5 16 14 9 27 21 -7 24 -12 -8 22 19 -15 23 -18 -16 -2 -1 26 -6 -5 -10 -23 -9 -3 -29 -30
right_child=2 7 -4 4 13 6 12 8 10 -11 11 -13 -14 15 18 -17 17 -19 -20 -21 -22 25 -24 -25 -26 -27 -28 28 29 -31
leaf_value=-0.088022552620304562 0.031437012456193597 -0.097986956227495633 0.10051609437762209 -0.0076561795905648296 0.066463564114409956 -0.0080956225698357222 0.063299195161443458 0.4175609342468608 0.059405926377300348 -0.090075265739418375 0.6117817403582545 0.11794725657188299 0.0073562957660243738 0.046345810340965424 0.084095160809415842 -0.12024076446413107 -0.04138987003337629 0.033708147963090122 0.02526749089594842 -0.042814112458469361 0.0078856796918136008 -0.020478110280473472 0.094715841023397182 0.046108634038021477 -0.045914864714095241 -0.088204421844004927 -0.10462270029206738 -0.079063959981249085 0.41562837510935235 -0.08611509928834063
leaf_weight=67.962661937810481 410.92562879575416 2752.8302808047738 1857.3848209790885 180.61206214316189 863.92153021832928 3259.9447614995297 711.48415527120233 3.6499472670257083 85.854318347293884 281.59364361409098 8.6788052432239038 29.348252581432462 947.67034650500864 591.04055525036529 727.66866759769619 38.00119648873806 508.73472396563739 581.24542372021824 377.12014672160149 170.66288143536076 3363.4182862499729 92.452549710171297 1843.2680946178734 1171.9875376932323 66.512925123563036 293.13036250486039 1.4948920172173528 186.11481288122013 8.4683109938632715 21.426763711730018
leaf_count=13884 3603 1039155 12155 1756 3681 57707 3065 69 3111 2536 59 138 4280 3142 2633 224 14482 3255 1917 6877 32608 15447 11893 7634 4412 68685 255 53906 976 3005
internal_value=0.0135552 -0.0397925 0.0391994 0.0302077 0.0529557 0.0111202 4.84191e-05 -0.0840419 -0.0267819 -0.014614 0.0568158 0.230654 0.0313459 0.0763823 0.045265 0.0362821 0.0209582 -0.00134292 0.0640143 0.00964856 0.0059861 -0.0675175 0.0856999 0.0389294 0.0134302 -0.0719654 0.265834 -0.09525 -0.0603698 0.0560127
internal_weight=21504.6 6981.34 14523.3 12665.9 5778.81 6887.07 5200.69 3549.96 581.122 3541.54 190.394 38.0271 1659.15 3336.23 1686.38 629.042 2442.58 1089.98 1104.79 581.589 3431.38 390.728 2707.19 1352.6 152.367 385.583 5.14484 2968.84 216.01 29.8951
internal_count=1376550 1235710 140840 128685 46067 82618 67588 1189218 92176 60243 7720 197 7345 18940 15030 3366 27127 17737 4550 10480 46492 84456 15574 9390 7523 84132 324 1097042 57887 3981
is_linear=0
shrinkage=0.1


Tree=26
num_leaves=31
num_cat=0
split_feature=10 9 7 10 12 4 2 12 12 10 9 12 1 5 5 9 5 10 5 7 6 10 2 4 7 7 2 4 6 7
split_gain=2587.51 888.942 706.158 705.149 466.649 286.262 254.406 189.57 180.095 150.655 178.131 110.08 86.1112 97.109 88.5891 81.7805 75.0837 90.1205 74.2985 90.0069 85.2549 71.3977 71.1065 77.9577 57.2815 37.7165 35.8996 34.2412 48.2757 23.6955
threshold=0.76490327715873729 0.22961895912885669 0.89444443583488475 0.53361582756042492 1.0000000180025095e-35 0.86616915464401256 0.58102023601531994 -1.0000000180025095e-35 1.0000000180025095e-35 0.95013812184333812 0.91572606563568126 -1.0000000180025095e-35 1.0000000180025095e-35 5.5000000000000009 2.5000000000000004 0.91572606563568126 5.5000000000000009 0.99790793657302868 2.5000000000000004 0.069047622382640853 0.84409722685813915 0.56265702843666088 0.15504807978868487 0.24440020322799685 0.31666667759418493 0.47727273404598242 0.78738203644752514 0.80259740352630626 0.80178570747375499 0.58571431040763866
decision_type=2 2 2 2 2 2 2 2 2 2 2 2 2 2 2 2 2 2 2 2 2 2 2 2 2 2 2 2 2 2
left_child=1 24 4 -3 7 18 22 12 11 10 -9 -8 13 -2 -14 -11 -7 -18 20 -20 -6 -10 23 -5 26 -24 -1 28 -28 -26
right_child=2 3 -4 6 5 16 8 9 21 15 -12 -13 14 -15 -16 -17 17 -19 19 -21 -22 -23 25 -25 29 -27 27 -29 -30 -31
leaf_value=-0.086767554454983409 0.051775566516102926 -0.096060514855009896 0.102049377752205 -0.01945468892478339 0.2477637613603256 0.092832239657579446 0.068955120926366645 -0.0016113809006714427 0.34959103359244947 0.057182980280571664 -0.074382412989381766 -0.027801956372640432 -0.27497325121624838 -0.0077115237065459169 0.098626854414642667 0.010393923949752096 0.025107150653041588 0.10467519196735682 0.034887001374765782 -0.012658252087111639 0.050057221971804844 0.084235014284042037 -0.087019973121699429 1.3591776241317468 -0.010402445009557134 0.03950620271422256 0.67229380275838502 -0.018581942661190187 0.053703060654062162 0.010868458873025805
leaf_weight=103.59346654382534 788.77532416768372 2638.8606005157344 1580.5847781151533 300.55132934101857 22.263309758156538 1516.3019498214126 154.76541632786393 2684.5939762326889 10.588808344444258 575.53264284227043 384.55842693708837 489.41995879239403 6.4855100139975539 420.82665516017005 297.1218501329422 1064.4860228896141 422.3971027135849 214.69901779294014 1426.7545691197738 552.29095973353833 1073.7993626836687 239.0816817455925 433.26451231702231 0.41072908416390319 651.32247013552114 24.914556232979521 1.9298784229904438 16.591590201482177 3.643289640545845 2673.0539905284531
leaf_count=22739 4256 1085114 11575 22469 75 10510 3296 34206 377 2462 3494 19564 33 4870 1057 4842 2257 1330 11704 3016 5732 2191 89858 50 13627 372 56 325 130 14562
internal_value=0.0121901 -0.0335984 0.039393 -0.0639797 0.0307445 0.0527669 -0.0127656 0.0122396 0.0233884 0.00234533 -0.0107294 -0.00455609 0.043031 0.0310797 0.0906462 0.0268136 0.0807285 0.0519213 0.0331863 0.0216186 0.0540731 0.0954891 -0.0553353 -0.0175732 0.00419487 -0.0801398 -0.0620536 0.0534541 0.267909 0.006701
internal_weight=20773.5 7741.99 13031.5 4291.86 11450.9 5228.51 1653 6222.38 893.856 4709.17 3069.15 644.185 1513.21 1209.6 303.607 1640.02 2153.4 637.096 3075.11 1979.05 1096.06 249.67 759.141 300.962 3450.13 458.179 125.758 22.1648 5.57317 3324.38
internal_count=1376149 1274730 101419 1223291 89844 34624 138177 55220 25428 45004 37700 22860 10216 9126 1090 7304 14097 3587 20527 14720 5807 2568 112749 22519 51439 90230 23250 511 186 28189
is_linear=0
shrinkage=0.1


Tree=27
num_leaves=31
num_cat=0
split_feature=10 10 10 7 10 3 2 1 5 5 7 2 4 5 12 12 5 5 7 10 11 7 14 4 2 11 3 7 2 7
split_gain=2106 708.863 768.601 686.067 389.424 257.149 254.403 173.003 1510.86 462.209 379.762 273.135 233.703 190.342 144.767 120.905 72.7752 71.1867 96.3384 58.1681 57.8259 60.5518 76.4885 55.1225 34.8539 33.9463 26.3075 163.151 21.7853 42.0346
threshold=0.77482193708419811 1.0000000180025095e-35 0.53361582756042492 0.89444443583488475 0.98425099253654491 0.85566902160644542 0.680425524711609 1.0000000180025095e-35 3.5000000000000004 4.5000000000000009 0.73214286565780651 0.87206766009330761 0.99484536051750194 5.5000000000000009 1.0000000180025095e-35 -1.0000000180025095e-35 3.5000000000000004 4.5000000000000009 0.47727273404598242 0.56265702843666088 0.21807064861059192 0.38750000298023229 0.64926266670227062 0.70064935088157665 0.45738498866558081 0.47722567617893225 0.6789083480834962 0.47727273404598242 0.93405798077583324 0.76388889551162731
decision_type=2 2 2 2 2 2 2 2 2 2 2 2 2 2 2 2 2 2 2 2 2 2 2 2 2 2 2 2 2 2
left_child=1 23 20 4 7 16 17 9 12 11 -11 -2 -9 -10 15 -8 -6 18 -4 -16 -3 -22 -23 -1 -18 -19 27 -25 29 -28
right_child=3 2 6 -5 5 -7 14 8 13 10 -12 -13 -14 -15 19 -17 24 25 -20 -21 21 22 -24 26 -26 -27 28 -29 -30 -31
leaf_value=-0.078527152017853374 0.01677092584497961 -0.09574902955771579 -0.028447170838910005 0.10156198215855744 0.056906847919540843 0.09383408493020369 0.084193331590079371 -0.23843699416806285 0.057137254806698762 -0.005045628755644768 -0.10442728192966327 0.080325907357270646 -0.048153309843004345 0.13169224153255693 0.34895068926216566 -0.018508821276071074 0.0016546244062300528 -0.072246413022567943 0.14024153181723045 0.089957296476707874 -0.10031984786349513 1.9278003410227922 0.27447549435444696 -0.1010511321009646 0.041132581294089206 0.13907770991847909 -0.0071005418958942669 1.3453391588417314 0.014759347817402423 0.036995528710769568
leaf_weight=80.422705311561003 2641.1107628527097 2403.86194154853 377.93179619428702 1427.067078396678 781.17710895836353 1231.1780801936984 152.01088675181381 176.52163618244231 900.58638725057244 2387.4023878853768 458.31645282357931 908.91589324548841 101.74922992661595 552.53217652440071 9.0333020696416479 466.09077332518063 619.99854098260403 504.26386697380804 37.18656984064728 216.67424901993945 5.7234570186119509 0.29504798282869149 5.4218016322702169 3.1647041446994981 349.81708276644349 7.7177624050527802 1757.8585640271194 1.0348886931315062 1349.0326041579247 246.48804343491793
leaf_count=19763 19642 1088292 38453 11475 3893 8303 1924 859 3675 36144 2395 3942 407 1755 117 13324 4310 85845 449 1254 1957 22 445 340 1466 240 20519 21 4863 1031
internal_value=0.0110861 -0.0303583 -0.0579912 0.0362912 0.0279067 0.0588147 -0.00795002 0.0165654 0.0446072 0.0089742 -0.0210515 0.033043 -0.16886 0.085486 0.0317787 0.00674891 0.0341915 -0.0441095 -0.0133359 0.100323 -0.0946816 0.129609 0.359804 0.00328829 0.0158945 -0.0690609 0.00524799 0.255377 0.00493474 -0.00167775
internal_weight=20160.6 7624.21 4186.21 12536.4 11109.3 2982.17 1770.91 8127.13 1731.39 6395.75 2845.72 3550.03 278.271 1453.12 843.809 618.102 1750.99 927.1 415.118 225.708 2415.3 11.4403 5.71685 3438 969.816 511.982 3357.58 4.19959 3353.38 2004.35
internal_count=1377125 1278859 1232322 98266 86791 17972 141606 68819 6696 62123 38539 23584 1266 5430 16619 15248 9669 124987 38902 1371 1090716 2424 467 46537 5776 86085 26774 361 26413 21550
is_linear=0
shrinkage=0.1


Tree=28
num_leaves=31
num_cat=0
split_feature=10 9 7 10 7 10 12 3 6 12 9 9 3 5 9 7 3 3 14 3 4 7 10 6 14 7 1 14 1 6
split_gain=1761.61 1084.45 704.554 441.334 234.408 211.162 206.4 233.006 156.493 131.672 129.398 120.947 109.879 103.608 92.4275 73.6497 117.037 114.019 68.694 65.614 49.4498 29.6477 24.7405 24.5357 23.458 22.8044 58.7112 53.6634 50.0294 36.9931
threshold=0.65724277496337902 0.22961895912885669 0.89444443583488475 0.99790793657302868 0.31666667759418493 0.49892704188823706 1.0000000180025095e-35 0.86702898144721996 0.83935481309890758 -1.0000000180025095e-35 0.41943350434303289 0.98124927282333385 0.87019926309585582 5.5000000000000009 0.55744957923889171 0.080128207802772536 0.39158967137336737 0.58172541856765758 0.62750086188316356 0.63850376009941112 0.70064935088157665 0.58571431040763866 0.69584372639656078 0.57719391584396373 0.74952185153961193 0.58571431040763866 1.0000000180025095e-35 0.45324844121932989 1.0000000180025095e-35 0.86240702867507946
decision_type=2 2 2 2 2 2 2 2 2 2 2 2 2 2 2 2 2 2 2 2 2 2 2 2 2 2 2 2 2 2
left_child=1 20 3 6 15 -3 9 14 21 19 12 -11 -10 -9 -8 17 -17 -5 -12 -2 -1 -7 24 -23 -4 26 -22 28 -27 -28
right_child=2 5 22 4 -6 8 7 13 10 11 18 -13 -14 -15 -16 16 -18 -19 -20 -21 25 23 -24 -25 -26 27 29 -29 -30 -31
leaf_value=-0.074242722111971665 -0.00057554514470954253 -0.096445706932923009 0.1270714131110513 0.021374588598085473 0.090049592291071637 -0.094275305617882166 0.067242731216588261 0.092494664377958363 0.037001904978749556 -0.0084844686071242573 -0.072021606230509363 0.063694233191437175 0.33032274511995463 0.026685026509084372 0.0073162231683728367 0.38741876709979084 -0.064606092502832627 0.11031722065343311 0.02605338855916868 0.049723290647564325 0.0094395647398193023 0.24869927030711469 0.099501211292358602 -0.032389769792545785 -0.026108807647864357 0.025370845291604618 -0.024336352594029172 0.0053331891014112755 0.1237012117527254 -0.11224653701938969
leaf_weight=79.103266132064164 392.90121491858736 2051.3124093483202 14.91091777384281 824.81509861722589 1300.0521668083966 284.90413765353151 295.29652633564547 736.81799168139696 30.842296815244481 4662.7976677662227 115.5843949719565 244.3177611194551 21.796593178994954 354.2477205991745 2004.0834232987836 6.0087175853550425 122.58254471048713 174.65038662403822 186.89614486542996 762.96553326305002 460.05394026683643 3.2843705015256992 1394.9126330502331 56.972012824611738 30.338434066623449 178.72150677838363 142.22656575008295 2444.6999027295969 72.827681034803391 72.150786844082177
leaf_count=22043 9073 1028666 43 5538 8574 93800 4048 5715 5595 66174 33857 829 1602 2133 21636 53 777 935 14688 3369 10758 293 12020 5801 154 2019 2722 11854 717 1322
internal_value=0.0105904 -0.0334363 0.0310852 0.0230786 0.061107 -0.0802598 0.013311 0.0330705 -0.032847 0.00226148 0.0137583 -0.0048908 0.15846 0.0711276 0.0150122 0.0277516 -0.0434842 0.0369168 -0.0114232 0.0326258 0.00391072 -0.0807969 0.0971406 -0.0170686 0.0243683 0.00574483 -0.0107012 0.0098586 0.0538391 -0.0539234
internal_weight=19523.1 6201.38 13321.7 11881.5 2428.11 2751.59 9453.43 3390.45 700.28 6062.98 355.119 4907.12 52.6389 1091.07 2299.38 1128.06 128.591 999.465 302.481 1155.87 3449.78 345.161 1440.16 60.2564 45.2494 3370.68 674.431 2696.25 251.549 214.377
internal_count=1376808 1235737 141071 128854 15877 1184302 112977 33532 155636 79445 55742 67003 7197 7848 25684 7303 830 6473 48545 12442 51435 99894 12217 6094 197 29392 14802 14590 2736 4044
is_linear=0
shrinkage=0.1


Tree=29
num_leaves=31
num_cat=0
split_feature=10 7 10 10 10 7 5 5 1 7 6 12 7 12 4 12 4 2 1 2 7 2 2 11 10 12 7 7 6 2
split_gain=1488.3 605.802 600.264 692.074 303.845 241.889 194.557 140.5 331.053 281.471 173.298 143.146 93.4657 72.8982 116.366 67.9344 65.3555 127.458 62.5309 59.8615 81.2941 44.6197 41.6198 36.9721 41.9396 30.9656 353.034 28.8919 27.5292 25.5697
threshold=0.78404545783996593 0.89444443583488475 1.0000000180025095e-35 0.53361582756042492 0.99790793657302868 0.47727273404598242 4.5000000000000009 8.5000000000000018 1.0000000180025095e-35 0.68333333730697643 0.73746865987777721 1.0000000180025095e-35 0.47727273404598242 1.0000000180025095e-35 0.75905716419219982 -1.0000000180025095e-35 0.13446328043937686 0.4712491780519486 1.0000000180025095e-35 0.58380147814750682 0.080128207802772536 0.047065338119864471 0.56635218858718883 0.1863425895571709 0.42583099007606512 1.0000000180025095e-35 0.47727273404598242 0.89444443583488475 0.37884436547756201 0.94665718078613292
decision_type=2 2 2 2 2 2 2 2 2 2 2 2 2 2 2 2 2 2 2 2 2 2 2 2 2 2 2 2 2 2
left_child=2 4 22 23 7 16 13 10 9 -9 18 -12 -10 15 -15 -5 21 -18 -2 28 -21 -6 -1 25 -25 -4 -27 -26 -8 -24
right_child=1 -3 3 6 5 -7 19 8 12 -11 11 -13 -14 14 -16 -17 17 -19 -20 20 -22 -23 29 24 27 26 -28 -29 -30 -31
leaf_value=-0.065996216450366532 0.043825295621529071 0.10004981529902748 -0.097622767002896405 0.053611859849867299 -0.20700747827569224 0.093437073364727452 0.0019660255506043752 -0.0062298522844978863 -0.19584349992921779 -0.12384922817276139 0.0055535772835284608 0.039175099993839127 0.13240401398472867 0.0040247846250657093 0.11286699848439335 -0.01885557441918459 -0.02272035131640401 0.052258012138148395 0.1045300883291494 0.19482007547219415 -0.026967899374639143 0.066507609830310607 -7.0849657360711314e-05 0.84028413334791363 -0.047122584871509693 -0.085671865165174069 0.71230935856364486 0.2461466120038053 -0.080725481273752786 0.017968415655288773
leaf_weight=81.001984771573916 397.21925127366558 1182.158605473116 1873.6966626502108 172.05070754652843 6.0580800697207442 1006.180060364306 44.996707996004261 1409.2241253205575 9.1144136637449247 237.78975427895784 3783.445433054585 1903.3896563369781 179.76499307155609 218.93907727929763 178.15645967237651 521.36194535344839 470.58683294430375 437.50793186202645 296.23494289815426 17.473937248112634 304.83115482330322 385.55200450122356 2145.0969619206153 0.63296096539125102 16.179845212260265 103.23164465592708 5.8587481097783884 4.23945103958249 382.4393865725724 1239.9560206085443
leaf_count=17008 4618 11424 1030833 5792 31 7518 7268 22083 64 1388 25261 12743 603 13053 1009 32238 4554 2456 1082 315 9660 1283 25372 35 5156 53372 716 267 75125 4272
internal_value=0.0100649 0.0321753 -0.0253359 -0.0525459 0.0245496 0.0566264 -0.00826952 0.0155471 -0.00883097 -0.0232113 0.0225618 0.0168067 0.116564 0.0186909 0.0528567 -0.000874833 0.0281291 0.0134032 0.0697576 -0.0474837 -0.0149435 0.0622764 0.00484189 -0.0932077 0.0386162 -0.0946074 -0.0428159 0.0137659 -0.0720204 0.00653699
internal_weight=19014.4 11704.2 7310.14 3844.09 10522.1 2305.88 1840.25 8216.18 1835.89 1647.01 6380.29 5686.84 188.879 1090.51 397.096 693.413 1299.7 908.095 693.454 749.741 322.305 391.61 3466.05 2003.84 21.0523 1982.79 109.09 20.4193 427.436 3385.05
internal_count=1376599 95108 1281491 1234839 83684 15842 144460 67842 24138 23471 43704 38004 667 52092 14062 38030 8324 7010 5700 92368 9975 1314 46652 1090379 5458 1084921 54088 5423 82393 29644
is_linear=0
shrinkage=0.1


Tree=30
num_leaves=31
num_cat=0
split_feature=14 12 4 9 11 3 7 7 3 14 7 7 7 12 4 7 7 5 5 5 11 9 2 7 2 11 1 2 2 4
split_gain=1252.38 475.084 318.546 553.63 501.936 360.127 423.201 291.843 282.022 214.27 202.268 168.847 164.687 148.418 131.021 119.541 113.478 104.625 104.325 103.201 91.5791 80.5562 66.2476 62.496 54.2685 55.2264 51.8527 44.2872 33.5153 29.1989
threshold=0.71782410144805919 1.0000000180025095e-35 0.25158227980136877 1.0000000180025095e-35 0.0745370388031006 0.55941176414489757 1.0000000180025095e-35 0.060661764815449722 0.86702898144721996 0.28041014075279241 0.069047622382640853 0.17424242943525317 0.240384615957737 -1.0000000180025095e-35 0.079473681747913374 0.11805555596947671 0.31666667759418493 5.5000000000000009 8.5000000000000018 5.5000000000000009 0.90692642331123363 0.98124927282333385 0.41955395042896276 0.76388889551162731 0.073622401803731932 0.39696970582008367 1.0000000180025095e-35 0.54085850715637218 0.44327485561370855 0.8941769301891328
decision_type=2 2 2 2 2 2 2 2 2 2 2 2 2 2 2 2 2 2 2 2 2 2 2 2 2 2 2 2 2 2
left_child=2 7 14 27 9 16 -7 22 10 -5 28 -12 29 17 18 24 -6 -14 -1 -10 -13 -15 -2 -21 -16 -26 -25 -4 -3 -9
right_child=1 8 3 4 5 6 -8 12 19 -11 11 20 13 21 15 -17 -18 -19 -20 23 -22 -23 -24 26 25 -27 -28 -29 -30 -31
leaf_value=0.0022535528180771432 -0.14184850255998563 0.017750115077827724 -0.085269608041667 7.0466106097766064 -0.067353688327721081 0.17776865823756677 -0.0067815950648252897 -0.10591752794620438 0.096462223498673755 -0.098043237793738192 -0.14539599593787064 -0.0027213859534891698 0.071777728311651995 0.002843207923539546 0.80243323239754827 0.81330730975299081 0.16488225173629611 -0.0018819762716080124 -0.1038019933199405 0.061609842159983025 0.070452540408997219 0.06695504519400354 0.14608606814853126 -0.086280032953163013 -0.0027017458252020189 0.032853825783390765 0.074476657732869045 0.0048974965567607984 0.11109260965649626 0.17259673414449256
leaf_weight=242.24226347287185 8.3305380493402463 45.031639918684959 55.363297250587493 0.041976939653976753 1154.9790182658471 140.26731125125661 1088.5487698534271 128.42169553216081 1837.5624931738712 1464.1572574090678 69.723032396519557 661.94092146796174 675.97680863901041 3521.5015624001389 0.8943561315536489 1.9186008325777937 21.430692907073535 269.7911758038681 150.29913395643234 387.72968587232754 230.62381367012858 207.53507047891617 195.85021645668894 58.619593016803265 597.12131049192976 1627.552909419639 30.506785035133362 3387.7198898447677 263.85597658529878 3.8778578005731097
leaf_count=5403 88 219 14541 23 156989 4803 110026 4507 18645 894553 961 2872 6067 42840 45 8 649 1420 11561 2866 1190 843 864 397 50357 10190 228 31826 1316 15
internal_value=0.00918465 0.0371292 -0.0150021 -0.0257217 -0.051677 -0.023576 0.0142845 0.0172444 0.0649205 -0.0978384 0.0270781 0.00447806 0.0122709 0.0153846 0.0149161 0.0243037 -0.063123 0.0507655 -0.0383538 0.0857052 0.0161855 0.00641128 0.134338 0.044253 0.0236235 0.0233104 -0.0312551 0.00344765 0.0974845 -0.0977539
internal_weight=18529.4 8596.88 9932.54 7312.51 3869.43 2405.23 1228.82 5011.28 3585.59 1464.2 1271.18 962.288 4807.1 4674.8 2620.03 2227.49 1176.41 945.768 392.541 2314.42 892.565 3729.04 204.181 476.856 2225.57 2224.67 89.1264 3443.08 308.888 132.3
internal_count=1376312 85338 1290974 1213410 1167043 272467 114829 56644 28694 894576 6558 5023 55692 51170 77564 60600 157638 7487 16964 22136 4062 43683 952 3491 60592 60547 625 46367 1535 4522
is_linear=0
shrinkage=0.1


Tree=31
num_leaves=31
num_cat=0
split_feature=10 9 7 10 7 9 2 7 2 10 9 7 9 11 2 2 11 1 10 10 11 11 4 2 9 9 10 9 11 11
split_gain=1136.96 905.646 608.661 289.504 218.002 163.956 169.356 414.183 183.207 142.156 137.908 126.953 99.7624 97.3468 60.963 78.6768 57.9793 51.6131 42.5766 37.2338 72.4913 35.6545 30.9338 29.2188 24.6075 49.2347 22.8967 22.51 20.8178 19.8677
threshold=0.64414930343627941 1.0000000180025095e-35 0.89444443583488475 0.98425099253654491 0.47727273404598242 0.91572606563568126 0.57735043764114391 0.069047622382640853 0.25493229925632482 0.49892704188823706 0.98124927282333385 0.47727273404598242 0.45010821521282202 0.62828946113586437 0.73746865987777721 0.19139194488525393 0.71825397014617931 1.0000000180025095e-35 0.50095057487487804 0.99790793657302868 0.81534090638160717 0.1863425895571709 0.6482679843902589 0.72065573930740368 0.42884510755538946 0.42631272971630102 0.80276900529861461 0.31142632663249975 0.18019481003284457 0.1863425895571709
decision_type=2 2 2 2 2 2 2 2 2 2 2 2 2 2 2 2 2 2 2 2 2 2 2 2 2 2 2 2 2 2
left_child=1 22 3 5 14 6 8 -8 -2 21 13 23 18 -7 15 -5 -12 -14 -13 20 -6 -3 -1 27 25 -23 29 -11 -25 -4
right_child=2 9 26 4 19 10 7 -9 -10 11 16 12 17 -15 -16 -17 -18 -19 -20 -21 -22 24 -24 28 -26 -27 -28 -29 -30 -31
leaf_value=-0.07629151461515582 0.015872753250545279 -0.097018125631935653 0.11732129161878707 0.042725925309292395 0.079960910795907711 0.031441617343233849 0.14661248259702717 0.020049132697372098 -0.038820209355072396 0.19804716242661694 0.11422873729644485 0.56914951753534437 0.091768299897453942 -0.037844354064534395 0.073177116057445868 -0.0079908006880904086 -0.017817738024961158 -0.041661177975176093 0.12327395777967153 0.090813064889667852 -0.056662217398097708 0.31226921460695567 0.0034100411823534769 -0.068245876501600453 0.028931027754028966 2.4359800898977437 0.10000998819034757 -0.090264336160586267 0.083920995856877678 0.037819698956738583
leaf_weight=49.404288015095517 1680.8698340102565 1567.9681486202171 43.001991029828787 542.36374494060874 141.61453828215599 239.2822957765311 275.71067324676551 4158.8721992403734 963.55748974927701 2.7331922164885318 104.33426919020712 2.240672198473475 36.068991860491224 1329.3978923168033 203.39762397296727 701.49589322134852 48.807442050427198 147.72387083992362 48.447728352854028 872.8313075080514 53.511144030839205 1.430381282349116 3400.0745188244618 17.982419712352566 6.2312295044539496 0.11818373668938864 984.83780895546079 294.02764691226184 17.980530068511143 116.84698300529271
leaf_count=16602 27259 1031902 157 1922 766 1552 1010 23633 54332 587 447 987 2084 8990 1566 5931 244 15819 3953 7534 322 279 29772 4736 1187 10 11258 119953 728 830
internal_value=0.00801027 -0.0294497 0.0248224 0.0177931 0.0477127 0.00924236 0.0159738 0.0279179 -0.00405588 -0.0805059 -0.0184331 -0.0375771 0.0187787 -0.0272757 0.0224228 0.0141234 0.0721445 -0.0154759 0.142984 0.0819846 0.0424935 -0.0959586 0.00226854 -0.0772929 0.117591 0.474347 0.0943121 -0.087609 0.00783356 0.0592069
internal_weight=18053.2 5592.43 12460.7 11316 2515.21 8800.83 7079.01 4434.58 2644.43 2142.95 1721.82 567.205 234.481 1568.68 1447.26 1243.86 153.142 183.793 50.6884 1067.96 195.126 1575.75 3449.48 332.724 7.77979 1.54857 1144.69 296.761 35.9629 159.849
internal_count=1376352 1228599 147753 135508 18041 117467 106234 24643 81591 1182225 11233 148847 22843 10542 9419 7853 691 17903 4940 8622 1088 1033378 46374 126004 1476 289 12245 120540 5464 987
is_linear=0
shrinkage=0.1


Tree=32
num_leaves=31
num_cat=0
split_feature=10 5 4 1 5 12 12 12 4 1 10 10 5 3 4 5 3 3 10 14 2 4 2 12 10 11 11 11 2 10
split_gain=961.688 478.305 431.333 399.422 697.813 308.424 377.56 202.951 201.285 539.47 187.697 158.398 145.499 172.429 142.702 105.905 105.391 90.3031 132.147 81.4129 91.6049 70.5107 64.8363 64.4302 54.7193 53.5165 139.644 50.2164 43.316 42.3222
threshold=0.80276900529861461 1.0000000180025095e-35 0.73375529050827037 1.0000000180025095e-35 3.5000000000000004 1.0000000180025095e-35 -1.0000000180025095e-35 1.0000000180025095e-35 0.94665718078613292 1.0000000180025095e-35 0.64414930343627941 0.48923951387405401 5.5000000000000009 0.94804319739341747 0.99484536051750194 5.5000000000000009 0.94028520584106456 0.73942822217941295 0.98425099253654491 0.33878655731678015 0.68870675563812267 0.99484536051750194 0.60736888647079479 1.0000000180025095e-35 0.56265702843666088 0.057983193546533592 0.077935222536325469 0.45643940567970281 0.078689370304346098 0.5246713161468507
decision_type=2 2 2 2 2 2 2 2 2 2 2 2 2 2 2 2 2 2 2 2 2 2 2 2 2 2 2 2 2 2
left_child=2 8 10 7 14 6 29 12 9 -2 -1 -8 16 -14 -5 21 -3 22 -19 28 27 -6 -9 -16 25 -7 -27 -21 -12 -4
right_child=1 3 5 4 15 24 11 17 -10 -11 19 -13 13 -15 23 -17 -18 18 -20 20 -22 -23 -24 -25 -26 26 -28 -29 -30 -31
leaf_value=-0.089143773267002915 0.061273606984036923 -0.00038800387805476967 0.0012509945711165335 -0.22266253627289709 0.10884801565340252 -0.10098884646998901 -0.098082844591299068 0.015628870409686298 0.098402259288386182 -0.21058375226056489 -0.063718275652067322 -0.026600191411869076 -0.014995694148864612 -0.09290552221699229 -0.089591930954596138 0.114303760948989 0.075455632531836847 0.018887200999752243 0.083209806767530065 -0.062273282373052477 0.087507801228354609 0.04616997125949656 -0.050263838038875221 0.095379818375872477 0.080165635727062257 1.3362014556725175 0.23982583528209311 0.056232911389624385 0.060422637469670165 0.050019715075451589
leaf_weight=1092.5708511846606 676.37547429464757 1941.8635766189545 3472.9981724547688 81.860512088984251 233.59119508415461 3.7268704327289042 581.76400771271437 1626.218061722815 1141.6436090320349 81.823948223143816 35.222012058598921 663.57011780526955 1218.2936100205407 370.44772823899984 81.688773408532143 580.4878865480423 202.30392230302095 822.34976476803422 522.22824669070542 512.7392059925478 49.880132510326803 774.85400796681643 164.42754997313023 24.47280141338706 276.90827297768556 1.2471618595300267 16.957606883370318 38.437718885019422 139.1462691409979 187.55446838284843
leaf_count=679592 4105 14811 92261 395 1207 943 421702 12550 12931 411 1664 34270 22085 1893 292 2554 691 4968 4578 46917 540 4597 700 259 1814 149 526 896 3285 2670
internal_value=0.00731035 0.0264447 -0.0212177 0.0164607 0.0587191 -0.00642311 -0.0124312 0.00552746 0.0718762 0.0319351 -0.0624392 -0.0599937 -0.0102264 -0.033162 -0.123452 0.0802758 0.0067679 0.0242846 0.0438698 -0.0248126 -0.0422649 0.0606884 0.00957822 -0.0469515 0.0922082 0.244257 0.314936 -0.054009 0.0353464 0.00374974
internal_weight=17617.7 10544.9 7072.72 8645.09 1776.96 5204.73 4905.89 6868.13 1899.84 758.199 1868 1245.33 3732.91 1588.74 188.022 1588.93 2144.17 3135.22 1344.58 775.425 601.057 1008.45 1790.65 106.162 298.84 21.9316 18.2048 551.177 174.368 3660.55
internal_count=1376256 89027 1287229 71580 9304 554335 550903 62276 17447 4516 732894 455972 39480 23978 946 8358 15502 22796 9546 53302 48353 5804 13250 551 3432 1618 675 47813 4949 94931
is_linear=0
shrinkage=0.1


Tree=33
num_leaves=31
num_cat=0
split_feature=11 1 5 7 11 4 5 11 7 5 9 5 9 3 3 3 2 3 2 5 6 11 6 14 1 5 7 5 6 9
split_gain=811.405 446.611 414.187 344.508 206.486 183.395 872.385 134.156 131.326 299.092 118.196 115.463 99.9098 83.7214 76.4076 74.0086 71.1669 68.3923 67.6084 66.6212 131.835 64.2431 62.9086 55.2051 54.4243 227.339 127.796 286.443 49.8575 45.9302
threshold=0.35857143998146063 1.0000000180025095e-35 1.5000000000000002 0.47727273404598242 0.13100686669349673 0.99484536051750194 3.5000000000000004 0.94590643048286449 0.73214286565780651 5.5000000000000009 1.0000000180025095e-35 11.500000000000002 0.56148993968963634 0.70579832792282116 0.88024389743804943 0.65733855962753307 0.61938297748565685 0.73100960254669201 0.8263767957687379 5.5000000000000009 0.93582704663276683 0.78019323945045482 0.94665718078613292 0.44227677583694464 1.0000000180025095e-35 1.5000000000000002 0.73214286565780651 2.5000000000000004 0.68237251043319713 0.40969732403755194
decision_type=2 2 2 2 2 2 2 2 2 2 2 2 2 2 2 2 2 2 2 2 2 2 2 2 2 2 2 2 2 2
left_child=3 2 14 4 10 6 -3 8 17 -10 -1 -8 29 16 22 -9 -5 -4 -14 20 21 -7 -2 -24 25 -15 27 -26 -28 -6
right_child=1 5 7 13 12 19 11 15 9 -11 -12 -13 18 24 -16 -17 -18 -19 -20 -21 -22 -23 23 -25 26 -27 28 -29 -30 -31
leaf_value=-0.020297270538338772 0.091645449194054707 -0.20339388873874178 -0.011573391039184545 0.32063721838948894 0.081098927196764758 0.024994959389569818 0.11521406919857687 0.013094874273489088 0.085678688490593916 -0.096704369716334337 -0.094445451332691152 -0.20242382040059873 -0.053858044807121086 0.068115124781062075 0.080801603637135094 0.081713610741620049 -0.078218527661678028 0.01368305033649425 0.06203993376438327 0.11190892799429814 0.099568550578027909 0.10019119151793646 0.078716843344927512 0.020121657678101357 -0.13504803964686105 -0.014983299763228895 0.13340312758284709 -0.012570179844397867 0.0024909107807450401 0.00078409202873209744
leaf_weight=279.40258101071231 197.04599785292521 136.09573400765657 2276.1822465830483 14.460850018658677 84.786503247567452 612.39056984335184 284.48889404162765 354.34097310900688 117.55539467558265 382.42746016010642 932.3964583115885 11.923701025545595 618.17012255243026 496.72066283994354 682.79329481162131 282.4860316067934 6.4772308199899262 2026.9270512072835 54.79399373754859 451.30071457847953 686.02651684079319 139.49464795179665 194.8107179752551 920.67537475842983 234.90846275351942 976.31120770634152 29.468454640475102 1020.4471313904505 2275.7785647476558 444.49493458471261
leaf_count=27973 1236 692 38708 1209 6886 3219 1512 2098 658 2222 706736 76 56780 15238 5428 2520 1261 11258 353 2087 9705 1547 825 6604 39231 34369 2864 147489 191975 53548
internal_value=0.00766613 0.0266548 0.0146994 -0.0171406 -0.0482183 0.0649417 0.00620206 0.000405151 -0.00531304 -0.0538227 -0.0773492 0.102437 -0.0188559 -0.00229798 0.0536702 0.043533 0.197251 0.000323347 -0.0444214 0.0783893 0.0678689 0.0389459 0.0395562 0.0303548 -0.00312803 0.0130383 -0.00981609 -0.0354889 0.00416439 0.0136499
internal_weight=17225.6 9756.97 7435.24 7468.62 2414.04 2321.72 432.508 5439.92 4803.09 499.983 1211.8 296.413 1202.25 5054.57 1995.33 636.827 20.9381 4303.11 672.964 1889.21 1437.91 751.885 1312.53 1115.49 5033.63 1473.03 3560.6 1255.36 2305.25 529.281
internal_count=1376307 90395 71557 1285912 852276 18838 2280 57464 52846 2880 734709 1588 117567 433636 14093 4618 2470 49966 57133 16558 14471 4766 8665 7429 431166 49607 381559 186720 194839 60434
is_linear=0
shrinkage=0.1


Tree=34
num_leaves=31
num_cat=0
split_feature=10 10 2 10 7 10 3 1 5 4 5 7 3 14 11 7 1 6 1 14 11 6 4 2 6 2 10 11 2 7
split_gain=682.933 709.743 478.544 227.023 197.559 155.69 126.157 122.222 638.731 298.843 256.686 201.58 166.217 114.885 203.04 109.872 75.3774 54.5468 60.618 45.127 140.657 45.057 38.495 61.9478 40.5811 32.2312 23.8227 21.2938 20.9739 38.7076
threshold=0.63775950670242321 1.0000000180025095e-35 0.94791102409362804 0.99790793657302868 0.47727273404598242 0.45788761973381048 0.85760369896888744 1.0000000180025095e-35 3.5000000000000004 0.99484536051750194 4.5000000000000009 0.68333333730697643 0.79827535152435314 0.60795283317565929 0.10762548446655275 0.47727273404598242 1.0000000180025095e-35 0.97646731138229381 1.0000000180025095e-35 0.22844818979501727 0.080540537834167494 0.92940199375152599 0.13446328043937686 0.63702240586280834 0.7589399814605714 0.5388936996459962 0.67912882566452037 0.32071428000926977 0.54261502623558056 0.47727273404598242
decision_type=2 2 2 2 2 2 2 2 2 2 2 2 2 2 2 2 2 2 2 2 2 2 2 2 2 2 2 2 2 2
left_child=1 25 3 7 22 -3 19 10 9 -9 12 -12 -2 14 -8 -10 -15 18 -4 20 -7 -20 24 -24 -5 -1 -19 -21 29 -27
right_child=2 5 17 4 -6 6 13 8 15 -11 11 -13 -14 16 -16 -17 -18 26 21 27 -22 -23 23 -25 -26 28 -28 -29 -30 -31
leaf_value=-0.08153940106251889 0.0007559182941150309 -0.098081394253516987 0.072151584204155655 -0.0089164915366672197 0.087703956965939106 1.9424804287699668 0.55483672221157831 -0.18643653475354258 -0.15192068452648436 6.2707946192288956e-06 -0.009272103671993789 -0.078786976199321679 0.043675097035537833 0.1260752462440308 4.8837412483880858 0.063393146443591522 -0.012422703874411606 0.010275796722916839 -0.0046472212480353587 -0.080584443128645364 0.054498926976354028 -0.21787339923671892 -0.0087928168518990862 0.052423940151309058 0.068299194713065489 -0.10063689574963425 0.096171845723710694 0.14110307981609368 0.0035130676655746834 0.58526839173425238
leaf_weight=44.886398414848372 2158.532463385025 1118.6196871990105 126.20381089299917 92.434202775359154 688.83442674577236 0.44016162818297644 0.90425739437341579 169.91479049902409 24.10800774092786 174.01841398142278 2741.6300795405405 492.01004788931459 1550.5175499301404 48.530186534393579 0.12309923209249973 1399.4314380986616 206.53469278791454 33.52312727458775 45.093953754752874 346.66102555347607 3.8129736048867926 12.701575882732866 590.33671032637358 229.59568216092885 258.15131228044629 1.5828599585220211 876.52811410091817 4.3876593629829577 3385.3964818625245 1.7133069708943365
leaf_count=14332 32823 943271 1052 291 7392 219 263 928 289 1317 70566 2793 7197 5243 16 6462 40496 173 238 187632 833 56 5178 1761 1008 364 11227 723 31677 12
internal_value=0.00660484 -0.0236729 0.0200091 0.0134923 0.0452127 -0.0759033 -0.0353257 0.00672096 0.0301983 -0.0921029 0.000744094 -0.019849 0.0186977 0.0181795 1.07353 0.0597468 0.0139288 0.0829676 0.0333094 -0.0738909 0.249888 -0.0515074 0.0202072 0.00834897 0.0479408 0.00264347 0.0930077 -0.0778136 0.00375855 0.255888
internal_weight=16827.2 5163.59 11663.6 10569.5 1859.35 1730.01 611.394 8710.16 1767.47 343.933 6942.69 3233.64 3709.05 256.092 1.02736 1423.54 255.065 1094.05 183.999 355.302 4.25314 57.7955 1170.52 819.932 350.586 3433.58 910.051 351.049 3388.69 3.29617
internal_count=1375832 1225081 150751 138005 15630 1178696 235425 122375 8996 2245 113379 73359 40020 46018 279 6751 45739 12746 1346 189407 1052 294 8238 6939 1299 46385 11400 188355 32053 376
is_linear=0
shrinkage=0.1


Tree=35
num_leaves=31
num_cat=0
split_feature=12 4 10 12 10 7 5 10 9 11 10 11 1 4 9 5 12 9 10 10 14 10 11 1 11 6 5 14 7 4
split_gain=634.128 510.401 238.427 529.698 208.039 153.322 132.683 97.8351 90.6949 156.69 150.2 103.453 93.8642 89.2361 85.3261 99.7057 71.6693 71.2424 70.2566 163.664 74.8014 69.1474 64.664 70.9663 50.1556 78.9405 107.59 39.5324 39.3707 31.0928
threshold=1.0000000180025095e-35 0.88273492455482494 0.80276900529861461 -1.0000000180025095e-35 0.49892704188823706 0.89444443583488475 5.5000000000000009 0.64414930343627941 0.91572606563568126 0.57518798112869274 0.95780044794082653 0.72474747896194469 1.0000000180025095e-35 0.70659971237182628 0.43083177506923681 2.5000000000000004 -1.0000000180025095e-35 0.98124927282333385 0.51442441344261181 0.46384282410144811 0.69118842482566845 0.99790793657302868 0.57518798112869274 1.0000000180025095e-35 0.25403225421905523 0.36032786965370184 15.500000000000002 0.87739312648773204 0.069047622382640853 0.680425524711609
decision_type=2 2 2 2 2 2 2 2 2 2 2 2 2 2 2 2 2 2 2 2 2 2 2 2 2 2 2 2 2 2
left_child=2 7 3 13 -5 8 18 -2 9 16 11 -10 -11 -1 15 -6 -4 -12 19 -3 -21 22 -8 -24 25 26 -9 28 -26 -16
right_child=1 6 5 4 14 -7 21 24 10 12 17 -13 -14 -15 29 -17 -18 -19 -20 20 -22 -23 23 -25 27 -27 -28 -29 -30 -31
leaf_value=-0.057752655136765432 -0.065480116399260282 0.17955402679465177 0.029124705378380269 -0.098961255871717765 0.14932716491815984 0.08715083854331071 0.048453769437968565 1.9547267639635042 -0.08342862404980407 0.024039297311738771 -0.010440965115866391 0.028910213501270141 0.083739694626446162 0.0036901983981885151 -0.068987277381037257 -0.041546032197248464 -0.014285112298581435 0.046773360104979421 0.091649858548093266 2.1197717737405255 0.67687862113244845 0.10051287706564759 -0.085775588331709979 0.052245517397429608 0.01695600298207206 0.058760105222601382 0.31689423808696798 0.049681387381253342 -0.0092885642367334775 -0.029972867931805633
leaf_weight=252.62517222587485 157.43367319193203 6.8353192904032749 490.619691636879 911.07385853858432 52.661892132018693 231.94153245165944 204.79107202915475 0.43696031626313825 405.29784246394411 1196.9273623907939 807.2030255869031 102.75980560760945 337.64954741671681 3674.2183983422583 309.61477034620475 56.976660937303677 1691.8270457340404 297.97355173900723 1343.6695113359019 0.67477701394818701 0.76845061779022217 113.28809239342809 103.57787575572729 58.17703047208488 1873.6929250950925 135.85061118693557 4.8848883814644068 261.37938188202679 822.53015082259662 600.38465280900709
leaf_count=108166 82962 294 4401 850369 4078 3142 1459 16 3926 7920 4520 660 1010 99794 82363 12657 22288 1369 18790 18 23 1420 587 630 22243 4533 227 1992 5711 29558
internal_value=0.00581431 0.0351773 -0.00726815 -0.0213485 -0.0642349 0.0075599 0.0774054 0.0114218 0.00409657 0.01269 -0.0157035 -0.060707 0.037175 -0.000262598 -0.0332059 0.0501347 -0.00452647 0.00498495 0.0934392 0.383863 1.3515 0.0322296 0.0111253 -0.0361347 0.0153288 0.0735606 0.451372 0.0125493 0.00894964 -0.043247
internal_weight=16507.7 5087.99 11419.8 5857.56 1930.71 5562.2 1831.78 3256.21 5330.26 3717.02 1613.23 508.058 1534.58 3926.84 1019.64 109.639 2182.45 1105.18 1351.95 8.27855 1.44323 479.834 366.546 161.755 3098.77 141.172 5.32185 2957.6 2696.22 909.999
internal_count=1377126 140905 1236221 1186985 979025 49236 23221 117684 46094 35619 10475 4586 8930 207960 128656 16735 26689 5889 19125 335 41 4096 2676 1217 34722 4776 243 29946 27954 111921
is_linear=0
shrinkage=0.1


Tree=36
num_leaves=31
num_cat=0
split_feature=12 3 2 4 11 12 10 10 10 9 5 9 11 10 10 11 4 9 11 9 9 10 3 10 11 1 14 3 5 1
split_gain=574.391 500.03 221.321 235.723 140.851 256.901 207.544 159.472 118.475 112.427 107.507 104.869 96.2931 78.8987 70.7393 66.2277 65.7355 73.2135 58.6863 53.6515 51.6463 54.6875 52.4212 47.313 79.8702 87.6184 44.659 49.5973 44.0944 42.016
threshold=1.0000000180025095e-35 0.86702898144721996 0.57735043764114391 0.19433516263961795 0.35388994216918951 -1.0000000180025095e-35 0.95013812184333812 0.49892704188823706 0.94349297881126415 0.90360623598098766 5.5000000000000009 0.98124927282333385 0.57518798112869274 0.75490951538085949 0.63182720541954052 0.77097901701927196 0.079473681747913374 0.33905674517154699 0.78019323945045482 0.62345302104949962 0.58133804798126232 0.99790793657302868 0.57801935076713573 0.99790793657302868 0.73030304908752453 1.0000000180025095e-35 0.68655282258987438 0.85037314891815197 6.5000000000000009 1.0000000180025095e-35
decision_type=2 2 2 2 2 2 2 2 2 2 2 2 2 2 2 2 2 2 2 2 2 2 2 2 2 2 2 2 2 2
left_child=2 14 3 16 5 13 7 -7 26 12 -3 18 19 -4 -2 -13 28 -18 -11 -6 -16 -22 -23 24 -12 -26 -5 -28 -1 -14
right_child=1 10 4 8 9 6 -8 -9 -10 11 23 15 29 -15 20 -17 17 -19 -20 -21 21 22 -24 -25 25 -27 27 -29 -30 -31
leaf_value=-0.010578449741488841 -0.057608787047997503 0.093516953306291506 0.0015827244750466483 -0.08503844992052538 0.061392741451222789 -0.097735155339596258 0.15864187457927306 -0.027801976373818774 1.9400311827555395e-05 -0.028017009784361509 0.036659378791672685 0.097828564880522106 0.039059732170358734 0.083543701008299803 0.047643845996727413 -0.012740731194898306 0.28285798255951172 0.0091907091999822565 0.023586827881215942 0.0013575198374226264 -0.00013589955697164454 0.011294046103202272 0.060773576527796504 0.097082676034996582 -0.23775666060701128 0.039019687517574939 0.037062044811775739 -0.072846417450448717 -0.11197237337726225 0.082969276825901536
leaf_weight=98.118733599199913 140.94341162929777 1251.5726407439506 3622.4050295180641 904.96543691010447 176.63824220979586 492.75395112053957 48.585826531052589 963.97460438852431 251.8704184172675 979.59886347129941 268.11884391261265 145.76916343718767 654.44157562404871 121.38646088540554 415.77571812737733 86.208775896579027 9.884391294908708 888.53556006541476 284.35055720806122 946.46941129211336 1833.4952345151687 572.43474476970732 342.07064891979098 92.771137729287148 24.054175842553377 21.806609842926264 67.873575609060936 103.92187013442162 76.199130902008619 326.70938500203192
leaf_count=1959 80948 19328 112432 527323 786 493013 144 39678 4275 4664 2023 774 2547 613 7427 603 656 20085 1881 5060 22580 4208 2298 1352 164 255 1025 9945 6288 1542
internal_value=0.00585519 0.0341937 -0.00664589 -0.0335703 0.000660408 -0.00978789 -0.0446764 -0.0514576 -0.0617227 0.0158941 0.0790019 -0.00506474 0.0307939 0.00424018 0.0117088 0.0567383 0.00129762 0.0122016 -0.0164077 0.0107996 0.0147969 0.00982707 0.0298019 0.0343389 0.0158001 -0.106151 -0.0761652 -0.0294234 -0.0549005 0.053681
internal_weight=16213.7 4963.04 11250.7 2401.37 8849.29 5249.11 1505.31 1456.73 1328.63 3600.19 1658.32 1495.93 2104.26 3743.79 3304.72 231.978 1072.74 898.42 1263.95 1123.11 3163.78 2748 914.505 406.751 313.98 45.8608 1076.76 171.795 174.318 981.151
internal_count=1375876 140583 1235293 571556 663737 645880 532835 532691 542568 17857 23122 7922 9935 113045 117461 1377 28988 20741 6545 5846 36513 29086 6506 3794 2442 419 538293 10970 8247 4089
is_linear=0
shrinkage=0.1


Tree=37
num_leaves=31
num_cat=0
split_feature=12 3 3 10 10 9 10 10 4 6 6 12 10 10 1 7 7 3 7 2 14 6 10 3 14 9 11 9 11 11
split_gain=448.863 463.394 180.363 279.459 122.088 74.309 105.994 71.2007 70.0701 52.7399 52.5304 51.3503 259.563 74.88 42.3605 48.4277 51.9596 41.8396 117.772 99.0017 40.9373 47.5236 46.6975 36.2511 37.7591 34.2093 34.1394 47.6454 82.8842 37.1546
threshold=1.0000000180025095e-35 0.86702898144721996 0.85566902160644542 0.80276900529861461 0.98425099253654491 1.0000000180025095e-35 0.59004598855972301 0.63775950670242321 0.83438816666603099 0.42163743078708654 0.85053193569183361 -1.0000000180025095e-35 0.49892704188823706 0.5246713161468507 1.0000000180025095e-35 0.76388889551162731 0.86607143282890331 0.73100960254669201 0.069047622382640853 0.19139194488525393 0.4515931904315949 0.81725418567657482 0.6088932752609254 0.13899821788072589 0.39877274632453924 0.34217563271522528 0.94868421554565441 0.91572606563568126 0.73508772253990184 0.43095238506793981
decision_type=2 2 2 2 2 2 2 2 2 2 2 2 2 2 2 2 2 2 2 2 2 2 2 2 2 2 2 2 2 2
left_child=2 7 3 5 8 -1 -7 -2 20 23 14 13 -13 -10 15 -3 -17 19 -19 -11 21 -4 -22 -9 -25 -8 27 28 -5 -29
right_child=1 10 4 26 -6 6 25 9 11 17 -12 12 -14 -15 -16 16 -18 18 -20 -21 22 -23 -24 24 -26 -27 -28 29 -30 -31
leaf_value=-0.016771449171457089 -0.060923931941780377 0.048045798487635585 0.65300115685109694 -0.0049861127158785249 0.06857725413687478 -0.097841756540054794 0.13562701392245061 -0.13035552523357727 0.0025628946655691359 0.023022266060870784 0.09107700922323983 -0.096319142925889001 0.00035233370106115854 0.045097353729885131 0.080629219485946424 -0.10090541810951204 0.099863018398211448 0.10911032273795929 0.010030278646229419 -0.021420967342081404 -0.082752643319106145 0.026852669120554801 0.12084118279255325 0.28282698623891023 0.053727959970122169 -0.040277654256750783 0.072891167171601864 0.13652989098837773 0.055450819959630165 -0.031986351315331354
leaf_weight=347.0879798856331 137.65027435176307 254.11151313700248 2.7512491401284924 1627.191495442763 279.9341177418828 612.64145519037265 11.301379045704378 10.40342814917676 3148.3017746519763 991.24050238123164 923.15696769408532 309.12074960186146 2736.3727301055333 476.53629886987619 296.4921617785003 48.82595856115222 17.514767784625292 145.00198934972286 694.93148844898678 1013.9090045628836 14.231702584191224 2.1667877174913883 54.059675057418644 7.3873091153800479 275.03607532812748 508.72924480354413 58.360016133636236 13.369176798034458 263.68906514160335 612.61213293951005
leaf_count=29815 81868 2300 35 28080 2619 667044 300 251 64263 7768 15955 329478 30238 3342 4379 290 164 1034 4181 19662 11305 25 145 102 2634 60566 248 133 1334 6042
internal_value=0.00525104 0.0307399 -0.00582864 -0.0226211 0.00386646 -0.057253 -0.0696579 0.00946934 0.00118022 0.0125573 0.0759791 0.000112313 -0.00945992 0.00815465 0.0533876 0.0281829 -0.0479001 0.00839809 0.027135 0.000549431 0.0984802 0.377133 0.0784129 0.0529675 0.0597205 -0.0364549 -0.00272116 -0.00447443 0.003442 -0.0283873
internal_weight=15894.1 4815.66 11078.5 4054.98 7023.48 1479.76 1132.67 3275.56 6743.54 3137.91 1540.1 6670.33 3045.49 3624.84 616.944 320.452 66.3407 2845.08 839.933 2005.15 73.2094 4.91804 68.2914 292.827 282.423 520.031 2575.22 2516.86 1890.88 625.981
internal_count=1375600 140588 1235012 793562 441450 757725 727910 117500 438831 35632 23088 427321 359716 67605 7133 2754 454 32645 5215 27430 11510 60 11450 2987 2736 60866 35837 35589 29414 6175
is_linear=0
shrinkage=0.1


Tree=38
num_leaves=31
num_cat=0
split_feature=12 3 11 12 11 5 1 5 5 5 7 5 4 1 14 3 9 9 4 7 2 5 7 3 2 6 7 6 7 6
split_gain=388.43 431.968 169.619 323.497 211.051 124.289 166.232 376.822 133.07 107.367 141.779 102.095 74.3848 211.245 68.7203 62.9909 62.4301 108.546 49.2674 44.3678 174.48 42.9342 83.4198 266.923 93.0326 77.4346 67.4806 63.6137 42.0862 41.8656
threshold=1.0000000180025095e-35 0.86702898144721996 0.36939570307731634 -1.0000000180025095e-35 0.077935222536325469 1.0000000180025095e-35 1.0000000180025095e-35 3.5000000000000004 6.5000000000000009 5.5000000000000009 0.64583334326744091 5.5000000000000009 0.94028520584106456 1.0000000180025095e-35 0.31845521926879888 0.67316719889640819 0.31267458200454717 0.30992957949638372 0.94665718078613292 1.0000000180025095e-35 0.49295215308666235 3.5000000000000004 0.048809524625539787 0.53618401288986217 0.30860807001590734 0.84045451879501354 0.17424242943525317 0.85857143998146068 0.76388889551162731 0.90990260243415844
decision_type=2 2 2 2 2 2 2 2 2 2 2 2 2 2 2 2 2 2 2 2 2 2 2 2 2 2 2 2 2 2
left_child=2 21 3 15 -5 12 9 29 -9 14 -11 -3 13 -4 -7 -1 17 -6 -18 20 -17 25 23 24 -23 -2 -24 -28 -13 -8
right_child=1 11 5 4 16 6 7 8 -10 10 -12 28 -14 -15 -16 19 18 -19 -20 -21 -22 22 26 -25 -26 -27 27 -29 -30 -31
leaf_value=-0.053917095930434922 0.11783040390671905 0.090303065703091864 0.052856311622689459 -0.096414421231018399 0.15682801569299074 0.18195325586516789 -0.065567027431450903 0.030073471949682636 0.11086267304376984 -0.0087318402868634664 -0.078711308235378863 0.047305538702229151 0.087901230040468445 -0.15624038819045544 0.0051066117190559906 3.256963093161791 -0.045289279748228779 2.2353897316811913 -0.0082834257716825725 0.0024172967955013447 0.11922972550440306 0.0075155755099621802 -0.10917330791072798 0.121181745673079 -0.066963764938105422 0.01632958596256542 -0.0072521338135178989 -0.15424371337442297 -0.033851477007430089 -0.18271108006248499
leaf_weight=203.10915838001529 79.823529325949494 1068.7780930067238 301.87477902020328 632.44807695545023 11.484293111774601 22.238195758312941 59.524700196459889 511.97483257576823 338.79388850182295 974.15694456151687 411.94060692563653 301.23354967846535 283.46443678811193 57.522898619994521 1843.3271868552547 0.17866761132609355 828.14021658198908 0.25685915397480208 636.10561799892457 3767.9913095382508 21.88472498068586 922.26555410976289 97.567371339711826 193.21965083741816 204.98853556858376 1286.9550984752132 422.15119619161123 31.649169639975298 81.101345457602292 62.584958732128143
leaf_count=74198 1141 19406 1774 781419 1432 110 227 1920 927 20368 2345 3197 3302 333 14347 52 158620 144 40293 130094 3967 41630 8987 1552 27798 30341 5226 742 625 314
internal_value=0.00501117 0.0290984 -0.00528721 -0.0163938 -0.0480816 0.00863561 0.00240204 0.0386674 0.0622454 -0.00844832 -0.0295294 0.0744384 0.0495992 0.0193896 0.00721469 0.000337707 -0.0273714 0.2023 -0.029213 0.00324522 0.144639 0.00878318 -0.00105548 0.0125858 -0.00602832 0.0222575 -0.0337251 -0.0175037 0.0300904 -0.125607
internal_weight=15658.7 4689.73 10969 6101.6 2108.44 4867.4 4224.54 972.878 850.769 3251.66 1386.1 1451.11 642.862 359.398 1865.57 3993.16 1475.99 11.7412 1464.25 3790.05 22.0634 3238.62 1871.84 1320.47 1127.25 1366.78 551.368 453.8 382.335 122.11
internal_count=1376831 140645 1236186 1190219 981908 45967 40558 3388 2847 37170 22713 23228 5409 2107 14457 208311 200489 1576 198913 134113 4019 117417 85935 70980 69428 31482 14955 5968 3822 541
is_linear=0
shrinkage=0.1


Tree=39
num_leaves=31
num_cat=0
split_feature=10 3 2 7 2 3 7 3 10 10 9 10 6 4 9 9 4 6 9 10 9 10 2 5 6 6 3 10 5 6
split_gain=339.73 196.001 135.289 372.577 269.759 190.075 176.974 118.088 109.305 106.75 82.3624 74.7791 68.3402 62.6897 58.5773 63.1676 58.368 64.4768 54.2524 51.6333 50.981 44.775 38.0117 37.5798 44.6077 36.2442 33.825 49.3959 33.0923 27.6672
threshold=0.95013812184333812 0.87839940190315258 0.57735043764114391 0.069047622382640853 0.2362911254167557 0.73100960254669201 0.47727273404598242 0.73100960254669201 0.99790793657302868 0.48499850928783422 0.92695629596710216 0.71591943502426159 0.57947367429733287 0.0745370388031006 0.90360623598098766 0.98124927282333385 0.083920188248157515 0.76043477654457103 0.76427942514419567 0.49892704188823706 0.86558434367179882 0.92549648880958568 0.92805382609367382 1.5000000000000002 0.94665718078613292 0.4016129076480866 0.74439030885696422 0.70615220069885265 5.5000000000000009 0.48181217908859258
decision_type=2 2 2 2 2 2 2 2 2 2 2 2 2 2 2 2 2 2 2 2 2 2 2 2 2 2 2 2 2 2
left_child=2 16 4 9 13 23 11 -8 14 -4 19 -6 -13 28 -3 22 17 -2 -18 -7 25 -12 -16 24 -5 -15 27 -11 -1 -20
right_child=1 8 3 5 6 10 7 -9 -10 26 21 12 -14 20 15 -17 18 -19 29 -21 -22 -23 -24 -25 -26 -27 -28 -29 -30 -31
leaf_value=-0.0086858887099549205 -0.12412505113560522 0.067170222712699956 -0.087879785816005154 0.1197523994631305 -0.096524552299042068 -0.0048693585437420903 0.19059012213155221 -0.010253044362068637 0.089947576425484121 0.54346209497828413 0.096960806446976591 0.0027754857707429498 -0.066852957456334669 0.085266433836338071 -0.012721680422740521 0.07197754900739621 0.049668430634343314 0.0044856684188184425 0.040191559401810822 0.011990784139522599 -0.046058429289741201 -0.064545668093848971 0.048107641898619186 -0.090197123575843322 -0.049733232755243738 0.014265888605128452 0.11932844272546002 0.18220836126173923 -0.096043738829248493 0.0040655898661857114
leaf_weight=88.410104035923723 65.187018670141697 397.36777078546584 22.405322195205372 18.626893192937132 531.41436522215372 3758.6439050032641 42.156871153740212 95.801656674826518 578.04876348748803 4.0861066970392121 18.443341214209795 199.31045875581913 481.51006294460967 76.690580290101934 407.65551700629294 172.91059339419007 375.90789856296033 96.962592028081417 240.32477219030261 3515.0433106771961 134.92004274344072 247.74415011145175 137.3371776342392 276.79755919013405 93.373182093317155 1150.4511343251215 177.06689495424507 51.364390781149268 85.106313413591124 1798.3791288267821
leaf_count=2189 369 3644 25424 4102 551061 491600 1249 7921 11258 190 179 10429 28929 7708 2090 1717 2337 371 1448 49188 1034 1714 1238 77889 18180 45217 2553 142 11215 13016
internal_value=0.0042672 0.0282282 -0.00497592 0.001589 -0.023593 -0.00223695 -0.0561988 0.0511199 0.0546571 0.120585 0.00127899 -0.0684123 -0.0464692 0.00507645 0.0363659 0.0193154 0.0108605 -0.0472181 0.0147607 0.00327838 0.0122881 -0.0533554 0.0026072 -0.0704209 -0.0215458 0.0187031 0.140672 0.208829 -0.0515332 0.00832416
internal_weight=15339.4 4270.08 11069.4 8183.6 2885.77 7928.67 1350.19 137.959 1693.32 254.923 7539.87 1212.23 680.821 1535.58 1115.27 717.903 2576.76 162.15 2414.61 7273.69 1362.06 266.187 544.993 388.798 112 1227.14 232.517 55.4505 173.516 2038.7
internal_count=1375601 37488 1338113 671161 666952 642852 599589 9170 19947 28309 542681 590419 39358 67363 8689 5045 17541 740 16801 540788 53959 1893 3328 100171 22282 52925 2885 332 13404 14464
is_linear=0
shrinkage=0.1


Tree=40
num_leaves=31
num_cat=0
split_feature=12 3 10 12 10 7 5 9 9 11 9 12 11 10 3 5 11 5 6 6 5 5 10 11 1 4 11 7 11 6
split_gain=310.419 371.811 145.923 307.012 176.491 111.919 98.4273 62.6384 62.4066 124.615 79.232 68.9384 54.4442 53.5702 45.6026 44.5876 42.6326 41.5102 73.1171 69.0609 85.9746 50.3858 40.8405 54.5323 54.6686 40.7394 36.9163 35.326 32.7506 32.2975
threshold=1.0000000180025095e-35 0.86702898144721996 0.80276900529861461 -1.0000000180025095e-35 0.56265702843666088 0.89444443583488475 5.5000000000000009 0.50753843784332286 0.88991525769233715 0.57518798112869274 0.98124927282333385 -1.0000000180025095e-35 0.77097901701927196 0.59868276119232189 0.66711711883544933 5.5000000000000009 0.78019323945045482 3.5000000000000004 0.84045451879501354 0.46720430254936224 12.500000000000002 14.500000000000002 0.99790793657302868 0.67333334684371959 1.0000000180025095e-35 0.079473681747913374 0.2788888961076737 0.47727273404598242 0.28801843523979193 0.94028520584106456
decision_type=2 2 2 2 2 2 2 2 2 2 2 2 2 2 2 2 2 2 2 2 2 2 2 2 2 2 2 2 2 2
left_child=2 13 3 14 26 8 -3 15 9 11 16 -4 -12 29 -1 -6 -10 18 -15 20 -19 -21 23 -8 -25 -11 -5 -20 -28 -2
right_child=1 6 5 4 7 -7 22 -9 10 25 12 -13 -14 17 -16 -17 -18 19 27 21 -22 -23 -24 24 -26 -27 28 -29 -30 -31
leaf_value=-0.057816388325507874 -0.094200799221003953 0.087592185607915721 0.030493971673426729 -0.093822603124756196 0.051460249823770246 0.082426372251301838 0.034428105999558763 -0.040066784833999045 -0.028330077677562151 -0.072038576813822516 0.086521364578317231 -0.013445178658680119 -0.0032443959595003361 0.11706702563139607 -0.00059309721327036958 -0.058910178698815686 0.0082845709250165388 0.17118125377354168 0.0072263979876156393 -0.004957041866625678 0.020238104267559193 -0.071033254867807274 0.093581416968363834 -0.13676854784618458 0.040583839526556635 0.04138883235073499 1.0807604715600065 0.046799513457301135 -0.11447322012000166 0.063680272013832223
leaf_weight=144.71741716732504 77.618845134391449 932.53825911713648 463.84479856630787 693.89589232840808 149.61707921518246 183.10483973007649 216.01917476707604 625.61428192711901 1269.636143991258 32.603305114433169 127.79681059718132 1551.2369124293327 143.36214500665665 77.098215494886972 3696.7702291602618 48.456792796205264 424.27028217446059 42.703469198080711 942.39628687256481 1285.559217930946 324.32217797101475 126.78447594179306 71.705654431134462 43.46004506573081 28.963769782334566 1100.1437919847667 0.5051891456823786 296.56354274041951 0.41971875063609332 15.553510116529649
leaf_count=73448 65818 19297 4350 909756 6366 3127 1792 52929 9646 277 595 21698 789 577 134557 8553 2669 313 11369 22116 4647 3072 1349 260 396 6157 39 1633 28 8029
internal_value=0.00312261 0.025205 -0.00616394 -0.017796 -0.0558619 0.00560867 0.070444 -0.0245501 0.00285764 0.0115866 -0.0111253 -0.00333098 0.0390621 0.00686468 -0.00274883 0.0244592 -0.0191593 0.00911345 0.0225787 -0.000845685 0.0378004 -0.0108886 0.0260419 0.00925183 -0.0658417 0.0381241 -0.0929811 0.0166988 0.538369 -0.0678453
internal_weight=15137.3 4481.29 10656 5360 1518.51 5296 1292.69 823.688 5112.89 3147.83 1965.07 2015.08 271.159 3188.6 3841.49 198.074 1693.91 3095.43 1316.06 1779.37 367.026 1412.34 360.149 288.443 72.4238 1132.75 694.821 1238.96 0.924908 93.1724
internal_count=1375652 140668 1234984 1185676 977671 49308 23094 67848 46181 32482 13699 26048 1384 117574 208005 14919 12315 43727 13579 30148 4960 25188 3797 2448 656 6434 909823 13002 67 73847
is_linear=0
shrinkage=0.1


Tree=41
num_leaves=31
num_cat=0
split_feature=10 2 11 11 3 10 9 12 11 7 9 4 5 12 9 9 11 5 6 9 7 7 3 3 7 5 3 9 10 6
split_gain=261.797 169.246 132.271 127.09 130.907 152.283 160.625 148.166 99.0704 77.3654 74.2656 69.3309 66.4162 58.7795 47.7487 46.502 131.296 45.5426 44.598 43.6401 40.4632 29.768 29.5523 26.0721 21.7671 18.1025 16.9441 16.8343 16.527 28.1942
threshold=0.95013812184333812 0.92805382609367382 0.55902779102325451 0.71825397014617931 0.88748916983604442 0.59004598855972301 1.0000000180025095e-35 1.0000000180025095e-35 0.97727271914482128 0.31666667759418493 0.55744957923889171 0.90070420503616344 7.5000000000000009 -1.0000000180025095e-35 0.90360623598098766 0.93764951825141918 0.67333334684371959 8.5000000000000018 0.80178570747375499 0.85324010252952587 0.58571431040763866 0.054093567654490478 0.94804319739341747 0.44277133047580725 0.080128207802772536 1.0000000180025095e-35 0.45870059728622442 0.70613268017768871 0.9656854271888734 0.50280898809432995
decision_type=2 2 2 2 2 2 2 2 2 2 2 2 2 2 2 2 2 2 2 2 2 2 2 2 2 2 2 2 2 2
left_child=3 2 23 4 5 6 20 11 15 24 21 18 -9 -13 -5 17 -17 -4 -6 -12 -1 -7 -14 28 -10 -16 27 -25 29 -2
right_child=1 -3 8 14 7 10 -8 12 9 -11 19 13 22 -15 25 16 -18 -19 -20 -21 -22 -23 -24 26 -26 -27 -28 -29 -30 -31
leaf_value=-0.027126494256634433 0.12874626164933176 0.079155616740042081 0.025832317636361846 0.069986068377422217 0.23633863662038543 0.037061956037821128 -0.089149668980937694 0.079798558353936844 0.025325549743910811 0.08481052413699966 -0.010225216050362834 0.004503506339478382 0.040622035168900068 -0.017934766689434344 0.096569223220039802 0.034215928200369054 -0.037600272007776506 -0.01623773711962273 0.050055578668155569 -0.039768676928935653 0.040325255099375464 -0.0068805722735440908 -0.055666885947326709 0.59631887833565078 -0.04131990116613151 -0.018527664817063912 0.080318807597503983 0.089269920641074876 0.051024721481386925 -0.074011496986330444
leaf_weight=348.83326835208572 9.0277524068951589 503.43150354269892 874.44806438684464 303.83822312578559 14.505212765419854 412.61724110931391 564.56058638659306 343.68624867746257 415.87238082848489 267.38600047491491 2386.243831494241 3299.573459404055 67.873644547886215 1806.7449435436865 15.659306529909371 376.1738933539018 787.50027154013515 364.61117228027433 112.75876419170527 632.52554076327942 119.3681233022362 246.11758122750325 60.095627391245216 1.2734291199594729 55.553847506642342 107.30289557669312 321.42779542692006 1.3477993933483956 116.12498851120472 28.536423482000828
leaf_count=29968 95 9543 6584 1740 852 23855 771909 6183 2854 4282 84057 61063 601 326615 150 2426 5265 2832 11195 8411 1365 9430 619 20 371 783 2081 21 681 416
internal_value=0.00338016 0.0248294 0.0172728 -0.00477579 -0.00696741 -0.0193057 -0.0532354 0.00321914 0.00981789 0.0418427 -0.00977717 -0.00161869 0.0569006 -0.00343572 0.048708 -2.93523e-05 -0.0143847 0.0134526 0.0712876 -0.0164155 -0.00992965 0.0206441 -0.00459619 0.0662955 0.0174719 -0.00387001 0.0823838 0.335601 0.0323739 -0.025283
internal_weight=14965 4122.72 3619.28 10842.3 10415.5 4710.27 1032.76 5705.24 3141.55 738.812 3677.5 5233.58 471.656 5106.32 426.8 2402.73 1163.67 1239.06 127.264 3018.77 468.201 658.735 127.969 477.738 471.426 122.962 324.049 2.62123 153.689 37.5642
internal_count=1376267 37471 27928 1338796 1336123 928995 803242 407128 24614 7507 125753 399725 7403 387678 2673 17107 7691 9416 12047 92468 31333 33285 1220 3314 3225 933 2122 41 1192 511
is_linear=0
shrinkage=0.1


Tree=42
num_leaves=31
num_cat=0
split_feature=12 3 11 12 10 10 5 14 1 5 5 5 7 9 5 7 3 3 2 2 5 3 2 3 4 7 9 10 11 10
split_gain=221.224 307.095 99.5071 223.286 216.048 140.486 89.4323 82.0129 82.946 231.014 150.512 94.9358 82.7257 73.3239 61.5209 74.7923 221.713 88.6478 65.9867 57.3561 46.0799 45.4031 44.4747 44.1549 85.8071 53.2157 43.8925 41.7299 37.6214 37.022
threshold=1.0000000180025095e-35 0.89807048439979564 0.36939570307731634 -1.0000000180025095e-35 0.48923951387405401 0.95013812184333812 7.5000000000000009 0.35407139360904699 1.0000000180025095e-35 5.5000000000000009 1.0000000180025095e-35 3.5000000000000004 0.61250001192092907 0.3572948426008225 4.5000000000000009 0.048809524625539787 0.53618401288986217 0.80939152836799633 0.30860807001590734 0.60736888647079479 9.5000000000000018 0.82381290197372448 0.5388936996459962 0.6789083480834962 0.17192118614912036 0.31666667759418493 0.50108224153518688 0.75490951538085949 0.072299651801586165 0.99790793657302868
decision_type=2 2 2 2 2 2 2 2 2 2 2 2 2 2 2 2 2 2 2 2 2 2 2 2 2 2 2 2 2 2
left_child=2 14 3 22 -5 13 -3 -4 10 11 21 -10 -12 -6 23 16 18 19 -16 -17 -19 -9 -1 24 28 -26 -25 -24 -2 -8
right_child=1 6 7 4 5 -7 29 8 9 -11 12 -13 -14 -15 15 17 -18 20 -20 -21 -22 -23 27 26 25 -27 -28 -29 -30 -31
leaf_value=-0.046594283973858307 0.55606490594983948 0.085854016560826196 0.11240919848267815 -0.098138121412556734 0.11011055317695784 0.14055100386844793 0.0022461016745055243 0.012494877533905912 -0.044635806312665956 0.099943628623181097 -0.00293389374401745 0.026341242793880039 -0.044088340502265982 -0.032043192854688311 -0.00031680095244014011 -0.03753397271512561 0.11198962921693985 0.034893867179658249 -0.069093750509874249 -0.15679566798064626 -0.045258289274693358 0.081502307424554374 7.9785291942210406e-05 0.15413930934752271 -0.044864905534654304 0.035632378948055765 0.035184928162158811 0.05966500519221743 0.031647163959296364 0.099584476686826642
leaf_weight=198.21365217899438 1.3712064448045556 780.91383618698455 70.858899814309552 506.423200406658 37.342029687541071 51.363484847359359 224.09026430768427 157.5379617610015 306.35232590232044 317.22048734873533 2497.0376628201921 489.6545831002295 607.20859927870333 1282.018804029387 827.06014389934717 75.642711307038553 168.93282052088762 131.83497560408432 167.8016987752053 86.368536009686068 157.31811321043642 241.50796894542873 3628.1224053768674 32.797834987111855 338.81657683756202 108.40050463360967 571.9686679650913 121.47089560283348 581.33499054965796 47.326639581471682
leaf_count=81145 1149 18467 677 838795 4044 200 2037 1340 3514 919 33358 1917 3176 138028 38852 5704 1476 1143 25037 1871 4534 1104 126572 872 24577 1259 4558 723 8000 1028
internal_value=0.00261405 0.0217166 -0.0052033 -0.0139309 -0.042324 -0.0217031 0.0686675 0.00564243 0.00400367 0.0277823 -0.00355237 -0.000975083 -0.0109839 -0.0280198 0.0065125 -0.00733049 0.00606865 -0.041894 -0.0119173 -0.101113 -0.00871413 0.0542591 -0.000430262 0.0201884 0.00759443 -0.0253532 0.0416361 0.00201009 0.0328812 0.0192189
internal_weight=14814.3 4301.98 10512.3 5824.95 1877.15 1370.72 1052.33 4687.38 4616.52 1113.23 3503.29 796.007 3104.25 1319.36 3249.65 1614.96 1163.79 451.164 994.862 162.011 289.153 399.046 3947.81 1634.69 1029.92 447.217 604.767 3749.59 582.706 271.417
internal_count=1376076 140564 1235512 1189507 981067 142272 21532 46005 45328 6350 38978 5431 36534 142072 119032 78617 65365 13252 63889 7575 5677 2444 208440 40415 34985 25836 5430 127295 9149 3065
is_linear=0
shrinkage=0.1


Tree=43
num_leaves=31
num_cat=0
split_feature=14 7 7 10 2 14 10 3 10 7 7 6 3 10 14 9 6 5 2 3 4 10 2 4 10 2 12 14 6 2
split_gain=186.692 294.083 251.062 210.545 132.439 104.735 223.514 99.1508 93.7847 90.2394 81.5979 79.9287 77.5487 64.0297 159.981 60.2779 53.2151 42.0488 36.0825 148.249 49.8859 42.0985 40.2109 35.7209 46.4204 57.0164 31.9136 30.5911 26.357 23.342
threshold=0.69282424449920665 0.048809524625539787 0.17424242943525317 0.99790793657302868 0.95488464832305919 0.50000259280204784 0.45788761973381048 0.57036584615707409 0.58547571301460277 0.81666666269302379 0.47727273404598242 0.42163743078708654 0.5502336621284486 0.53361582756042492 0.6304144859313966 0.90360623598098766 0.79361054301261913 12.500000000000002 0.19139194488525393 0.67316719889640819 0.10762548446655275 0.63182720541954052 0.63224515318870556 0.0745370388031006 0.90029239654541027 0.6569296419620515 -1.0000000180025095e-35 0.77176257967948925 0.82426470518112194 0.37089946866035467
decision_type=2 2 2 2 2 2 2 2 2 2 2 2 2 2 2 2 2 2 2 2 2 2 2 2 2 2 2 2 2 2
left_child=5 7 -3 4 15 16 -7 27 -6 11 26 17 -13 14 -11 -4 23 -8 20 -20 28 -22 -21 -1 25 -25 -5 -2 -18 -9
right_child=1 2 3 10 8 6 9 29 -10 13 -12 12 -14 -15 -16 -17 18 -19 19 22 21 -23 -24 24 -26 -27 -28 -29 -30 -31
leaf_value=-0.075709167547757195 0.021352081808215073 -0.11698671915633473 0.0072327200757186533 -0.09443289386063218 -0.061004700633898991 -0.094584547263135421 0.16503115829999979 -0.073561552671813676 0.066310362816404997 3.5360526797513945 0.080533153169228433 -0.037632248843214949 0.0062170173651872884 0.09083878465010313 0.37386984957837455 -0.016941548655907555 0.07146136569732367 0.025621819384793493 -0.083911239651959263 0.12505038243730984 0.4010504371149643 0.055965045318987605 0.0048043030513567906 -0.047733071392956565 0.037622768342088435 -0.0028453317104451259 0.021313422214803684 -0.33462542282115693 0.0056686187007329147 0.11599568577238446
leaf_weight=94.52309873313061 140.39843596331775 154.89939637333737 3287.2329168803117 28.300992161035538 65.619167629803997 389.43780979281291 24.022179180086823 6.6093452386558047 489.26244271825999 0.16488816030323761 563.2315237345174 1121.515563105233 629.81431101058843 23.931806827429682 5.386517237056978 1503.0953196045011 65.377432895300444 217.77610779739916 197.08218985563144 28.12381825785269 3.5885934195830478 237.59151107654907 2492.6215118790569 439.86403334958595 164.99609637493268 793.34875340919825 150.48606801219285 2.4563020542263976 886.91530581121333 379.32426364484127
leaf_count=11090 1285 7844 53930 170 45033 624868 571 34 8053 19 11938 55504 76736 223 1740 8645 2581 8739 202801 1281 1947 1715 16634 200344 1734 8663 1152 18 16654 3096
internal_value=0.00264565 0.0148005 0.00873475 0.0119339 0.00500466 -0.00788387 -0.0252106 0.0864044 0.0512543 -0.0118532 0.0618497 -0.0144222 -0.0218631 0.161816 0.467793 -0.000352612 -0.000150201 0.0394719 0.0059802 -0.000384575 0.0204743 0.0610997 0.00614588 -0.0162133 -0.0121912 -0.018856 0.00299143 0.0152313 0.0101855 0.112749
internal_weight=14587 6770.92 6242.13 6087.23 5345.21 7816.08 2412.05 528.788 554.882 2022.61 742.019 1993.13 1751.33 29.4832 5.55141 4790.33 5404.03 241.798 3911.3 2717.83 1193.47 241.18 2520.75 1492.73 1398.21 1233.21 178.787 142.855 952.293 385.934
internal_count=1375042 141198 136765 128921 115661 1233844 768400 4433 53086 143532 13260 141550 132240 1982 1759 62575 465444 9310 243613 220716 22897 3662 17915 221831 210741 209007 1322 1303 19235 3130
is_linear=0
shrinkage=0.1


Tree=44
num_leaves=31
num_cat=0
split_feature=12 3 5 2 7 4 4 7 3 2 3 9 10 7 7 5 10 10 10 2 7 11 1 9 11 3 1 11 11 11
split_gain=187.993 229.539 97.2446 86.1334 256.434 142.515 135.24 128.445 93.2786 88.7299 89.8148 84.2056 83.7328 70.6588 51.9998 42.2635 44.1508 40.2485 37.6325 37.5038 45.8886 36.7439 46.9342 35.7956 46.6474 32.3099 29.6152 26.5919 24.7786 19.4707
threshold=1.0000000180025095e-35 0.89807048439979564 7.5000000000000009 0.57735043764114391 0.069047622382640853 0.25158227980136877 0.78319624066352855 0.31666667759418493 0.75036585330963146 0.70064935088157665 0.79827535152435314 0.73817512392997753 0.64414930343627941 0.47727273404598242 0.11805555596947671 2.5000000000000004 0.65012314915657055 0.86873257160186779 0.99790793657302868 0.06612021848559381 0.074175827205181136 0.67333334684371959 1.0000000180025095e-35 0.53528240323066723 0.38278388977050787 0.86056843400001537 1.0000000180025095e-35 0.13100686669349673 0.8441295623779298 0.35388994216918951
decision_type=2 2 2 2 2 2 2 2 2 2 2 2 2 2 2 2 2 2 2 2 2 2 2 2 2 2 2 2 2 2
left_child=3 15 -3 5 12 14 25 17 13 11 -11 -8 -5 -9 23 26 29 -7 21 -18 -21 -4 -23 27 -25 -6 -2 -1 -19 -17
right_child=1 2 18 4 6 7 9 8 -10 10 -12 -13 -14 -15 -16 16 19 28 -20 20 -22 22 -24 24 -26 -27 -28 -29 -30 -31
leaf_value=-0.076066133575352038 0.024641672649793878 0.082611892082073132 0.021354535663523185 -0.060345493938547247 -0.057912462619759519 -0.092100742157228355 0.0032016827394250181 0.015920551004028824 -0.035891528017395362 -0.082740827715867035 -0.001622072829035014 0.078177098433554665 0.13141591075388645 0.20650610878642361 0.97111638195814654 -0.077819219074460821 -0.084552208750202945 -0.053058432086852347 0.10143963394048786 0.01503769691733621 -0.017146103313343215 -0.14107372992830244 0.030561806713713571 -0.055607333087714254 0.0030337094020733246 0.10300315270666371 -0.29446155108660349 0.061009370529013424 0.048626045581386029 0.28487736678177994
leaf_weight=15.871074921131365 1034.3268679943285 696.75501355703454 157.91341480601113 25.941023877967382 486.45265052473405 425.89563042271766 335.84478480208782 42.584023916802835 126.2606204310141 139.27081866335357 6839.4030673779489 270.40655161719769 186.30874367291108 35.812764270813204 0.55179258924908836 83.718388220324414 48.790346632245928 264.70811379095539 39.27655141800642 1314.8701542983763 668.15141940978356 37.37284703925252 27.771033095195889 163.21873776131542 803.15338708320633 12.806332575681152 2.916590786073356 130.68795482855057 26.349986290559173 1.506750103086232
leaf_count=13777 23835 18647 1428 27302 136857 480980 42562 15381 20848 9032 445957 1194 635 1461 5 69009 872 11789 1010 19357 5642 198 400 13027 7571 635 56 6593 250 239
internal_value=0.0021534 0.0202333 0.0630734 -0.00504491 -0.000522706 -0.0234805 -0.00337141 -0.0525679 0.0173061 -5.3069e-05 -0.00324093 0.036643 0.107979 0.102983 0.000594682 0.0072074 -0.000894914 -0.0725138 0.0111795 0.00206274 0.00419381 -0.00471371 -0.067905 0.000113497 -0.00687067 -0.0537849 0.0237444 0.0461653 -0.0438528 -0.0714069
internal_weight=14444.9 4113.37 959.089 10331.5 8296.43 2035.09 8084.18 921.611 204.657 7584.93 6978.67 606.251 212.25 78.3968 1113.48 3154.28 2117.04 716.954 262.334 2031.81 1983.02 223.057 65.1439 1112.93 966.372 499.259 1037.24 146.559 291.058 85.2251
internal_count=1376549 140693 21683 1235856 664174 571682 636237 530709 37690 498745 454989 43756 27937 16842 40973 119010 95119 493019 3036 25871 24999 2026 598 40968 20598 137492 23891 20370 12039 69248
is_linear=0
shrinkage=0.1


Tree=45
num_leaves=31
num_cat=0
split_feature=5 11 4 1 11 1 6 7 5 7 3 7 2 4 7 7 1 4 7 14 3 14 9 11 11 14 9 2 6 7
split_gain=135.939 157.1 130.285 244.079 92.6864 168.056 245.121 98.9589 197.204 75.6169 89.6374 74.537 73.9911 103.089 83.4528 76.2464 73.0049 183.162 68.5029 65.779 54.2652 50.5285 50.4391 56.404 43.0755 38.3957 36.9339 33.7341 30.1935 29.677
threshold=1.0000000180025095e-35 0.31414473056793218 0.94804319739341747 1.0000000180025095e-35 0.4220647811889649 1.0000000180025095e-35 0.91366460919380199 0.73214286565780651 5.5000000000000009 0.47727273404598242 0.94665718078613292 0.89444443583488475 0.57735043764114391 0.270728349685669 0.069047622382640853 0.31666667759418493 1.0000000180025095e-35 0.99484536051750194 0.47727273404598242 0.35977533459663397 0.76942551136016857 0.47499653697013861 0.73817512392997753 0.93541666865348827 0.080540537834167494 0.53723782300949108 0.47083130478858953 0.073622401803731932 0.5604878067970277 0.38750000298023229
decision_type=2 2 2 2 2 2 2 2 2 2 2 2 2 2 2 2 2 2 2 2 2 2 2 2 2 2 2 2 2 2
left_child=1 16 3 -3 12 7 9 22 -9 29 -11 -10 13 25 24 -15 18 -18 -1 -17 -16 -22 27 -24 -14 26 -2 -6 -27 -7
right_child=4 2 -4 -5 5 6 -8 8 11 10 -12 -13 14 15 20 19 17 -19 -20 -21 21 -23 23 -25 -26 28 -28 -29 -30 -31
leaf_value=-0.017076752170947843 0.030007951433327924 0.041923324863399468 0.089627196829999312 -0.16389311598889736 -0.086296766997060598 0.095613098806481264 -0.15666857634894504 0.07802300350723311 -0.10090373576156811 0.098072316245865987 0.034837884906335291 0.082759698032145043 -0.096921135352945803 -0.082495013943020071 -0.052684555724094501 0.33112524383897496 -0.11864064448707767 0.0044197910244854416 0.0665820839592665 -0.0087881117813240397 0.018394199609244519 -0.011586807980950332 -0.0077492513902915356 0.026614022417554409 0.10856635430460992 0.18672724376997982 -0.024912385999992435 0.026697427146857512 -0.10316549719568741 -0.24487905036050139
leaf_weight=144.22215703004622 159.87941906254855 561.19656148331705 490.68477766122669 64.212548638693988 27.245955637190491 3.2766697369515869 59.178916070610285 93.889675239101052 292.33957846090198 336.72894449718297 670.64206154923886 23.903423629701138 11.541379415866684 469.24583375372458 254.2652921671106 6.0191189928736994 132.27471001821687 1412.4321521859383 304.59473925374914 105.1183891610126 730.7725877239136 2436.0377886660863 3412.4469964040909 555.40600848849863 87.86607086454751 16.699079745740168 523.04188772218185 873.09335700166412 4.5777564742020322 11.700324386358261
leaf_count=38979 33025 4795 12713 396 409 23 329 936 2015 2333 5569 161 22803 510554 107178 587 40653 129170 10336 34839 10436 314497 33289 5077 3829 1165 39526 10283 405 76
internal_value=0.00252393 0.0210152 0.0510548 0.0207916 -0.0026262 0.00529346 0.0412049 -0.00206478 -0.0492386 0.0526588 0.0559749 -0.0870214 -0.0131084 -0.0336513 -0.00561261 -0.0648557 0.00419719 -0.00611799 0.0396993 0.00962133 -0.00823711 -0.0046684 0.00190949 -0.0029392 0.0847089 -0.00793337 -0.0120549 0.023278 0.124356 -0.170386
internal_weight=14274.5 3109.62 1116.09 625.409 11164.9 6359.85 1081.53 5278.32 410.133 1022.35 1007.37 316.243 4805.06 1284.58 3520.48 580.383 1993.52 1544.71 448.817 111.138 3421.08 3166.81 4868.19 3967.85 99.4075 704.198 682.921 900.339 21.2768 14.977
internal_count=1376386 237042 17904 5191 1139344 60500 8330 52170 3112 8001 7902 2176 1078844 620101 458743 545980 219138 169823 49315 35426 432111 324933 49058 38366 26632 74121 72551 10692 1570 99
is_linear=0
shrinkage=0.1


Tree=46
num_leaves=31
num_cat=0
split_feature=10 3 2 9 10 9 10 10 10 12 9 6 1 5 6 6 1 5 7 10 10 4 6 5 5 6 1 5 9 4
split_gain=117.276 137.37 87.3297 72.5379 99.3008 98.2011 219.569 69.2898 57.1929 47.6786 45.9217 43.9956 155.55 53.3294 40.8307 38.6915 38.6656 36.6491 30.7609 30.2926 30.1176 48.9592 41.3865 29.8034 29.7455 38.4687 45.4088 23.105 22.5339 20.8859
threshold=0.9656854271888734 0.87839940190315258 0.94665718078613292 0.92695629596710216 0.80276900529861461 0.22961895912885669 0.47466187179088598 0.67912882566452037 0.99790793657302868 -1.0000000180025095e-35 0.82780584692955028 0.82650500535964977 1.0000000180025095e-35 2.5000000000000004 0.61167800426483165 0.97801932692527782 1.0000000180025095e-35 3.5000000000000004 0.73214286565780651 0.45954339206218725 0.99790793657302868 0.087434306740760817 0.81530213356018078 3.5000000000000004 4.5000000000000009 0.66431924700737011 1.0000000180025095e-35 3.5000000000000004 0.67755267024040233 0.99484536051750194
decision_type=2 2 2 2 2 2 2 2 2 2 2 2 2 2 2 2 2 2 2 2 2 2 2 2 2 2 2 2 2 2
left_child=2 10 3 4 5 18 -7 9 24 17 -2 12 -6 -13 -5 16 -9 29 -1 -11 21 -12 -23 -22 -3 -26 -27 -18 -21 -4
right_child=1 8 7 14 11 6 -8 15 -10 19 20 13 -14 -15 -16 -17 27 -19 -20 28 23 22 -24 -25 25 26 -28 -29 -30 -31
leaf_value=-0.0083400825161652065 0.034990825378989752 0.051343839216687198 0.044760283012691957 0.027149676847359056 0.0019554139165231204 -0.09349257780053194 -0.013472859558763699 0.053551268973418886 0.082037273461954816 -0.10081461333848324 -0.11686131102630964 0.0091865791396749281 0.0652503646464766 -0.021534343694032457 -0.05022611181980409 0.075114447411612925 -0.12932044072760285 0.20114884381825751 0.017068433432593049 -0.019864903960960877 0.030621783038761532 0.018172372973949111 -0.035363306140363308 -0.0054432102469335816 0.057549462200692125 -0.057647680386781391 0.053503609299611246 0.035408850867807713 0.21956733140045259 0.007543109334977244
leaf_weight=1482.3261991994805 409.95499194413424 346.91942148096859 173.92219399241731 78.622598457150161 1663.9797587548383 437.22763088191277 1589.5633125318855 57.542403020896018 367.16746646445245 59.743895252235234 47.738405328243971 1424.5018499284051 506.43942302651703 936.58500286540948 514.39232121687382 277.36747217644006 26.135559014976025 10.379082018975167 702.18395178421633 85.099588081415277 375.19060700759292 260.20434670057148 324.4653236400336 588.6180664319545 95.367019269615412 114.36602040193975 54.160357857123017 12.628963092342017 4.1210558274760833 1133.5947938060854
leaf_count=42969 2573 4409 1509 1052 26547 867570 243314 456 11258 96864 223 10504 2468 7731 4347 5257 118 48 3660 12094 3179 1876 1804 4411 483 661 339 78 24 18298
internal_value=0.00250514 0.020117 -0.00219731 -0.00612219 -0.0038265 -0.0148816 -0.030735 0.017711 0.0508464 0.00791805 0.00513679 0.00644746 0.0167245 -0.00299965 -0.0399675 0.0561534 0.00154489 0.0139794 -0.000172827 -0.0457069 -0.00253059 -0.0194881 -0.0115375 0.00859614 0.0320971 0.00679501 -0.0219263 -0.0756538 -0.00880565 0.0124936
internal_weight=14160.5 2984.15 11176.4 9335.82 8742.81 4211.3 2026.79 1840.54 977.98 1466.86 2006.17 4531.51 2170.42 2361.09 593.015 373.674 96.3069 1317.9 2184.51 148.965 1596.22 632.408 584.67 963.809 610.813 263.893 168.526 38.7645 89.2206 1307.52
internal_count=1376124 31216 1344908 1210162 1204763 1157513 1110884 134746 17150 128837 14066 47250 29015 18235 5399 5909 652 19855 46629 108982 11493 3903 3680 7590 5892 1483 1000 196 12118 19807
is_linear=0
shrinkage=0.1


Tree=47
num_leaves=31
num_cat=0
split_feature=12 3 5 2 7 2 7 3 10 2 3 6 3 7 7 14 7 9 5 3 5 6 10 14 1 11 10 7 3 7
split_gain=133.154 197.938 76.9723 69.5722 208.816 126.693 127.426 90.158 60.8876 58.731 125.695 78.5155 52.1879 40.2805 33.6055 31.5196 83.2691 29.8953 43.852 28.1312 27.4658 58.2619 27.04 37.5899 40.0906 24.7707 23.8786 22.5559 24.8305 108.197
threshold=1.0000000180025095e-35 0.86702898144721996 7.5000000000000009 0.57735043764114391 0.069047622382640853 0.25493229925632482 0.31666667759418493 0.72034484148025524 0.65012314915657055 0.70396453142166149 0.80939152836799633 0.87138131260871898 0.73100960254669201 0.47727273404598242 0.13809524476528171 0.68395668268203746 0.048809524625539787 0.43058878183364874 32.500000000000007 0.30079366266727453 3.5000000000000004 0.86240702867507946 0.99790793657302868 0.77176257967948925 1.0000000180025095e-35 0.20942982286214831 0.99790793657302868 0.73214286565780651 0.71339285373687755 0.048809524625539787
decision_type=2 2 2 2 2 2 2 2 2 2 2 2 2 2 2 2 2 2 2 2 2 2 2 2 2 2 2 2 2 2
left_child=3 27 -3 5 8 14 15 20 -5 11 -11 -9 13 -8 17 -7 -17 18 -1 -16 21 -6 23 -4 -25 -19 -22 28 -2 -30
right_child=1 2 22 4 7 6 12 9 -10 10 -12 -13 -14 -15 19 16 -18 25 -20 -21 26 -23 -24 24 -26 -27 -28 -29 29 -31
leaf_value=0.07040447476769944 -0.0002925285545520658 0.075415264565694362 0.075272045208344032 -0.045787361150578992 0.15307924927970976 -0.08586516552820371 0.014929562033764766 0.0047515361359726817 0.12052921000512973 -0.063392307567748871 -0.0009022221838934487 0.077431811743003703 -0.021334266543591163 0.16184418404248352 0.51666818273484161 0.066520867896166888 -0.092986438045888631 -0.0940640052940004 1.6916256463089381 0.019433348168968394 -0.094136141006002177 -0.0582285662197152 0.092780107690191571 -0.055265301972721816 0.046412030514103142 -0.001514944257460374 -0.31872912314028595 -0.15109790169109394 0.10994477430327715 0.0054173846742087053
leaf_weight=48.58144725690363 2204.4315108887386 670.18912805063883 50.360963633051142 25.133172465430107 14.575093878753249 481.58883858684567 39.790484620636562 504.97323717459221 177.24440040718764 338.33291090559214 6619.7314778074506 210.63417458941694 127.40392505339696 35.146535524399951 2.3092886169615658 53.145009428495541 85.191765961120836 29.760537470923737 0.16741692341747594 2.2428724066121504 88.792352669901447 124.56100719622918 35.537400319240987 120.68803135119379 57.138020865619183 1023.5521196748596 5.0004712119698516 9.2571759492857364 115.18400625657523 705.96142283341032
leaf_count=9678 107459 19940 502 27426 4987 480170 14534 61247 634 37147 437930 9014 21846 1209 12 787 10160 12755 207 1525 46402 39578 1102 708 893 18913 26 43 1209 8949
internal_value=0.00164213 0.0171483 0.0574062 -0.00448866 -0.000428275 -0.0215584 -0.0512898 -0.00299563 0.0998744 -0.00113518 -0.00394078 0.0261445 0.0176151 0.0838346 0.000533394 -0.07378 -0.0317083 -0.000586593 0.0759722 0.271678 -0.0642867 -0.0360932 0.0116408 -0.000995658 -0.0225949 -0.00412985 -0.10611 0.00475965 0.00523652 0.0200797
internal_weight=14006.6 3968.75 933.914 10037.9 8108.98 1928.88 822.267 7906.6 202.378 7673.67 6958.06 715.607 202.341 74.937 1106.61 619.926 138.337 1102.06 48.7489 4.55216 232.929 139.136 263.724 228.187 177.826 1053.31 93.7928 3034.83 3025.58 821.145
internal_count=1376992 140805 23145 1236187 664391 571796 528706 636331 28060 545338 475077 70261 37589 15743 43090 491117 10947 41553 9885 1537 90993 44565 3205 2103 1601 31668 46428 117660 117617 10158
is_linear=0
shrinkage=0.1


Tree=48
num_leaves=31
num_cat=0
split_feature=12 1 5 6 7 4 7 12 10 6 3 5 2 4 2 5 1 4 6 2 1 5 6 10 3 10 1 11 2 1
split_gain=96.123 162.908 71.4051 80.2055 74.5272 77.1642 70.448 69.2906 282.874 65.3266 108.366 77.2438 64.0793 46.1196 46.3862 41.0277 88.955 170.41 51.8166 82.1489 56.9577 34.9604 67.6998 64.6804 87.9517 59.2203 58.6654 52.883 51.0488 46.0809
threshold=1.0000000180025095e-35 1.0000000180025095e-35 4.5000000000000009 0.83935481309890758 0.38750000298023229 0.17192118614912036 0.47727273404598242 -1.0000000180025095e-35 0.55938130617141735 0.68819445371627819 0.11131642386317255 7.5000000000000009 0.089220564812421813 0.3536857813596726 0.30210618674755102 1.0000000180025095e-35 1.0000000180025095e-35 0.99484536051750194 0.96039214730262767 0.81530213356018078 1.0000000180025095e-35 5.5000000000000009 0.680425524711609 0.5246713161468507 0.84834957122802745 1.0000000180025095e-35 1.0000000180025095e-35 0.10172414034605028 0.68457102775573742 1.0000000180025095e-35
decision_type=2 2 2 2 2 2 2 2 2 2 2 2 2 2 2 2 2 2 2 2 2 2 2 2 2 2 2 2 2 2
left_child=7 2 3 13 5 -5 -3 21 -9 11 -11 -4 -13 -2 -15 16 -10 -18 20 -20 -17 23 28 25 -25 26 -1 -26 -23 -24
right_child=1 6 9 4 -6 -7 -8 8 15 10 -12 12 -14 14 -16 18 17 -19 19 -21 -22 22 29 24 27 -27 -28 -29 -30 -31
leaf_value=0.030532994210673993 0.014439127041891495 -0.21621344301886283 0.10781383567203398 0.026262835935847714 0.047391760729793397 -0.028282072445906643 0.078706016291992392 -0.088294628020897242 0.049907076156884715 0.028330984583899939 -0.056538289757753518 -0.087870354786411795 0.0099547479518600941 0.66004302852366548 0.11225660762982864 -0.011575977963375813 -0.15047505430448915 0.026487053630327065 -0.0036833945166179871 -0.10640604581840839 0.016121000704582219 -0.010601570928252325 -0.053089034761169274 0.0072704306077310786 0.30549636820190545 -0.085647273980513833 -0.0026353852674291019 0.065340522056736877 0.051975910869774745 0.0051847366313492182
leaf_weight=715.78123926767148 63.074256236228393 8.253395962645298 75.293878640251933 546.41011347528547 498.73830182704842 493.71015436836751 434.57732382934773 428.70682000750094 392.82737307337811 221.29274656978669 469.95868944708491 72.339180201466661 900.52604786172742 1.5650535180757277 125.94854315649718 2661.9351824649784 76.887581245100591 186.19693115190603 190.46870201302227 131.67089025117457 1029.6941884441767 299.67118615689105 384.59338489352376 502.33159283502027 9.4069191316375491 72.611476507212501 2091.1514201352838 362.78946695534978 230.73436777776806 209.68130316172028
leaf_count=15769 2274 205 2221 8802 7730 25356 13990 908769 4520 6699 24237 6410 40853 125 1823 90114 874 3251 3684 637 6344 54302 31443 9293 254 80200 10221 3875 6261 6200
internal_value=0.00280642 0.0160926 0.00880119 0.0231898 0.0156111 0.0003722 0.0732094 -0.00240265 -0.0105548 -0.005505 -0.0293688 0.010233 0.00268078 0.0843826 0.11898 -0.00341778 0.0197694 -0.0252309 -0.00720693 -0.0456701 -0.00385055 0.0061165 -0.00934924 0.0107499 0.0345681 0.00351617 0.00582271 0.0714102 0.0166206 -0.032528
internal_weight=13888.8 3911.69 3468.86 1729.45 1538.86 1040.12 442.831 9977.14 5098.39 1739.41 691.251 1048.16 972.865 190.588 127.514 4669.68 655.912 263.085 4013.77 322.14 3691.63 4878.75 1124.68 3754.07 874.528 2879.54 2806.93 372.196 530.406 594.275
internal_count=1376736 140725 126530 46110 41888 34158 14195 1236011 1018193 80420 30936 49484 47263 4222 1948 109424 8645 4125 100779 4321 96458 217818 98206 119612 13422 106190 25990 4129 60563 37643
is_linear=0
shrinkage=0.1


Tree=49
num_leaves=31
num_cat=0
split_feature=10 7 11 11 11 3 6 1 4 10 6 1 5 1 1 9 4 9 1 6 2 2 3 6 6 11 5 5 6 2
split_gain=100.151 119.912 116.273 71.2841 66.5887 59.8321 56.1141 139.446 240.798 61.9068 50.6119 66.56 50.3589 173.56 75.0911 48.6128 42.502 38.5402 32.015 129.076 51.6971 30.9461 27.1696 22.2471 19.7343 14.2893 13.0924 12.9175 23.9466 21.1204
threshold=0.95013812184333812 0.89444443583488475 0.55902779102325451 0.71825397014617931 0.97727271914482128 0.74439030885696422 0.97530490159988414 1.0000000180025095e-35 0.99484536051750194 0.80276900529861461 0.96225070953369152 1.0000000180025095e-35 1.5000000000000002 1.0000000180025095e-35 1.0000000180025095e-35 0.8008810579776765 0.95861870050430309 0.90360623598098766 1.0000000180025095e-35 0.93142634630203258 0.91266208887100231 0.57267081737518322 0.13899821788072589 0.97700846195220958 0.73123827576637279 0.43874999880790716 1.0000000180025095e-35 8.5000000000000018 0.67799538373947155 0.097167581319808974
decision_type=2 2 2 2 2 2 2 2 2 2 2 2 2 2 2 2 2 2 2 2 2 2 2 2 2 2 2 2 2 2
left_child=3 2 21 6 18 22 10 16 -9 -10 12 15 13 -1 -14 -12 23 27 20 -20 -4 -2 -6 -8 -23 -26 -19 -5 29 -29
right_child=1 -3 4 17 5 -7 7 8 9 -11 11 -13 14 -15 -16 -17 -18 26 19 -21 -22 24 -24 -25 25 -27 -28 28 -30 -31
leaf_value=0.051150397331952951 0.027905119824176101 0.098437021854826681 -0.012372507720754806 0.071669597464581056 0.049888125136480006 0.076209519113000668 0.15644478543328152 -0.12608380982524059 -0.0024001004714634309 0.076468434979112945 -0.010284181966729863 -0.15426583785615752 -0.017848471211693636 -0.13282356524033531 0.0050553837620532019 -0.09615687170248835 0.082590341233328368 0.080794946215743207 0.041272250083021995 -0.16593334168502955 0.055434263190458626 0.12450147077011797 -0.0044265950288587654 0.025937784330805319 0.08565620871470607 0.029622735345507908 -0.022649869502980997 -0.16335973138919282 -0.091165260894111769 0.076961369554478729
leaf_weight=366.92741676783771 190.70979931764305 166.35359258763492 1884.825655227527 204.64436092227697 130.99843394383788 213.31710942275822 13.343823010771301 159.27640492853243 1398.2151598599448 107.15166434552521 298.27639612436178 47.928531770274276 4204.9650399423845 59.609187763853697 2170.2040892917139 84.627409001812339 190.45078166289022 13.949588684365152 347.15378571208566 32.914202440530062 119.57303281920031 74.165827419608831 310.13865644298494 618.17358380390215 116.28219892643392 74.778059162199497 99.536017545498908 4.018474005162715 14.871184751391409 40.647766714915633
leaf_count=44694 1487 7309 13414 1362 635 5495 327 40971 128900 3215 27604 4708 777922 16470 237437 667 4010 147 2984 205 1602 399 2210 48853 972 713 767 22 89 243
internal_value=0.00131804 0.0154867 0.0115383 -0.00381968 0.00447326 0.0327283 -0.005476 0.00748276 -0.00915771 0.00321374 -0.00993134 -0.0431694 -0.00782598 0.0254397 -0.0100517 -0.0292633 0.0411829 0.0388052 -0.00328179 0.0233281 -0.00832747 0.0586288 0.0117025 0.0286954 0.0807205 0.0637256 -0.00993449 0.0597426 0.0187465 0.0553405
internal_weight=13758 3661.21 3494.86 10096.8 3038.92 654.454 9719.15 2486.61 1664.64 1505.37 7232.54 430.832 6801.71 426.537 6375.17 382.904 821.968 377.667 2384.47 380.068 2004.4 455.936 441.137 631.517 265.226 191.06 113.486 264.182 59.5374 44.6662
internal_count=1375833 37425 30116 1338408 26545 8340 1335778 226276 173086 132115 1109502 32979 1076523 61164 1015359 28271 53190 2630 18205 3189 15016 3571 2845 49180 2084 1685 914 1716 354 265
is_linear=0
shrinkage=0.1


Tree=50
num_leaves=31
num_cat=0
split_feature=10 10 7 11 6 7 3 10 7 3 3 14 2 11 2 1 1 6 10 11 11 2 4 11 10 7 4 11 4 7
split_gain=93.0316 233.746 174.223 101.963 62.8698 50.3409 57.0422 63.2923 55.7834 484.641 276.626 38.9397 133.438 38.4107 36.2202 47.6338 47.2221 52.0117 29.2426 41.3028 26.052 36.0102 25.1691 24.0937 20.9323 14.3238 18.6499 12.907 12.86 14.661
threshold=0.63775950670242321 1.0000000180025095e-35 0.89444443583488475 0.057983193546533592 0.84924244880676281 0.76388889551162731 0.88748916983604442 0.99790793657302868 0.054093567654490478 0.56691542267799389 0.35585997998714453 0.22844818979501727 0.1085995100438595 0.32071428000926977 0.92805382609367382 1.0000000180025095e-35 1.0000000180025095e-35 0.81909090280532848 0.80276900529861461 0.1863425895571709 0.29520697891712194 0.70801281929016124 0.89039039611816417 0.67333334684371959 0.94349297881126415 0.47727273404598242 0.85053193569183361 0.35388994216918951 0.57735043764114391 0.054093567654490478
decision_type=2 2 2 2 2 2 2 2 2 2 2 2 2 2 2 2 2 2 2 2 2 2 2 2 2 2 2 2 2 2
left_child=1 28 5 -3 25 6 8 22 9 -2 -10 12 -6 -13 16 -16 23 -18 19 -4 21 -21 -8 -7 -17 27 -27 -5 -1 -30
right_child=2 3 18 4 11 14 7 -9 10 -11 -12 13 -14 -15 15 24 17 -19 -20 20 -22 -23 -24 -25 -26 26 -28 -29 29 -31
leaf_value=-0.10034324704988069 -0.0038409955940849438 -0.097355064577982153 0.11615263575258922 -0.095584412689489195 0.17875704271647552 -0.046263548813984742 0.077349909552197837 0.076030159592477789 0.55255650717975535 0.11664291006014134 -0.011443800527545235 -0.0065587500697132477 2.7685569368302994 0.19955929702001252 0.11241233256029343 -0.06296281854101364 0.062594629843835542 -0.06718014449085237 0.089220092603850665 0.25861353910697099 0.052062387958161649 -0.085196762351487529 0.012690316145508654 -0.11306764814838709 0.030901481315915615 0.21673740533083766 -0.04669667753938108 0.34219920047856384 0.23869443989118652 0.00096727810311412468
leaf_weight=12.530682698765302 3007.0020317725139 372.68883752421243 38.524635115638375 109.9631054426427 4.1152359746047287 169.67448605783284 61.92490046704188 180.70552551141009 8.7240341666620207 375.55463775538374 2736.0882156975567 238.06568729199353 0.20905757811851788 9.3979957093251851 38.39541575498879 51.268169820308685 72.785590823739767 53.644591161981225 280.82339978264645 3.2845280561596146 37.930335452780128 42.020145356887951 2162.0328571647406 79.182770127430558 44.276751076802611 2.7816876446595407 79.291310819302453 0.67760284745599975 2.5961980581632806 3390.4459241331788
leaf_count=11579 79399 886206 166 159960 763 1091 377 5861 131 2486 33715 103337 39 210 342 295 444 412 11266 16 543 303 13377 613 394 941 27484 187 89 34605
internal_value=0.00158922 -0.0107492 0.0071063 -0.0587786 -0.0264345 0.0042402 0.00606315 0.0191153 0.00094089 0.00953595 -0.0096512 0.00646758 0.303961 0.00126905 -0.0263031 0.0183391 -0.0422359 0.00753092 0.0714735 0.0305432 -0.00908047 -0.060271 0.0144907 -0.0675196 -0.0194649 -0.0694223 -0.0377681 -0.0929033 0.000775738 0.00114918
internal_weight=13666.6 4222.76 9443.84 817.191 444.502 9041.26 8532.03 2404.66 6127.37 3382.56 2744.81 251.788 4.32429 247.464 509.228 133.94 375.287 126.43 402.583 121.76 83.235 45.3047 2223.96 248.857 95.5449 192.714 82.073 110.641 3405.57 3393.04
internal_count=1376631 1225400 151231 1179127 292921 138937 135346 19615 115731 81885 33846 104349 802 103547 3591 1031 2560 856 12294 1028 862 319 13754 1704 689 188572 28425 160147 46273 34694
is_linear=0
shrinkage=0.1


Tree=51
num_leaves=31
num_cat=0
split_feature=10 7 11 11 12 10 6 6 11 7 11 10 1 3 1 2 10 2 14 3 5 6 11 14 10 12 6 11 5 11
split_gain=76.0403 96.7877 97.897 62.1062 40.9833 221.404 62.0268 67.054 36.2337 50.5326 48.377 143.588 44.3758 29.3432 29.0059 28.2743 23.5145 40.9268 19.8716 62.1686 17.5449 18.8031 16.4883 13.2536 12.7964 11.3499 18.5672 14.4202 14.211 11.5703
threshold=0.95013812184333812 0.89444443583488475 0.43095238506793981 0.71825397014617931 -1.0000000180025095e-35 0.45788761973381048 0.97530490159988414 0.96609193086624157 0.95119047164917003 0.31666667759418493 0.70710784196853649 0.96984851360321056 1.0000000180025095e-35 0.20058823376894 1.0000000180025095e-35 0.51087471842765819 0.77482193708419811 0.6569296419620515 0.43745274841785436 0.44879534840583807 17.500000000000004 0.2674796879291535 0.35857143998146063 0.47499653697013861 0.8445824682712556 1.0000000180025095e-35 0.46720430254936224 0.75499999523162853 9.5000000000000018 0.74456521868705761
decision_type=2 2 2 2 2 2 2 2 2 2 2 2 2 2 2 2 2 2 2 2 2 2 2 2 2 2 2 2 2 2
left_child=3 2 15 4 16 -6 7 -7 10 13 11 -4 -12 -10 -8 -2 17 22 24 -20 25 -22 -1 -19 -18 27 -27 29 -29 -5
right_child=1 -3 8 20 5 6 14 -9 9 -11 12 -13 -14 -15 -16 -17 18 23 19 -21 21 -23 -24 -25 -26 26 -28 28 -30 -31
leaf_value=-0.044897454606056951 0.026743843772397403 0.096529364228268424 -0.022145857175702274 0.062580418897055012 -0.094975801109658115 -0.0069952382259117381 0.039105642325126498 -0.066982953561705513 0.047047196524872652 0.070949797865883332 -0.016400679214538149 0.057134001660346712 0.029953086522438915 -0.008453073591092132 -0.0020850671626539935 0.096277832289262011 0.096892252224241457 0.013100316182178051 -0.068301809101914968 0.028547410720511597 0.14529971373643824 -0.17746715800024693 0.074784121384844277 -0.00086779328529396158 0.031663962671742492 0.21713175584808636 0.012401293285213569 0.10161231225767071 -0.034344797870878026 0.0055521042723136026
leaf_weight=237.22793827837449 91.936793460510671 137.86801887163892 436.78264073003083 73.848525319248438 290.72596782408073 4074.2029292453371 417.50754438948934 195.26822813742911 139.56059553660452 189.38842211477458 1375.5047697606497 478.96120441332459 243.01437475718558 300.11364464415237 289.49922484729905 160.6894480260089 48.47942865989171 925.9694368437049 80.040832797531039 385.50180179881863 2.4086084887385351 7.2009074660018086 12.098270596703513 2549.9386543511064 79.22570421686396 4.5712590608745804 143.12847295962274 74.356292365118861 8.5747150918468815 68.647448468953371
leaf_count=116470 661 7323 3387 321 815695 267522 12656 6130 687 5115 10357 3683 2323 2559 20727 1262 627 13295 2359 2968 12 104 694 76188 524 27 1317 329 70 508
internal_value=0.00182413 0.0143834 0.0110679 -0.00265334 -0.00423056 -0.0101512 -0.00519572 -0.00973883 0.00628389 0.0277653 0.000951702 0.0193199 -0.00944084 0.00916372 0.0222392 0.0709727 0.00299076 4.60376e-05 0.0214818 0.0118961 0.0368484 -0.0965662 -0.03909 0.00285326 0.0564259 0.0402844 0.0187376 0.0544018 0.0875549 0.035107
internal_weight=13522.2 3553.82 3415.95 9968.42 9585.69 5267.2 4976.48 4269.47 3163.33 629.063 2534.26 915.744 1618.52 439.674 707.007 252.626 4318.48 3725.23 593.248 465.543 382.736 9.60952 249.326 3475.91 127.705 373.127 147.7 225.427 82.931 142.496
internal_count=1375900 37357 30034 1338543 1335855 1122730 307035 273652 28111 8361 19750 7070 12680 3246 33383 1923 213125 206647 6478 5327 2688 116 117164 89483 1151 2572 1344 1228 399 829
is_linear=0
shrinkage=0.1


Tree=52
num_leaves=31
num_cat=0
split_feature=11 7 6 1 4 11 6 2 3 1 2 7 4 7 7 7 4 2 4 7 10 14 10 3 14 6 2 4 14 2
split_gain=53.4064 71.1013 45.953 93.1489 281.186 111.918 51.2932 89.7401 55.3692 58.236 52.4919 341.748 130.532 114.822 86.5738 51.1498 50.4049 66.0003 45.9037 39.2375 38.5977 30.7103 27.1349 22.2338 21.5414 29.5693 18.8658 14.4337 14.3674 14.4624
threshold=0.97727271914482128 0.43650794029235845 0.97530490159988414 1.0000000180025095e-35 0.99484536051750194 0.31414473056793218 0.96225070953369152 0.83438816666603099 0.87019926309585582 1.0000000180025095e-35 0.51000401377677929 0.060661764815449722 0.27639257907867437 0.17424242943525317 0.31666667759418493 0.47727273404598242 0.83438816666603099 0.37858313322067266 0.079473681747913374 0.58571431040763866 0.48499850928783422 0.45789712667465216 0.6088932752609254 0.20058823376894 0.87739312648773204 0.53923079371452343 0.097167581319808974 0.22361110895872119 0.35407139360904699 0.97467949986457836
decision_type=2 2 2 2 2 2 2 2 2 2 2 2 2 2 2 2 2 2 2 2 2 2 2 2 2 2 2 2 2 2
left_child=2 23 6 15 -5 -6 10 16 19 -10 12 20 18 -13 -14 21 17 -8 -1 -9 -12 26 -23 -2 25 27 -4 -25 -17 -30
right_child=1 -3 3 4 5 -7 7 8 9 -11 11 13 14 -15 -16 28 -18 -19 -20 -21 -22 22 -24 24 -26 -27 -28 -29 29 -31
leaf_value=-0.037312528066564453 0.045550376358422372 0.086816176905621351 0.0074014597643914494 -0.12721310941339245 0.00077743883443855371 0.085703464131840268 0.0041768080576677037 -0.012341159671587569 -0.01451552737378756 -0.14553394715157761 -0.10265988069898964 -0.096685056620107943 -0.058843173213663752 0.00049066853652313027 0.038028452155118964 0.40305689151907215 0.052744084424443609 -0.095116615015155059 0.0080412603503003163 -0.25445652333346469 0.11118604329778928 -0.077989166797640522 0.0038582288526371974 -0.026052473280562562 0.050575672528587849 -0.040651991720637624 0.074154873306216659 0.049115688314228731 0.05133924058989741 0.176760983513012
leaf_weight=259.42721769314085 131.03859813883901 163.05009973514825 77.674029367015464 164.3962446487858 1386.1051500679459 174.73526287311688 220.33436469240405 8.7335506827075715 94.321798957942519 52.982065539748874 8.6794734525756194 123.98397893957736 710.8467367907142 6305.9138612480892 106.01464885153109 1.1766643682494748 109.41908447700553 96.158147807916976 1596.4103054909065 28.656116468075197 306.33803083343082 48.320071837952128 250.47516923467629 37.872953191399574 62.313998986035585 171.63710108213127 93.064704256757977 78.479659739881754 592.93472857924644 9.3385815626825188
leaf_count=16466 669 7132 1302 41149 129212 7684 5692 219 1640 4663 25559 106498 392807 466542 16138 24 1633 19688 68719 486 4673 23378 3852 118 1019 1626 13867 392 13473 67
internal_value=0.00165159 0.0297432 0.000240284 0.0115715 -0.0028172 0.0102849 -0.00292151 -0.0310087 -0.0892253 -0.0616401 -0.00110043 0.00359918 -0.0129605 -0.00138311 -0.0462709 0.0347068 -0.00576348 -0.025991 0.00170126 -0.197903 0.105294 0.00995466 -0.00937783 0.0104103 -0.00273454 -0.0142696 0.0437868 0.0246483 0.053966 0.053284
internal_weight=13470.8 644.392 12826.4 2798.22 1725.24 1560.84 10028.2 610.605 184.694 147.304 9417.61 6744.92 2672.7 6429.9 816.861 1072.98 425.912 316.493 1855.84 37.3897 315.018 469.534 298.795 481.342 350.304 287.99 170.739 116.353 603.45 602.273
internal_count=1376387 10956 1365431 234008 178045 136896 1131423 34021 7008 6303 1097402 603272 494130 573040 408945 55963 27013 25380 85185 705 30232 42399 27230 3824 3155 2136 15169 510 13564 13540
is_linear=0
shrinkage=0.1


Tree=53
num_leaves=31
num_cat=0
split_feature=12 1 7 12 10 11 9 10 10 9 11 5 6 6 3 2 5 3 2 9 3 11 5 14 6 1 5 3 2 7
split_gain=65.339 112.812 65.1657 44.5204 195.468 45.8942 83.1726 77.8208 63.9154 73.1197 37.538 36.7154 71.766 66.4931 62.9236 60.198 58.0171 56.284 48.6772 37.1426 36.674 35.9106 35.8287 42.8253 41.415 62.8953 72.9609 36.4411 35.1773 31.9788
threshold=1.0000000180025095e-35 1.0000000180025095e-35 0.47727273404598242 -1.0000000180025095e-35 0.48923951387405401 0.45643940567970281 0.88991525769233715 0.95013812184333812 0.94349297881126415 0.43645593523979193 0.57518798112869274 5.5000000000000009 0.78319624066352855 0.67799538373947155 0.78765246272087108 0.15504807978868487 7.5000000000000009 0.11131642386317255 0.097167581319808974 0.59476566314697277 0.7243877947330476 0.2788888961076737 5.5000000000000009 0.72118842601776134 0.63733074069023143 1.0000000180025095e-35 7.5000000000000009 0.83373981714248668 0.65485891699790966 0.38750000298023229
decision_type=2 2 2 2 2 2 2 2 2 2 2 2 2 2 2 2 2 2 2 2 2 2 2 2 2 2 2 2 2 2
left_child=3 11 29 22 -5 8 10 -8 9 -6 -7 12 -2 16 15 -14 -13 -15 -18 -16 -19 -10 23 -1 -24 -26 -27 28 -25 -3
right_child=1 2 -4 4 5 6 7 -9 21 -11 -12 13 14 17 19 -17 18 20 -20 -21 -22 -23 24 27 25 26 -28 -29 -30 -31
leaf_value=0.0036417675283096176 0.087153285771775821 0.13608694884848158 0.071623928842232537 -0.094839501729522269 0.044451189447330133 -0.00013993847354723738 -0.050711156170269771 0.00037922052243453557 0.13927757258895426 -0.030127520026579632 0.032631355150344495 0.12274467969755953 0.0203293191777109 0.013738881148230523 0.10970592671393307 -0.024290013126961302 -0.068672669834449085 -0.092553408706993717 0.011983435827984388 0.029478048654908329 -0.028762757471350372 0.017519503337770699 0.012521945945180397 0.063850404674158312 -0.050083412425004081 0.364864129626149 0.004129110222779858 0.054791134130899879 -0.051054897385515642 -0.29540757945356977
leaf_weight=3275.022234246193 129.65730402004556 2.2486237264820357 352.80883966886904 261.45296475377108 143.98497166248853 602.89771095430478 431.76533043431118 963.31876462884247 33.92994077783078 1511.6833302278828 831.71650120196864 43.651644390105503 600.53346760268323 170.68129685419262 67.330535446817521 608.99831563117914 82.205903597932775 155.97931263170904 833.46642350347247 403.69640100793913 213.46491607092321 84.669689908623695 404.34231015239493 41.123660646378994 449.35261932565481 5.7375405444763592 246.01575020572636 315.53817635017913 75.66331148147583 7.2724440876045264
leaf_count=113889 3318 78 13991 839020 21965 7547 5158 5998 143 131897 5342 1416 10348 5825 940 30909 6822 18012 38694 8429 1646 548 49232 161 41229 70 7556 5357 333 137
internal_value=0.000325119 0.0116828 0.0646572 -0.00398407 -0.0107297 -0.00595318 0.00195274 -0.0154328 -0.018562 -0.0236418 0.0188592 0.00588334 0.0154692 -0.00568928 0.00993872 -0.00213648 0.0101118 -0.0337538 0.00474241 0.0409462 -0.0556952 0.052353 0.00283528 0.00754673 -0.0129655 -0.0276647 0.0123504 0.0371282 -0.0105938 -0.1935
internal_weight=13350.2 3672 362.33 9678.21 4865.42 4603.97 2829.7 1395.08 1774.27 1655.67 1434.61 3309.67 1810.22 1499.45 1680.56 1209.53 959.324 540.126 915.672 471.027 369.444 118.6 4812.8 3707.35 1105.45 701.106 251.753 432.325 116.787 9.52107
internal_count=1376010 140565 14206 1235445 1017618 178598 24045 11156 154553 153862 12889 126359 53944 72415 50626 41257 46932 25483 45516 9369 19658 691 217827 119740 98087 48855 7626 5851 494 215
is_linear=0
shrinkage=0.1


Tree=54
num_leaves=31
num_cat=0
split_feature=12 2 12 10 14 11 9 3 11 3 2 4 10 11 9 3 2 5 10 2 10 10 2 9 9 11 10 5 11 11
split_gain=67.8053 98.6121 34.3171 189.598 45.3348 46.2259 90.2614 62.6299 36.2407 28.0311 51.2856 49.6521 49.3951 68.134 50.4417 36.6803 36.5856 36.4304 29.829 29.4831 27.1143 23.6894 71.0102 56.8609 49.2187 23.9155 22.6486 19.7356 17.5171 15.1197
threshold=1.0000000180025095e-35 0.89769753813743602 -1.0000000180025095e-35 0.49892704188823706 0.35407139360904699 0.5313725769519807 0.90360623598098766 0.68808317184448253 0.35388994216918951 0.77807807922363292 0.65485891699790966 0.56635218858718883 0.99790793657302868 0.72474747896194469 0.90360623598098766 0.69571343064308178 0.51087471842765819 1.0000000180025095e-35 0.6088932752609254 0.37089946866035467 0.74496281147003185 0.64414930343627941 0.91922956705093395 0.54176929593086254 1.0000000180025095e-35 0.18019481003284457 0.54694178700447094 32.500000000000007 0.97727271914482128 0.26794873178005224
decision_type=2 2 2 2 2 2 2 2 2 2 2 2 2 2 2 2 2 2 2 2 2 2 2 2 2 2 2 2 2 2
left_child=2 9 21 -4 8 7 -7 -6 27 10 15 -12 13 16 -15 18 -11 -13 -2 -14 -10 24 23 29 -1 -26 -27 -5 -25 -23
right_child=1 -3 3 4 5 6 -8 -9 20 12 11 17 19 14 -16 -17 -18 -19 -20 -21 -22 22 -24 28 25 26 -28 -29 -30 -31
leaf_value=0.00071454670034939646 -0.069314577983943804 0.067995083250448202 -0.095517258466358904 0.0091163121018811299 -0.056116845898776385 0.022083498339160977 -0.016577306527139391 -0.0098735197828652942 0.4121392136797366 -0.079921974140951646 0.13008697527174282 0.046218815037367578 -0.18059210251496008 0.023154482372096 -0.097783025473903315 0.061622838411849269 0.028719883770666307 -0.085309770955223754 0.0046864350679680167 0.072473861456188463 0.096189193231706521 0.02610413153357586 0.087873158088100617 -0.0046480329971758556 -0.080283119449885892 0.19511399086920017 -0.021539834815842793 0.76717775222309126 0.05584086499504029 0.098563819246758694
leaf_weight=3435.88346919982 56.028593559371075 293.47970932384487 243.6806074493652 98.797858191916021 355.91304010391468 1189.9377570901997 1226.1788759781048 1653.5975818168372 2.8620341902133069 32.511366269143764 14.091693617025156 24.793580240977462 4.7171877883374682 55.890341745689511 90.062186501920223 111.21120900954702 665.34238132777682 139.77803876546386 1959.1818545384449 191.33346564136446 53.304790999740362 46.60726437123958 118.76578319212422 928.99630921299104 113.7395905093581 5.781096910359337 29.178871389274718 0.34463047905592148 50.476607399061322 75.358992762048729
leaf_count=46528 70831 14088 849403 8604 89510 8811 9780 50301 71 3134 150 221 46 556 783 797 7943 2196 34676 5060 621 1539 1966 12517 150425 642 3132 42 383 806
internal_value=0.000785805 0.0124157 -0.00360848 -0.00956595 -0.00499381 -0.0068574 0.00246314 -0.0180639 0.0481102 0.00753924 0.00139074 -0.0500682 0.0211688 0.0106633 -0.0514718 0.00571436 0.0236585 -0.0654943 0.002629 0.0663848 0.112289 0.00237357 0.0144085 0.00648693 -0.00172316 -0.0580493 0.0142868 0.0117514 -0.00153077 0.0708746
internal_weight=13267.8 3638.42 9629.41 4824.62 4580.94 4425.63 2416.12 2009.51 155.309 3344.94 2305.08 178.663 1039.86 843.806 145.953 2126.42 697.854 164.572 2015.21 196.051 56.1668 4804.79 1220.2 1101.44 3584.58 148.7 34.96 99.1425 979.473 121.966
internal_count=1375562 140481 1235081 1017143 167740 158402 18591 139811 9338 126393 108871 2567 17522 12416 1339 106304 11077 2417 105507 5106 692 217938 17211 15245 200727 154199 3774 8646 12900 2345
is_linear=0
shrinkage=0.1


Tree=55
num_leaves=31
num_cat=0
split_feature=5 6 1 5 7 4 10 6 5 6 2 2 4 3 4 5 1 4 11 7 2 3 7 2 10 3 2 2 6 10
split_gain=45.5573 122.63 80.4701 115.878 113.572 98.2884 87.637 86.7273 111.036 145.671 108.046 82.814 81.0035 73.7173 70.1619 67.3811 65.0202 454.624 99.6152 65.9869 115.364 105.333 61.94 61.0061 60.7282 54.1624 53.5208 130.279 59.6855 39.6924
threshold=2.5000000000000004 0.87138131260871898 1.0000000180025095e-35 4.5000000000000009 0.47727273404598242 0.99484536051750194 0.73481681942939769 0.65261757373809826 5.5000000000000009 0.81322672963142406 0.097167581319808974 0.8841681480407716 0.85912698507308971 0.86056843400001537 0.13446328043937686 8.5000000000000018 1.0000000180025095e-35 0.99484536051750194 0.31414473056793218 0.43650794029235845 0.72065573930740368 0.89512962102890026 0.89444443583488475 0.48050633072853094 0.98425099253654491 0.48653593659400945 0.78738203644752514 0.19139194488525393 0.93813776969909679 0.65724277496337902
decision_type=2 2 2 2 2 2 2 2 2 2 2 2 2 2 2 2 2 2 2 2 2 2 2 2 2 2 2 2 2 2
left_child=1 -1 7 5 -5 13 12 10 9 25 -2 -11 -6 -4 -10 23 19 -18 -19 26 -21 -22 -16 -12 -7 -9 27 -3 -28 -17
right_child=2 16 3 4 6 24 -8 8 14 11 15 -13 -14 -15 22 29 17 18 -20 20 21 -23 -24 -25 -26 -27 28 -29 -30 -31
leaf_value=0.12993371682939919 -0.080182438206556808 0.018639025190565012 -0.10981256236669185 -0.11011277178745027 0.37995056536329047 -0.020528866064784809 0.075519403349247852 -0.010385639776922832 0.0016986166031235572 -0.027478381416784853 0.14489578802553268 0.036139272358933293 0.0083626872164368742 0.068436697303475 -0.050701861874537117 -0.037367577211386831 -0.13051319702404549 0.0029975316294745973 0.082577445820457118 0.080846698865570471 -0.018093680969174537 0.043760367489542068 0.10470480893795964 0.026788373187351486 0.092508856923004978 0.066504601419560203 0.095507873364388998 -0.044111775654100537 0.0070453546438663216 0.013985569477384694
leaf_weight=82.039478683160269 128.19143685736344 816.38133933334029 25.745454769392381 48.772307228166028 5.9490886034764108 1282.1611848294269 487.02825994137675 124.93715568947664 363.20653171933373 1317.3298143674474 70.817671537661226 242.24863149083103 422.69530552180368 234.7933870411216 1343.9958566165733 170.93682787695434 261.11340266985644 1368.5326114736235 177.72363985679112 351.4211739788152 513.2835976833594 593.83144526285469 26.145647164463298 114.35434833326144 49.356935665011406 343.46588775870623 116.69563044873939 556.30835043400293 220.16182957781712 1259.7014518745127
leaf_count=3641 12398 10922 5702 18339 593 144732 3270 14972 15097 144448 7737 5473 57499 10748 215734 225137 62861 129196 10046 6530 9044 13437 197 12909 1770 38908 9868 138458 16490 30377
internal_value=0.00122888 0.00866887 -0.00343851 0.0112227 0.0385764 -0.00534783 0.0464962 -0.0102467 -0.0187932 -0.00290875 0.00818577 -0.0175967 0.0135199 0.0508228 -0.0373777 0.0151965 0.00666935 -0.00846565 0.0121443 0.0153038 0.0309285 0.0150834 -0.0477363 0.0719577 -0.0163388 0.0459957 0.0019732 -0.00679192 0.0376909 0.00784975
internal_weight=13119.3 5057.49 8061.83 2556.5 964.445 1592.06 915.673 5505.33 3761.33 2027.98 1744 1559.58 428.644 260.539 1733.35 1615.81 4975.45 1807.37 1546.26 3168.08 1458.54 1107.12 1370.14 185.172 1331.52 468.403 1709.55 1372.69 336.857 1430.64
internal_count=1376533 410493 966040 242653 79701 162952 61362 723387 434829 203801 288558 149921 58092 16450 231028 276160 406852 202103 139242 204749 29011 22481 215931 20646 146502 53880 175738 149380 26358 255514
is_linear=0
shrinkage=0.1


Tree=56
num_leaves=31
num_cat=0
split_feature=12 7 7 10 11 7 3 3 4 7 10 6 12 10 2 14 3 7 10 10 10 9 9 2 4 11 7 6 10 9
split_gain=50.4757 95.9377 36.1705 63.5144 64.7222 35.5746 185.505 100.94 75.1773 74.4634 42.9972 41.9054 31.6841 158.104 28.1312 27.6338 49.723 111.09 52.6884 25.9472 19.0947 58.3612 39.9174 36.7148 24.5682 24.1869 26.5125 23.3717 18.9523 17.8707
threshold=1.0000000180025095e-35 0.86607143282890331 0.43650794029235845 0.99790793657302868 0.57518798112869274 0.048809524625539787 0.56691542267799389 0.37298613786697393 0.27639257907867437 0.17424242943525317 0.58547571301460277 0.91366460919380199 -1.0000000180025095e-35 0.48923951387405401 0.66996699571609508 0.35407139360904699 0.68410527706146251 1.0000000180025095e-35 0.99790793657302868 0.95780044794082653 0.62534916400909435 0.5653091073036195 1.0000000180025095e-35 0.91922956705093395 0.091431558132171645 0.080540537834167494 0.64583334326744091 0.4016129076480866 0.49282230436801916 0.63656747341156017
decision_type=2 2 2 2 2 2 2 2 2 2 2 2 2 2 2 2 2 2 2 2 2 2 2 2 2 2 2 2 2 2
left_child=12 2 5 4 19 6 8 11 -2 -9 -8 -7 20 -14 -6 28 18 -18 -17 -4 22 24 -1 27 -22 -24 -27 -23 -15 -30
right_child=1 -3 3 -5 14 7 10 9 -10 -11 -12 -13 13 15 -16 16 17 -19 -20 -21 21 23 25 -25 -26 26 -28 -29 29 -31
leaf_value=0.0010063418217116959 0.009222361516197021 0.094044385629939942 0.027551436559251477 0.080731428655140242 0.035658496855058439 0.009856515703880582 0.63214307996819574 -0.099525445305625432 -0.04236048772608033 -0.0077656012716571833 0.10261717675865512 0.51272697146163593 -0.093350706810001016 0.7851939309750916 -0.034424887375795764 -0.034771940284441992 0.096241921671435304 -0.0043182084353337738 0.057582167251638228 0.093525822798396455 -0.041966734243463914 0.077517193982369878 -0.096593862153512802 0.067089778534076924 0.077335661216290333 -0.079951568170865683 0.058247982092204359 -0.004568261524687583 0.030732062594152006 0.33684364385135818
leaf_weight=3400.2760425709421 1345.1302183168591 133.60777590866201 332.15580482911901 165.63132780464366 72.617760308086872 2.4780728541081762 1.5473641290736839 106.59753648826154 357.66260302282171 519.12764846053324 170.36527175374795 5.0022085251403041 211.58433304182836 0.33698243324761179 271.06437988299876 807.58805190617568 113.57648842979688 3353.4986994749343 66.890134815126657 72.651996716856956 19.250451728177723 36.057467976817861 68.371144854550948 85.183968205470592 167.05394346872345 26.587389745152905 29.047567468311172 912.15233386860928 156.72164477204205 1.9306337379384775
leaf_count=46476 42816 8805 4102 6264 379 184 293 12162 49755 9304 1847 59 839907 208 3747 102296 1984 64015 311 1170 464 804 127253 1783 3285 21585 4055 12125 9602 29
internal_value=0.000756456 0.0109136 0.00766787 0.0246969 0.0122971 0.00146088 0.00838269 -0.0190322 -0.00161234 -0.0233977 0.107383 0.346136 -0.00306278 -0.00887078 -0.0196167 -0.00489912 -0.00639863 -0.001024 -0.0277076 0.039392 0.00270623 0.0134906 -0.00102606 0.00420275 0.0650084 -0.0567551 -0.0077962 -0.00144681 0.0360483 0.0344571
internal_weight=13011.7 3555.64 3422.03 914.121 748.49 2507.91 1874.71 633.205 1702.79 625.725 171.913 7.48028 9456.11 4712.13 343.682 4500.54 4341.55 3467.08 874.478 404.808 4743.98 1219.7 3524.28 1033.39 186.304 124.006 55.635 948.21 158.989 158.652
internal_count=1377069 140887 132082 15662 9398 116420 94711 21709 92571 21466 2140 243 1236182 1018352 4126 178445 168606 65999 102607 5272 217830 18461 199369 14712 3749 152893 25640 12929 9839 9631
is_linear=0
shrinkage=0.1


Tree=57
num_leaves=31
num_cat=0
split_feature=5 6 1 7 6 5 3 5 1 3 10 1 12 6 5 7 5 10 5 6 2 2 4 6 3 7 3 6 3 2
split_gain=39.4506 91.3679 85.9566 120.243 103.3 90.3902 83.0268 80.8769 87.9618 79.4774 68.4827 67.5094 113.918 73.5737 88.3238 69.6444 57.3797 54.3025 53.6602 60.7079 50.9807 46.6573 46.0535 42.6494 41.4746 40.5042 35.0952 33.2695 32.8162 33.5886
threshold=8.5000000000000018 0.7228132188320161 1.0000000180025095e-35 0.58571431040763866 0.57259953022003185 12.500000000000002 0.13899821788072589 4.5000000000000009 1.0000000180025095e-35 0.11131642386317255 0.8445824682712556 1.0000000180025095e-35 1.0000000180025095e-35 0.83935481309890758 1.5000000000000002 0.73214286565780651 9.5000000000000018 0.73481681942939769 13.500000000000002 0.36032786965370184 0.61938297748565685 0.87206766009330761 0.42163743078708654 0.51754924654960643 0.7243877947330476 0.89444443583488475 0.29763181507587438 0.5646599829196931 0.93127068877220165 0.64630925655365001
decision_type=2 2 2 2 2 2 2 2 2 2 2 2 2 2 2 2 2 2 2 2 2 2 2 2 2 2 2 2 2 2
left_child=1 17 4 16 6 -5 27 11 9 -9 21 13 15 22 -15 -13 -4 -1 -8 -20 -12 -10 -3 -18 -11 28 -19 -2 29 -6
right_child=2 7 3 5 25 -7 18 8 10 24 20 12 -14 14 -16 -17 23 26 19 -21 -22 -23 -24 -25 -26 -27 -28 -29 -30 -31
leaf_value=0.0012832736390091201 -0.11914012495451697 -0.0043667596045090526 0.11610609276712332 0.14539346283876417 -0.047205786395884498 -0.061916162324750494 0.046189972758029808 0.013785537221274811 -0.043718080492839047 -0.080149673771242019 -0.34689389127551556 -0.032731770588689903 0.06742284807718138 0.022720953866223591 -0.0061200459392459373 -0.00032816316243700186 -0.0041417995660027558 -0.01690514203053901 0.034532558887740983 -0.027750581156765704 0.07011400923921475 0.049862288991064971 0.075679813096251686 -0.13495577763658295 -0.033636182080308753 0.11769227061948609 0.063524848529233166 0.087935954231034119 -0.071205232943484909 -0.0088550225708265689
leaf_weight=301.34596511804557 66.764088669369812 96.674853149786941 22.6442966262548 114.14317962276982 520.85736096662004 25.782846090674866 335.6463549376931 283.49581078458868 175.62576700311911 264.85141853238747 2.9773932080715886 983.06657470251957 198.02840264893894 2239.6402046556032 2019.1186398923164 2039.0447518490837 58.498508382210275 61.247657636413351 259.68627404680592 393.83709594224638 190.96373889409006 76.479169529004139 280.18191994405061 43.423951248449157 694.08139579930867 16.718586958231754 474.93984281271696 8.778847928013418 250.11763324585627 406.68599110926152
leaf_count=110217 8096 7452 1901 5461 161227 2236 39316 9184 20808 131574 17 140541 11502 133577 174764 175530 9992 1090 25671 106477 1332 7696 33117 10055 20897 125 5508 447 2007 17836
internal_value=0.000853837 0.00357977 -0.0103604 0.0435771 -0.0166753 0.107194 0.00597308 0.000800751 -0.0190551 -0.0327309 0.0190379 0.00506846 -0.00605409 0.0127948 0.00904716 -0.0108688 -0.0278843 0.0352485 0.0136902 -0.00300154 0.0637121 -0.0153293 0.0551455 -0.059875 -0.0464829 -0.0368649 0.0543375 -0.0950758 -0.0390591 -0.0303907
internal_weight=12905.3 10381.8 2523.59 264.493 2259.09 139.926 1064.71 9544.23 1688.47 1242.43 446.046 7855.76 3220.14 4635.62 4258.76 3022.11 124.567 837.533 989.17 653.523 193.941 252.105 376.857 101.922 958.933 1194.38 536.188 75.5429 1177.66 927.543
internal_count=1375653 984806 390847 29645 361202 7697 180007 867991 191508 161655 29853 676483 327573 348910 308341 316071 21948 116815 171464 132148 1349 28504 40569 20047 152471 181195 6598 8543 181070 179063
is_linear=0
shrinkage=0.1


Tree=58
num_leaves=31
num_cat=0
split_feature=12 3 5 9 11 9 11 11 10 10 11 11 5 9 9 2 2 9 11 9 2 10 4 6 12 6 6 10 11 4
split_gain=34.5029 64.519 38.2361 28.1249 64.5588 51.0648 90.5972 76.2846 49.8955 43.0131 35.6116 31.3955 31.0174 28.5105 28.0615 27.9551 27.5126 27.4897 31.5039 32.0697 34.6644 27.2855 27.6798 24.4953 23.5078 23.022 20.4576 19.8702 36.0746 18.4785
threshold=1.0000000180025095e-35 0.89807048439979564 5.5000000000000009 0.98124927282333385 0.74456521868705761 0.93764951825141918 0.73030304908752453 0.61721614003181469 0.95780044794082653 0.9656854271888734 0.95119047164917003 0.72474747896194469 4.5000000000000009 0.92695629596710216 0.6584608554840089 0.87841832637786876 0.57735043764114391 0.84067201614379894 0.5313725769519807 0.59476566314697277 0.48050633072853094 0.77482193708419811 0.19433516263961795 0.47114317119121557 -1.0000000180025095e-35 0.58397436141967785 0.43613053858280187 0.99790793657302868 0.71825397014617931 0.98549506068229686
decision_type=2 2 2 2 2 2 2 2 2 2 2 2 2 2 2 2 2 2 2 2 2 2 2 2 2 2 2 2 2 2
left_child=3 17 29 5 26 6 13 25 11 14 12 -9 -6 16 -8 -11 -1 18 19 20 -2 -20 -23 -14 -10 -7 -5 28 -4 -3
right_child=1 2 27 4 10 7 9 8 24 15 -12 -13 23 -15 -16 -17 -18 -19 21 -21 -22 22 -24 -25 -26 -27 -28 -29 -30 -31
leaf_value=-0.016016844771867458 0.0060341438952085614 0.029071290466165817 0.021882513185497044 0.29107687103745783 0.0063178856402729801 0.33194878584585352 -0.07775277797762109 -0.11651605675586391 -0.078474124761839112 -0.0034315179866748098 0.062298589603662628 -0.016722206281909496 0.10601949156218121 -0.053763842666763199 0.071075293325289432 0.0840615987883368 -1.6232158167391988e-05 -0.0068024003914227476 0.27678144985149855 -0.013160193454572623 0.068969421562918118 0.058564582949112501 0.010971091513809719 -0.13350855201645137 -0.015157930277659548 0.064399359619025917 0.082635944234223838 0.0968644337677598 -0.076246656208691921 0.079648946115421324
leaf_weight=1292.1091112164067 334.54708661236509 108.26941028470173 190.64863771619275 4.9523764401674262 51.803879025392234 3.4051778211724004 13.266864838078616 108.54913683328778 66.821057666093111 241.05511433444917 44.11649679299444 44.428504410665482 4.7863670587539664 110.96083795139566 281.12000258779153 43.038623132742941 6384.6800860068834 1357.1066821611021 4.5555777186527839 568.9368185850326 118.52338861805038 210.52445130050182 291.26318156998605 39.531688226386905 478.85154679324478 57.931501778773963 95.642419858835638 24.688440006226301 46.625276097096503 217.03951102076098
leaf_count=566825 73597 4820 1879 17 318 41 82 1443 666 1778 447 363 28 1383 1466 821 655875 11523 57 18639 11365 854 2800 223 2995 341 754 1266 439 13127
internal_value=0.00119133 0.00970497 0.0399181 -0.00196501 0.0317661 -0.00285514 -0.000600625 -0.0276737 -0.0370612 0.037581 -0.0120843 -0.0875334 -0.0462234 -0.00343679 0.0643682 0.0098232 -0.00270936 0.00355574 0.0127533 0.00264761 0.022498 0.0331507 0.0309389 -0.107639 -0.0229114 0.0792527 0.0928977 0.0114836 0.00259974 0.0628157
internal_weight=12839.8 3472.73 587.271 9367.05 240.833 9126.22 8366.23 759.987 698.65 578.481 140.238 152.978 96.1219 7787.75 294.387 284.094 7676.79 2885.46 1528.35 1022.01 453.07 506.343 501.788 44.3181 545.673 61.3367 100.595 261.962 237.274 325.309
internal_count=1376232 140366 21531 1235866 1787 1234079 1228230 5849 5467 4147 1016 1806 569 1224083 1548 2599 1222700 118835 107312 103601 84962 3711 3654 251 3661 382 771 3584 2318 17947
is_linear=0
shrinkage=0.1


Tree=59
num_leaves=31
num_cat=0
split_feature=11 3 9 10 11 11 9 12 10 10 11 9 11 9 5 9 3 6 11 6 1 6 11 2 5 12 10 14 2 2
split_gain=32.6978 35.1766 31.69 53.1133 45.6052 42.5662 120.326 43.7446 114.361 39.7682 110.23 57.0074 37.8611 37.2659 36.8278 41.4799 35.4448 26.2088 27.7623 23.9884 23.9638 23.8969 22.721 22.3807 22.3747 22.3292 20.4848 17.4178 14.9839 11.2258
threshold=0.97727271914482128 0.7370777726173402 0.92695629596710216 0.94349297881126415 0.27429467439651495 0.55902779102325451 0.85324010252952587 -1.0000000180025095e-35 0.45788761973381048 0.9656854271888734 0.71825397014617931 0.96799793839454662 0.43095238506793981 0.98124927282333385 10.500000000000002 0.98124927282333385 0.53972765803337108 0.61167800426483165 0.78019323945045482 0.71010184288024913 1.0000000180025095e-35 0.36032786965370184 0.77097901701927196 0.27334994077682501 8.5000000000000018 1.0000000180025095e-35 0.90029239654541027 0.56572100520133983 0.46247655153274542 0.85880398750305187
decision_type=2 2 2 2 2 2 2 2 2 2 2 2 2 2 2 2 2 2 2 2 2 2 2 2 2 2 2 2 2 2
left_child=2 27 3 5 19 7 21 26 -9 12 14 20 29 -13 15 -11 23 -14 -19 -5 -12 -7 -8 -6 -18 -16 -1 -2 -3 -4
right_child=1 28 9 4 16 6 22 8 -10 10 11 13 17 -15 25 -17 24 18 -20 -21 -22 -23 -24 -25 -26 -27 -28 -29 -30 -31
leaf_value=0.0012071191878280005 0.039551497152563612 -0.075678223764746366 0.12040501492580594 0.2475710950766688 0.0062274279566519979 0.15503588962744158 -0.027730645972831154 -0.087141841998447905 -0.0085287281004981074 0.0016445733416862362 -0.011026161534985044 -0.10547324256580409 0.015905577094738846 -0.033354197249892713 0.15127856379543034 0.071669366206100843 0.035128003444655852 -0.057852613049335144 0.023579373814695166 0.076502769540957818 0.073218596878094497 0.03606745565127522 0.049134121951340315 -0.039841264404774548 3.1201367216500136e-05 0.034582763422644228 0.048321604250256667 -0.0056575318377950247 0.068880803275639391 -0.0040474512868122203
leaf_weight=4004.9827677704161 121.37476871348917 7.5088720172643653 18.986074346816171 10.416104862466453 457.63535728212446 17.244976228103042 506.67856668354943 195.96425443566841 3322.2741108865594 291.34547295048833 236.13188518676907 118.92673301510513 69.798345448449254 180.23446526424959 38.715959075838327 119.2040335549973 742.45791371073574 422.16375785670243 46.475405161269009 38.478022626135498 39.398999323602766 806.84943097224459 41.615365358069539 137.02972462074831 240.47812641225755 28.443155301734805 94.459743073675781 286.09474272094667 158.99377526156604 11.723083108663557
leaf_count=211516 687 68 152 62 2516 168 5580 815789 292322 2147 1957 894 1014 1277 242 1458 9056 4477 293 314 1064 6767 322 3380 1554 200 804 2113 8154 80
internal_value=0.000306997 0.0236341 -0.000787054 0.00120168 0.0178306 -0.00180685 0.0144047 -0.00472749 -0.0129074 -0.0138077 -0.00229105 -0.031798 -0.0351028 -0.062024 0.0332063 0.0219764 0.0148827 -0.0412624 -0.0497769 0.112946 0.00102025 0.038557 -0.0218966 -0.00438826 0.0265415 0.101856 0.00229274 0.00780908 0.0623615 0.0728958
internal_weight=12812.1 573.972 12238.1 10616.6 1626.5 8990.07 1372.39 7617.68 3518.24 1621.55 1052.4 574.692 569.147 299.161 477.709 410.55 1577.6 538.438 468.639 48.8941 275.531 824.094 548.294 594.665 982.936 67.1591 4099.44 407.47 166.503 30.7092
internal_count=1376427 11022 1365405 1350150 16882 1333268 12837 1320431 1108111 15255 9239 5192 6016 2171 4047 3605 16506 5784 4770 376 3021 6935 5902 5896 10610 442 212320 2800 8222 232
is_linear=0
shrinkage=0.1


Tree=60
num_leaves=31
num_cat=0
split_feature=10 2 9 5 6 3 6 7 6 6 5 14 9 6 5 6 2 5 3 4 4 6 2 6 10 4 14 3 7 3
split_gain=34.1553 45.518 30.3452 28.7736 45.6225 55.0081 41.7172 32.3598 28.2516 27.7651 24.3919 25.9693 21.5493 21.2413 20.9762 30.0985 43.3329 33.5782 20.896 59.9335 38.7181 19.2887 25.0029 17.6364 16.6805 15.4242 13.4907 17.5621 30.7244 16.5961
threshold=0.96984851360321056 0.88548010587692272 0.92695629596710216 12.500000000000002 0.51754924654960643 0.85432928800582897 0.40778534114360815 0.89444443583488475 0.46720430254936224 0.61326980590820324 17.500000000000004 0.40310703217983251 0.76427942514419567 0.66431924700737011 1.5000000000000002 0.6789083480834962 0.089220564812421813 8.5000000000000018 0.79827535152435314 0.17192118614912036 0.84292763471603405 0.93142634630203258 0.15504807978868487 0.31957446038722997 0.98425099253654491 0.083920188248157515 0.5135822892189027 0.45607016980648046 0.085144929587841048 0.092370063066482558
decision_type=2 2 2 2 2 2 2 2 2 2 2 2 2 2 2 2 2 2 2 2 2 2 2 2 2 2 2 2 2 2
left_child=2 12 3 4 5 8 10 13 -1 -4 11 -5 25 -8 21 16 -16 -17 19 -6 -20 -14 -23 -12 -3 -2 -11 29 -29 -28
right_child=1 24 9 6 18 -7 7 -9 -10 26 23 -13 14 -15 15 17 -18 -19 20 -21 -22 22 -24 -25 -26 -27 27 28 -30 -31
leaf_value=0.22767582285370805 -0.045451743882564621 0.023265740336376982 0.028288214376612289 0.34511134910019114 0.007790735678220433 0.012969893468941885 -0.030652286883314714 0.38871610415465585 0.054429374409623976 0.070225046080434547 0.025686015100049656 0.05553919292814017 0.11478512291208616 -0.10755365717408667 -0.11616563042079751 -0.007793144808540123 0.020044084995601352 -0.066492504077922107 0.034569833325377518 -0.022892383959950531 0.00089022837323795656 0.061442357361127964 -0.00092532182725228176 -0.044632078235529817 0.073730544849337804 0.040049191823077146 0.022613716914850774 0.083223170704672916 -0.031008909725711509 -0.11379855012865468
leaf_weight=23.770405708957696 23.13409723713994 122.76748940162361 96.335371078690514 3.2716762179479693 1244.1869107385428 74.654562529554823 490.32514139682462 1.7976210111519311 15.583519619234719 13.369504143483935 83.996103042445611 58.018924010146293 22.083658398129046 38.757151026846259 24.418883036822081 693.76024970179424 536.68621858581901 113.37804563203827 362.03313559989328 1303.6229857466897 5970.2351174657815 92.269300200045109 211.89773520687595 61.991400227809208 140.40950834820978 239.84324843343347 11.240611787885426 24.570370678789914 564.47942275786772 43.175479874480516
leaf_count=1675 122 1901 1250 860 36568 15410 159405 12 1950 49 14113 9711 148 7621 125 6892 4365 871 114144 513787 442773 503 3018 22180 8671 1932 47 210 4355 1449
internal_value=-0.000122484 0.0111437 -0.00250849 -0.00101193 0.000545781 0.0634024 -0.0199919 -0.0348465 0.159073 -0.0218465 0.0180537 0.0709965 0.00589407 -0.0362856 0.00176066 -0.00367231 0.0141163 -0.0160386 -0.000261215 -0.00790872 0.00281578 0.0245457 0.017994 -0.00417351 0.0501896 0.0325277 -0.0291996 -0.0312653 -0.0262441 -0.0856202
internal_weight=12706.1 2220.65 10485.4 9732.24 8994.09 114.008 738.158 530.88 39.3539 753.171 207.278 61.2906 1957.47 529.082 1694.49 1368.24 561.105 807.138 8880.08 2547.81 6332.27 326.251 304.167 145.988 263.177 262.977 656.835 643.466 589.05 54.4161
internal_count=1376117 28548 1347569 1340209 1126307 19035 213902 167038 3625 7360 46864 10571 17976 167026 15922 12253 4490 7763 1107272 550355 556917 3669 3521 36293 10572 2054 6110 6061 4565 1496
is_linear=0
shrinkage=0.1


Tree=61
num_leaves=31
num_cat=0
split_feature=2 6 6 14 4 1 6 2 4 4 2 7 2 1 4 7 7 10 10 11 11 10 1 2 2 11 11 2 9 6
split_gain=26.1712 26.9862 28.0663 44.7172 46.1331 91.5336 43.0702 89.7964 57.8956 37.1793 36.5652 246.558 162.872 26.2495 122.012 26.3992 18.566 21.6255 20.3454 124.238 20.175 14.0624 12.4672 9.28164 6.88517 5.98721 4.85531 4.67886 5.79325 2.8395
threshold=0.047065338119864471 0.42163743078708654 0.99137932062149059 0.85335588455200206 0.9529346525669099 1.0000000180025095e-35 0.96225070953369152 0.7897985875606538 0.85912698507308971 0.89039039611816417 0.47395551204681402 0.054093567654490478 0.19139194488525393 1.0000000180025095e-35 0.99484536051750194 0.47727273404598242 0.64583334326744091 0.59868276119232189 0.61410415172576915 0.28801843523979193 0.22401433438062671 0.66811594367027294 1.0000000180025095e-35 1.0000000180025095e-35 0.54261502623558056 0.43874999880790716 0.8603896200656892 0.54085850715637218 0.25722640752792364 0.9529346525669099
decision_type=2 2 2 2 2 2 2 2 2 2 2 2 2 2 2 2 2 2 2 2 2 2 2 2 2 2 2 2 2 2
left_child=23 16 6 13 5 -5 10 8 -8 -9 12 -12 -3 15 -15 -4 17 22 19 -19 -20 -6 -2 25 -24 -1 29 -18 -29 -25
right_child=1 2 3 4 21 -7 7 9 -10 -11 11 -13 -14 14 -16 -17 27 18 20 -21 -22 -23 24 26 -26 -27 -28 28 -30 -31
leaf_value=0.19940330086027208 -0.10116633792009058 0.0079735227411382639 0.00022767141689796576 0.040332573067131373 0.46221611038037258 -0.14186852455292229 -0.016494744703275981 -0.13937725931907713 0.088573848471924108 -0.051411653028562626 0.088757239031053217 -0.0017735538381201483 -0.047945773502468148 -0.11199979708445312 0.0031866165395104647 0.035808193245021588 0.06747584945706267 -0.10031227789498583 0.1440437104680648 2.5357705676598776 0.022299453894120125 0.075106563990094868 -0.10190255585081323 -0.10475170455930059 0.10386513399086371 -0.054497193850278326 -0.22764211044553728 0.47468084472355204 0.19453583163634502 -0.0049718602801758762
leaf_weight=1.7013376683462405 21.395256993288061 1444.8617457610962 423.99779184027284 143.5248315827921 0.94334575347602267 34.129224617034197 345.12144502522278 71.048593691943097 61.841915752942441 148.42028281401144 315.92059216723283 6299.5000216577027 814.47571652822808 98.47040048292547 1391.0394841659872 410.34093148031388 1.5792037906066969 0.83464459193055407 14.058840687939663 0.2275239247828722 428.12500088993693 179.35087193315849 2.2736322935670605 23.864018401000074 5.7102025810745545 2.0452118245884776 2.9634883701801291 1.0281041786074641 2.6175485948624555 3.2391679248539722
leaf_count=52 43413 42312 41750 1798 3 275 25907 1953 748 6341 34269 649907 315798 40837 130253 11178 92 706 2125 52 8141 10913 1594 4165 1432 14 16 10 133 65
internal_value=0.000239488 0.000474135 -0.000440207 0.00859404 0.0414957 0.00532981 -0.0029902 -0.0283322 -0.000528582 -0.0798887 -0.00120142 0.00254976 -0.012185 0.00352611 -0.00442827 0.0177267 0.0237857 0.0217132 0.0272202 0.464355 0.0261702 0.077132 -0.0613728 -0.0876202 0.0452667 0.060801 -0.106115 0.211257 0.273539 -0.0928268
internal_weight=12694.7 12660.8 12183 2681.8 357.948 177.654 9501.19 626.432 406.963 219.469 8874.76 6615.42 2259.34 2323.85 1489.51 834.339 477.85 472.625 443.246 1.06217 442.184 180.294 29.3791 33.8132 7.98383 3.74655 30.0667 5.22486 3.64565 27.1032
internal_count=1376252 1371940 1314242 237007 12989 2073 1077235 34949 26655 8294 1042286 684176 358110 224018 171090 52928 57698 57463 11024 758 10266 10916 46439 4312 3026 66 4246 235 143 4230
is_linear=0
shrinkage=0.1


Tree=62
num_leaves=31
num_cat=0
split_feature=5 1 7 5 6 4 6 10 2 2 5 1 9 2 4 7 2 2 5 4 10 4 10 14 4 2 1 7 6 4
split_gain=26.2204 64.8681 96.6969 81.9003 81.4577 62.3547 60.9331 61.106 50.2989 49.5903 46.0948 47.3321 84.2408 47.6254 44.2979 41.9268 41.8526 38.3105 35.2105 38.6715 34.1607 56.5408 33.9164 33.6153 32.388 31.7537 29.6697 60.2058 57.4799 29.1792
threshold=8.5000000000000018 1.0000000180025095e-35 0.58571431040763866 12.500000000000002 0.6195238232612611 0.098563045263290419 0.7228132188320161 0.73481681942939769 0.06612021848559381 0.15504807978868487 5.5000000000000009 1.0000000180025095e-35 0.68706974387168895 0.61938297748565685 0.11566332355141641 0.89444443583488475 0.87206766009330761 0.58578637242317211 9.5000000000000018 0.99484536051750194 0.98425099253654491 0.93582704663276683 0.83370700478553783 0.43571576476097112 0.13446328043937686 0.60107529163360607 1.0000000180025095e-35 0.73214286565780651 0.81191039085388195 0.079473681747913374
decision_type=2 2 2 2 2 2 2 2 2 2 2 2 2 2 2 2 2 2 2 2 2 2 2 2 2 2 2 2 2 2
left_child=6 4 18 23 5 -2 7 -1 -7 29 20 14 16 -14 -12 25 -13 -10 -3 -20 26 24 -21 -4 -22 -11 28 -28 -8 -6
right_child=1 2 3 -5 9 8 10 -9 17 15 11 12 13 -15 -16 -17 -18 -19 19 22 21 -23 -24 -25 -26 -27 27 -29 -30 -31
leaf_value=-0.0075914232463345725 -0.074382664343747185 0.087094488936926936 0.49395776855321583 -0.073068857728445111 -0.075500526055795589 1.791457778816498 0.048248102479017736 0.049074337144058677 -0.0051691070825558572 -0.096581902216680213 0.010177065283095751 -0.049451911315255906 -0.3392848548463463 0.092394996680751504 -0.046481815007084662 0.11274830177000755 0.091012799203649575 0.032824553331413778 -0.15691400661706956 -0.066573455670231318 0.042426815870092033 0.08509326298240652 0.07764534720195268 0.12086078942820794 -0.0045135135342569141 -0.042982874543780761 -0.026938218101587683 0.0025231054929395432 0.0027640854636280534 0.024923282169446972
leaf_weight=298.95853851482389 100.1795048956119 21.67969124764204 2.4668879359960547 24.287251540677971 35.290805163007462 0.15807260770816256 298.33904559752409 523.59439064678736 794.63656714794342 137.92450568105414 181.70770760248706 146.36814736122324 2.6166646592319003 109.74893790390342 573.53829844464053 15.484012120636178 24.807553544451366 398.48396496473288 26.497006829980819 45.965897017435054 219.11163082532585 121.59781546983868 25.27217501308769 114.52740351698594 446.58035420835949 556.49630161088135 1014.3599392399265 2193.8129021449713 4044.1553054308533 160.61314965727797
leaf_count=110087 10911 1916 13 2277 3445 8 44872 6569 203201 96766 6779 17077 18 844 98798 104 1281 17367 7967 11898 1147 9040 190 5440 6047 23316 146557 184999 351115 5792
internal_value=0.000147264 -0.00911968 0.0380456 0.0940375 -0.0147106 0.00139476 0.00238235 0.0284791 0.00775651 -0.0377083 9.30815e-05 -0.0197709 0.0150669 0.0823424 -0.03285 -0.0499997 -0.0290951 0.00752019 -0.0281993 -0.0537739 0.00256784 0.0223904 -0.0154109 0.128728 0.0109368 -0.0536286 0.000500996 -0.00679197 0.00588894 0.0068326
internal_weight=12659.3 2459.96 260.696 141.282 2199.27 1293.46 10199.3 822.553 1193.28 905.809 9376.74 1038.79 283.541 112.366 755.246 709.905 171.176 1193.12 119.415 97.7351 8337.96 787.29 71.2381 116.994 665.692 694.421 7550.67 3208.17 4342.49 195.904
internal_count=1375841 390611 29701 7730 360910 231487 985230 116656 220576 129423 868574 124797 19220 862 105577 120186 18358 220568 21971 20055 743777 16234 12088 5453 7194 120082 727543 331556 395987 9237
is_linear=0
shrinkage=0.1


Tree=63
num_leaves=31
num_cat=0
split_feature=2 6 3 6 14 14 2 6 2 7 11 1 4 7 11 14 9 11 14 2 11 6 4 14 9 14 11 6 6 11
split_gain=30.0252 23.788 45.978 25.7255 42.0691 38.692 40.1113 43.3875 37.4669 198.735 51.491 35.4357 163.39 37.7376 28.2919 25.3151 17.6886 18.406 16.9775 17.195 9.83647 6.3106 3.15179 2.93489 2.57643 5.25561 2.08951 0.898759 4.52177 0.249219
threshold=0.047065338119864471 0.50280898809432995 0.13899821788072589 0.97530490159988414 0.95401158928871166 0.47058825194835668 0.88047617673873912 0.943650782108307 0.44327485561370855 0.054093567654490478 0.72474747896194469 1.0000000180025095e-35 0.99484536051750194 0.31666667759418493 0.39696970582008367 0.41372492909431463 0.6584608554840089 0.13100686669349673 0.42750124633312231 0.4712491780519486 0.8603896200656892 0.9759001135826112 0.92390406131744396 0.41562065482139593 0.85324010252952587 0.47058825194835668 0.72474747896194469 0.84698995947837841 0.83156028389930736 0.47722567617893225
decision_type=2 2 2 2 2 2 2 2 2 2 2 2 2 2 2 2 2 2 2 2 2 2 2 2 2 2 2 2 2 2
left_child=20 2 26 5 11 6 14 -8 10 -10 -7 13 -13 -5 -3 16 17 -4 23 -20 24 -6 -23 -17 27 -26 -2 28 -1 -29
right_child=1 3 15 4 21 8 7 -9 9 -11 -12 12 -14 -15 -16 18 -18 -19 19 -21 -22 22 -24 -25 25 -27 -28 29 -30 -31
leaf_value=-0.10499388899831635 -0.10887513828694691 -0.0058343758580027168 -0.10022422464876045 -0.01097528274997844 -0.43094530019224059 -0.048169629374401883 0.080422105634160787 -0.033762267745483007 0.073409212454175324 -0.0084629179634728834 -0.0032293095723031221 -0.1168952657626738 0.0051287149536776832 0.031703734560593812 0.020104472517712132 0.038343795349909768 0.87296027924279107 0.14221638120020683 0.0078688151636739038 0.038952158915369066 -0.28013701538089281 -0.083309641339848278 0.088390428685534844 -0.10624162517501341 0.087561304901533063 -0.10187690949132662 -0.18057975038511476 -0.12902986309222977 0.10113379035074632 -0.18729245802060007
leaf_weight=14.734855080110728 16.659068638429748 1101.8619647531377 3.6470079859282185 287.53904045054514 0.23721279669552942 493.14798703113775 139.56240969523787 43.696647558361292 312.67584348897071 5725.3125933471674 527.83970725862309 118.71512848303973 1450.1747752178926 741.31367988220882 679.99682942766231 1.5754512960265845 0.30582414602395047 22.152571209095186 505.19318497487257 274.76431565234088 2.8099304139614096 1.0860240883193899 68.59097467828542 12.894562644883989 2.4347367957234374 3.6750182546675205 5.3752521462738505 2.9258751150337043 1.1470779667724844 0.98011499643325795
leaf_count=4007 2902 311342 8647 29573 4 90653 731 316 34764 557229 4478 41100 134539 26404 5230 381 13 2347 72132 38472 16 68 5906 5169 9 64 28 136 45 4
internal_value=-0.000278248 -4.42868e-05 0.0161837 -0.00121376 0.00741361 -0.00376414 0.00864625 0.0531958 -0.00721902 -0.00422319 -0.024936 0.00535345 -0.00410462 0.019776 0.00406446 0.0200118 0.116907 0.107945 0.0168277 0.0188189 -0.10243 0.0839612 0.0857142 -0.0904996 -0.083149 -0.0263858 -0.126367 -0.100675 -0.0901062 -0.143649
internal_weight=12563 12534.3 842.567 11691.8 2667.66 9024.09 1965.12 183.259 7058.98 6037.99 1020.99 2597.74 1568.89 1028.85 1781.86 820.533 26.1054 25.7996 794.428 779.958 28.7076 69.9142 69.677 14.47 25.8977 6.10976 22.0343 19.7879 15.8819 3.90599
internal_count=1376709 1372428 130091 1242337 237594 1004743 317619 1047 687124 591993 95131 231616 175639 55977 316572 127161 11007 10994 116154 110604 4281 5978 5974 5550 4265 73 2930 4192 4052 140
is_linear=0
shrinkage=0.1


Tree=64
num_leaves=31
num_cat=0
split_feature=5 4 4 2 3 4 10 9 9 10 9 7 7 10 2 7 3 11 9 2 11 11 11 11 9 14 2 3 3 9
split_gain=28.3177 36.9917 29.2161 47.5571 44.4268 35.6696 24.2407 109.904 57.2951 44.9295 48.6262 61.5201 29.449 59.0938 37.4301 29.8904 29.6829 29.2853 31.0174 119.676 25.2156 23.2827 25.6798 21.8086 26.5968 21.2052 20.2806 18.7638 18.4585 25.9306
threshold=13.500000000000002 0.087434306740760817 0.28035087883472448 0.46247655153274542 0.85037314891815197 0.79772728681564342 0.58547571301460277 0.31267458200454717 0.5653091073036195 0.45954339206218725 0.45010821521282202 0.73214286565780651 0.89444443583488475 0.80276900529861461 0.72834226489067089 0.76388889551162731 0.80939152836799633 0.13423423469066623 0.56148993968963634 0.82426470518112194 0.32071428000926977 0.26794873178005224 0.23205128312110904 0.057983193546533592 1.0000000180025095e-35 0.65535014867782604 0.92907443642616283 0.93361583352088939 0.10179085284471513 0.58133804798126232
decision_type=2 2 2 2 2 2 2 2 2 2 2 2 2 2 2 2 2 2 2 2 2 2 2 2 2 2 2 2 2 2
left_child=6 -2 28 -4 -5 -6 7 23 17 -9 11 -11 15 14 -14 16 -10 18 27 -20 -12 22 -19 24 -1 -26 -17 -8 29 -3
right_child=1 2 3 4 5 -7 8 9 12 10 20 -13 13 -15 -16 26 -18 21 19 -21 -22 -23 -24 -25 25 -27 -28 -29 -30 -31
leaf_value=0.0008666220315299109 -0.089742186660855899 0.83634802485068471 -0.069399705126219999 0.088049538797843663 -0.088095043082052002 -0.0027080171727217545 0.02486620376150557 -0.093897329910512278 -0.0047882200640232573 -0.028657318432098081 -0.066795567368234138 0.17714667703705728 -0.30598428704364494 0.078185847819485219 -0.014911615632245176 -0.038017896473813872 0.0090952478267222921 0.022569615096555667 0.080879005735383355 2.7552315916187422 0.33398680469874831 0.034025253231657629 -0.028003761107347525 0.12437510819165426 -0.093656218019286072 0.62773568273906255 0.013574468667237938 0.11455917760016697 0.0098618547907389151 0.088955803979323803
leaf_weight=3313.2005650634237 64.149760587490164 0.63597152373404187 169.76328308393568 44.640871439449256 59.836128003807971 268.2466658859048 43.430194437387399 176.44676328951027 3214.1022652140382 38.530816595928627 112.43563695326156 23.312928878178354 4.7227603849023572 133.0361037182156 68.446802972815931 319.58699281513691 2956.507804498513 261.2326965884713 0.82448824142920674 0.20993410935625434 1.592056126159149 573.91754441827652 163.08334078578628 14.143136958926332 35.698090262754704 0.41217961319489305 100.0431861570105 50.380727622541599 339.51643806636275 1.7188274297513997
leaf_count=41153 8760 62 88933 3250 42376 17910 5310 698548 77216 49674 103649 6858 66 10475 996 2452 27542 14024 141 15 90 8620 5311 3452 135675 1088 880 503 21360 28
internal_value=0.000195156 -0.0164179 -0.0110991 -0.025528 -0.00554586 -0.018281 0.00155295 -0.00510661 0.00468944 -0.0582449 -0.0224758 0.0489236 0.00127186 0.0384849 -0.033699 0.000107485 0.00186373 0.0259389 0.0790405 0.623634 -0.0611998 0.0208936 0.00313204 0.000459569 -6.36894e-05 -0.0854219 -0.0257179 0.0730354 0.011797 0.290808
internal_weight=12553.8 948.508 884.358 542.487 372.724 328.083 11605.3 3715.77 7889.52 352.318 175.871 61.8437 6796.45 206.206 73.1696 6590.24 6170.61 1093.08 94.8453 1.03442 114.028 998.234 424.316 3363.45 3349.31 36.1103 419.63 93.8109 341.871 2.3548
internal_count=1376417 182679 173919 152469 63536 60286 1193738 1040187 153551 858819 160271 56532 119627 11537 1062 108090 104758 33924 5969 156 103739 27955 19335 181368 177916 136763 3332 5813 21450 90
is_linear=0
shrinkage=0.1


Tree=65
num_leaves=31
num_cat=0
split_feature=2 12 7 12 11 11 9 14 5 6 4 6 2 6 2 4 6 11 14 11 11 6 9 6 9 11 11 14 5 5
split_gain=24.0531 22.372 54.5214 22.0295 107.038 29.4074 43.1994 23.0571 21.8445 86.0208 41.6429 30.4647 25.1259 17.7323 17.1636 43.0052 34.7913 30.6621 23.9443 32.2468 15.6511 12.5283 11.8212 7.01141 8.37576 5.82582 3.2928 17.2307 2.93259 4.94324
threshold=0.047065338119864471 1.0000000180025095e-35 0.86607143282890331 -1.0000000180025095e-35 0.0745370388031006 0.35388994216918951 0.39721170067787176 0.35407139360904699 7.5000000000000009 0.64760348200798046 0.98549506068229686 0.80810147523880016 0.47856706380844122 0.42163743078708654 0.88548010587692272 0.91042780876159679 0.82650500535964977 0.080540537834167494 0.42463749647140508 0.36939570307731634 0.58957219123840343 0.68819445371627819 0.66833335161209118 0.9529346525669099 0.76427942514419567 0.069366481155157103 0.2788888961076737 0.72118842601776134 3.5000000000000004 4.5000000000000009
decision_type=2 2 2 2 2 2 2 2 2 2 2 2 2 2 2 2 2 2 2 2 2 2 2 2 2 2 2 2 2 2
left_child=23 3 8 14 22 6 -6 -7 9 12 -11 13 -3 -10 18 16 -16 -17 19 -2 -13 -20 -5 28 -25 -4 27 -27 -1 -30
right_child=1 2 25 4 5 7 -8 -9 11 10 -12 20 -14 -15 15 17 -18 -19 21 -21 -22 -23 -24 24 -26 26 -28 -29 29 -31
leaf_value=-0.20087848099370983 0.0031597580659925443 0.19619961291553453 -0.10721966521941265 -0.09131343243137896 0.057930933352065742 0.062654377638406367 -0.022757858349364384 -0.00010154030034290593 0.017468000721745498 0.0052068553818271123 0.06489332550026311 -0.048377456486702525 0.02821492383891688 -0.010624610539392964 0.24510636727107388 0.0032468523947582965 0.054494528878427186 0.047717763897066147 0.0049053174111399651 0.068732029724247287 -0.32535020235296175 -0.012719814949643318 0.33976943346634586 -0.13823947904339617 0.16740873726864153 0.12424308073267328 0.098111179711191973 -0.045872159972522364 0.090385808228083397 -0.11381973358716926
leaf_weight=3.4179283488483696 307.34371551244112 32.126562733668834 1.5778066436760116 150.27322443838784 70.789961075723113 59.654448782559484 1058.2809540439193 3150.0686847766046 299.31726738922589 1854.9110440895602 124.75514123472385 3.8027891226956836 12.317850881314369 901.1612364101893 11.0317298854643 2062.1304735788144 72.551795804523863 167.6469165275339 571.66610620176652 99.205168243031949 4.4017173484899104 1369.3353815079317 0.63882661788375017 1.5917790522216813 2.0527817010879517 14.711479441728445 66.867270074202679 10.0022353278473 1.2690227675484518 17.996555820907815
leaf_count=92 40801 826 84 769850 27432 622 180556 37426 9666 65323 4731 125 293 48537 168 31456 2249 5662 60863 557 48 75647 7 63 4 98 8264 371 42 4084
internal_value=0.000653038 0.000854523 0.00787833 -0.0016984 -0.00669764 -0.003818 -0.0176989 0.00106481 0.00570488 0.012057 0.00896819 -0.00493271 0.149642 -0.00362023 0.0031172 0.0092302 0.0796523 0.00659042 -0.00290677 0.0191606 -0.196973 -0.00752884 -0.0894886 -0.0948282 0.0339154 0.0833011 0.0865835 0.0553933 -0.115513 -0.100369
internal_weight=12502.9 12476.6 3325.95 9150.62 4489.71 4338.79 1129.07 3209.72 3232.79 2024.11 1979.67 1208.68 44.4444 1200.48 4660.91 2313.36 83.5835 2229.78 2347.55 406.549 8.20451 1941 150.912 26.3281 3.64456 93.1588 91.581 24.7137 22.6835 19.2656
internal_count=1375947 1371662 138366 1233296 1015893 246036 207988 38048 129549 71173 70054 58376 1119 58203 217403 39535 2417 37118 177868 41358 173 136510 769857 4285 67 8817 8733 469 4218 4126
is_linear=0
shrinkage=0.1


Tree=66
num_leaves=31
num_cat=0
split_feature=5 4 10 7 4 9 11 9 11 10 11 10 11 11 10 7 11 4 5 10 2 3 2 9 2 10 11 3 9 12
split_gain=18.3859 30.5716 24.1644 49.3719 36.5249 27.4397 40.9556 47.6258 40.7401 55.0531 40.4668 39.3241 34.5839 23.2403 23.217 24.0587 20.4628 20.2172 20.904 19.858 23.5942 19.4559 19.2098 20.0255 19.0751 16.2159 15.8837 21.8863 14.1848 25.9517
threshold=12.500000000000002 0.087434306740760817 0.99790793657302868 0.47727273404598242 0.13446328043937686 0.92695629596710216 0.83666664361953746 0.98124927282333385 0.67333334684371959 0.9656854271888734 0.62828946113586437 0.9656854271888734 0.7947368621826173 0.71825397014617931 0.72690168023109447 0.89444443583488475 0.25403225421905523 0.17192118614912036 25.500000000000004 0.96984851360321056 0.59417229890823375 0.11131642386317255 0.089220564812421813 1.0000000180025095e-35 0.4712491780519486 0.90952175855636608 0.81534090638160717 0.47100840508937841 0.92695629596710216 1.0000000180025095e-35
decision_type=2 2 2 2 2 2 2 2 2 2 2 2 2 2 2 2 2 2 2 2 2 2 2 2 2 2 2 2 2 2
left_child=2 -2 5 4 -4 8 7 10 11 12 -7 -1 -10 -9 15 22 17 18 -16 -8 -21 -18 -3 -24 -23 -19 27 -6 -5 -30
right_child=1 14 3 28 26 6 19 13 9 -11 -12 -13 -14 -15 16 -17 21 25 -20 20 -22 24 23 -25 -26 -27 -28 -29 29 -31
leaf_value=-0.00037526184882861677 -0.074591022823623218 0.34286458742503695 0.036105109022283942 0.085593330287161679 -0.072572721281733643 0.0370269241759731 0.043021023331522662 0.064423603205038482 0.025933073358960335 -0.027596565948248233 -0.025753888181874046 0.043704714058945701 0.085271884311448359 -0.002220997420762223 0.17745904610101651 0.4353440720320112 0.11333948516055606 0.0058927295618629158 0.78026158022962289 -0.038785832304603231 -0.14835292287027599 -0.018255110433620866 -0.010022078012789344 -0.07695878630266817 0.01266406211794573 0.15859443172034463 0.00055573604796768661 0.0051916165493405674 -0.021953102917066376 0.067431617730207699
leaf_weight=8102.4120470046983 70.836045350471977 1.2870093342207827 239.24590298905969 99.385566604090855 83.997321698814631 117.70699094422162 11.831699843052773 117.86561932694167 570.40362788457423 168.6283853314817 803.71000259858556 207.568551144097 118.64981380105019 94.100094885565341 3.9997582964133462 1.0616570354031853 14.028808141825719 28.212401031516492 0.67191980872303236 37.689078971743584 41.07095411978662 480.89044892060338 85.869693996908609 93.208914709859528 341.03365711175138 9.2293173526413721 321.72510308306664 63.591389687731862 49.724685621447861 93.669624660629779
leaf_count=1120061 9788 164 1158 3664 1579 1054 73 1534 4228 1172 7157 2755 807 745 123 9 120 1559 18 203 350 12758 6346 183962 2907 114 3457 546 976 7056
internal_value=0.00117436 -0.0109879 0.00238633 0.0176409 0.00430595 0.000989802 -0.0130736 -0.00790201 0.00286741 0.0236174 -0.0177339 0.000725778 0.0361508 0.0348374 -0.00673545 -0.0393016 -6.58953e-06 0.0680076 0.264159 -0.0777752 -0.0959217 -0.00343299 -0.0420954 -0.0448621 -0.00542609 0.0435334 -0.0119046 -0.0390665 0.0565592 0.0364358
internal_weight=12473.3 1130.33 11343 951.34 708.56 10391.6 1223.97 1133.38 9167.66 857.682 921.417 8309.98 689.053 211.966 1059.49 181.427 878.066 42.1134 4.67168 90.5917 78.76 835.953 180.366 179.079 821.924 37.4417 469.314 147.589 242.78 143.394
internal_count=1376443 217868 1158575 18436 6740 1140139 11116 10490 1129023 6207 8211 1122816 5035 2279 208080 190481 17599 1814 141 626 553 15785 190472 190308 15665 1673 5582 2125 11696 8032
is_linear=0
shrinkage=0.1


Tree=67
num_leaves=31
num_cat=0
split_feature=7 7 3 3 2 2 3 5 5 2 2 6 3 6 11 6 6 4 7 4 14 6 2 5 2 2 3 6 3 6
split_gain=23.6385 160.578 241.052 183.255 101.68 101.143 105.547 84.6939 82.2026 56.6449 56.5672 59.699 53.6403 65.8184 43.269 39.9893 39.2039 34.4593 57.1655 73.219 64.6613 32.4708 58.1499 32.1422 30.7701 30.0953 42.6572 56.319 41.8529 128.093
threshold=0.31666667759418493 1.0000000180025095e-35 0.57801935076713573 0.37298613786697393 0.27334994077682501 0.63702240586280834 0.79827535152435314 7.5000000000000009 1.5000000000000002 0.69804355502128612 0.74862638115882885 0.83935481309890758 0.44277133047580725 0.2674796879291535 0.54006412625312816 0.943650782108307 0.70412456989288341 0.58898946642875682 0.42261904478073126 0.84680575132370006 0.30646908283233648 0.71563342213630687 0.7577352523803712 10.500000000000002 0.69804355502128612 0.77581480145454418 0.92334401607513439 0.80673459172248851 0.88748916983604442 0.77871939539909374
decision_type=2 2 2 2 2 2 2 2 2 2 2 2 2 2 2 2 2 2 2 2 2 2 2 2 2 2 2 2 2 2
left_child=1 2 4 14 -1 7 8 17 9 -7 -5 -12 13 -6 -3 -11 -9 -2 20 -20 -19 22 -10 -14 -23 26 27 -8 29 -27
right_child=5 3 -4 10 12 6 25 16 21 15 11 -13 23 -15 -16 -17 -18 18 19 -21 -22 24 -24 -25 -26 28 -28 -29 -30 -31
leaf_value=0.003128210543642122 0.15984152429779022 -0.021155460775100096 0.08648074249502033 -0.073598989173760301 1.0659866440447912 0.071087380042997236 0.0099308596412010213 0.010009652717711842 -0.099417557893454148 0.099490270244193879 0.065344273834359437 -0.078930963384407596 0.048200158146912093 -0.067149836027959237 0.418740502688567 -0.063179721840282296 -0.099650044070161883 1.1695140816317646 0.11652990818877157 0.0088252981786648595 -0.0024499214469911011 -0.044362570917803913 0.18448898725704599 -0.045226755504737259 -0.10796228513934006 0.058126336103788138 -0.02875581162594127 0.060496770172779102 0.0043004603999462314 -0.035877453276361014
leaf_weight=2375.0866401008971 35.795429866928316 2.8747336103115222 314.65891021001153 509.70794547881815 0.51330519581824674 84.426979066840431 702.7829094278859 201.69706656434573 15.942037437002002 17.979772860293451 66.88266770660266 50.211891615959757 80.389460662860074 375.64120784976694 10.064043762860818 94.75522059063951 38.886823652261228 0.47252501011825998 197.67867687634862 92.725233030170784 127.3366104368688 130.81968898076593 13.177835899536147 67.950042136355478 181.76730980342109 177.993618585082 166.80604446251527 320.80685187915515 5219.3677544087477 780.95544545064331
leaf_count=90962 3331 1792 31574 506810 105 4387 55160 28820 2499 3339 6419 3547 12346 104908 74 9930 5372 199 5545 5006 23087 12353 247 11323 13970 10474 6260 7443 361097 46963
internal_value=0.000751342 -0.00575695 0.00334955 -0.0515106 -0.00567174 0.00366721 0.000453503 0.0402537 -0.0422689 0.00914931 -0.0592002 0.0034769 -0.0455209 -0.0656035 0.321005 -0.037236 -0.00771521 0.0656729 0.0576129 0.0821401 0.00188296 -0.0719367 0.0290608 0.00540399 -0.0813454 0.00357776 0.0181371 0.0257789 0.000772558 -0.0184291
internal_weight=12456.2 3853.98 3214.24 639.741 2899.58 8602.17 7907.58 694.592 538.869 197.162 626.803 117.095 524.494 376.155 12.9388 112.735 240.584 454.008 418.213 290.404 127.809 341.707 29.1199 148.34 312.587 7368.71 1190.4 1023.59 6178.32 958.949
internal_count=1375342 769860 251218 518642 219644 605482 534122 71360 46725 17656 516776 9966 128682 105013 1866 13269 34192 37168 33837 10551 23286 29069 2746 23669 26323 487397 68863 62603 418534 57437
is_linear=0
shrinkage=0.1


Tree=68
num_leaves=31
num_cat=0
split_feature=4 6 10 9 3 4 6 5 4 6 4 10 10 2 9 9 6 9 9 4 9 9 10 14 9 9 1 3 6 6
split_gain=23.844 37.0216 19.379 37.3373 26.6012 27.7373 21.5664 44.7623 31.8803 20.6994 19.3614 19.1392 17.4851 28.1509 26.7565 20.8056 20.3763 13.7694 17.3926 14.9228 22.7783 13.2485 12.4449 12.4444 12.4181 13.6777 12.1929 12.1855 11.3306 11.0813
threshold=0.079473681747913374 0.76043477654457103 0.9656854271888734 0.92695629596710216 0.87839940190315258 0.13446328043937686 0.69309264421463024 6.5000000000000009 0.37952858209609991 0.61167800426483165 0.083920188248157515 0.99790793657302868 0.94349297881126415 0.084806710481643691 0.84067201614379894 0.84067201614379894 0.97259759902954113 0.47801809012889868 0.4918693900108338 0.069265365600585951 0.48662948608398443 0.8782135844230653 0.95780044794082653 0.60607334971427929 0.56824392080307018 0.98124927282333385 1.0000000180025095e-35 0.13899821788072589 0.23861283808946612 0.9740215837955476
decision_type=2 2 2 2 2 2 2 2 2 2 2 2 2 2 2 2 2 2 2 2 2 2 2 2 2 2 2 2 2 2
left_child=1 27 3 12 5 10 7 -7 -8 22 21 24 13 16 -14 -15 -2 -3 19 -19 -21 -4 28 -12 -6 -26 -13 -1 -5 -11
right_child=2 17 4 9 11 6 8 -9 -10 29 23 26 14 15 -16 -17 -18 18 -20 20 -22 -23 -24 -25 25 -27 -28 -29 -30 -31
leaf_value=-0.093856280881582724 0.063937979808349685 -0.077471009901137006 0.030626881739099238 0.21490274619430649 0.10461696427782111 0.1243220538703973 -0.057842206609095254 0.0035442630853915746 -0.0057178459472031467 -0.039848230194611506 0.034601431026256423 0.034115799793831891 -0.0075605241917172817 9.1268338758812791e-06 0.032993902807245186 -0.015471518905196296 -0.093837735336165157 0.022279544730989038 4.0933801677928681e-05 0.91496156706961596 0.19234534900465242 -0.10010509810305315 0.097325096829518565 -0.1244070147694446 0.0047838700403395849 0.046364501152063017 0.092552671569716402 0.040057118762951399 -0.0095674158428692389 0.0075016877765999483
leaf_weight=80.860112930407922 95.576639238461212 22.708281364990398 12.828454438596962 2.3482123138383022 15.506898900959639 32.905043631792068 142.61924750264734 455.00242929439992 661.9572919360362 422.00117050565314 349.94970405846834 88.950696535874158 283.86416962370276 7471.5640926859414 381.10373296355829 982.3019527856377 8.9522087651712337 2.420303364575374 164.49788624563371 0.58801678140298497 1.6897869166277812 19.588349964469671 17.193524361588061 4.9921193458139888 370.28608839539811 100.60340453218669 59.648450929438695 7.4184740937926099 53.079340375261381 55.98255652654916
leaf_count=12254 4119 1965 44 29 456 197 2306 3871 5572 4016 1526 4553 2733 1301571 3010 11424 188 73 2191 49 29 100 139 27 3815 1726 6698 453 854 957
internal_value=-0.000168322 -0.0290082 0.000500102 -0.00144839 0.00872724 0.00213639 -0.00489825 0.0116897 -0.0149574 -0.0267449 0.0256086 0.026163 6.17289e-05 -0.00115192 0.0156819 -0.00178966 0.0504255 -0.00435395 0.0054593 0.195176 0.378889 -0.0483699 0.0229984 0.032365 0.016567 0.0136674 0.0575727 -0.0826029 -5.76401e-05 -0.0343025
internal_weight=12369 280.183 12088.8 9773.97 2314.84 1679.84 1292.48 487.907 804.577 550.605 387.359 634.996 9223.36 8558.39 664.968 8453.87 104.529 191.904 169.196 4.69811 2.2778 32.4168 72.6211 354.942 486.396 470.889 148.599 88.2786 55.4276 477.984
internal_count=1376945 17014 1359931 1329040 30891 13643 11946 4068 7878 5995 1697 17248 1323045 1317302 5743 1312995 4307 4307 2342 151 78 144 1022 1553 5997 5541 11251 12707 883 4973
is_linear=0
shrinkage=0.1


Tree=69
num_leaves=31
num_cat=0
split_feature=12 1 14 3 10 2 10 4 11 11 9 10 14 2 3 4 11 3 4 2 2 3 4 10 9 14 11 11 11 5
split_gain=16.298 38.6033 24.1275 54.4621 67.3685 45.4586 52.6956 30.5078 27.9114 22.6756 21.1584 18.2202 68.3799 17.5897 29.1959 21.0063 15.6891 18.0073 59.0675 29.341 30.253 77.2412 44.7652 26.4864 24.7021 21.9267 20.5566 15.6865 14.802 14.7456
threshold=1.0000000180025095e-35 1.0000000180025095e-35 0.77176257967948925 0.72034484148025524 0.98425099253654491 0.45738498866558081 0.83370700478553783 0.30368906259536749 0.50806450843811046 0.72474747896194469 0.91572606563568126 0.66811594367027294 0.77176257967948925 0.6106402873992921 0.66245597600936901 0.72834226489067089 0.97727271914482128 0.67826876044273388 0.25158227980136877 0.43353414535522466 0.70396453142166149 0.85037314891815197 0.65030118823051464 0.85766234993934642 0.39721170067787176 0.77176257967948925 0.22401433438062671 0.8603896200656892 0.13100686669349673 7.5000000000000009
decision_type=2 2 2 2 2 2 2 2 2 2 2 2 2 2 2 2 2 2 2 2 2 2 2 2 2 2 2 2 2 2
left_child=16 2 5 13 9 7 8 -2 -7 -5 -8 12 -3 14 -4 -15 17 18 24 27 21 -21 -22 -20 28 -25 -26 -19 -1 -13
right_child=1 11 3 4 -6 6 10 -9 -10 -11 -12 29 -14 15 -16 -17 -18 19 23 20 22 -23 -24 25 26 -27 -28 -29 -30 -31
leaf_value=-0.049245812514664644 0.0079692396024640105 0.0086031407694010312 -0.089728821839417383 -0.0079309887764262964 0.046487041633954472 0.067152897902312977 0.0010658641043224395 -0.029397713973581152 0.21133662381145946 -0.056140620791213805 0.08897583601652348 0.076628189942211405 -0.72722448639718484 -0.087571662245465809 0.060883633766367712 -0.25476645864067565 0.053009024246261686 -0.099150098898138653 -0.070582890709064913 0.051238538112109169 0.083501939222400706 -0.0062731167702259772 -0.0022221681948136006 -0.0098398885428513036 -0.070493253693609703 -0.095261986753004554 0.0017530778025429885 0.40035360403146725 0.11109003091639136 0.016978183238603586
leaf_weight=7.0843599864892886 1386.3873039721657 38.854224016075023 35.180566301569343 449.57336821820354 221.88792771915905 173.75975880325132 259.24192402604967 259.36825664361095 14.550365687347947 124.6057502431795 30.611095611006021 137.15526534710079 1.3053496661595989 47.947933049872518 20.295715868473053 8.9111402593553048 53.340058453381062 34.8458619766825 186.67196914029773 398.85985268533841 61.492155672298395 563.3766632031984 6506.7247049209691 225.55814721318893 41.1112421328653 34.667683273088187 937.3732352014049 0.64025800675153632 30.749779450023198 59.385986913461238
leaf_count=5150 52049 776 184 5145 6321 15229 2209 43507 68 958 225 11801 43 252 121 49 532 67832 395937 47867 13484 168068 488376 12584 17767 253 17229 4 710 1603
internal_value=0.00111371 0.00716851 0.00413242 -0.00950709 -0.000309135 0.00996605 0.0371075 0.00208027 0.0782937 -0.0183932 0.01035 0.0460633 -0.0153143 -0.0746886 -0.034628 -0.113775 -0.00106557 -0.00138502 -0.01154 0.000578898 0.00100639 0.0175662 -0.00141961 -0.0418392 0.00178324 -0.02122 -0.00128237 -0.0901378 0.0810675 0.0586046
internal_weight=12351.5 3269.02 3032.32 908.402 796.067 2123.92 478.163 1645.76 188.31 574.179 289.853 236.701 40.1596 112.335 55.4763 56.8591 9082.5 9029.16 1463.22 7565.94 7530.45 962.237 6568.22 446.898 1016.32 260.226 978.484 35.4861 37.8341 196.541
internal_count=1376333 140540 126317 13030 12424 113287 17731 95556 15297 6103 2434 14223 819 606 305 301 1235793 1235261 449630 785631 717795 215935 501860 408774 40856 12837 34996 67836 5860 13404
is_linear=0
shrinkage=0.1


Tree=70
num_leaves=31
num_cat=0
split_feature=11 4 9 11 9 11 5 10 11 10 5 1 11 2 14 4 14 2 11 4 10 4 12 5 2 2 4 14 4 10
split_gain=15.9334 23.8483 20.5969 47.2223 62.9168 39.1394 39.3576 28.2586 27.7707 29.5648 26.7783 22.8395 22.5179 20.2375 51.7574 36.0523 18.5076 23.7342 18.169 34.2009 17.8912 17.8451 17.4037 17.3647 16.89 15.8465 14.1661 13.8279 12.6076 12.1826
threshold=0.94590643048286449 0.99484536051750194 0.93764951825141918 0.67333334684371959 0.96799793839454662 0.71825397014617931 8.5000000000000018 0.9656854271888734 0.56385868787765514 0.97473672032356273 1.5000000000000002 1.0000000180025095e-35 0.43095238506793981 0.52419984340667736 0.45941238105297094 0.48808848857879644 0.87739312648773204 0.089220564812421813 0.81534090638160717 0.60736888647079479 0.97473672032356273 0.79008570313453685 1.0000000180025095e-35 10.500000000000002 0.60736888647079479 0.57735043764114391 0.94665718078613292 0.51845327019691478 0.96720427274703991 0.95780044794082653
decision_type=2 2 2 2 2 2 2 2 2 2 2 2 2 2 2 2 2 2 2 2 2 2 2 2 2 2 2 2 2 2
left_child=2 28 5 4 12 7 11 13 21 -10 24 29 -4 14 -1 -15 17 -8 27 -20 23 -9 -14 -6 -5 -13 -26 -12 -2 -7
right_child=1 -3 3 10 20 6 16 8 9 -11 18 25 22 15 -16 -17 -18 -19 19 -21 -22 -23 -24 -25 26 -27 -28 -29 -30 -31
leaf_value=0.0013030321890531464 0.011975449046253859 0.097772033160914387 0.068621787297458312 0.048192587462265492 0.011364806632857582 0.040100855982224855 -0.090846926763954047 0.028397367525950196 -0.0665639504064343 0.016344610441327335 0.11982815242590206 -0.38737757587700988 -0.047852336088957892 0.083369023498900657 -0.032094710121319654 -0.0011167138239691265 -0.053669342699527417 0.018092994076509536 -0.017999870724733028 -0.095252618666175945 0.08235789440392817 0.089792792624684634 0.018011871509567959 0.14178578345314422 -0.03237149555131718 0.078118505393028198 0.051592661847237091 -0.026776063825313307 -0.26596639697323438 0.011243546725308758
leaf_weight=1160.5815986021153 477.7810875212308 33.936031424906105 24.667065844172612 63.000377356307581 100.89667312474921 266.81768060708418 22.934840675443411 143.18048916989937 52.728751811664551 233.36694134934805 6.5358999175950876 0.73646624106913705 167.96965455729514 50.872719149760087 773.13395767300244 7058.7091223928546 80.135849653277546 156.21107065817341 106.79509920906276 123.66930566262454 102.42856059828773 70.727783569134772 52.707071427255869 11.35796900000423 99.176783774979413 104.43252277909778 25.199427953222767 411.58712558913976 1.6376165857072909 323.86997138592415
leaf_count=275657 5852 5035 156 397 770 1538 122 960 402 3426 27 12 1622 12156 277103 772073 508 1384 709 1076 1161 1744 659 82 660 2721 1254 3398 201 3004
internal_value=-0.000485718 0.0167605 -0.00123636 -0.0131302 0.0126018 0.00023189 0.0195321 -0.00169976 0.0214423 0.00106418 -0.0272905 0.0319231 -0.0219924 -0.00297929 -0.01205 -0.000512175 -0.0137228 0.00414615 -0.0369104 -0.0594544 0.0521367 0.0486975 -0.0321211 0.0245609 0.00600799 0.0748588 -0.0153598 -0.0244844 0.011026 0.0242786
internal_weight=12307.8 513.355 11794.4 1295.99 460.027 10498.4 955.138 9543.3 500.004 286.096 835.964 695.857 245.344 9043.3 1933.72 7109.58 259.282 179.146 648.587 230.464 214.683 213.908 220.677 112.255 187.377 105.169 124.376 418.123 479.419 590.688
internal_count=1375869 11088 1364781 11971 4450 1352810 9289 1343521 6532 3828 7521 7275 2437 1336989 552760 784229 2014 1506 5210 1785 2013 2704 2281 852 2311 2733 1914 3425 6053 4542
is_linear=0
shrinkage=0.1


Tree=71
num_leaves=31
num_cat=0
split_feature=6 3 3 7 4 4 7 4 6 3 6 10 7 14 3 3 6 4 6 8 14 7 10 6 4 14 10 10 7 10
split_gain=20.25 21.6734 18.7564 101.703 74.09 56.8061 52.7519 68.5315 55.7732 45.1734 42.4375 40.7982 40.2034 39.8278 26.3417 91.1247 25.8189 25.2803 60.827 22.9959 22.8112 22.8096 16.6122 14.4916 13.2243 12.3662 19.6627 15.6265 15.1155 12.7121
threshold=0.44151847064495092 0.13899821788072589 0.6789083480834962 1.0000000180025095e-35 0.17192118614912036 0.5604878067970277 0.31666667759418493 0.64565756916999828 0.65261757373809826 0.58172541856765758 0.54316771030426036 0.75490951538085949 0.38750000298023229 0.77176257967948925 0.73100960254669201 0.7243877947330476 0.93813776969909679 0.11566332355141641 0.55051019787788402 1.0000000180025095e-35 0.3701388835906983 0.31666667759418493 0.8445824682712556 0.5604878067970277 0.59675306081771862 0.41562065482139593 0.87895438075065624 0.69584372639656078 0.64583334326744091 0.8445824682712556
decision_type=2 2 2 2 2 2 2 2 2 2 2 2 2 2 2 2 2 2 2 2 2 2 2 2 2 2 2 2 2 2
left_child=1 -1 4 11 10 21 8 16 9 -6 -2 14 -9 -10 15 -4 -8 23 -19 20 -7 -5 -23 -12 -21 27 28 -3 -27 -29
right_child=2 25 3 5 6 19 7 12 13 -11 17 -13 -14 -15 -16 -17 -18 18 -20 24 -22 22 -24 -25 -26 26 -28 29 -30 -31
leaf_value=-0.11221414358242184 -0.094353514992797843 -0.053628967467710932 0.19880498071808775 -0.11153612195689111 -0.012088305637496178 0.087227795855105553 0.12726404839991232 -0.06886959329345492 -0.045623739162501703 0.12435657376631799 -0.12438806923136379 0.098657357079324173 0.054150049730467831 -0.14143273722792454 -0.025699885399834418 3.6158092930668921 0.0034473869941486451 0.66977730815556458 0.033994755029430425 0.39219041818577066 -0.00050961079655851367 0.92615855365565258 0.11166402358885237 0.0033432188818707299 0.042696867455947522 -0.019292699008045814 0.031881158453187716 0.21624267015778514 0.13031335107138359 0.043489775322891111
leaf_weight=12.277892601985512 42.10804758498125 5.4344292078531025 2.3528482704932681 55.436753619640513 241.89526849827962 29.738701054942794 56.710429789578484 81.106719060517207 653.73090157586557 26.969606436003232 8.9342392579346761 147.64294696133584 39.504195713197987 46.472842244897038 44.656837703849305 0.08072259604523413 23.95568220622954 1.5148049913259445 227.8491057624924 1.0937396883964527 8357.8390119118449 0.29097980207006857 1.7960266098380087 1525.4609895269969 106.93489159853198 138.15196075317363 344.92430164432153 9.7465327674290183 7.1005237925273823 7.5663750886451444
leaf_count=3092 4822 6814 765 80924 49365 2320 8009 12728 404116 509 915 1920 4359 279 26635 109 2776 56 3984 3 653808 160 10 38829 7096 57978 3072 288 414 86
internal_value=-0.000124191 0.0190861 -0.00098475 0.00134826 -0.00784207 -0.000278684 -0.0274411 0.0191435 -0.0371168 0.00159836 0.00485963 0.0728074 -0.0285765 -0.0519826 -0.00824032 0.312148 0.0904938 0.00722825 0.0381937 0.000391913 -0.000198532 -0.0993182 0.225225 0.00259948 0.0462353 0.022229 0.0188841 0.094307 -0.0119794 0.140743
internal_weight=12249.3 525.202 11724.1 8747.86 2976.21 8553.13 1170.35 201.277 969.069 268.865 1805.87 194.733 120.611 700.204 47.0904 2.43357 80.6661 1763.76 229.364 8495.61 8387.58 57.5238 2.08701 1534.4 108.029 512.924 490.177 22.7473 145.252 17.3129
internal_count=1376241 71744 1304497 773750 530747 744321 482141 27872 454269 49874 48606 29429 17087 404395 27509 874 10785 43784 4040 663227 656128 81094 170 39744 7099 68652 61464 7188 58392 374
is_linear=0
shrinkage=0.1


Tree=72
num_leaves=31
num_cat=0
split_feature=5 6 10 6 5 1 7 6 5 4 2 5 1 6 2 5 6 10 7 2 10 5 4 3 14 4 14 14 2 9
split_gain=18.5762 48.3751 40.6943 40.5902 33.7571 63.8954 83.4802 60.8371 49.4147 45.8686 78.4974 39.0976 43.6223 38.0858 58.5213 33.2248 31.564 25.8356 23.3252 20.3714 19.4356 36.5216 86.1018 28.7287 15.4744 32.565 19.2854 14.8177 14.0722 85.6262
threshold=19.500000000000004 0.48181217908859258 0.65724277496337902 0.28730159997940069 8.5000000000000018 1.0000000180025095e-35 0.58571431040763866 0.73123827576637279 12.500000000000002 0.87007671594619762 0.74862638115882885 5.5000000000000009 1.0000000180025095e-35 0.65058138966560375 0.598850578069687 9.5000000000000018 0.81909090280532848 0.88944444060325634 0.89444443583488475 0.6569296419620515 0.69584372639656078 18.500000000000004 0.2362911254167557 0.59628483653068554 0.63404998183250438 0.20942982286214831 0.69282424449920665 0.57887712121009838 0.30532014369964605 0.67755267024040233
decision_type=2 2 2 2 2 2 2 2 2 2 2 2 2 2 2 2 2 2 2 2 2 2 2 2 2 2 2 2 2 2
left_child=1 2 -1 17 7 13 15 9 -8 10 -3 16 -13 14 -6 -7 -9 27 -15 -11 21 23 -23 -4 25 -22 -26 28 -2 -30
right_child=3 4 20 -5 5 6 8 11 -10 19 -12 12 -14 18 -16 -17 -18 -19 -20 -21 24 22 -24 -25 26 -27 -28 -29 29 -31
leaf_value=-0.047440954736986493 -0.016037679316121177 0.037157913931127821 -0.10176368320184133 -0.055169214428820106 -0.035542241139298957 0.067818846612557368 0.11319953210014062 0.017071408689340227 -0.058169116105010334 -0.17194119187897286 0.18292895532735209 -0.033613555620018928 0.016162439860289719 -0.041244425487704781 0.020088393039133075 -0.081663207339413624 -0.0014476405991990611 0.055085721832486639 0.098804831619074232 0.011404855472528827 0.024812999537029867 -0.1033294468835641 2.4135534076131737 0.29258386590867097 -0.026276269930878716 0.1188491344109032 0.041989496081677256 -0.14555463350716227 -0.10055332829842278 3.3913771630383303
leaf_weight=54.631792115822464 24.464413660884023 266.16400573289866 3.0127417783660331 177.33112332006931 359.25621767352277 19.920050790198729 109.63663638336584 1059.516808821747 19.877112386981025 6.127109251334331 42.894765697419643 682.62302767292567 237.25668253669573 674.13524059252813 399.24249586634687 58.64107720334141 7007.151949606261 75.441325759747997 12.105809492553815 553.9575539149082 83.537371696322225 0.3157627815962768 0.238647177699022 4.7759473168407567 55.710202647198457 65.860415123228449 160.91534148913343 10.861858301461323 0.38544691831339051 0.085865709115751088
leaf_count=48965 4563 64164 749 48353 145731 1823 5018 118053 1895 622 3565 97225 16682 93718 17577 13548 624893 456 89 58397 1372 54 99 71 690 2981 1214 3384 390 5
internal_value=-0.000394159 0.000211883 0.0331832 -0.0254648 -0.00101717 -0.0142424 0.0375669 0.00120072 0.0868987 0.0264641 0.0573897 -0.00124265 -0.0207753 -0.0217041 -0.00626057 -0.0437604 0.000984744 0.0218884 -0.0387739 0.00939912 0.0449487 0.195867 0.980069 0.140046 0.0415087 0.0662678 0.0244334 -0.0480731 -0.00561072 0.535621
internal_weight=12226.1 11937.5 428.998 288.57 11508.5 1652.81 208.075 9855.69 129.514 869.143 309.059 8986.55 919.88 1444.74 758.499 78.5611 8066.67 111.239 686.241 560.085 374.366 8.3431 0.55441 7.78869 366.023 149.398 216.626 35.7976 24.9357 0.471313
internal_count=1376346 1319195 56195 57151 1263000 279399 22284 983601 6913 126748 67729 856853 113907 257115 163308 15371 742946 8798 93807 59019 7230 973 153 820 6257 4353 1904 8342 4958 395
is_linear=0
shrinkage=0.1


Tree=73
num_leaves=31
num_cat=0
split_feature=10 9 11 7 9 6 11 14 9 7 10 5 6 4 6 5 5 10 11 5 11 5 6 11 14 4 3 5 6 6
split_gain=15.8289 84.3735 80.6825 42.8782 42.8594 41.4277 36.4006 30.8538 27.9767 35.9236 32.6636 31.8901 44.5317 33.3733 26.7548 44.32 44.2799 26.3513 22.5949 21.9363 45.8154 30.5398 21.0316 18.5989 30.539 17.0004 26.3336 25.1038 41.5697 24.6903
threshold=0.63775950670242321 1.0000000180025095e-35 0.061553031206130988 0.89444443583488475 0.42125429213047033 0.83935481309890758 0.32071428000926977 0.85335588455200206 0.55744957923889171 0.76388889551162731 0.87895438075065624 5.5000000000000009 0.84698995947837841 0.92907443642616283 0.81909090280532848 4.5000000000000009 8.5000000000000018 0.95780044794082653 0.067816093564033522 10.500000000000002 0.41277891397476202 8.5000000000000018 0.80178570747375499 0.45643940567970281 0.77176257967948925 0.90070420503616344 0.88273492455482494 7.5000000000000009 0.73123827576637279 0.81725418567657482
decision_type=2 2 2 2 2 2 2 2 2 2 2 2 2 2 2 2 2 2 2 2 2 2 2 2 2 2 2 2 2 2
left_child=1 25 -3 8 5 -4 7 -6 10 14 11 12 -2 -13 16 -16 -10 22 -7 21 -21 -11 -12 24 -5 26 27 28 -1 -28
right_child=3 2 4 23 6 18 -8 -9 9 19 17 13 -14 -15 15 -17 -18 -19 -20 20 -22 -23 -24 -25 -26 -27 29 -29 -30 -31
leaf_value=0.21339657615646512 0.11093120969665154 -0.095547198291242086 -0.059540752808964717 0.070655906311925615 -0.042449612109961968 0.32454600750543872 0.14025433483053823 1.0510887565565934 0.020811405414065325 -0.02305625313213043 0.014169655391853601 0.025672068608637019 0.030514476491389986 -0.068970835216011939 -0.00088433674060778636 -0.03990838075681799 -0.0029500390265494625 0.039190657055547085 0.072782527720535686 0.24097867138626219 -0.013304012116165824 -0.096847608546898542 -0.047697999275759399 0.081469431450383295 -0.020513623969388713 -0.0011991299333764633 0.2126501523311719 -0.043210638478415941 0.016332024916676232 0.049465283170392567
leaf_weight=11.165298928768605 86.139357024338096 180.97010575287277 27.140677130220865 70.939605279127136 265.11834583190648 3.7805194464526712 11.511404206918085 0.25826379656791587 1484.799270872405 294.10880292207003 87.261030865833163 117.6844221848296 343.31096204573987 54.518720013089478 3218.1812875593896 319.96361196780344 1662.2572376356984 88.577444639522582 62.448510023736162 8.8454853519797307 35.614058963954449 69.301840985193849 148.38106446969323 88.40288448985666 76.215155541431159 3004.9672831196804 12.029798337258397 68.737233737541828 259.27720303303795 40.442952897399664
leaf_count=1548 1682 892790 48649 768 206499 2518 731 1 25097 2425 1258 10493 5895 311 41969 4916 41924 830 27975 33 271 594 1045 9395 2089 15979 55 12352 16274 316
internal_value=0.000673622 -0.00453436 -0.0408238 0.00316442 -0.0140768 0.0445127 -0.0338339 -0.0413854 0.00192915 -0.000204869 0.0182778 0.0320658 0.0466445 -0.00429144 0.00155296 -0.00441338 0.00826075 -0.00730867 0.0871538 -0.0290166 0.037287 -0.0371281 -0.0247877 0.045216 0.0234369 0.00135496 0.0209513 0.0107523 0.0244679 0.0868767
internal_weight=12202.3 3947.85 551.228 8254.5 370.258 93.3697 276.888 265.377 8018.94 7093.07 925.873 601.653 429.45 172.203 6685.2 3538.14 3147.06 324.22 66.229 407.87 44.4595 363.411 235.642 235.558 147.155 3396.62 391.652 339.18 270.443 52.4728
internal_count=1376682 1225687 1179163 150995 286373 79142 207231 206500 138743 117229 21514 18381 7577 10804 113906 46885 67021 3133 30493 3323 304 3019 2303 12252 2857 46524 30545 30174 17822 371
is_linear=0
shrinkage=0.1


Tree=74
num_leaves=31
num_cat=0
split_feature=5 6 6 6 11 5 4 7 14 4 5 1 7 7 4 5 5 5 11 9 9 9 10 3 10 6 5 3 4 3
split_gain=22.9384 79.2328 47.7856 37.9117 28.6443 19.8453 19.6942 22.3097 19.5448 33.8306 17.1009 62.0517 64.2498 46.2699 53.2481 42.8918 33.3487 32.6785 32.3401 30.0205 26.4252 31.9912 24.4865 18.7126 18.0747 16.9905 15.943 28.8178 35.8052 21.3764
threshold=13.500000000000002 0.51754924654960643 0.36032786965370184 0.40778534114360815 0.15075758099555972 19.500000000000004 0.79772728681564342 0.38750000298023229 0.73530876636505138 0.2362911254167557 8.5000000000000018 1.0000000180025095e-35 0.58571431040763866 0.61250001192092907 0.92390406131744396 9.5000000000000018 10.500000000000002 12.500000000000002 0.76696833968162548 0.95009577274322521 0.98124927282333385 0.90360623598098766 0.9656854271888734 0.75036585330963146 0.98425099253654491 0.2674796879291535 15.500000000000002 0.30079366266727453 0.10762548446655275 0.86056843400001537
decision_type=2 2 2 2 2 2 2 2 2 2 2 2 2 2 2 2 2 2 2 2 2 2 2 2 2 2 2 2 2 2
left_child=1 2 -1 5 -4 25 26 -8 9 -6 18 13 15 14 -12 -13 -15 -14 20 22 21 -3 -20 -22 -21 -2 27 28 -5 -28
right_child=3 10 4 6 8 -7 7 -9 -10 -11 11 12 17 16 -16 -17 -18 -19 19 24 23 -23 -24 -25 -26 -27 29 -29 -30 -31
leaf_value=-0.06517917297478093 -0.048648297660740587 0.0010577361437738289 -0.00021056122335088245 -0.023769965722262573 0.060293908240662275 -0.011148944824933385 0.087311137207438883 -0.021002982412163099 0.052867191741837953 0.17859066082671604 -0.017502063427502147 0.057610320682720262 0.10471911615842122 -0.071543402256568078 0.0520880450790017 -0.13982069333708766 -0.0081064326196931026 -0.11448865707393244 0.061495836194400244 -0.036003086117735582 -0.024544804112038385 -0.018817761705259867 0.017517810814074448 0.072455445525046763 0.010438614548363194 0.0488599000014944 -0.073923484685167101 -0.061977548141434392 0.16050771759426705 0.43988333201341456
leaf_weight=27.181365657408605 20.557561958929 7735.523405836786 39.724807520804461 31.675486499723775 45.534299969367567 204.25820392863534 20.903256495090318 210.64128429984703 66.954267107415944 51.536364886822412 604.65802484985761 19.746379978387267 101.73249189351918 229.20219018017815 134.39174972334149 24.853737626624934 129.79913865622802 7.287823655497049 209.64133642567322 104.59721048269421 26.305715046823025 904.52651492506266 319.64629986300133 81.51779244816862 421.52037650998682 136.68949494457775 159.47027274189531 75.036795790376345 15.804912767242056 0.81385389038041367
leaf_count=3161 1807 951272 18809 2600 988 30668 3187 12633 505 1761 168539 1621 4738 2267 1588 8410 1127 1379 1522 680 213 8604 5148 1391 9824 13892 77131 39624 1017 32
internal_value=0.000181747 0.0013916 0.0593641 -0.0154079 0.0759789 0.00940866 -0.0328501 -0.0112247 0.094431 0.1231 0.000180587 -0.0108265 0.0487012 -0.0191545 -0.00484752 -0.0524095 -0.0486074 0.0900654 0.00158595 0.0181218 -0.000409046 -0.00102303 0.0349367 0.0487903 0.00120556 0.0361122 -0.050556 -0.0233984 0.037571 -0.0713146
internal_weight=12161.7 11285.9 230.931 875.851 203.75 361.505 514.346 231.545 164.025 97.0707 11055 1251.67 153.62 1098.05 739.05 44.6001 359.001 109.02 9803.28 1055.41 8747.87 8640.05 529.288 107.824 526.118 157.247 282.801 122.517 47.4804 160.284
internal_count=1376138 1193547 25224 182591 22063 46367 136224 15820 3254 2749 1168323 189669 16148 173521 170127 10031 3394 6117 978654 17174 961480 959876 6670 1604 10504 15699 120404 43241 3617 77163
is_linear=0
shrinkage=0.1


Tree=75
num_leaves=31
num_cat=0
split_feature=6 1 4 10 6 1 5 1 4 9 7 7 9 6 5 6 1 3 7 9 2 4 4 7 9 4 10 10 10 9
split_gain=16.1198 42.0517 152.667 49.251 35.2292 78.7256 37.0258 105.039 62.5581 49.7066 42.4605 33.8745 23.9532 23.5889 71.5323 60.0466 33.279 26.4834 37.162 27.1937 22.8505 86.5121 45.7751 19.7241 13.1608 15.6394 12.236 23.427 278.102 11.1563
threshold=0.97530490159988414 1.0000000180025095e-35 0.99484536051750194 0.80276900529861461 0.9569842815399171 1.0000000180025095e-35 1.5000000000000002 1.0000000180025095e-35 0.94028520584106456 0.92695629596710216 0.27922078967094427 0.47727273404598242 0.34217563271522528 0.92403846979141246 2.5000000000000004 0.87138131260871898 1.0000000180025095e-35 0.92015627026557933 0.20714285969734195 1.0000000180025095e-35 0.7897985875606538 0.89039039611816417 0.81302964687347423 0.34523810446262365 0.58133804798126232 0.89825496077537548 0.43085423111915594 0.48292520642280584 0.43368163704872137 0.6062217950820924
decision_type=2 2 2 2 2 2 2 2 2 2 2 2 2 2 2 2 2 2 2 2 2 2 2 2 2 2 2 2 2 2
left_child=4 11 -3 -4 6 12 7 8 10 -10 -1 23 -6 14 15 -8 -16 18 -15 -19 22 -22 -14 24 -2 -26 -13 28 -28 -29
right_child=1 2 3 -5 5 -7 13 -9 9 -11 -12 26 20 17 16 -17 -18 19 -20 -21 21 -23 -24 -25 25 -27 27 29 -30 -31
leaf_value=0.014298940909188779 -0.018053420757760567 -0.11593923715832524 0.00022606266055052345 0.073898361792463077 0.037012453404357347 -0.13632642390882099 0.12098100268660317 -0.13056264627571695 -0.076685397218455256 -0.56706642085022807 0.08053137681252022 0.022498188864587858 -0.02636688526248844 -0.0025457552673958583 -0.0074504507916718383 0.022113280373706766 0.0068452038014332325 0.189666712514453 -0.060777087529981483 0.0056835872165562941 -0.1359825294418831 0.013783049141540528 0.049581803723948464 -0.093922206142898951 0.010834475414194545 0.084977809343768682 10.064902406714046 0.087322684051514499 0.25319605178422083 0.040556517659419922
leaf_weight=177.28007921810058 144.09552799071389 112.14048156523131 1354.1445502531424 97.258989836554974 82.304129222982738 56.568715241963218 73.140283456581528 38.237516260734992 12.274719525536055 2.4856005317997178 213.19449407449429 256.79448376777873 348.50961833435576 227.69326826042379 5032.9907196251588 383.67299257110426 2407.2679837807518 10.730870813131331 211.29445173789281 31.961823747828021 70.017418344628823 85.877190639963374 102.75563173896808 20.351343306603667 266.48638895111799 31.84980242641177 0.02951313318044313 64.043522024934646 1.3635303345217833 250.65284860227257
leaf_count=28170 36845 41138 128750 10116 9985 7590 3652 13685 795 89 6502 8333 26368 22220 722379 38717 242521 27 10770 675 1818 1573 1240 1212 4286 426 66 1169 902 4120
internal_value=-0.000154321 0.00682922 -0.00352282 0.00516287 -0.00205139 -0.0229177 -0.000286883 0.0278723 0.042822 -0.159264 0.0504611 0.0224577 -0.0136128 -0.0017773 -0.000466876 0.037943 -0.00282515 -0.0232614 -0.0305738 0.051928 -0.0204753 -0.0534816 -0.00907294 0.00233567 0.00676342 0.0187499 0.0387125 0.0518851 0.461068 0.0500739
internal_weight=12167.5 2599.21 1563.54 1451.4 9568.26 746.033 8822.22 443.472 405.235 14.7603 390.475 1035.67 689.464 8378.75 7897.07 456.813 7440.26 481.68 438.988 42.6927 607.16 155.895 451.265 462.783 442.432 298.336 572.884 316.089 1.39304 314.696
internal_count=1376139 237363 180004 138866 1138776 48574 1090202 49241 35556 884 34672 57359 40984 1040961 1007269 42369 964900 33692 32990 702 30999 3391 27608 42769 41557 4712 14590 6257 968 5289
is_linear=0
shrinkage=0.1


Tree=76
num_leaves=31
num_cat=0
split_feature=11 10 9 10 10 10 9 6 10 3 9 5 10 11 9 10 0 9 6 5 5 11 11 2 3 6 2 4 10 9
split_gain=22.6358 45.5879 39.5216 211.115 77.5709 216.682 52.5396 30.3332 28.8034 28.5896 28.3827 25.0622 23.8047 36.2933 28.5367 22.6879 20.5947 18.9236 18.7947 37.1013 30.7841 40.8837 24.5807 23.8732 22.8766 18.0728 17.5713 47.9941 17.0488 16.4193
threshold=0.35857143998146063 0.95013812184333812 0.22961895912885669 0.45788761973381048 0.43085423111915594 0.43368163704872137 0.55744957923889171 0.58995378017425548 0.87895438075065624 0.12290209904313089 0.78696113824844371 8.5000000000000018 0.93156540393829357 0.53589746356010448 0.70613268017768871 0.96984851360321056 1.0000000180025095e-35 0.59476566314697277 0.81909090280532848 4.5000000000000009 8.5000000000000018 0.4463601559400559 0.78019323945045482 0.92390406131744396 0.092370063066482558 0.67799538373947155 0.097167581319808974 0.13446328043937686 0.87895438075065624 0.54583653807640087
decision_type=2 2 2 2 2 2 2 2 2 2 2 2 2 2 2 2 2 2 2 2 2 2 2 2 2 2 2 2 2 2
left_child=1 2 -1 4 17 -6 8 -8 -5 -3 11 12 13 14 -2 -14 18 -4 20 22 24 -22 -20 -21 -12 26 -13 -28 -15 -27
right_child=10 9 3 6 5 -7 7 -9 -10 -11 16 25 15 28 -16 -17 -18 -19 19 23 21 -23 -24 -25 -26 29 27 -29 -30 -31
leaf_value=0.00076033756916234121 0.030940325991348466 -0.055873853386817746 -0.093953724642950168 0.01796441951967381 -0.69596212075889785 -0.084627346693416344 0.02636029889350416 -0.028807924637490358 -0.030379857700244445 0.10315479390120513 0.081751286886153587 -0.064991908758910102 -0.019903901224738358 0.081415269994344494 -0.0086300642929438478 0.026097004819021677 0.070570699081805605 0.56478621245043115 -0.01017891867064296 -0.055083658669925865 0.060444659167608827 -0.011189424269389511 0.014854486157964969 0.10974249000319261 0.014228628781625022 0.050273849325795275 0.12299737780780809 -0.0014046915602711901 0.036343642451497266 -0.0563396574509335
leaf_weight=3400.1873962870122 461.30961018800735 13.932282685302196 156.33082725116401 778.32336331128681 8.4332722433573526 18.55275157023425 112.11254766639468 897.6291900368451 146.42582897387911 59.939586129970849 52.817223898135126 33.067738762358204 247.6731579657644 138.79457269329578 301.27032452181447 189.06001058430411 40.254136378876865 0.43731056030810478 1496.2317339587025 200.05438626883551 85.980112459859811 1086.1103138157632 531.60545404173899 9.1910789315588755 1003.2153270065319 16.920260157436132 34.57367582549341 301.06000969721936 212.28641310008243 98.763773594924714
leaf_count=51551 7112 75 848584 216516 9296 80196 18645 59098 1514 532 254 1230 2406 1227 6079 2649 6728 10 13901 1750 1878 12330 8251 69 11550 209 388 8723 1609 1966
internal_value=-0.000203418 -0.00487457 -0.00591919 -0.0166411 -0.119073 -0.275673 -0.00691127 -0.0226825 0.0103095 0.0731619 0.0037907 0.0135933 0.0197966 0.0275563 0.0153074 9.70372e-06 -0.000636398 -0.0921161 -0.00127833 -0.00775312 0.00522249 -0.00593462 -0.00361631 -0.0478437 0.0176058 -0.00626202 0.00455772 0.01141 0.054162 -0.0407461
internal_weight=12132.5 5592.3 5518.43 2118.25 183.754 26.986 1934.49 1009.74 924.749 73.8719 6540.24 2034.78 1550.39 1113.66 762.58 436.733 4505.46 156.768 4465.21 2237.08 2228.12 1172.09 2027.84 209.245 1056.03 484.385 368.701 335.634 351.081 115.684
internal_count=1376326 1286017 1285410 1233859 938086 89492 295773 77743 218030 607 90309 33598 21082 16027 13191 5055 56711 848594 49983 23971 26012 14208 22152 1819 11804 12516 10341 9111 2836 2175
is_linear=0
shrinkage=0.1


Tree=77
num_leaves=31
num_cat=0
split_feature=4 2 7 7 6 5 7 3 6 6 3 3 6 7 2 7 4 6 11 2 11 6 11 11 3 12 9 9 4 11
split_gain=16.1434 41.2315 133.383 131.313 63.2515 142.025 112.356 120.806 60.4131 58.4445 45.5484 55.6899 41.5196 38.4035 80.2685 74.3067 26.9068 24.366 22.8241 22.6664 21.4565 19.9941 28.2947 63.0886 19.7418 18.5055 17.2858 17.2768 16.748 16.6995
threshold=0.17192118614912036 0.42644809186458593 0.048809524625539787 0.17424242943525317 0.57259953022003185 12.500000000000002 0.13809524476528171 0.45870059728622442 0.90990260243415844 0.38516484200954443 0.53618401288986217 0.53803458809852611 0.33508773148059851 0.31666667759418493 0.63224515318870556 0.27922078967094427 0.10762548446655275 0.6195238232612611 0.18019481003284457 0.1085995100438595 0.61721614003181469 0.82426470518112194 0.52786380052566539 0.72474747896194469 0.40602354705333715 -1.0000000180025095e-35 0.38479596376419073 0.48017466068267828 0.22361110895872119 0.86811593174934398
decision_type=2 2 2 2 2 2 2 2 2 2 2 2 2 2 2 2 2 2 2 2 2 2 2 2 2 2 2 2 2 2
left_child=16 4 10 12 5 27 -6 8 -8 24 -3 -12 20 15 -15 -5 17 19 -13 -1 -4 22 25 -24 -7 -19 -18 -2 -29 -23
right_child=1 2 3 13 6 9 7 -9 -10 -11 11 18 -14 14 -16 -17 26 21 -20 -21 -22 29 23 -25 -26 -27 -28 28 -30 -31
leaf_value=-0.064828583739667989 -0.1197378132949934 -0.015986639143336732 -0.10007041715932199 -0.0066917928719926398 -0.065460604647100656 0.030159990671326322 0.07751340079161359 -0.05331898350874175 0.39180158535239906 -0.078488681685454809 2.0962799107077914 -0.010567386488677541 -0.094954864385913981 0.034544358581199933 -0.0033112337426049691 -0.11041376258350732 0.13312456661884112 0.079243677647662589 0.08503248763569575 0.098595531605670736 2.0162981339126951 -0.007387662449574616 0.11090986927034625 0.001890352847475662 -0.030600440471211261 -0.033017326182509368 0.023997504569738308 0.044505918957581818 0.13061140241234784 0.040636048070758046
leaf_weight=86.394100771449303 3.4849024600080147 65.202379014110193 0.072447257040038404 260.45122518716562 429.17582336971464 125.24697324299996 11.11955811007647 27.86851676540573 13.592296158130919 140.2758105609646 0.13647127776493917 27.669198800442246 160.74449140810066 603.41469956072979 7807.5550735457691 93.996666671329876 14.991060013504464 17.319076964777196 256.32772709550045 9.4114539327856601 0.1414082795381546 925.48912212470168 88.358910003211349 132.95212239027023 93.315492913534399 96.509302368122007 457.29344461542496 31.44240831118077 80.226853129399387 78.554696762934327
leaf_count=11769 7023 14830 445 127373 129892 6861 10465 32954 3334 54096 50 29129 248824 61169 539582 26791 1089 1606 3013 159 1 16939 621 434 20317 12051 9281 807 4524 562
internal_value=-0.00168872 -0.00326324 -0.00122552 -0.00359777 -0.0230396 0.00289568 -0.048557 0.0894151 0.250382 -0.0281133 0.0593913 0.0766889 -0.0931023 -0.00195421 -0.000595421 -0.034198 0.00675771 -5.62923e-05 0.0757184 -0.0487746 1.29934 0.00342903 0.0245783 0.0454166 0.00421826 -0.0159367 0.0274614 0.0995243 0.106367 -0.00363037
internal_weight=12138.7 10231.5 9275.71 8926.38 955.749 473.992 481.756 52.5804 24.7119 358.838 349.336 284.133 160.958 8765.42 8410.97 354.448 1907.27 1434.99 283.997 95.8056 0.213856 1339.18 335.139 221.311 218.562 113.828 472.285 115.154 111.669 1004.04
internal_count=1375991 1321480 1051207 1004185 270273 93628 176645 46753 13799 81274 47022 32192 249270 754915 600751 154164 54511 44141 32142 11928 446 32213 14712 1055 27178 13657 10370 12354 5331 17501
is_linear=0
shrinkage=0.1


Tree=78
num_leaves=31
num_cat=0
split_feature=10 10 10 10 10 2 7 2 6 14 6 10 5 11 4 5 3 5 3 2 10 7 6 6 4 14 12 11 4 3
split_gain=15.3283 120.675 82.4996 60.2038 106.401 29.5138 28.2449 90.7457 129.951 61.0455 27.1722 42.7205 42.2535 37.0808 33.6484 26.1701 26.0962 24.1499 75.1303 46.2649 23.9201 19.6645 17.8484 21.1712 16.9668 16.9551 16.8808 15.044 14.3514 30.7733
threshold=0.58547571301460277 1.0000000180025095e-35 0.45788761973381048 0.43085423111915594 0.43368163704872137 0.94665718078613292 0.73214286565780651 0.53144779801368724 0.99137932062149059 0.68033990263938915 0.82182541489601146 0.8445824682712556 5.5000000000000009 0.5313725769519807 0.0745370388031006 2.5000000000000004 0.095811817795038237 2.5000000000000004 0.8139224946498872 0.72834226489067089 0.82385262846946727 0.47727273404598242 0.85053193569183361 0.85239651799201976 0.87007671594619762 0.22844818979501727 -1.0000000180025095e-35 0.19292803853750232 0.91042780876159679 0.88024389743804943
decision_type=2 2 2 2 2 2 2 2 2 2 2 2 2 2 2 2 2 2 2 2 2 2 2 2 2 2 2 2 2 2
left_child=1 28 3 27 26 10 22 8 -8 -9 12 13 15 20 -14 -2 -16 19 -19 -13 -12 -15 -4 -24 -17 -6 -5 -3 29 -1
right_child=5 2 6 4 25 -7 7 9 -10 -11 11 17 14 21 16 24 -18 18 -20 -21 -22 -23 23 -25 -26 -27 -28 -29 -30 -31
leaf_value=0.0037629311710336423 0.16687161981410645 -0.088052291803712116 -0.083105180097962694 -1.0016397065676979 0.4841708787916586 0.029202458168142067 7.5199945191387529 0.22774130348169491 -0.10074294340177517 -0.013927549754561244 0.00063771767500296703 0.0092872547796614465 -0.06933861002371125 0.12404550077398324 0.044172634736875098 0.040503887161233751 0.00042232817667438847 -0.04759721398861505 0.0011015688813661524 -0.023478054332209009 0.043602805868835692 0.0030339691120316228 0.30815153547677199 -0.017216430415056654 0.010746324712500005 -0.10086634291983437 -0.44885211280152176 0.22472098808093235 -0.002817090407436718 0.071746912199081345
leaf_weight=350.15784717036877 13.15625883155735 143.77328914251848 59.695848516505066 0.58153154830506437 0.51087841530170663 367.80664929118939 0.039368215089779279 12.916569660621461 0.051842426706571132 54.786231153033441 850.0812314209179 1069.5180595242418 66.59077738027554 43.226704985834658 143.2784756932524 359.26494022963743 2814.3962778593341 601.26119879633188 669.5954351327382 721.77403575519565 152.88225539366249 19.480127954855561 2.0702464476635205 58.80255450088589 410.57076309644617 16.324236199783627 11.038742231889048 1.5544463758706104 2952.2816785480827 82.216123981401324
leaf_count=30415 114 853772 125156 1088 453 13464 26 2518 20 17711 36243 9590 5324 292 2804 8508 83934 5841 5893 7462 1957 196 769 54300 4158 79969 8237 46 15465 612
internal_value=-0.000886102 -0.00619547 -0.0610603 -0.110751 -0.243766 0.00150983 -0.0152155 0.0364254 3.18851 0.0321789 0.000226224 -0.00539373 0.00631936 0.0118511 0.000959001 0.0270235 0.00254172 -0.0113952 -0.0219386 -0.00391503 0.00718691 0.0864528 -0.0442524 -0.00615087 0.0246335 -0.0831128 -0.476516 -0.0847068 -0.000325135 0.0166901
internal_weight=12049.7 3746.8 362.146 173.783 28.4554 8302.88 188.363 67.794 0.0912106 67.7028 7935.08 4127.82 3807.26 1065.67 3024.27 782.992 2957.67 3062.15 1270.86 1791.29 1002.96 62.7068 120.569 60.8728 769.836 16.8351 11.6203 145.328 3384.66 432.374
internal_count=1376337 1190557 1144065 943565 89747 185780 200500 20275 46 20229 172316 67474 104842 38688 92062 12780 86738 28786 11734 17052 38200 488 180225 55069 12666 80422 9325 853818 46492 31027
is_linear=0
shrinkage=0.1


Tree=79
num_leaves=31
num_cat=0
split_feature=6 3 11 11 7 14 7 7 2 4 3 7 2 2 7 4 2 3 6 2 4 7 4 11 6 6 7 14 2 3
split_gain=11.1777 26.1366 15.9838 22.7008 28.191 19.6635 15.7717 77.404 61.8907 79.1234 75.6733 60.1801 50.8841 109.658 52.2219 49.7529 49.3073 73.8965 56.9924 43.7746 39.7772 32.5754 28.2124 26.703 19.8201 17.0296 21.2819 15.6386 15.2548 42.4081
threshold=0.57947367429733287 0.20058823376894 0.18019481003284457 0.18350168317556384 0.64583334326744091 0.45000000298023229 0.31666667759418493 0.27922078967094427 0.63224515318870556 0.96824595332145702 0.76028168201446544 0.47727273404598242 0.15504807978868487 0.63702240586280834 0.069047622382640853 0.63686314225196849 0.71209660172462474 0.82381290197372448 0.7731560766696931 0.57735043764114391 0.81302964687347423 0.76388889551162731 0.10762548446655275 0.26794873178005224 0.86729559302330028 0.93582704663276683 0.38750000298023229 0.77176257967948925 0.4712491780519486 0.85037314891815197
decision_type=2 2 2 2 2 2 2 2 2 2 2 2 2 2 2 2 2 2 2 2 2 2 2 2 2 2 2 2 2 2
left_child=1 -1 5 4 27 -3 7 12 9 11 25 15 22 23 -15 -8 18 -18 -12 21 -13 -11 -2 -14 -24 26 -10 -4 -5 -30
right_child=6 2 3 28 -6 -7 8 -9 10 19 16 20 13 14 -16 -17 17 -19 -20 -21 -22 -23 24 -25 -26 -27 -28 -29 29 -31
leaf_value=-0.048426955959537811 -0.00055463797834889633 0.00018167228708757443 0.081793909360870706 0.0060831805819604413 1.3600466166211198 -0.08673667186476125 0.082402452543801602 -0.10593040232247274 -0.039632506460004407 -0.21712049163141245 -0.028765121519671744 0.11488756108144345 -0.090042969841494735 0.066797693712328882 -0.012313576463149584 -0.027571745216164196 -0.043084301546360317 0.0015019959781159668 0.0594386041794163 0.017398695701552697 0.02971847327644872 0.0012411657779165539 0.00053618168726958179 -0.035361908166024685 0.049956155233547801 -0.020249040481504461 -0.10841383789286729 0.56117964692519096 0.11697876027086046 0.019101463077255645
leaf_weight=75.165350516486797 1362.773337475981 150.08560135358312 3.0151755293700258 586.21168367705832 0.21741505339741696 31.488631195652488 61.208325021085329 77.854948190644791 103.32527622034831 22.426484406463715 99.631179136376886 152.76158823911101 103.51008786545935 161.6068163033342 172.51023878906926 125.45290961615683 394.7690690595773 6367.9182257678312 276.72173380400636 29.878818317149126 85.544383515178197 9.8247823281999427 129.88454904148966 650.86751842797094 216.29267505049938 113.32191588418209 79.672554225160638 0.87884821731131513 50.577423833325156 354.82878373180574
leaf_count=10328 34585 28498 1235 26208 5 153638 9227 26367 12457 1017 9857 3785 428485 26911 32131 27538 32044 430506 8381 1289 3626 915 4284 38181 2151 9420 9655 5 591 3608
internal_value=-0.000198403 0.00874416 0.0123943 0.01737 0.251861 -0.0148917 -0.00123568 -0.00757966 0.00106674 0.0355991 -0.00119551 0.0510096 -0.00484248 -0.0217415 0.0259512 0.00849004 0.00085982 -0.00110071 0.0360886 -0.0698084 0.0843145 -0.1506 0.00592115 -0.0428648 0.0314139 -0.0507131 -0.0695781 0.189987 0.0163977 0.0313124
internal_weight=12050.2 1252.47 1177.3 995.729 4.11144 181.574 10797.8 2875.3 7922.46 487.097 7435.36 424.967 2797.45 1088.49 334.117 186.661 7139.04 6762.69 376.353 62.1301 238.306 32.2513 1708.95 754.378 346.177 296.32 182.998 3.89402 991.618 405.406
internal_count=1376928 224116 213788 31652 1245 182136 1152812 593095 559717 47397 512320 44176 566728 525708 59042 36765 480788 462550 18238 3221 7411 1932 41020 466666 6435 31532 22112 1240 30407 4199
is_linear=0
shrinkage=0.1


Tree=80
num_leaves=31
num_cat=0
split_feature=10 9 10 5 10 10 0 9 6 1 7 5 5 7 1 5 3 4 5 5 5 4 6 10 6 2 7 10 9 9
split_gain=17.5689 39.493 134.488 37.3239 37.1965 48.9917 32.8374 24.9672 24.5421 49.1483 80.4362 58.2674 54.685 42.7746 37.7727 145.272 62.304 61.4887 60.6184 33.2349 27.7517 25.7863 23.961 19.9011 17.7884 34.1261 20.3494 15.8985 13.634 10.255
threshold=0.75490951538085949 0.22961895912885669 0.45788761973381048 3.5000000000000004 0.43085423111915594 0.43368163704872137 1.0000000180025095e-35 0.42631272971630102 0.82650500535964977 1.0000000180025095e-35 0.73214286565780651 4.5000000000000009 4.5000000000000009 0.47727273404598242 1.0000000180025095e-35 3.5000000000000004 0.93361583352088939 0.99484536051750194 2.5000000000000004 5.5000000000000009 5.5000000000000009 0.99484536051750194 0.92637759447097789 0.51442441344261181 0.89699381589889537 0.26766170561313635 0.5634920895099641 0.9656854271888734 0.29890981316566473 0.59476566314697277
decision_type=2 2 2 2 2 2 2 2 2 2 2 2 2 2 2 2 2 2 2 2 2 2 2 2 2 2 2 2 2 2
left_child=1 -1 4 7 29 -6 8 23 9 10 11 -2 27 -14 16 21 18 -17 -10 -12 -18 -16 -9 -4 26 -26 -5 -11 -7 -3
right_child=6 2 3 24 5 28 -8 22 14 12 19 -13 13 -15 15 17 20 -19 -20 -21 -22 -23 -24 -25 25 -27 -28 -29 -30 -31
leaf_value=-0.00018537222003756922 0.05569986099053368 -0.085693549348389103 0.15464177988598293 -0.048089048966971526 -0.33631223587528558 0.38093738343824007 0.06511814614766967 0.039993903643265501 0.0056519459443282669 -0.016042270121828791 0.085682242851216117 0.0032398293148166711 -0.12177517304298741 0.062814436243743582 -0.13251031802577626 0.083562661119340659 0.053105808279572189 -0.015902124344952147 -0.024482571740110998 -0.050300034617072831 -0.068745329787982826 -0.059288709460349857 -0.014010686290217129 0.034612910028194367 0.49171396175042337 -0.040520181135599208 -0.0071848979603611265 0.04283681304824781 -0.10059080185999199 0.31073055473989347
leaf_weight=3375.0833254391036 232.93356710125227 127.54691592821109 16.265668210646254 276.49493422368687 14.87081299484271 0.61259878085183928 81.860875701764598 108.51801744457043 1963.1264283688506 203.30083417613059 18.998514668550342 2325.1417416667973 12.996076322160659 368.78250163188204 101.13138414220884 88.605943000875413 263.46144225064199 208.17724503111094 1011.4808408998651 333.10199301037937 20.118198808748275 91.713259533746168 338.20404111985408 91.628914549553883 1.9121577710611735 3.2561906970586278 217.13621911527298 59.21826082537882 14.646073692601929 0.65590941925620327
leaf_count=51402 2747 848598 12202 177834 9336 1316 9234 23359 18817 1295 197 43572 110 2995 883 1013 5349 2021 11090 2572 153 1700 44345 4943 56 581 17983 1401 79101 10
internal_value=-0.000884546 -0.00574528 -0.0212313 -0.00831552 -0.107162 -0.207144 0.00213481 0.00953539 0.00142875 0.00738163 0.00184876 0.00801674 0.0323726 0.0565308 -0.00421704 -0.0301144 -0.000325294 0.0137935 -0.00459495 -0.0429628 0.0444612 -0.0976875 -0.000891856 0.0527079 -0.028164 0.156393 -0.0300963 -0.00276051 -0.0812586 -0.0836654
internal_weight=11971 4586.83 1211.75 1053.42 158.332 30.1295 7384.15 554.617 7302.29 3554.47 2910.18 2558.08 644.298 381.779 3747.81 489.628 3258.19 296.783 2974.61 352.101 283.58 192.845 446.722 107.895 498.8 5.16835 493.631 262.519 15.2587 128.203
internal_count=1376215 1271066 1219664 281303 938361 89753 105149 84849 95915 54889 49088 46319 5801 3105 41026 5617 35409 3034 29907 2769 5502 2583 67704 17145 196454 637 195817 2696 80417 848608
is_linear=0
shrinkage=0.1


Tree=81
num_leaves=31
num_cat=0
split_feature=2 14 2 11 6 5 10 11 10 10 6 11 12 9 6 6 11 10 9 9 3 6 14 5 10 3 5 10 10 6
split_gain=15.5135 15.9995 22.1601 28.8754 35.3827 78.2718 24.9619 29.6106 25.1215 22.2742 40.2507 22.0219 21.7732 32.3392 21.3825 18.8555 16.9955 40.2074 24.4275 22.8835 16.2666 15.7907 33.6077 27.352 12.4499 19.6952 12.1349 10.6128 9.83069 7.92201
threshold=0.047065338119864471 0.46408674120903021 0.41955395042896276 0.77097901701927196 0.57259953022003185 9.5000000000000018 0.99790793657302868 0.8603896200656892 0.97473672032356273 0.96984851360321056 0.62622550129890453 0.52786380052566539 1.0000000180025095e-35 0.93764951825141918 0.52041664719581615 0.90990260243415844 0.43095238506793981 0.8445824682712556 0.60044842958450328 0.57644492387771618 0.74439030885696422 0.85239651799201976 0.43904031813144689 3.5000000000000004 0.77482193708419811 0.89323708415031444 15.500000000000002 0.78404545783996593 0.90029239654541027 0.9529346525669099
decision_type=2 2 2 2 2 2 2 2 2 2 2 2 2 2 2 2 2 2 2 2 2 2 2 2 2 2 2 2 2 2
left_child=29 16 3 4 5 -3 7 14 -9 10 -5 -6 13 -8 -4 -11 18 21 24 28 -14 22 -18 -23 25 -2 -21 -26 -19 -1
right_child=1 2 6 9 11 -7 12 8 -10 15 -12 -13 20 -15 -16 -17 17 19 -20 26 -22 23 -24 -25 27 -27 -28 -29 -30 -31
leaf_value=-0.1170472621369473 -0.0068019049426682691 0.159180293899295 0.029963343373609799 0.18267257648959317 -0.073384282099099404 -0.014607754190872239 0.033632505640632984 0.046773050416630074 -0.11544443972497996 -0.014289704139108815 0.014944086218846828 -0.027816056079211324 0.011913091914027049 -0.056183193054392136 -0.001162358817829933 0.030868696713883089 -0.057997293205850758 -0.13494428074449186 -0.026577273388728392 0.019652093759644329 0.05977063303186271 0.073568892900844673 0.18895970246481106 0.22796565789203829 0.10896824700365736 0.020720525908280756 -0.095250612329409942 0.022792942988913892 -0.029476730547134296 0.058865242242593367
leaf_weight=16.274069521612549 706.63153174303443 28.294193884158631 227.35846663354096 18.293909174390137 154.19054444961421 308.30972632368866 90.937572115799412 12.610320570878683 39.294722467428073 405.06951403431594 65.655434010084718 339.7180672173854 122.30970926629379 71.694859961280599 7546.7302138284285 119.80924395099282 19.358146257349294 11.878738734871147 243.12686692480202 442.58247740892693 169.374123225105 65.006863175658509 7.7034634246956548 13.93317894078791 15.22405111719854 411.37565331417136 9.3861894763540459 233.20410868816543 34.523486746940762 3.0378904971585134
leaf_count=4229 321261 1568 63223 159 56777 60205 1593 124 293 3052 410 7312 933 949 819611 1013 435 176 10067 2294 11339 268 145 73 384 4108 189 3783 370 70
internal_value=0.00018006 0.000324986 -0.00142255 -0.0128751 -0.0250022 4.91383e-07 0.000568212 -0.00075468 -0.0760337 0.00366768 0.0514948 -0.0420417 0.0233562 -0.00596184 -0.000252067 -0.00398181 0.00799703 0.0222954 0.00262815 0.0103999 0.0397029 0.0782223 0.0123024 0.10082 0.00782461 0.00332509 0.0172659 0.0280739 -0.0564759 -0.0893751
internal_weight=11952.9 11933.6 9719.65 1439.34 830.513 336.604 8280.31 7825.99 51.905 608.828 83.9493 493.909 454.316 162.632 7774.09 524.879 2213.93 604.373 1609.56 498.371 291.684 106.002 27.0616 78.94 1366.44 1118.01 451.969 248.428 46.4022 19.312
internal_count=1376413 1372114 1028561 130496 125862 61773 898065 883251 417 4634 569 64089 14814 2542 882834 4065 343553 3950 339603 3029 12272 921 580 341 329536 325369 2483 4167 546 4299
is_linear=0
shrinkage=0.1


Tree=82
num_leaves=31
num_cat=0
split_feature=10 9 10 9 5 9 11 10 5 6 5 6 11 6 6 11 11 5 6 3 14 11 3 5 10 9 11 11 12 11
split_gain=16.3535 86.5142 71.6562 47.1998 30.8655 28.726 27.7397 23.0715 24.8416 22.7011 45.0064 28.6089 23.5641 27.0171 22.4918 43.9004 21.871 20.9092 31.6146 37.1866 23.5218 21.0689 20.5464 19.0841 18.4281 24.8884 17.6796 17.4612 18.2597 17.405
threshold=0.62534916400909435 0.31267458200454717 0.49892704188823706 0.45657137036323553 5.5000000000000009 0.45474053919315344 0.18350168317556384 0.66811594367027294 3.5000000000000004 0.65261757373809826 13.500000000000002 0.36032786965370184 0.30151516199111944 0.36032786965370184 0.8532998561859132 0.15075758099555972 0.16441441327333453 8.5000000000000018 0.73123827576637279 0.44879534840583807 0.41372492909431463 0.37715516984462744 0.095811817795038237 19.500000000000004 0.71591943502426159 0.59476566314697277 0.58578431606292736 0.39696970582008367 1.0000000180025095e-35 0.35857143998146063
decision_type=2 2 2 2 2 2 2 2 2 2 2 2 2 2 2 2 2 2 2 2 2 2 2 2 2 2 2 2 2 2
left_child=1 -1 16 4 5 -4 7 8 14 10 12 26 -8 -14 15 -2 -3 18 19 -11 -19 -22 -9 -13 25 -24 -12 -5 -29 -20
right_child=6 2 3 27 -6 -7 9 22 -10 17 11 23 13 -15 -16 -17 -18 20 29 -21 21 -23 24 -25 -26 -27 -28 28 -30 -31
leaf_value=-0.00083951435840632922 0.10087636087939048 -0.10970902590810512 0.071321360850122015 -0.04642469213698882 -0.092161795770097657 0.63749818618908238 0.080411282814893154 -0.054746625965534958 -0.12340728146550793 -0.036796271912310941 -0.010539441036456191 -0.010690523616781576 -0.085909598079624547 0.026247873087795876 0.0054787609519409003 1.2169018603710817 0.049267010571155498 0.047828653254170767 -0.012989227569617595 0.04417134665333361 0.018699224135018191 -0.033857726740600246 0.16939816232855817 -0.061733170683896089 0.044893858261255276 -0.012413181229428619 0.043109306894126981 1.2040042255051913 -0.074167445979106891 0.0011112346906263181
leaf_weight=3418.6424223037056 1.5921796585316763 154.46223342157373 61.514805183222052 166.26320335141281 12.574002045515952 0.90937700790527642 78.716429851192515 15.810967748227993 16.559575671664788 70.20798253272369 103.82630393927684 389.2470200250682 22.170777313993312 686.78067869946244 30.873035283744684 0.45268003494129505 9.1673806234739441 47.891852675820701 1100.2266553566733 295.33667145628715 91.288828624543385 463.7693505975767 29.849413620017003 90.229214750113897 117.49537307396531 10.069186089531284 150.41482128202915 0.22864966001361509 0.21864347078371793 4283.9905467385543
leaf_count=204063 57 872698 15318 103730 18575 342 4947 428 4546 3966 4167 13955 201 11496 1548 37 3249 2149 30031 2648 4819 6031 1426 4554 2110 725 922 7 47 57104
internal_value=-0.000629229 -0.00601878 -0.0497009 -0.0151068 0.0507773 0.0795693 0.00191616 0.0367204 -0.0235046 0.000931798 0.0119037 -0.00591697 0.0285038 0.0227404 0.0267522 0.347936 -0.100802 -0.00169583 0.000161998 0.0286204 -0.0194121 -0.0252138 0.0539222 -0.0202959 0.0648371 0.123538 0.0212004 -0.0447461 0.579215 -0.00177009
internal_weight=11920.8 3823.98 405.338 241.709 74.9982 62.4242 8096.8 222.702 49.4775 7874.1 1521.39 733.717 787.668 708.951 32.9179 2.04486 163.63 6352.71 5749.76 365.545 602.95 555.058 173.225 479.476 157.414 39.9186 254.241 166.71 0.447293 5384.22
internal_count=1375896 1218029 1013966 138019 34235 15660 157867 10877 6188 146990 40242 23598 16644 11697 1642 94 875947 106748 93749 6614 12999 10850 4689 18509 4261 2151 5089 103784 54 87135
is_linear=0
shrinkage=0.1


Tree=83
num_leaves=31
num_cat=0
split_feature=2 2 2 7 7 6 7 3 5 6 10 3 14 3 10 4 4 6 6 10 10 6 14 2 10 11 14 4 9 11
split_gain=12.7185 11.7197 33.3631 103.288 119.529 49.8531 98.0105 81.1959 66.6502 44.6149 33.3006 30.9034 30.1228 28.5077 31.0152 27.3163 24.4085 20.2704 20.5252 25.2771 19.5841 19.1398 17.8741 33.2493 57.7403 16.6968 15.6102 17.3521 14.8067 12.7764
threshold=0.047065338119864471 0.15504807978868487 0.43353414535522466 0.048809524625539787 0.18465909361839297 0.57259953022003185 0.13809524476528171 0.34205263853073126 11.500000000000002 0.48181217908859258 0.80276900529861461 0.58480769395828258 0.70000001788139354 0.55941176414489757 0.64414930343627941 0.10762548446655275 0.51530769467353832 0.7228132188320161 0.82426470518112194 0.81266710162162792 0.98425099253654491 0.23861283808946612 0.39090909063816076 0.1085995100438595 0.74496281147003185 0.63818180561065685 0.65828368067741405 0.11566332355141641 0.41189093887805944 0.40370370447635656
decision_type=2 2 2 2 2 2 2 2 2 2 2 2 2 2 2 2 2 2 2 2 2 2 2 2 2 2 2 2 2 2
left_child=-1 15 5 13 -5 8 12 -8 10 -10 -3 -6 -7 16 -15 17 -4 21 19 -19 -20 25 23 24 -17 -2 27 -24 -23 -25
right_child=1 2 3 4 11 6 7 -9 9 -11 -12 -13 -14 14 -16 22 -18 18 20 -21 -22 28 26 29 -26 -27 -28 -29 -30 -31
leaf_value=-0.083801164336527456 -0.0064259935519414323 -0.1048539955000507 -0.023170249071193326 -0.092443836729169629 0.077688836222082933 -0.06483373255406448 0.31589035905627721 0.02052117477307178 -0.0017773684996648864 -0.097749677714140948 0.095301132726507823 -0.00050526988814984981 0.070218010366431813 -0.028488751640584006 0.083420319580367996 0.6061388341037186 0.15881505046785116 -0.046511254496090532 -0.0070163128898803719 0.047086124299506364 0.031545810014004069 0.13553229598352942 -0.014652053153984573 0.025426116624420705 0.023617103373076011 0.29761894599243843 -0.21001481873390931 0.036942282981026892 -0.042661118854098234 0.092235001363845312
leaf_weight=18.163333296441124 4.1047491203362361 9.1640061836078512 60.766526947015336 142.31141984280839 50.842409883711298 399.33592339059942 11.573372102375286 47.523488802185966 356.28044507686081 56.059765289794996 89.430618210928515 8574.2972899396627 17.228156338373083 27.782507063844605 228.03951246335055 2.9734887203740064 8.3872713829050536 34.084596097422036 832.85087436190952 188.006205070531 156.43614475242794 4.7978036560798492 103.06552958766406 83.97224113761331 3.9780332455411553 3.2254136269912124 3.0355527177453032 177.35528797476218 166.09666911742261 43.428871439769864
leaf_count=4268 317 7085 12789 241285 44770 134951 234 52137 58565 31735 1107 705814 720 28932 2567 253 716 6585 16343 1259 925 3243 833 5617 28 12 24 1969 11115 181
internal_value=-0.000185436 -5.76649e-05 -0.00138736 0.000507832 -0.00154415 -0.0188534 -0.0421509 0.0783655 0.00283576 -0.0148253 0.0766975 -4.43409e-05 -0.0592483 0.0558678 0.0712669 0.00735738 -0.00109829 0.000616351 0.00524901 0.0327216 -0.000918477 -0.0308714 0.0297775 0.0598205 0.272789 0.12736 0.0155378 0.0179794 -0.0376584 0.0482001
internal_weight=11904.6 11886.4 10079 9092.43 8767.45 986.596 475.661 59.0969 510.935 412.34 98.5946 8625.14 416.564 324.976 255.822 1807.41 69.1538 1389.6 1211.38 222.091 989.287 178.225 417.809 134.353 6.95152 7.33016 283.456 280.421 170.894 127.401
internal_count=1376379 1372111 1323407 1036873 991869 286534 188042 52371 98492 90300 8192 750584 135671 45004 31499 48704 13505 39799 25112 7844 17268 14687 8905 6079 281 329 2826 2802 14358 5798
is_linear=0
shrinkage=0.1


Tree=84
num_leaves=31
num_cat=0
split_feature=2 5 11 11 11 14 7 6 11 3 2 6 6 12 11 10 2 6 2 7 6 1 5 1 7 12 12 5 10 10
split_gain=9.93349 18.2742 18.0272 23.0183 17.3148 16.8407 16.9697 34.2247 17.0531 15.6165 15.5575 22.2609 14.1359 13.6312 14.9953 12.3399 12.2957 11.8558 11.3112 24.9237 30.5791 86.0076 52.2488 24.1055 30.9825 20.7622 33.7562 15.3866 15.3096 13.6139
threshold=0.078689370304346098 6.5000000000000009 0.24568965286016467 0.27429467439651495 0.41277891397476202 0.42463749647140508 0.64583334326744091 0.96609193086624157 0.43095238506793981 0.13899821788072589 0.084806710481643691 0.95875850319862377 0.54316771030426036 1.0000000180025095e-35 0.26794873178005224 0.75490951538085949 0.8263767957687379 0.79516318440437328 0.93405798077583324 0.89444443583488475 0.96039214730262767 1.0000000180025095e-35 1.5000000000000002 1.0000000180025095e-35 0.64583334326744091 1.0000000180025095e-35 -1.0000000180025095e-35 9.5000000000000018 0.58547571301460277 0.65012314915657055
decision_type=2 2 2 2 2 2 2 2 2 2 2 2 2 2 2 2 2 2 2 2 2 2 2 2 2 2 2 2 2 2
left_child=1 2 -1 13 -5 6 8 -8 10 -3 11 -2 -10 14 -4 -15 -12 -6 19 20 22 -22 -7 24 28 26 -25 -21 -20 -27
right_child=5 9 3 4 17 18 7 -9 12 -11 16 -13 -14 15 -16 -17 -18 -19 23 27 21 -23 -24 25 -26 29 -28 -29 -30 -31
leaf_value=-0.097192269720895841 0.087475032994969781 -0.074284683755720587 -0.11452653151400193 -0.061234710263650897 0.10123615493464458 0.034358774167269436 -0.10966116030476454 0.36908317503845922 -0.1253448334999463 0.086588492623020902 -0.0026844223505484138 -0.087980269403968483 0.034547015465457458 0.51953260159886416 0.29779717028694352 0.1739226210007894 0.065247022243495961 0.0058365662329721568 -0.0083928514607942706 0.024636704518298136 -0.0095197090165198561 -0.10388024921956757 -0.0030705328721504044 0.004854407901816269 0.068615057363172069 -0.028192909184404938 -0.034098126485751105 0.14127188691449558 0.034712321396050433 0.092592433916877048
leaf_weight=17.914617673924113 41.870939996017114 69.982493913888902 2.6223090618150291 36.012753795075696 14.957943388260899 394.41081842688982 2.4941398389637461 3.7210552059113979 5.63511615875177 6.6035244995337044 710.72996205602249 8.7407193557119154 294.47793548728805 1.4404927120776845 1.3290433232905345 3.6528737619519234 27.682473536580801 100.89874071674421 190.95672183336774 203.93349469465829 908.05043907234631 108.09390719206476 6854.6939139006172 1235.0428721708449 124.47039667255012 12.355280445655806 271.3566624211353 11.974643773399292 144.9334244383499 38.129876050399616
leaf_count=2434 3740 12560 103 562 81 46509 32 24 93 468 180962 295 1521 116 21 8 503 473 9244 12781 59728 42649 852984 21392 1973 171 114866 86 2900 7337
internal_value=-3.30588e-05 -0.0195403 -0.00203571 0.00855809 -0.000671917 0.000396693 0.0121959 0.176964 0.0112557 -0.0604136 0.00353849 0.0571736 0.0315448 0.163539 0.0241592 0.271667 -0.000137728 0.0181533 -0.00083438 -0.00243521 -0.00331137 -0.0195575 -0.00103407 0.00589601 0.0259989 -4.82664e-05 -0.00216234 0.0311055 0.0102066 0.0630325
internal_weight=11849.2 255.415 178.829 160.914 151.869 11593.8 1095.35 6.2152 1089.14 76.586 789.024 50.6117 300.113 9.04472 3.95135 5.09337 738.412 115.857 10498.4 8481.16 8265.25 1016.14 7249.1 2017.25 460.361 1556.88 1506.4 215.908 335.89 50.4852
internal_count=1376616 16826 3798 1364 1116 1359790 187170 56 187114 13028 185500 4035 1614 248 124 124 181465 554 1172620 1014737 1001870 102377 899493 157883 14117 143766 136258 12867 12144 7508
is_linear=0
shrinkage=0.1


Tree=85
num_leaves=31
num_cat=0
split_feature=6 2 4 3 1 7 7 3 6 7 4 11 11 6 1 2 3 14 9 6 3 2 7 2 7 14 2 6 4 7
split_gain=11.6391 21.0325 72.7749 46.2211 27.2045 60.6145 40.96 44.1083 29.7585 28.9664 25.6124 25.389 30.9928 50.3816 22.989 22.4204 16.8189 28.324 16.5082 14.6651 13.7412 98.0408 150.357 75.982 68.8003 69.0934 52.0639 44.8511 41.814 48.4376
threshold=0.75235849618911754 0.72834226489067089 0.84292763471603405 0.90325224399566661 1.0000000180025095e-35 0.64583334326744091 0.58571431040763866 0.84475743770599376 0.7245689630508424 0.81666666269302379 0.91366460919380199 0.21807064861059192 0.30901856720447546 0.72821971774101268 1.0000000180025095e-35 0.084806710481643691 0.85566902160644542 0.4308938086032868 0.92695629596710216 0.33508773148059851 0.82750278711318981 0.72834226489067089 0.47727273404598242 0.19139194488525393 0.42261904478073126 0.3701388835906983 0.78319624066352855 0.86240702867507946 0.90521115064620983 0.52777779102325451
decision_type=2 2 2 2 2 2 2 2 2 2 2 2 2 2 2 2 2 2 2 2 2 2 2 2 2 2 2 2 2 2
left_child=1 3 18 11 5 8 7 -6 -4 -7 -8 16 13 -13 -5 -14 19 -18 -3 -1 21 22 23 -2 25 27 -27 -23 29 -22
right_child=20 2 4 14 6 9 10 -9 -10 -11 -12 12 15 -15 -16 -17 17 -19 -20 -21 28 24 -24 -25 -26 26 -28 -29 -30 -31
leaf_value=0.060540205617714699 0.0029651790588393328 0.12279713066609639 0.054624424882755256 -0.049451149337116085 0.17094477847469991 -0.037845326702758038 0.18720700741090202 -0.054765796830739989 -0.040195503353308237 0.054012242307971171 0.030847945443859381 0.031371836021246761 -0.049356806414348066 0.25406149029803798 -0.21883573323233568 0.0029811028494725958 0.54731537504653482 -0.0091191162703681411 0.022460444973758518 -0.066237958792436991 0.037885862637758602 1.8253937273995531 0.054984672929104139 -0.035298789128059636 -0.084387299815922232 -0.061421530766702662 0.036916010252951569 0.36414842410176518 -0.0035498405773290299 -0.010096848988699062
leaf_weight=9.9231305960688569 1466.8745039205487 71.072411523402479 171.46306726286093 19.383178410284017 9.5186505471538094 374.56267914787713 10.698163729226506 95.752557530984632 41.016513680033313 37.793114912472447 504.93462595207347 139.70654988484603 86.677116036589723 10.956237486388998 13.658837699163994 1469.2544454614108 0.92079406627453764 140.5256998912264 21.315447811037302 113.32708540764588 566.6374589416555 0.3114768419181918 413.60305928229172 803.06813954428071 259.84685975735647 106.72128780299499 108.65256516460158 0.64507040940225124 4449.4888587765099 334.62628465521084
leaf_count=14105 28342 7105 3679 213 647 3900 508 31980 1247 352 35912 22729 2867 2130 1039 32843 31 34599 203 364083 54126 34 11098 352567 10875 16516 17534 79 317206 8227
internal_value=-0.000695292 0.00430493 0.0140133 -0.00217657 0.00766244 -0.00706868 0.0224868 -0.034357 0.0363206 -0.0294264 0.034092 -0.000210527 0.00425895 0.0475659 -0.119471 6.54868e-05 -0.0290269 -0.00549682 0.0996478 -0.0560308 -0.00265911 -0.00788811 -0.000468022 -0.010572 -0.0497047 -0.00804555 -0.0118119 0.839968 0.000428706 0.0200706
internal_weight=11852.9 3342.46 1338.13 2004.33 1245.74 624.835 620.904 105.271 212.48 412.356 515.633 1971.29 1706.59 150.663 33.042 1555.93 264.697 141.446 92.3879 123.25 8510.48 3159.72 2683.55 2269.94 476.177 216.33 215.374 0.956547 5350.75 901.264
internal_count=1376776 560172 85533 474639 78225 9178 69047 32627 4926 4252 36420 473387 60569 24859 1252 35710 412818 34630 7308 378188 816604 437045 392007 380909 45038 34163 34050 113 379559 62353
is_linear=0
shrinkage=0.1


Tree=86
num_leaves=31
num_cat=0
split_feature=5 6 10 6 6 5 2 6 3 3 6 6 2 5 14 11 11 3 2 9 3 10 11 14 3 14 10 11 2 5
split_gain=9.91656 34.9306 22.4388 21.5905 20.4689 20.0654 24.7018 40.5304 27.5783 22.5219 22.416 21.5964 17.9794 16.8654 15.8927 14.8676 14.8673 12.5301 62.2149 25.2597 11.4475 15.9082 22.2535 13.3498 11.3778 24.7492 20.0526 14.8684 12.8116 11.3535
threshold=22.500000000000004 0.31957446038722997 0.88944444060325634 0.42163743078708654 0.23861283808946612 12.500000000000002 0.4712491780519486 0.64365079998970043 0.85432928800582897 0.25857770442962652 0.47114317119121557 0.5604878067970277 0.84889996051788341 12.500000000000002 0.35407139360904699 0.56385868787765514 0.58578431606292736 0.78765246272087108 0.66996699571609508 0.98124927282333385 0.39949999749660497 0.91813588142395031 0.66025641560554515 0.71184292435646068 0.30774615705013281 0.63317379355430614 0.83370700478553783 0.82480818033218395 0.084806710481643691 8.5000000000000018
decision_type=2 2 2 2 2 2 2 2 2 2 2 2 2 2 2 2 2 2 2 2 2 2 2 2 2 2 2 2 2 2
left_child=3 2 16 4 13 10 9 8 -8 11 14 -7 -9 -1 -5 -16 -2 18 -12 -19 -4 22 -22 -23 27 26 -26 28 -6 -27
right_child=1 -3 20 5 24 6 7 12 -10 -11 17 -13 -14 -15 15 -17 -18 19 -20 -21 21 23 -24 -25 25 29 -28 -29 -30 -31
leaf_value=0.14302434679823192 -0.076009377967091202 -0.094753771593992939 0.072641553256319477 0.72930863101219989 0.090363555366276632 -0.084268749191943021 0.084015999738998981 -0.099875341721152949 -0.0021310098419542291 -0.077664712755874374 0.00011478617707173132 0.018490979619382925 0.20141172210743385 -0.10227678784029962 0.0047330185636966053 0.11169205894157846 0.23283842661944459 0.0011921383158983204 -0.040920567381697026 0.035547177348534874 -0.021435427440440056 -0.093540551735932564 0.40786783967998802 0.043558907312672146 0.023508631600456964 -0.14697658566842783 0.11296515964651964 0.078259218211436124 -0.059486810745166069 0.018624367547904121
leaf_weight=3.2850164978972343 32.201017063820927 49.606247408284162 40.957236972171813 0.35816607667129474 6.7554843911466369 28.973218812089726 42.402074902331151 48.326810807597212 300.64647133074777 109.27814867600318 2842.3824915219211 69.538820908623165 2.0653299674449945 19.095127026866066 24.749581514711281 27.365160417510197 1.6379057755693782 7174.5732540072459 424.66993771792841 220.59648419450969 2.8612872706726185 16.426712507382039 2.0890098251402378 12.512255198322235 40.70585842811488 4.2858118852800535 65.185387737117708 15.36246859282255 36.704664846296509 121.71444880392482
leaf_count=179 9507 20640 264 91 1188 5297 4346 7456 55968 77708 509755 4571 7 2444 3896 160 17 583594 47579 9034 41 128 14 70 23169 344 855 42 1693 6660
internal_value=-0.000359895 -0.0252207 0.00651558 -2.14949e-05 0.0258825 -0.000738219 -0.0185148 -0.00378431 0.00851708 -0.0464062 0.000259272 -0.0117315 -0.087527 -0.0662708 0.065459 0.0608966 -0.0610602 -6.16009e-05 -0.00521922 0.00221694 0.0370673 -0.00592626 0.159729 -0.0342633 0.0329768 0.0429406 0.078577 -0.00630266 -0.0361939 0.0129916
internal_weight=11787.3 158.292 108.685 11629 313.094 11315.9 601.231 393.441 343.049 207.79 10714.7 98.512 50.3921 22.3801 52.4729 52.1147 33.8389 10662.2 3267.05 7395.17 74.8465 33.8893 4.9503 28.939 290.714 231.892 105.891 58.8226 43.4601 126
internal_count=1376717 30681 10041 1346036 36574 1309462 155353 67777 60314 87576 1154109 9868 7463 2623 4147 4056 9524 1149962 557334 592628 517 253 55 198 33951 31028 24024 2923 2881 7004
is_linear=0
shrinkage=0.1


Tree=87
num_leaves=31
num_cat=0
split_feature=10 9 10 5 14 7 14 11 10 7 10 9 11 10 11 14 11 11 10 11 10 2 7 9 14 12 9 5 5 7
split_gain=8.81523 34.6174 115.996 36.1093 32.2941 28.8305 34.6565 28.4342 27.1726 23.7928 18.6399 17.7582 35.467 37.7989 34.3907 31.789 24.0583 21.1284 28.6174 15.3816 15.2194 15.1733 40.2348 14.1034 13.6558 11.3689 10.67 10.6308 10.5528 29.4998
threshold=0.75490951538085949 0.22961895912885669 0.45788761973381048 4.5000000000000009 0.77176257967948925 0.89444443583488475 0.68395668268203746 0.29520697891712194 0.43085423111915594 0.31666667759418493 0.43368163704872137 0.92695629596710216 0.62828946113586437 0.95780044794082653 0.68585526943206798 0.53183698654174816 0.72474747896194469 0.78759399056434642 0.9656854271888734 0.17519181966781619 0.9656854271888734 0.83438816666603099 0.5634920895099641 0.44482496380805975 0.48938822746276861 1.0000000180025095e-35 0.77563387155532848 5.5000000000000009 16.500000000000004 0.73214286565780651
decision_type=2 2 2 2 2 2 2 2 2 2 2 2 2 2 2 2 2 2 2 2 2 2 2 2 2 2 2 2 2 2
left_child=1 28 8 4 9 11 -7 -6 -3 -4 -10 17 15 16 -15 -13 -14 19 24 -2 -17 22 -5 -21 -19 -8 -23 -20 -1 -30
right_child=5 2 3 21 7 6 25 -9 10 -11 -12 12 13 14 -16 20 -18 18 27 23 -22 26 -24 -25 -26 -27 -28 -29 29 -31
leaf_value=0.00070718193798666651 0.048386349319296224 -0.084088757337810877 -0.006841643443743938 -0.046475117319590295 -0.073855619018658947 -0.69319592714936329 0.032615831303002628 0.011806853827719238 -0.26662142588967447 0.035479779844924883 -0.10052923027192887 -0.17696310472097829 -0.062883273413379528 0.027167462716633579 -0.011968457480486886 0.038276082576322194 -0.0014448898433325396 -0.016888210641562647 0.02712973327986757 0.0398623792725816 0.12827576096642918 -0.088041593519219294 0.046498163967555149 0.00057157039837379606 0.078469320140558921 0.098030092615719822 0.23046875454257221 -0.0140957597029272 0.02877985009407167 0.43227594071638076
leaf_weight=3376.5171881766869 70.497618136665551 103.05749475657831 237.6822035783407 203.68229367315507 85.047039734898135 0.62504050938878108 83.932057151338086 71.179669740842655 15.84040465921362 301.14984412655394 11.783021226019626 6.1112198447808614 203.96496647037566 277.25764697161503 1180.8632091224426 89.434235277702101 92.704802301945165 17.414129395037889 128.10080238059163 93.16560109279817 23.787006267346442 56.060853221933939 60.334151576287695 4706.702996912587 109.13604247523472 38.874870725674555 1.0718752779066552 122.24034076509997 13.345589711574574 2.0965799987316123
leaf_count=48524 908 848988 67838 157238 2447 17 3266 585 9357 46714 80315 55 2921 2229 13911 860 761 95 1839 1177 103 3799 2920 66766 696 8360 4 1133 2953 7
internal_value=-0.000538257 -0.00399381 -0.0190127 -0.00760827 0.00520503 0.00162663 0.0495426 -0.0348263 -0.107697 0.0168115 -0.195773 0.000796126 -0.0075596 -0.011147 -0.00452687 0.0451933 -0.0436847 0.00378048 0.0265912 0.00201528 0.0571844 -0.0353399 -0.0252285 0.00133421 0.0653475 0.0533229 -0.082066 0.00699953 0.00108439 0.0835624
internal_weight=11783.7 4538.85 1146.89 1016.21 695.059 7244.81 123.432 156.227 130.681 538.832 27.6234 7121.38 1874.12 1754.79 1458.12 119.332 296.67 5247.26 376.891 4870.37 113.221 321.149 264.016 4799.87 126.55 122.807 57.1327 250.341 3391.96 15.4422
internal_count=1376786 1271689 1220205 281545 117584 105097 11643 3032 938660 114552 89672 93454 20840 19822 16140 1018 3682 72614 3763 68851 963 163961 160158 67943 791 11626 3803 2972 51484 2960
is_linear=0
shrinkage=0.1


Tree=88
num_leaves=31
num_cat=0
split_feature=6 5 1 2 11 5 3 5 6 3 4 3 6 10 10 6 5 4 7 3 10 3 5 5 3 7 4 5 6 2
split_gain=10.7339 31.1886 73.4461 92.6568 38.9166 38.761 37.7803 37.605 33.9722 30.9141 20.5073 22.7467 31.7209 20.4108 38.479 19.1138 53.0599 31.3922 51.0109 40.9033 20.7404 21.729 15.7532 14.8475 46.2668 41.4768 21.4813 16.0445 20.5455 16.8866
threshold=0.68819445371627819 5.5000000000000009 1.0000000180025095e-35 0.81530213356018078 0.29520697891712194 7.5000000000000009 0.12290209904313089 8.5000000000000018 0.77167919278144848 0.70064935088157665 0.079473681747913374 0.095811817795038237 0.58995378017425548 0.81266710162162792 0.82385262846946727 0.84262126684188854 2.5000000000000004 0.3536857813596726 0.61250001192092907 0.10627451166510583 0.80276900529861461 0.27207793295383459 9.5000000000000018 4.5000000000000009 0.67316719889640819 0.64583334326744091 0.29818989336490637 14.500000000000002 0.40778534114360815 0.097167581319808974
decision_type=2 2 2 2 2 2 2 2 2 2 2 2 2 2 2 2 2 2 2 2 2 2 2 2 2 2 2 2 2 2
left_child=10 15 6 5 7 -4 13 -5 9 -8 -1 12 -12 -3 -15 16 20 19 -19 -18 -2 -22 -14 24 26 -26 -13 29 -29 -25
right_child=1 2 3 4 -6 -7 8 -9 -10 -11 11 23 22 14 -16 -17 17 18 -20 -21 21 -23 -24 27 25 -27 -28 28 -30 -31
leaf_value=-0.062546473460578567 -0.0054621757513427984 -0.058063098222328836 0.14886029391313191 -0.0083014437934477471 0.073045211739806659 -0.16276880996117118 -0.07189986511506706 0.1242046366348053 -0.060324415338841919 -0.010939490729491833 0.85100229095916213 0.059958914624077202 -0.1569200562409675 0.2374768359403738 0.008883877699774825 -0.0010942771403353896 0.024875533907324218 0.04011151532852892 -6.5403048220087534e-05 -0.081215630441206929 -0.052246357110989718 0.23917170278969266 0.17685578414316994 -0.056731825249407633 -0.08533040812908442 0.12730200407140188 0.40861992010371079 0.014431707646367337 -0.020143882315579037 0.016896110316194264
leaf_weight=42.152565242268338 6.6234895173965951 44.055670938439562 4.5319976662685795 173.21333306980523 172.87274271296337 33.457393815574505 99.800726334528918 24.439734414747363 349.1615756403985 499.7555673203251 0.62220014652120781 4.1563372612836238 1.7478000025366762 7.5836874793749294 253.89352908870205 6299.7520825657912 64.269217288934669 473.37602710847295 950.65262354620245 83.630337041062376 2.9844913650304106 17.931139653082937 7.4046623072172224 31.896534358123972 67.125747438456528 10.625930178233828 3.0739610509772319 330.34780628831459 358.22370835865695 1330.7126449685093
leaf_count=10523 927 10178 95 18435 1492 6509 96704 1081 55584 15833 30 84 101 129 1758 567546 1684 85519 88557 11567 21 121 211 1718 33921 625 68 42664 106780 216961
internal_value=0.000209878 -0.00123595 -0.013684 0.0231422 0.0383917 -0.125593 -0.0256784 0.00808289 -0.0355276 -0.0210868 0.00652816 0.00788499 0.160086 0.00490455 0.0155138 0.00138433 0.0111467 0.00873596 0.0132902 -0.0351141 0.148753 0.197589 0.113116 0.00718855 -0.0337704 -0.056271 0.208192 0.00888551 -0.00355596 0.0151726
internal_weight=11750.1 9561.99 1662.77 408.515 370.526 37.9894 1254.25 197.653 948.718 599.556 2188.09 2145.94 9.77466 305.533 261.477 7899.22 1599.47 1571.93 1424.03 147.9 27.5391 20.9156 9.15246 2136.16 84.982 77.7517 7.2303 2051.18 688.572 1362.61
internal_count=1377426 963740 207798 27612 21008 6604 180186 19516 168121 112537 413686 403163 342 12065 1887 755942 188396 187327 174076 13251 1069 142 312 402821 34698 34546 152 368123 149444 218679
is_linear=0
shrinkage=0.1


Tree=89
num_leaves=31
num_cat=0
split_feature=10 11 11 11 11 9 10 10 9 11 4 2 7 6 5 9 12 6 6 10 10 9 9 11 2 11 12 6 11 2
split_gain=13.6404 51.7329 41.1637 42.253 33.205 32.9946 28.6815 26.0804 24.9559 21.8341 22.1046 28.6757 19.5182 19.3389 18.0069 17.2023 31.5535 16.3146 16.1409 15.7311 15.7114 15.488 15.1742 14.5038 13.0099 12.755 11.5734 12.3499 11.1624 15.0315
threshold=0.9656854271888734 0.6885775923728944 0.71825397014617931 0.70710784196853649 0.69397994875907909 0.95009577274322521 0.99790793657302868 0.93156540393829357 0.7276916801929475 0.71825397014617931 0.56992483139038097 0.86240702867507946 0.43650794029235845 0.47114317119121557 25.500000000000004 0.93764951825141918 1.0000000180025095e-35 0.83469945192337047 0.23861283808946612 0.90029239654541027 0.95780044794082653 0.90360623598098766 0.4638232290744782 0.68585526943206798 0.87841832637786876 0.82480818033218395 1.0000000180025095e-35 0.59290647506713878 0.61721614003181469 0.598850578069687
decision_type=2 2 2 2 2 2 2 2 2 2 2 2 2 2 2 2 2 2 2 2 2 2 2 2 2 2 2 2 2 2
left_child=2 17 3 4 14 25 9 21 24 -3 18 -12 -8 -10 19 -14 -17 22 -11 -1 -7 -5 -2 -16 -9 -4 -27 -28 -19 -30
right_child=1 6 5 7 -6 20 12 8 13 10 11 -13 15 -15 23 16 -18 28 -20 -21 -22 -23 -24 -25 -26 26 27 -29 29 -31
leaf_value=-0.00049115458567938091 -0.11275780108249585 0.009590889182219944 0.025728689802070378 0.040673314261919565 0.055480630871176322 0.0034107071538997794 0.0021443888251133397 -0.16839703058368938 0.07591516155790741 0.21733854026301114 -0.063438522230351665 0.0049955617729764744 0.07365516148370764 -0.078831100557299943 -0.076467258827899023 -0.0580339576217506 0.055577476640689585 0.037658939385869117 -0.0051380048088052951 -0.010934142485786273 -0.10854076815210965 -0.076257787945461453 0.04977859881024467 0.44917640426811301 -0.45566550618102664 0.1213399600881629 0.15199738535489268 0.0047440962880275737 -0.061623249777147532 0.013113231664205763
leaf_weight=6799.7816066184987 5.8465336319059125 209.02957161446102 470.04356872173958 37.578348622657359 98.127521095564589 24.682646029861644 741.32697633223142 5.1925004934892049 8.7665696884505433 3.3226594552397719 228.2410046979785 83.679397474741563 79.352180700399913 102.50792931881733 39.946590508005102 39.814314576331526 63.329860833124258 112.35278055607341 175.9395456565544 1830.8680993063608 25.473544392734766 16.215514605166391 327.07640078896657 0.53191617876291175 2.2638551746495068 28.147218838799745 7.1746035329997531 27.627731357701123 34.793484523193911 118.79511669487692
leaf_count=1301695 34 1953 3647 427 728 210 7389 82 155 10 1373 1055 3731 1445 15470 732 6987 1958 1157 20538 211 298 2918 5 21 122 31 286 405 1720
internal_value=-3.19988e-06 0.00705033 -0.00164933 -0.00332815 -0.00236397 0.024093 -0.00221349 -0.0523367 -0.0785075 -0.017478 -0.0289975 -0.0450796 0.00935625 -0.0666397 -0.00301857 0.0386519 0.0117227 0.0321725 -0.00101436 -0.00270648 -0.0534477 0.00542584 0.0469243 -0.0695599 -0.255616 0.0313899 0.0736617 0.0351008 0.0137052 -0.00381734
internal_weight=11747.8 2222.9 9524.93 8941.78 8769.26 583.149 1624.04 172.525 118.731 700.212 491.183 311.92 923.823 111.274 8671.13 182.496 103.144 598.864 179.262 8630.65 50.1562 53.7939 332.923 40.4785 7.45636 532.993 62.9496 34.8023 265.941 153.589
internal_count=1376793 31422 1345371 1340864 1338436 4507 24387 2428 1703 5548 3595 2428 18839 1600 1337708 11450 7719 7035 1167 1322233 421 725 2952 15475 103 4086 439 317 4083 2125
is_linear=0
shrinkage=0.1


Tree=90
num_leaves=31
num_cat=0
split_feature=9 11 9 11 3 6 10 11 10 11 14 10 5 1 3 4 5 7 5 6 5 11 4 11 11 4 11 10 6 4
split_gain=11.3294 31.1144 20.4656 28.611 24.7837 23.4083 20.8368 18.0058 27.1318 16.5535 16.2467 18.2183 15.6786 13.5369 13.4974 15.1634 13.2511 12.6386 12.6161 13.146 29.8912 22.7861 12.6117 17.6626 16.5165 14.1195 11.5188 104.451 10.138 9.66916
threshold=0.98124927282333385 0.71825397014617931 0.92695629596710216 0.62828946113586437 0.44879534840583807 0.48181217908859258 0.9656854271888734 0.7947368621826173 0.9656854271888734 0.89181286096572887 0.51845327019691478 0.95780044794082653 6.5000000000000009 1.0000000180025095e-35 0.10627451166510583 0.99484536051750194 13.500000000000002 0.47727273404598242 25.500000000000004 0.40778534114360815 15.500000000000002 0.70710784196853649 0.30368906259536749 0.94281044602394115 0.89181286096572887 0.40862709283828741 0.25403225421905523 0.93764951825141918 0.2674796879291535 0.36088341474533087
decision_type=2 2 2 2 2 2 2 2 2 2 2 2 2 2 2 2 2 2 2 2 2 2 2 2 2 2 2 2 2 2
left_child=2 -2 7 4 6 9 -4 18 14 16 -7 -12 -10 22 -9 -16 -5 -15 19 21 -21 -1 -3 24 -24 -25 27 -20 -14 -6
right_child=1 13 3 5 29 10 -8 8 12 -11 11 -13 28 17 15 -17 -18 -19 26 20 -22 -23 23 25 -26 -27 -28 -29 -30 -31
leaf_value=0.035528492702339105 0.060066834374320699 0.015336902008299669 -0.15033588190714298 0.087685031477985675 0.25211697623649781 0.039472184444802716 0.13423781394925782 -0.010197392598085882 0.025571847287848906 0.1618963017973101 -0.047276441800099711 -0.016408779751627599 0.10318268750527654 -0.19035019609260417 0.098683702356692105 -0.0039005860307881005 -0.012892788900090124 0.082344029482676329 0.025221549239246462 0.00047106917974135809 -0.03784167322076816 -0.060598455741429871 -0.040758732033642879 -0.046633431135104771 -0.21418192570467129 0.016380129298516049 -0.069782547580060125 3.6659809884745203 -0.033826029982086718 0.044982892908334439
leaf_weight=202.08906625721647 114.50056199345272 257.37077055219561 11.703833049396051 19.068330806912854 2.3028141022659829 41.025330634787679 3.2980706617236129 20.629191502928734 139.63067814824171 9.289986933115868 262.33217999583576 705.20937634899747 5.7238762360066167 1.8028344642370964 75.736309534870088 17.794516516849399 41.845620798645541 29.680628301226534 7.6610678172728504 8992.7401849796261 208.35519906406626 28.086427831090987 82.686940189916641 46.56349379196763 5.8823548471555105 150.46428087539971 43.2569798458062 0.079619633499532827 95.672022743383422 105.54841497074813
leaf_count=38483 1648 1441 269 123 12 165 17 104 2744 49 3425 6948 21 11 481 290 564 3963 13685 1206187 85934 215 554 809 43 4504 1844 3 980 912
internal_value=2.54112e-05 0.0124666 -0.000751049 -0.0130708 0.0326542 -0.0182781 -0.0877742 0.000753785 0.0228589 0.0375551 -0.0221645 -0.024778 0.00383781 0.00297888 0.0630183 0.0791667 0.0185918 0.0667288 -7.42285e-05 0.000193995 -0.000396508 0.0237989 -0.000717593 -0.0151854 -0.0522767 0.00148816 -0.0496782 0.0626699 -0.0260918 0.0494056
internal_weight=11728 688.952 11039.1 1201.62 122.853 1078.77 15.0019 9837.46 355.187 70.2039 1008.57 967.542 241.027 574.451 114.16 93.5308 60.914 31.4835 9482.27 9431.27 9201.1 230.175 542.968 285.597 88.5693 197.028 50.9977 7.74069 101.396 107.851
internal_count=1376428 12973 1363455 12484 1210 11274 286 1350971 4620 736 10538 10373 3745 11325 875 771 687 3974 1346351 1330819 1292121 38698 7351 5910 597 5313 15532 13688 1001 924
is_linear=0
shrinkage=0.1


Tree=91
num_leaves=31
num_cat=0
split_feature=14 4 11 9 2 9 11 9 11 9 10 10 9 5 12 9 11 4 14 14 11 3 12 10 10 9 9 11 3 11
split_gain=9.77293 16.697 15.816 14.2443 19.4947 24.6619 17.5228 14.5235 19.8076 16.2904 13.0287 10.6682 10.1475 9.39539 9.03179 38.408 15.7956 16.6314 15.4312 32.7969 21.3109 14.6664 12.6096 105.887 23.3118 11.846 29.8506 24.8213 8.93516 14.061
threshold=0.37435738742351538 0.095811817795038237 0.39696970582008367 0.63036891818046581 0.097167581319808974 0.63656747341156017 0.34891304373741155 0.5855005979537965 0.4220647811889649 0.57644492387771618 0.75490951538085949 0.8445824682712556 0.56824392080307018 23.500000000000004 1.0000000180025095e-35 0.43913836777210241 0.30151516199111944 0.270728349685669 0.89720961451530468 0.77176257967948925 0.68585526943206798 0.67826876044273388 -1.0000000180025095e-35 0.48017466068267828 0.99790793657302868 0.95009577274322521 0.98124927282333385 0.82480818033218395 0.089719939976930632 0.40370370447635656
decision_type=2 2 2 2 2 2 2 2 2 2 2 2 2 2 2 2 2 2 2 2 2 2 2 2 2 2 2 2 2 2
left_child=1 2 -1 7 10 6 -6 9 -9 12 -5 -11 -3 14 22 16 21 -18 19 -17 -20 -16 25 -24 -25 27 -27 -2 -4 -30
right_child=13 3 28 4 5 -7 -8 8 -10 11 -12 -13 -14 -15 15 18 17 -19 20 -21 -22 -23 23 24 -26 26 -28 -29 29 -31
leaf_value=-0.019137072494051985 0.0017932017504772527 0.029562353730900742 0.046850424316531386 0.79176829788577097 0.5178054809765017 -0.083233542368102043 0.12653971383327264 -0.08031063010150738 0.044589428546754621 0.21282837535113242 0.21028898399793827 0.048618355444404869 -0.094726363386262516 -0.028733969163219537 -0.091132611133858565 0.0082411943904396028 0.54499780365570649 0.15615796155366479 0.059371717096488585 -0.01813665387760089 0.0052184773765470496 0.090501056496393159 -0.11301156598192966 -0.0046449972430350761 0.041870148247506796 -0.087086329692280959 0.022424157460950309 0.061524643788397775 0.17355623696907202 -0.032281864009434891
leaf_weight=225.08806931898471 4216.611412231201 254.91260593435072 74.695485525182448 0.66918593319132813 1.4122009811107981 5.1903131586441305 6.0407688049599528 28.922257543919841 22.633447514846921 7.9240547724184562 0.90840637823566794 7.9012669734656811 6.7426725669211001 115.63228186247397 5.0487848341781492 1592.9022280084355 1.3504032203927625 5.931803263258189 110.71358270058408 669.46472841140348 211.47960883227643 37.210587748681064 90.034431962549206 3720.7866939252708 110.95521339541301 49.584089567884803 49.981487933546305 70.73638114053756 3.6704201500979243 34.630122795992065
leaf_count=26919 188398 57499 501 32 75 102 34 1291 110 320 14 33 275 22288 15295 61463 12 99 4007 9635 11813 3345 797231 172564 781 414 679 1005 57 342
internal_value=0.000337575 0.0119613 -0.0038124 0.0274974 0.125485 0.0841264 0.200677 0.0232624 -0.0254783 0.0323184 0.456942 0.130842 0.0263595 -0.000378598 -7.89675e-05 0.00502341 0.0922408 0.228264 0.0033516 0.000435635 0.0238269 0.068801 -0.00169657 -0.00581682 -0.00329806 0.00198681 -0.0321125 0.0027787 0.0267143 -0.012556
internal_weight=11739.8 681.341 338.084 343.257 14.2209 12.6433 7.45297 329.036 51.5557 277.481 1.57759 15.8253 261.655 11058.4 10942.8 2634.1 49.5416 7.28221 2584.56 2262.37 322.193 42.2594 8308.69 3921.78 3831.74 4386.91 99.5656 4287.35 112.996 38.3005
internal_count=1376633 87604 27819 59785 257 211 109 59528 1401 58127 46 353 57774 1289029 1266741 105669 18751 111 86918 71098 15820 18640 1161072 970576 173345 190496 1093 189403 900 399
is_linear=0
shrinkage=0.1


Tree=92
num_leaves=31
num_cat=0
split_feature=6 3 5 11 11 9 5 11 6 10 11 14 4 2 2 5 5 5 11 9 6 7 7 7 7 7 5 11 7 11
split_gain=13.9698 27.4828 16.7116 16.6929 22.7583 14.0767 12.7674 30.1107 29.1635 28.0455 21.8178 33.5588 21.4309 52.5549 25.7159 26.1782 24.8842 17.3402 28.9318 44.683 22.3976 65.3056 21.1349 16.4143 14.9292 14.1555 13.6779 12.886 12.2515 15.0159
threshold=0.53923079371452343 0.20058823376894 15.500000000000002 0.18019481003284457 0.38675214350223547 0.41682752966880804 8.5000000000000018 0.75499999523162853 0.7228132188320161 0.9656854271888734 0.4463601559400559 0.79409262537956249 0.87007671594619762 0.74862638115882885 0.6569296419620515 6.5000000000000009 6.5000000000000009 4.5000000000000009 0.45643940567970281 0.82780584692955028 0.84409722685813915 0.61250001192092907 0.76388889551162731 0.38750000298023229 0.76388889551162731 0.64583334326744091 16.500000000000004 0.56385868787765514 0.61250001192092907 0.94281044602394115
decision_type=2 2 2 2 2 2 2 2 2 2 2 2 2 2 2 2 2 2 2 2 2 2 2 2 2 2 2 2 2 2
left_child=1 -1 3 -3 5 -5 8 9 12 10 11 -8 13 16 -14 -16 -2 20 22 -20 21 -10 -19 -15 -22 -12 27 -11 -9 -30
right_child=6 2 -4 4 -6 -7 7 28 17 26 25 -13 14 23 15 -17 -18 18 19 -21 24 -23 -24 -25 -26 -27 -28 -29 29 -31
leaf_value=-0.070803982947040101 0.061740465371288945 -0.017091764304626968 0.0015024478455028453 -0.22382267431376707 0.025394497761494057 0.097074492782247265 -0.0094552401394642337 -0.031024499587228162 0.04614001439597723 0.083668651812046343 -0.015020795670984058 0.054519610854670823 -0.1717947558569641 0.068368100142666394 -0.018244109315615563 0.030814748086926014 -0.0071200524302614289 -0.034220045083957852 0.031482442692595231 -0.017079036988006079 -0.0056148629370207717 -0.0046154741349958518 0.014805477633984078 0.21650587834436463 0.0054233859805520451 -0.055567567258874684 0.16349658556182808 0.012847714359194993 -0.10189291898317437 0.10257328039951488
leaf_weight=39.459877517850146 98.151189512015662 66.646661087491793 471.09532690582591 1.3964242733491108 291.610564961622 64.877412085596006 419.33715556193056 206.60033242031932 386.73094250245595 33.071163399145007 266.06452221306972 101.92486170586199 7.9693166735678451 11.820867193893717 192.6748915091066 249.7672310991893 112.77789337900685 589.97113160094341 300.81971508811694 511.92368022282608 4353.7914228810369 735.87005180918823 103.33545556131685 20.367751152354685 1705.1725389728126 127.29632440768182 7.924313480500131 115.14004526333883 46.394391397479922 3.8931618747301391
leaf_count=8105 16045 47588 102713 183 3350 4785 221015 1857 52882 294 5373 1047 445 2435 40132 11261 37848 180538 2857 5450 402171 73028 2737 432 149257 1052 50 1172 325 227
internal_value=-0.000850535 0.0108712 0.0144696 0.0288591 0.0374163 0.090313 -0.00187407 -0.0110525 -0.000575113 -0.00367606 -0.0103628 0.00305407 0.0191586 0.0430854 0.00624373 0.00945058 0.0249227 -0.00215045 -0.0119063 0.000894964 -0.000104539 0.0128696 -0.0269129 0.162104 -0.00250837 -0.0281422 0.0354942 0.0286504 -0.0417988 -0.0860636
internal_weight=11643.9 935.086 895.626 424.531 357.884 66.2738 10708.8 1327.65 9381.14 1070.76 914.623 521.262 693.529 243.118 450.411 442.442 210.929 8687.61 1506.05 812.743 7181.56 1122.6 693.307 32.1886 6058.96 393.361 156.136 148.211 256.888 50.2876
internal_count=1376654 166724 158619 55906 8318 4968 1209930 232412 977518 230003 228487 222062 108598 56760 51838 51393 53893 868920 191582 8307 677338 125910 183275 2867 551428 6425 1516 1466 2409 552
is_linear=0
shrinkage=0.1


Tree=93
num_leaves=31
num_cat=0
split_feature=2 5 1 7 14 14 5 6 11 10 7 7 14 6 5 5 1 3 10 2 3 2 2 9 9 11 10 11 11 2
split_gain=11.3143 25.1333 21.4565 88.5078 23.8917 23.9264 29.3653 19.0564 28.9419 20.2178 17.4064 14.8365 16.856 23.52 54.4924 43.5484 99.527 51.5437 17.7098 14.8534 12.8826 12.5273 27.9446 20.276 141.952 15.9518 20.5099 34.8771 16.682 12.4672
threshold=0.92805382609367382 3.5000000000000004 1.0000000180025095e-35 0.73214286565780651 0.48021948337554937 0.47499653697013861 1.5000000000000002 0.92637759447097789 0.29520697891712194 0.85766234993934642 0.73214286565780651 0.89444443583488475 0.46098688244819647 0.84045451879501354 2.5000000000000004 2.5000000000000004 1.0000000180025095e-35 0.82750278711318981 0.6858804225921632 0.078689370304346098 0.95861870050430309 0.77003204822540294 0.77849927544593822 0.4110130518674851 0.35493414103984838 0.4463601559400559 0.75490951538085949 0.2788888961076737 0.26794873178005224 0.28445006906986242
decision_type=2 2 2 2 2 2 2 2 2 2 2 2 2 2 2 2 2 2 2 2 2 2 2 2 2 2 2 2 2 2
left_child=11 2 4 -4 5 6 -2 9 -9 -5 -6 12 19 14 29 16 -15 -17 -16 -1 -7 25 23 24 -23 26 28 -28 -13 -14
right_child=1 -3 3 7 10 20 -8 8 -10 -11 -12 21 13 15 18 17 -18 -19 -20 -21 -22 22 -24 -25 -26 -27 27 -29 -30 -31
leaf_value=-0.022787126377526473 0.0081185730637758965 0.031343833464732726 -0.11869765611549728 0.0035477213784555033 0.03000047702380353 -0.061462010376848467 0.20354120402261106 -4.8929208550562214e-05 0.064710149657797977 -0.10988726803209958 0.12564969720763702 0.0092270599024997964 -6.8457737551200939e-05 0.003453757852170817 -0.013191210340233621 -0.054886262510342065 -0.10707955519613728 -0.0093536812024405825 0.0024402425578137939 0.0079938184385806108 0.051131550238082385 0.19791244157578083 0.03466712506419007 0.028787491365274906 2.1677778912712098 0.10350426423148661 -0.46579581845017926 -0.0037685754426004521 -0.2183864637755599 0.19494401393020572
leaf_weight=170.43111358721671 74.526518151164964 338.0477218351607 64.722567159735263 31.647422964950238 295.9727042468603 76.471489354968071 8.5738807469606382 1219.7638855578416 73.150941433152184 31.204922819277272 20.333045958948787 94.493364503767225 4.0320860965557612 1618.1755568415479 918.93676430441064 424.14053896423684 85.780241963982462 600.7663389673653 3430.6425424580812 1955.6713431819371 11.719238340854643 4.8220978832105157 84.156278486136216 3.2376483124098741 0.39585072655609099 13.941655535949392 2.6033259006217113 4.3871802359353751 3.3335748566314569 17.535045902555794
leaf_count=16084 308 17418 9380 3132 14686 275 21 119112 8954 218 411 6142 36 112925 532523 53773 53277 38522 60184 321603 30 155 5057 200 129 1047 39 175 36 758
internal_value=-0.000166311 0.00621243 0.00176001 -0.00445286 0.0198596 -0.0102205 0.0282813 0.00100104 0.00361503 -0.0527705 0.0361491 -0.00168446 -0.0022846 -0.0046236 -7.60011e-05 -0.011908 -0.00211069 -0.0281966 -0.000862219 0.00552638 -0.0465 0.0245109 0.052079 0.225374 0.347353 0.00301246 -0.0103538 -0.175832 0.00147085 0.158485
internal_weight=11683.6 2246.13 1908.09 1420.49 487.597 171.291 83.1004 1355.77 1292.91 62.8523 316.306 9437.48 9226.11 7100.01 4371.15 2728.86 1703.96 1024.91 4349.58 2126.1 88.1907 211.371 92.6119 8.4556 5.21795 118.759 104.817 6.99051 97.8269 21.5671
internal_count=1376610 173945 156527 140796 15731 634 329 131416 128066 3350 15097 1202665 1189685 851998 593501 258497 166202 92295 592707 337687 305 12980 5541 484 284 7439 6392 214 6178 794
is_linear=0
shrinkage=0.1


Tree=94
num_leaves=31
num_cat=0
split_feature=6 5 1 7 3 7 7 5 10 6 5 11 5 6 1 7 7 6 3 11 7 7 3 14 5 7 3 10 10 3
split_gain=8.13442 64.6917 29.5758 69.0963 52.7394 50.5205 25.9097 74.1413 42.1257 32.3929 36.1181 24.5264 24.1804 48.0661 23.9928 188.912 34.799 39.6714 32.4886 27.424 22.4344 27.283 29.8951 22.9119 20.7627 19.7485 17.657 76.16 387.551 17.544
threshold=0.89009663462638866 2.5000000000000004 1.0000000180025095e-35 0.47727273404598242 0.94804319739341747 0.58571431040763866 0.61250001192092907 5.5000000000000009 0.75490951538085949 0.75235849618911754 8.5000000000000018 0.43095238506793981 1.5000000000000002 0.92637759447097789 1.0000000180025095e-35 0.73214286565780651 0.43650794029235845 0.96225070953369152 0.20058823376894 0.45643940567970281 0.47727273404598242 0.27922078967094427 0.88454905152320873 0.54546290636062633 4.5000000000000009 0.38750000298023229 0.7370777726173402 0.66811594367027294 0.63182720541954052 0.25857770442962652
decision_type=2 2 2 2 2 2 2 2 2 2 2 2 2 2 2 2 2 2 2 2 2 2 2 2 2 2 2 2 2 2
left_child=1 20 6 -4 5 -5 9 8 -8 10 -3 -9 13 26 16 -16 18 -18 -15 -17 21 -1 23 -23 -6 -24 27 28 -2 -14
right_child=12 2 3 4 24 -7 7 11 -10 -11 -12 -13 29 14 15 19 17 -19 -20 -21 -22 22 25 -25 -26 -27 -28 -29 -30 -31
leaf_value=0.044645934196671851 0.21069668737527514 0.0333332592397989 -0.11416338964422075 0.00090157122513028214 -0.0041377468447331691 0.059734421679468519 -0.019907622033574934 -0.013380675530090378 0.067996254982992846 -0.010439953102513017 0.0014365591231525656 -0.051077685096630313 0.0017603592689521344 0.012261039301251265 -0.11411254857545719 -5.4006443909351983e-05 0.059359622188855432 0.010493574633089024 -0.024298023400443212 0.078611817513105933 -0.011025232778743243 0.38266414988363145 -0.31742738418724614 0.14114624056630259 0.02072115775184533 0.084802233170898689 0.030654619618999446 0.12484734837460698 5.5275328676679765 -0.023266692348406882
leaf_weight=71.851917757524461 0.96150890347871854 463.66012578372693 43.541064720187023 233.32488723964798 1109.9286645574939 389.79909850089643 93.023077232815922 309.36127436593597 131.70173994917423 1537.0097598913271 1514.884130697606 390.38632529159077 427.35658686753231 488.48260079783176 154.01585633000286 1377.4380874303197 208.98892955898009 810.22356192730786 483.84165088250938 45.788979705888778 30.166908144847184 4.3063281150698449 2.2162129112984976 44.699069993490411 481.84317053244558 2.7172054270486115 16.847137654892322 23.016497915668879 0.15989353522309102 812.86145137142375
leaf_count=7993 1840 94395 21528 53468 111789 22393 1472 4661 1339 239123 348829 3158 7150 6671 55800 130801 3733 18798 102010 8476 762 1738 156 1683 29339 61 5106 216 30 92118
internal_value=0.000537465 0.00275501 0.00127265 0.0105895 0.0130419 0.0377048 -0.0034664 -0.0183631 0.0316091 0.000450914 0.00891136 -0.0344117 -0.00259657 0.0015422 0.000305588 -0.00890794 0.00760245 0.0205135 -0.00593124 0.00247688 0.0664233 0.0849969 0.138748 0.16237 0.00338726 -0.0958892 0.10922 0.164055 0.96879 -0.0146428
internal_weight=11704.4 6854.42 6698.46 2258.44 2214.9 623.124 4440.03 924.472 224.725 3515.55 1978.54 699.748 4849.98 3609.76 3568.78 1577.24 1991.54 1019.21 972.324 1423.23 155.958 125.791 53.9388 49.0054 1591.77 4.93342 40.985 24.1379 1.1214 1240.22
internal_count=1376636 943887 931494 238517 216989 75861 692977 10630 2811 682347 443224 7819 432749 333481 326289 195077 131212 22531 108681 139277 12393 11631 3638 3421 141128 217 7192 2086 1870 99268
is_linear=0
shrinkage=0.1


Tree=95
num_leaves=31
num_cat=0
split_feature=4 3 3 9 11 4 10 10 9 11 10 6 14 11 14 7 1 6 2 4 2 4 2 7 7 10 3 7 6 10
split_gain=9.1906 14.8479 19.4309 12.6109 17.9419 28.1569 26.3829 9.43737 9.35172 8.99852 22.8427 12.6787 8.14633 7.79684 7.5566 16.0939 18.515 16.8448 47.8407 13.3276 21.6516 14.8028 12.6207 90.8668 76.6576 30.0751 27.2934 26.4369 83.4299 24.7544
threshold=0.079473681747913374 0.077325176447629942 0.13899821788072589 0.48017466068267828 0.27429467439651495 0.069265365600585951 0.83370700478553783 0.92549648880958568 0.25722640752792364 0.39696970582008367 0.95780044794082653 0.93142634630203258 0.52627873420715343 0.78019323945045482 0.46408674120903021 0.58571431040763866 1.0000000180025095e-35 0.86240702867507946 0.88548010587692272 0.99484536051750194 0.598850578069687 0.91366460919380199 0.44920890033245092 0.048809524625539787 0.15587044507265094 0.81266710162162792 0.55941176414489757 0.13809524476528171 0.80673459172248851 0.64414930343627941
decision_type=2 2 2 2 2 2 2 2 2 2 2 2 2 2 2 2 2 2 2 2 2 2 2 2 2 2 2 2 2 2
left_child=1 3 12 8 5 -5 -7 -4 -1 10 -6 -11 13 -3 15 16 19 18 -18 21 -21 -2 25 26 -25 -16 -24 -27 -29 -28
right_child=14 2 7 4 9 6 -8 -9 -10 11 -12 -13 -14 -15 22 -17 17 -19 -20 20 -22 -23 23 24 -26 27 29 28 -30 -31
leaf_value=0.22041786110639514 0.005912925158443735 -0.089439951415478697 -0.10745820800570548 -0.02557880052455291 -0.089518009855830027 0.23858266770070014 1.4134998672589705 0.15285878711918433 -0.096359618467391592 -0.015000329170022834 0.26252525303316354 0.052797723526929276 -0.1855887351607399 0.01928505642074612 -0.058106733948297101 0.025587743824035333 -0.031508803346658461 -0.10417982347388054 0.22676568191048788 -0.10327015436318632 0.097644125174302127 -0.054475052081675558 -0.0089824750068972451 -0.11087624915405819 0.00021348206113858912 -0.008458983688474149 -0.026017016179628091 -0.040071825954506847 0.15818955674179483 0.083554823960452107
leaf_weight=0.98068633383946036 1424.7690637755859 35.212653876404147 1.8553639359206489 6.347159851484319 22.574291621800516 5.6888568913491326 0.19776507676579047 5.5843755155801773 18.744428205332497 92.966359974932857 2.0069951154291621 39.21907652169466 6.9654140651691696 8.1158710606396181 114.43239413564879 363.87061967959744 117.72329306395477 26.027933478124396 7.6371683031320563 6.4467854091089967 31.927540226839483 41.782615276286379 50.309428957423734 62.62500969130906 7651.3943380589508 1187.7757404239965 22.944127269540331 47.22956360806711 38.548552705906332 203.40586377226282
leaf_count=19 323792 9131 446 1304 821 785 7 21 3349 795 5 161 68 43 140153 3124 2312 1129 30 475 409 442 6063 84676 738323 25450 28552 1086 602 2471
internal_value=0.000584125 -0.0185212 -0.0628984 -0.0049456 0.00388569 0.120523 0.278055 0.0879395 -0.0806102 -0.00521646 -0.0607746 0.00511518 -0.0852112 -0.0690747 0.000997209 0.00654484 0.00236136 -0.0309737 -0.0157743 0.00571471 0.0638911 0.00419245 -0.000197763 0.00133111 -0.000688382 -0.00899956 0.0576402 -0.00458714 0.0490265 0.072448
internal_weight=11645.3 246.459 57.7337 188.726 169.001 12.2338 5.88662 7.43974 19.7251 156.767 24.5813 132.185 50.2939 43.3285 11398.9 2020.19 1656.31 151.388 125.36 1504.93 38.3743 1466.55 9378.67 7990.68 7714.02 1387.99 276.659 1273.55 85.7781 226.35
internal_count=1376044 16955 9709 7246 3878 2096 792 467 3368 1782 826 956 9242 9174 1359089 331713 328589 3471 2342 325118 884 324234 1027376 860085 822999 167291 37086 27138 1688 31023
is_linear=0
shrinkage=0.1


Tree=96
num_leaves=31
num_cat=0
split_feature=4 3 7 4 14 5 6 5 12 6 6 3 10 9 9 5 6 6 5 6 10 9 2 12 10 10 3 2 12 6
split_gain=7.1282 22.8741 53.1004 21.073 17.1971 15.7524 15.5884 21.7844 11.8733 11.2561 36.191 22.7569 17.9419 12.7591 46.9816 11.5825 11.102 20.165 18.0747 27.4283 24.79 19.1562 17.0305 15.1917 12.6026 23.5026 12.2986 10.7127 21.5274 55.831
threshold=0.17192118614912036 0.28793938457965856 0.11805555596947671 0.10762548446655275 0.59794166684150707 31.500000000000004 0.55051019787788402 10.500000000000002 1.0000000180025095e-35 0.71563342213630687 0.86729559302330028 0.11131642386317255 0.8445824682712556 0.41797162592411047 0.41542178392410284 6.5000000000000009 0.7245689630508424 0.69604039192199718 3.5000000000000004 0.89699381589889537 0.91813588142395031 0.39293511211872106 0.097167581319808974 1.0000000180025095e-35 0.96984851360321056 0.8445824682712556 0.1169911064207554 0.15504807978868487 1.0000000180025095e-35 0.41486424207687383
decision_type=2 2 2 2 2 2 2 2 2 2 2 2 2 2 2 2 2 2 2 2 2 2 2 2 2 2 2 2 2 2
left_child=3 2 6 16 9 27 7 8 -2 13 11 -11 -12 14 -5 -15 17 22 24 21 -21 -20 23 -1 25 -18 -24 28 29 -3
right_child=1 5 -4 4 -6 -7 -8 -9 -10 10 12 -13 -14 15 -16 -17 18 -19 19 20 -22 -23 26 -25 -26 -27 -28 -29 -30 -31
leaf_value=-0.081314353627196856 0.35764969636378469 0.1575795491774348 0.23425109960919116 0.16403633988571389 -0.048837320958029201 -0.12997955941949779 -0.066300113779045336 -0.04093302836412363 0.080794798939571241 0.040773472732172272 0.081288461302228485 -0.070631307514953251 0.021182462993991184 0.17531435276425714 2.0182459946824651 0.041258164162307709 0.0089979420919640493 -0.095604302054031198 -0.12584985195118334 0.26129662631764045 -0.0036733907448321564 0.017660893097119851 0.11050167081110321 -0.0017968593189596903 0.020628166373655252 -0.03038048353265976 0.005557675274065154 2.207627569582404e-05 0.019829734957163014 1.4698044723061461
leaf_weight=38.268925124283669 1.9082386732993626 2.1606057843255244 6.8844827764842185 3.9877812298691415 30.062561385915615 9.3140037984358042 122.53926656234353 24.947204526670248 8.2297228368006472 26.54933622614044 72.016057202185038 59.270921258514136 160.00106134172529 6.830407138730151 0.14149908121908072 114.23994426520949 279.30678280645043 31.59564591824801 9.5036156417236253 8.6957326132105646 5.9447211548686019 436.76231850489785 16.422517165707177 64.554811801009237 142.79608248732984 331.39653984829783 34.895667471231718 9621.2169897973108 7.8796140888007358 0.38148214071952669
leaf_count=7253 146 144 26 965 183 3568 12658 1476 109 803 1631 1887 746 140 45 4039 9850 2009 2126 89 22 11281 641 7373 867 1358 1485 1303479 173 46
internal_value=0.000455052 -0.000624779 -0.0375994 0.00610741 0.0243538 6.13971e-06 -0.0494729 0.00929838 0.132906 0.0293202 0.0193162 -0.0361671 0.0398388 0.0547168 0.227575 0.0488212 -5.79236e-05 -0.022827 0.0034245 0.0190232 0.153706 0.0146047 -0.0079093 -0.0313917 -0.00611703 -0.0123707 0.0391412 0.000131839 0.101463 0.354501
internal_weight=11678.7 9805.46 164.509 1873.24 473.1 9640.95 157.624 35.0852 10.138 443.037 317.837 85.8203 232.017 125.2 4.12928 121.07 1400.14 185.738 1214.41 460.906 14.6405 446.266 154.142 102.824 753.499 610.703 51.3182 9631.64 10.4217 2.54209
internal_count=1376618 1321825 14415 54793 10439 1307410 14389 1731 255 10256 5067 2690 2377 5189 1010 4179 44354 18761 25593 13518 111 13407 16752 14626 12075 11208 2126 1303842 363 190
is_linear=0
shrinkage=0.1


Tree=97
num_leaves=31
num_cat=0
split_feature=10 9 10 6 6 11 2 11 6 2 7 6 7 3 2 1 7 4 7 2 3 4 9 6 11 10 10 11 11 6
split_gain=10.5654 25.5444 88.1005 33.0285 32.9349 28.0891 22.4608 20.86 15.3069 22.4479 71.6178 55.4254 46.5418 43.736 37.1404 19.4145 48.1313 74.0407 25.6283 32.7533 28.9971 18.8323 13.272 17.6915 16.4947 11.84 12.6892 9.25512 14.5097 7.9612
threshold=0.75490951538085949 0.25722640752792364 0.45954339206218725 0.88303694128990184 0.88516482710838329 0.35857143998146063 0.61620295047760021 0.13423423469066623 0.89009663462638866 0.72834226489067089 0.42261904478073126 0.99137932062149059 0.10555555671453477 0.86702898144721996 0.36032786965370184 1.0000000180025095e-35 0.47727273404598242 0.94312667846679699 0.73214286565780651 0.90054944157600414 0.90501254796981823 0.95713412761688244 0.50753843784332286 0.86729559302330028 0.21132376790046695 0.43085423111915594 0.43368163704872137 0.061553031206130988 0.077935222536325469 0.36032786965370184
decision_type=2 2 2 2 2 2 2 2 2 2 2 2 2 2 2 2 2 2 2 2 2 2 2 2 2 2 2 2 2 2
left_child=1 -1 25 22 6 -6 -5 29 15 10 14 12 -11 -12 -10 18 -17 -18 20 -20 -9 -13 24 -24 -4 27 -27 -3 -29 -2
right_child=7 2 3 4 5 -7 -8 8 9 11 13 21 -14 -15 -16 16 17 -19 19 -21 -22 -23 23 -25 -26 26 -28 28 -30 -31
leaf_value=0.00019416862392331036 0.30812231817880414 -0.096043566924186169 -0.025676530747139416 0.41960806756543961 -0.00079375940234809527 0.076396837766427528 -0.0096969947678963199 0.0026798687498643466 0.0029932745789078858 0.089926264878383955 0.065616186473380522 3.705840355670352e-05 -0.037010564734284067 -0.059575569512694104 -0.039464890265399614 -0.16051960374507915 0.089099506292987851 0.0089331766979015015 -0.034292540998370848 0.043880826593276787 0.047637569999220197 0.048276138935436072 -0.031016760271066091 -0.11308179689385658 0.045786122548824831 -0.21416622245495459 -0.079154413393943593 0.14262970485575469 -0.076810589832765064 0.062647013626793868
leaf_weight=3393.8068036679315 1.3626606900361355 72.733672844749663 97.469125950023226 3.2687445161791393 471.55101749038295 52.378477857098915 1.9431558043797847 3135.3858963033126 845.47122678346932 30.154908388969488 232.1500043948181 238.82041057257447 685.73150792741217 31.717963021132164 272.40860469522886 14.838281956501303 135.7578950568568 761.13734733290039 339.91690698382445 63.629442984238267 150.34435985935852 122.41094550024718 294.11446296330178 28.84569292499873 48.306330028288357 16.202128070399571 12.205447969884515 4.4205437018790681 9.4645561321940459 43.404816430498613
leaf_count=66073 30 783183 103677 693 73351 1332 122 54177 7560 697 1168 2938 5616 1099 5638 126 1417 7239 2802 675 1346 11771 86376 3801 6409 9307 85701 14463 36699 524
internal_value=-0.000329664 -0.00411708 -0.0172643 -0.00771168 0.00941147 0.00692317 0.25955 0.00207282 0.00164133 -0.00472815 0.00370786 -0.01555 -0.0316637 0.0505676 -0.00735307 0.0050453 0.0181122 0.0210675 0.00181606 -0.0219665 0.00473699 0.0163839 -0.0270415 -0.0383465 -0.0019956 -0.100135 -0.156158 -0.0817615 -0.00694826 0.0701189
internal_weight=11611.4 4506.71 1112.9 997.877 529.141 523.929 5.2119 7104.64 7059.88 2458.87 1381.75 1077.12 715.886 263.868 1117.88 4601.01 911.734 896.895 3689.28 403.546 3285.73 361.231 468.736 322.96 145.775 115.026 28.4076 86.6188 13.8851 44.7675
internal_count=1376010 1271187 1205114 275761 75498 74683 815 104823 104269 36487 15465 21022 6313 2267 13198 67782 8782 8656 59000 3477 55523 14709 200263 90177 110086 929353 95008 834345 51162 554
is_linear=0
shrinkage=0.1


Tree=98
num_leaves=31
num_cat=0
split_feature=4 5 6 2 11 3 6 4 3 5 1 2 4 6 4 11 5 4 11 11 6 3 11 4 11 3 8 5 10 2
split_gain=8.51667 8.1627 15.1806 15.0622 14.6303 10.0554 9.51118 20.5805 17.2111 16.8269 57.1085 92.5833 30.6964 24.505 31.4197 14.6122 10.961 7.55712 7.27589 12.534 6.87224 14.1541 12.0056 6.0307 7.3194 6.01851 5.21588 4.69723 4.35072 3.24326
threshold=0.043961353600025184 23.500000000000004 0.23861283808946612 0.19139194488525393 0.58578431606292736 0.30774615705013281 0.6195238232612611 0.098563045263290419 0.11131642386317255 5.5000000000000009 1.0000000180025095e-35 0.76506900787353527 0.13446328043937686 0.77459675073623668 0.90070420503616344 0.76696833968162548 13.500000000000002 0.19433516263961795 0.28801843523979193 0.2788888961076737 0.31957446038722997 0.38876262307167059 0.73030304908752453 0.19433516263961795 0.52786380052566539 0.13899821788072589 1.0000000180025095e-35 1.0000000180025095e-35 0.87895438075065624 0.38148742914199835
decision_type=2 2 2 2 2 2 2 2 2 2 2 2 2 2 2 2 2 2 2 2 2 2 2 2 2 2 2 2 2 2
left_child=27 6 4 26 23 -6 7 18 28 13 12 -12 -11 14 -8 -15 -10 -7 19 -2 21 -5 -22 24 -3 -20 -4 -1 -9 -25
right_child=1 2 3 20 5 17 9 8 16 10 11 -13 -14 15 -16 -17 -18 -19 25 -21 22 -23 -24 29 -26 -27 -28 -29 -30 -31
leaf_value=0.11161740131710705 -0.033899656117262193 0.023733348845084996 -0.14914176164817708 0.067252505324201878 0.19716810527968887 -0.051717369438172768 0.057500498919405334 0.38344889526857256 0.018179280246528987 0.0076239950331340517 -0.12469886466045813 0.03479852595129667 -0.024242477685090039 -0.0013492925725575324 0.0045794073877916492 0.013781295891041623 -0.00014551529633965009 0.080405408125012026 -0.09276524282281251 0.31354765251255123 -0.035120068265309425 -0.06640965286548603 -0.18792529257452442 -0.11693869435024865 -0.16792699767969366 -0.0093270924118275707 -0.4832550820334629 -0.12048492587757498 0.15115940664545768 -0.60828480604526813
leaf_weight=0.97498373127723326 4.2157178340194141 11.791703683474227 10.205732394275397 14.91620903211515 4.9937414862215546 6.3374345973134067 172.70511172127317 1.1955743745002103 730.7003083209529 391.98554100803176 39.611940945830611 447.946305850307 1321.000139651238 6688.9129288848253 320.16057483037548 705.59781825006939 589.95812140198086 13.661111292429267 31.088012445470667 1.3775472659181103 21.641113892585057 16.897337157516631 6.7440472056623539 5.8710604244770357 2.3977252091281107 11.974839474074541 0.48965767025947649 8.2495600719942086 2.4764745477586985 0.13748642951213685
leaf_count=5 5481 967 1321 792 20 39 24161 89 117631 16687 7921 29337 257474 691450 44540 14145 138128 53 1568 100 14365 4287 90 1870 17 201 3 3264 8 7
internal_value=9.52891e-05 0.00017182 -0.0262122 -0.0550841 0.0190817 0.0702328 0.000439057 0.0082477 0.0105944 -0.000623715 -0.00835589 0.0218401 -0.0169504 0.00153353 0.0231235 9.4496e-05 0.00999332 0.0385364 -0.0556263 0.051672 -0.0356554 -0.00374035 -0.0714252 -0.0442109 -0.00865336 -0.0695629 -0.164438 -0.095953 0.22679 -0.128182
internal_weight=11586.2 11577 116.084 70.8941 45.1903 24.9923 11460.9 1372.99 1324.33 10087.9 2200.54 487.558 1712.99 7887.38 492.866 7394.51 1320.66 19.9985 48.6561 5.59327 60.1987 31.8135 28.3852 20.198 14.1894 43.0629 10.6954 9.22454 3.67205 6.00855
internal_count=1376021 1372752 23831 20858 2973 112 1348921 263206 255856 1085715 311419 37258 274161 774296 68701 705595 255759 92 7350 5581 19534 5079 14455 2861 984 1769 1324 3269 97 1877
is_linear=0
shrinkage=0.1


Tree=99
num_leaves=31
num_cat=0
split_feature=4 3 9 11 11 4 5 6 10 6 4 2 7 7 10 7 6 6 3 10 3 4 6 6 6 5 2 5 2 10
split_gain=7.14074 17.7578 16.2457 12.8564 13.1096 15.9915 8.92541 23.1072 9.40919 15.9013 8.86322 22.6413 69.412 72.7773 42.4118 26.5106 64.4391 47.2195 22.8513 19.1119 17.1888 14.9119 15.7586 18.7979 24.1142 16.4266 15.3379 15.3258 13.5822 23.7026
threshold=0.0745370388031006 0.069098144769668593 0.77563387155532848 0.54006412625312816 0.39696970582008367 0.057556936517357833 3.5000000000000004 0.8989795744419099 0.88944444060325634 0.89528506994247448 0.13446328043937686 0.44920890033245092 0.048809524625539787 0.15587044507265094 0.83370700478553783 0.13809524476528171 0.80673459172248851 0.66954022645950328 0.47100840508937841 0.75490951538085949 0.58480769395828258 0.11566332355141641 0.71563342213630687 0.87138131260871898 0.91458967328071605 6.5000000000000009 0.1085995100438595 3.5000000000000004 0.19139194488525393 0.49189095199108129
decision_type=2 2 2 2 2 2 2 2 2 2 2 2 2 2 2 2 2 2 2 2 2 2 2 2 2 2 2 2 2 2
left_child=1 2 3 4 -1 -6 7 8 9 -3 21 14 18 -14 28 17 -17 -16 -13 -20 -15 -2 25 27 -25 -23 -27 -24 29 -12
right_child=10 6 -4 -5 5 -7 -8 -9 -10 -11 11 12 13 20 15 16 -18 -19 19 -21 -22 22 23 24 -26 26 -28 -29 -30 -31
leaf_value=-0.057576816960170508 0.0040763188547010025 0.68243989506039193 0.046328179313325717 -0.13985655060111374 -0.10208590909309148 0.1105637814416892 -0.088210012729276158 -0.067057126238536324 0.047560027116077035 0.14207406554724469 0.4662727185780467 -0.10441703908780441 -0.10477738643734998 0.053195557319559432 0.0079047256873280864 -0.029320632955508765 0.14967609576332683 -0.044885421902990046 0.0047210515289793321 0.070346549483932083 -6.8190400035097803e-05 0.32562168422705118 0.16846300581915702 0.10964941669572457 0.0020553538236244054 0.30443541709429767 0.055187729635583507 -0.081131062352342367 -0.067172313541847564 -0.016337990911268297
leaf_weight=24.565205876263235 1393.4052291067965 0.74986941718089206 51.086937598622171 9.2648480013012868 4.8053325766231874 13.391824387246743 41.87649401247586 20.399533456949939 3.8514193668961525 1.9891421199718025 1.0421417700379141 9.1634876533016705 66.41110591134202 61.027765152632128 495.20717676484492 45.457785707898438 36.07152168545872 257.56980562198441 56.541320711753542 206.27288341219537 8395.1522809555099 2.6204195090504063 2.727793871585166 30.777751609104598 64.45036402768892 2.6091038130689403 45.947232832888403 25.070158319782422 169.04424499170113 43.314855675023864
leaf_count=3110 34312 23 275 69 81 96 9761 306 16 56 1608 3311 146183 75072 10637 962 512 11533 34104 3370 737812 36 24 306 641 18 1502 929 295618 3426
internal_value=0.00023635 -0.0199884 0.00627191 -0.0330604 -0.0099221 0.0544093 -0.0593081 -0.0144652 0.148324 0.290012 0.000541197 -0.000571113 0.00108433 -0.000502716 -0.0144671 -0.00429154 0.049874 -0.0101579 0.0508155 0.056228 0.000316211 0.00752487 0.035109 0.0157104 0.0368298 0.081742 0.0685807 -0.0566386 -0.0542492 -0.00499933
internal_weight=11581.9 171.981 103.114 52.0272 42.7624 18.1972 68.8665 26.99 6.59043 2.73901 11409.9 9842.28 8794.57 8522.59 1047.71 834.306 81.5293 752.777 271.978 262.814 8456.18 1567.61 174.203 123.026 95.2281 51.1768 48.5563 27.798 213.401 44.357
internal_count=1375709 13793 3631 3356 3287 177 10162 401 95 79 1361916 1324148 999852 959067 324296 23644 1474 22170 40785 37474 812884 37768 3456 1900 947 1556 1520 953 300652 5034
is_linear=0
shrinkage=0.1


Tree=100
num_leaves=31
num_cat=0
split_feature=6 6 14 10 9 2 3 7 4 10 4 10 3 4 10 2 4 3 3 6 11 7 4 3 1 7 2 9 11 10
split_gain=8.57719 30.6953 31.1419 21.5497 65.0955 19.4887 35.4676 20.77 39.4039 22.1945 18.7941 17.4025 38.6157 861.721 15.6962 15.1516 14.95 19.3355 14.5606 14.5307 13.875 12.463 27.2605 23.3375 20.6246 11.6294 11.1559 11.0419 27.229 31.2938
threshold=0.97530490159988414 0.96720427274703991 0.67241936922073375 0.47767236828804022 0.30517394840717321 0.81530213356018078 0.82750278711318981 0.58571431040763866 0.89825496077537548 0.95013812184333812 0.083920188248157515 0.48292520642280584 0.92334401607513439 0.96824595332145702 0.96984851360321056 0.7577352523803712 0.75147059559822094 0.68808317184448253 0.10627451166510583 0.97700846195220958 0.12060606107115747 0.31666667759418493 0.62563130259513866 0.51548427343368541 1.0000000180025095e-35 0.18465909361839297 0.44327485561370855 0.88991525769233715 0.57518798112869274 0.93764951825141918
decision_type=2 2 2 2 2 2 2 2 2 2 2 2 2 2 2 2 2 2 2 2 2 2 2 2 2 2 2 2 2 2
left_child=1 27 10 4 16 6 15 9 -9 -7 -3 12 13 -5 18 -4 17 -2 -12 -18 -6 22 25 -23 -25 -13 -24 28 -1 -30
right_child=3 2 5 11 20 7 -8 8 -10 -11 14 21 -14 -15 -16 -17 19 -19 -20 -21 -22 23 26 24 -26 -27 -28 -29 29 -31
leaf_value=-0.00097165182717341811 -0.042792447636340207 -0.15331277258530962 -0.06215162865143449 -0.10013335599052742 -0.14118076266715371 -0.11707151346354605 0.06466137514420825 -0.23368897901373897 -0.059467845798390012 0.11695077965802624 -0.03499417394907102 0.0037019773610435036 0.17802105932620849 30.511380581728805 0.068671553947156697 -0.24115380629281935 0.2603193465914232 0.26885308845577671 0.029103944561724871 0.00087211605156048465 0.041645729342280891 0.52621065080439766 0.24758416152769191 0.037513995759799496 0.0022360318696143145 0.14784874691480973 -0.13177166379306432 -0.0058387951749122816 0.03025294187950657 -0.00061999802747599595
leaf_weight=5187.6372174101452 3.4509182064462021 8.1469328177627158 37.373923062463291 0.14915543394454234 39.093738531426425 8.5288437010531215 25.244968879589578 22.95218516695968 29.884956892050468 7.7215635776519767 94.863859511828196 217.81054259306256 2.4129850659664953 0.0098001714795827866 29.511032696813345 5.413668386754579 2.1617717490771602 4.7053083335831616 56.575324473255023 1508.5701079623145 4.6441422026018691 0.92357438078033638 0.80881707328080921 408.23477459752758 278.96630782559805 5.7445001179657984 18.648751553388138 2252.7078109234571 670.90141505119391 642.98555526300333
leaf_count=1085832 3224 154 349 537 163244 80 171 158 766 40 1860 7541 841 1 189 56 9 661 12926 28938 982 15 22 7267 22895 590 718 24880 5545 6433
internal_value=0.000499523 -0.000927649 -0.0310465 0.00569088 -0.00149115 -0.0673301 -0.0293389 -0.104741 -0.135149 -0.00587319 -0.00473607 0.0177105 0.277473 1.78717 0.00195331 -0.0847997 0.00197234 0.136995 -0.0110481 0.00124337 -0.121768 0.016993 -0.0024751 0.0238682 0.0231931 0.00740599 -0.116003 0.000194696 0.00228524 0.0151444
internal_weight=11576.8 9080.45 326.217 2496.34 1562.63 137.12 68.0326 69.0875 52.8371 16.2504 189.097 933.709 2.57194 0.158956 180.95 42.7876 1518.89 8.15623 151.439 1510.73 43.7379 931.137 243.013 688.125 687.201 223.555 19.4576 8754.23 6501.52 1313.89
internal_count=1376924 1139439 16749 237485 197058 1620 576 1044 924 120 15129 40427 1379 538 14975 405 32832 3885 14786 28947 164226 39048 8871 30177 30162 8131 740 1122690 1097810 11978
is_linear=0
shrinkage=0.1


Tree=101
num_leaves=31
num_cat=0
split_feature=7 2 3 3 7 7 5 2 3 6 6 5 6 3 3 11 3 7 1 6 2 3 6 3 6 5 14 2 11 3
split_gain=9.75927 42.3448 83.8014 53.0583 48.0583 41.4193 36.7883 33.4497 37.0776 34.5179 26.9058 23.7398 24.1554 23.4755 23.0561 21.3583 20.606 20.1485 71.8779 24.1374 20.8428 60.3029 52.1594 20.0361 19.8069 29.6542 19.6898 19.5305 17.9799 17.5352
threshold=0.31666667759418493 0.66996699571609508 0.77807807922363292 0.88748916983604442 0.47727273404598242 0.27922078967094427 1.5000000000000002 0.63702240586280834 0.85432928800582897 0.93813776969909679 0.66431924700737011 8.5000000000000018 0.85239651799201976 0.61930641531944286 0.74439030885696422 0.10762548446655275 0.87533783912658703 0.4083333313465119 1.0000000180025095e-35 0.89528506994247448 0.71209660172462474 0.82381290197372448 0.77871939539909374 0.62515822052955639 0.9529346525669099 1.0000000180025095e-35 0.55864936113357555 0.6569296419620515 0.85092595219612133 0.6911335587501527
decision_type=2 2 2 2 2 2 2 2 2 2 2 2 2 2 2 2 2 2 2 2 2 2 2 2 2 2 2 2 2 2
left_child=5 3 6 4 13 7 24 8 15 16 -6 12 27 26 -15 -1 -9 18 19 -4 22 -22 -19 -17 29 -26 -2 -5 -18 -3
right_child=1 2 17 11 10 -7 -8 9 -10 -11 -12 -13 -14 14 -16 23 28 20 -20 -21 21 -23 -24 -25 25 -27 -28 -29 -30 -31
leaf_value=-0.077693660350194871 0.19070291248420407 0.27086349655361081 0.056099171722766565 -0.13155665338774269 -0.024580285397221728 -0.077109828568112479 -0.087867394159494253 0.050296206551338429 -0.065345065167733099 -0.047084198082355533 0.06928025453909438 0.0065576932044689555 0.0014232482235867793 -0.033341386732524313 0.029207080688885181 -0.0054490156003669538 -0.03388126762486067 -0.018238928732122121 -0.11391510595829504 0.0076394521723303979 -0.052284672725924047 -0.00059201278814016939 0.067563057753218747 0.050183761032651986 0.012526585440648236 -0.11623662087866314 0.036973276410084736 -0.0071601883636649433 -0.56919151331794204 0.032004642407282763
leaf_weight=40.055132245370714 9.887752573494252 3.5730923360386013 211.26553470531553 42.438908752332736 33.675660301681091 79.448967408315639 158.43683547564569 240.53357082708408 106.15541638237391 52.567780069950004 328.0734349565173 181.12426071530081 46.327817313562264 142.16733548376851 100.65745461700999 2801.3482971526159 22.255727591000326 140.03476937193591 36.491793786377912 200.17221118236921 234.61899874108349 5918.9502506122008 143.40397355546975 66.26818178027861 47.090733265333029 28.838845826860052 52.93758459318633 17.963344447822237 0.64564667397644271 21.979777277168068
leaf_count=331282 8931 185 10026 2972 2580 29160 16030 43199 174735 11493 10399 13937 3075 26050 24998 171522 6175 6602 27388 10559 9076 413001 3471 2078 7382 1986 790 4252 58 2919
internal_value=-0.00126432 0.00062484 -0.00201889 0.0203987 0.0358766 -0.00575277 -0.0577579 -0.00405021 -0.00729563 0.0269025 0.0605427 -0.0154872 -0.052898 0.00668331 -0.00741335 -0.00517632 0.0416664 8.53626e-05 0.0205927 0.0325226 -0.00134167 -0.00256291 0.025172 -0.00416339 -0.0107503 -0.036379 0.061168 -0.0945617 -0.048973 0.0654046
internal_weight=11509.4 8100.11 7144.86 955.254 667.399 3409.28 259.919 3329.83 3013.83 316.003 361.749 287.854 106.73 305.65 242.825 2907.67 263.435 6884.94 447.93 411.438 6437.01 6153.57 283.439 2867.62 101.482 75.9296 62.8253 60.4023 22.9014 25.5529
internal_count=1376311 606609 508625 97984 73748 769702 28502 740542 679617 60925 12979 24236 10299 60769 51048 504882 49432 480123 47973 20585 432150 422077 10073 173600 12472 9368 9721 7224 6233 3104
is_linear=0
shrinkage=0.1


Tree=102
num_leaves=31
num_cat=0
split_feature=3 2 4 4 5 14 2 4 14 2 4 4 2 3 3 4 5 11 10 3 4 3 11 5 9 5 3 5 5 4
split_gain=10.4471 37.0255 90.6778 29.9484 31.9674 27.7461 23.9463 37.6049 34.2569 92.0862 151.155 102.439 27.8677 50.8559 35.9556 31.6224 24.3327 21.0953 20.3614 20.4951 18.7947 18.5172 16.3401 15.8427 15.5882 16.692 16.192 17.5236 15.3166 26.813
threshold=0.76028168201446544 0.62258651852607738 0.71516755223274242 0.52223318815231334 1.5000000000000002 0.77176257967948925 0.57735043764114391 0.68908989429473888 0.42750124633312231 0.58102023601531994 0.57919329404830944 0.6832355558872224 0.74862638115882885 0.85432928800582897 0.88748916983604442 0.90521115064620983 4.5000000000000009 0.41277891397476202 0.59399941563606273 0.56691542267799389 0.88493064045906078 0.91695404052734386 0.32071428000926977 2.5000000000000004 0.86558434367179882 7.5000000000000009 0.82286068797111522 8.5000000000000018 8.5000000000000018 0.99484536051750194
decision_type=2 2 2 2 2 2 2 2 2 2 2 2 2 2 2 2 2 2 2 2 2 2 2 2 2 2 2 2 2 2
left_child=1 2 5 -3 -5 18 24 8 9 10 -8 -11 13 16 20 -16 -9 23 22 -20 -14 -15 -1 -10 25 -2 -27 -28 -4 -30
right_child=6 3 28 4 -6 -7 7 12 17 11 -12 -13 14 21 15 -17 -18 -19 19 -21 -22 -23 -24 -25 -26 26 27 -29 29 -31
leaf_value=-0.059568286323580216 0.0085744816137720888 0.10196424282830391 0.092081909970151726 -0.00056717879469114015 -0.056977195130388437 -0.066336333598485897 8.9391540516756987 0.06204625271259559 0.066127415777641516 0.19768732768726527 -0.10020711596370301 4.0144065993593925 -0.0072678219728470389 0.0085719852343528243 0.044609554263556235 0.0013594064316184071 0.0085914807717479332 0.089136572646438691 -0.0037720687066297508 0.032622710453640041 -0.032905507995050369 -0.03025108365599213 0.52833475928626328 -0.060281504128421953 0.0048095056220119137 0.091823280348734451 -0.1831634414947233 -0.062214653316470164 -0.12851852532281646 0.39963579297337493
leaf_weight=71.173371964289345 36.953618553132173 16.169582648224832 115.68508298925644 157.13398253485047 278.5375036038929 70.845201789168641 0.03318837919596207 269.33709433768968 18.02652902362297 1.983861538465135 0.041795275232288986 0.072905447217635699 849.27129090727567 660.66038713288526 175.06294881183476 4923.4374209584075 124.5283923264783 63.994441848713905 2710.1063832873515 164.09828790524625 431.08483673491764 150.92130205010221 0.4759249059134153 22.032242457295069 81.703392864321359 5.9228210987948833 13.793475421945912 91.061550540696999 6.6876964683092401 1.1225685648223587
leaf_count=412819 7832 1132 9456 18201 51533 472 22 7212 8771 533 24 18 71040 57314 12284 365678 9221 1122 109017 6068 19437 6269 167 18735 924 1311 6909 171326 1554 226
internal_value=-0.0004339 -0.00490704 -0.00105585 -0.031672 -0.0366317 -0.00449406 0.00159487 0.00254462 0.0616424 0.45847 3.90069 0.332977 0.00171722 0.0156613 -0.000917874 0.00284445 0.0451455 0.0535126 -0.0030068 -0.00169416 -0.0158998 0.00135247 -0.0556632 -0.00339723 -0.0302402 -0.0496246 -0.0690388 -0.0781252 0.0829313 -0.052607
internal_weight=11512 3592.04 3140.19 451.841 435.671 3016.7 7919.92 7690.49 106.185 2.13175 0.0749837 2.05677 7584.3 1205.45 6378.86 5098.5 393.865 104.053 2945.85 2874.2 1280.36 811.582 71.6493 40.0588 229.435 147.731 110.778 104.855 123.495 7.81027
internal_count=1376627 610645 539779 70866 69734 528543 765982 577680 29225 597 46 551 548455 80016 468439 377962 16433 28628 528071 115085 90477 63583 412986 27506 188302 187378 179546 178235 11236 1780
is_linear=0
shrinkage=0.1


Tree=103
num_leaves=31
num_cat=0
split_feature=6 7 2 3 3 2 2 9 7 4 3 6 7 7 6 10 10 6 2 6 2 7 1 10 4 5 3 10 14 14
split_gain=10.3274 18.5191 43.0186 75.8737 52.9507 37.9512 51.9098 42.6676 36.7835 40.1518 39.033 31.234 30.2102 28.139 33.3651 27.2651 24.0513 20.6619 19.2248 18.9148 18.2184 17.9906 58.1989 20.0261 13.2972 24.1781 52.7529 12.7275 14.5724 12.5894
threshold=0.47114317119121557 0.31666667759418493 0.66996699571609508 0.78765246272087108 0.91325253248214733 0.15504807978868487 0.62563130259513866 1.0000000180025095e-35 0.47727273404598242 0.87585616111755382 0.83373981714248668 0.79361054301261913 0.43650794029235845 0.074175827205181136 0.92940199375152599 0.75490951538085949 0.80276900529861461 0.75235849618911754 0.63702240586280834 0.53681120276451122 0.57735043764114391 0.4083333313465119 1.0000000180025095e-35 0.99790793657302868 0.20942982286214831 14.500000000000002 0.85432928800582897 0.93156540393829357 0.50227507948875438 0.64815273880958568
decision_type=2 2 2 2 2 2 2 2 2 2 2 2 2 2 2 2 2 2 2 2 2 2 2 2 2 2 2 2 2 2
left_child=24 5 4 12 8 19 7 20 9 -3 -10 -6 17 15 -15 -8 -9 -4 -13 -2 -7 22 -5 -23 29 26 27 28 -26 -1
right_child=1 2 3 21 11 6 13 16 10 -11 -12 18 -14 14 -16 -17 -18 -19 -20 -21 -22 23 -24 -25 25 -27 -28 -29 -30 -31
leaf_value=0.00047639615390534346 -0.10792949907782141 -0.0044923126710534325 0.065063920975281617 0.031099786349695641 -0.1476157384329162 -0.10009202825018609 -0.019957359360250265 -0.071066883844747505 0.072410345056681369 0.15148880211936919 0.010074622765611356 0.035167108160485447 -0.088431872283412635 0.0087352435502604936 -0.081724935274003235 0.077583586730187698 -0.025074894572728185 -0.037023085712916196 -0.09451871160030452 0.0024620094688547634 -0.33850711005293316 -0.0013633319241545348 -0.10779232356217823 0.036152972904764456 -0.01540762272473839 0.0055254660762027938 -0.0096443058629388113 0.086815005795312566 0.21035998854643775 -0.073309649876620642
leaf_weight=153.49621332142442 15.665355117499528 288.03824201769385 22.672038124486789 398.65728447953779 25.289591517371264 6.5715179457329196 42.041176564846864 135.93305591898866 276.16150628998639 17.505919649684984 157.87908672606136 32.008128571482303 123.2051173487655 187.13765355110422 52.131958164534808 90.01652782165911 695.29114367539296 157.92058449848969 17.78074086219749 1688.5651675602212 6.2566571547067724 6262.2717153101039 32.638894881933538 145.59219616057817 3.3471080368854045 289.50413846909964 62.927596755549757 47.738936393056065 19.603188561537536 27.224935595411807
leaf_count=10270 3105 57471 2635 19617 1443 13992 25955 522160 8187 1818 11828 2266 6314 38289 9762 1794 28333 22835 774 43436 2290 419456 26282 11093 1781 70498 11283 264 947 152
internal_value=-0.000662108 -0.00136876 0.00113056 -0.0013525 0.022902 -0.00818084 -0.0216816 -0.0353892 0.0310249 0.00444451 0.0497362 -0.0571152 -0.0502533 0.00947678 -0.0109742 0.046531 -0.0325961 -0.0242068 -0.0111467 0.00144729 -0.216374 0.000819687 0.0205889 -0.000510929 0.0120671 0.0217653 0.0569518 0.116236 0.177434 -0.0106392
internal_weight=11481.1 10877.2 7957.62 7142.96 814.663 2919.61 1215.38 844.052 739.585 305.544 434.041 75.0785 303.798 371.327 239.27 132.058 831.224 180.593 49.7889 1704.23 12.8282 6839.16 431.296 6407.86 603.842 423.121 133.617 70.6892 22.9503 180.721
internal_count=1376330 1281135 592019 508232 83787 689116 642575 566775 79304 59289 20015 4483 31784 75800 48051 27749 550493 25470 3040 46541 16282 476448 45899 430549 95195 84773 14275 2992 2728 10422
is_linear=0
shrinkage=0.1


Tree=104
num_leaves=31
num_cat=0
split_feature=14 14 7 5 4 2 6 2 4 4 6 6 10 5 6 4 2 6 2 14 6 5 7 7 2 3 7 2 1 7
split_gain=7.81606 30.3627 15.7785 15.9316 22.0441 55.666 17.1401 14.6372 14.4851 14.571 24.7119 19.3621 34.4763 17.4264 13.1053 25.1998 19.1285 34.9979 15.4877 14.5317 12.2714 28.6929 19.0092 23.3371 23.1203 68.5405 21.3906 13.4527 12.366 41.2145
threshold=0.42463749647140508 0.42750124633312231 0.76388889551162731 7.5000000000000009 0.57919329404830944 0.57735043764114391 0.53681120276451122 0.82807883620262157 0.079473681747913374 0.083920188248157515 0.94665718078613292 0.84409722685813915 0.67912882566452037 7.5000000000000009 0.96922349929809581 0.87007671594619762 0.80982521176338207 0.78153410553932201 0.74862638115882885 0.36516676843166357 0.84262126684188854 2.5000000000000004 0.31666667759418493 0.26136364042758947 0.71209660172462474 0.83047896623611461 0.42261904478073126 0.90366768836975109 1.0000000180025095e-35 0.47727273404598242
decision_type=2 2 2 2 2 2 2 2 2 2 2 2 2 2 2 2 2 2 2 2 2 2 2 2 2 2 2 2 2 2
left_child=8 2 3 6 5 -5 -2 -6 -1 10 11 13 -13 -10 16 19 18 -18 -11 -16 21 -3 23 27 26 -26 -24 -22 -23 -30
right_child=1 20 -4 4 7 -7 -8 -9 9 14 -12 12 -14 -15 15 -17 17 -19 -20 -21 22 28 24 -25 25 -27 -28 -29 29 -31
leaf_value=-0.025193255280024304 0.6343907810736179 0.10873031813959957 0.50890600946266618 -0.077084312084335554 -0.082979835267979168 -0.63755958674840163 -0.02041795314659052 0.20739314667956987 -0.12506528723831301 0.0024313338875437398 -0.06082352138482864 0.425552302417814 0.098804658042928303 0.070118168931131306 -0.0022988574665171535 0.26116968729699463 0.21333510351380652 0.012682661447837324 -0.056135348248266652 0.057782525460043602 -0.013487931449784336 -0.0017985444177562764 -0.01180076223128828 -0.096283355774373289 -0.048361711824908504 -0.00058077843623155218 0.030868068459619605 -0.16024344370107657 -0.12063771845076217 0.01089862599821689
leaf_weight=127.68359620782849 0.40422690252398652 25.246749866587379 0.48415207490324874 5.8005836593406439 40.469750589610157 2.5515404533798574 36.063806581023073 1.8137862179428328 6.3522405559397184 770.72978620767663 14.544538292824653 3.6511394691242485 27.943282461492345 16.342632901525576 84.022882606384883 4.7090218346565953 11.875316308811305 32.434809844940901 47.96286710340064 77.284531480663645 843.23832923958525 3162.7158471281768 171.60199469646022 36.455423816752955 327.69517308328568 3580.5773019623957 372.59166793331588 6.2929001515694827 24.181211133558463 1598.8116178096584
leaf_count=15791 20 877 5 6215 5406 117 6655 26 449 169293 290 578 202 1939 4179 43 178 535 1503 7590 147110 471896 23644 10238 32698 259259 14387 2075 19534 173314
internal_value=-0.000861485 -0.00176499 -0.0603899 -0.0635543 -0.0998486 -0.248307 -0.0131598 -0.0705241 0.00668556 0.0103932 0.0549366 0.0859497 0.136565 0.0154868 0.00741353 0.0331437 0.00246381 0.0664584 -0.000999778 0.0264869 -0.00125907 0.00240378 -0.00455998 -0.0179371 -0.00189811 -0.00458704 0.0174132 -0.014575 0.00184286 0.00893885
internal_weight=11462.5 10237 87.5878 87.1037 50.6357 8.35212 36.468 42.2835 1225.54 1097.85 68.8338 54.2893 31.5944 22.6949 1029.02 166.016 863.003 44.3101 818.693 161.307 10149.4 4810.96 5338.45 885.987 4452.47 3908.27 544.194 849.531 4785.71 1622.99
internal_count=1376046 1173476 18444 18439 11764 6332 6675 5432 202570 186779 3458 3168 780 2388 183321 11812 171509 713 170796 11769 1155032 665621 489411 159423 329988 291957 38031 149185 664744 192848
is_linear=0
shrinkage=0.1


Tree=105
num_leaves=31
num_cat=0
split_feature=10 9 9 11 4 3 11 14 10 10 9 9 6 12 6 6 9 9 11 10 6 5 14 14 11 10 2 5 6 2
split_gain=14.2021 68.1031 30.4634 31.1512 29.7841 37.4196 28.0788 25.0713 90.6659 492.059 22.7321 31.6077 29.7239 18.1849 23.873 34.6607 17.9155 54.7013 14.7422 50.9615 19.0122 21.0546 15.9799 14.0873 14.074 18.626 13.9231 13.9068 18.8252 33.6469
threshold=0.55938130617141735 0.32793442904949194 0.55744957923889171 0.13423423469066623 0.62432795763015758 0.85432928800582897 0.16441441327333453 0.65535014867782604 0.40586884319782263 0.40996894240379339 0.37269903719425207 0.3747659176588059 0.94665718078613292 1.0000000180025095e-35 0.93582704663276683 0.96362435817718517 0.32359044253826147 0.32446582615375524 0.36939570307731634 0.94349297881126415 0.30471627414226538 20.500000000000004 0.75835782289505016 0.77176257967948925 0.26794873178005224 0.95013812184333812 0.57735043764114391 1.0000000180025095e-35 0.9569842815399171 0.81530213356018078
decision_type=2 2 2 2 2 2 2 2 2 2 2 2 2 2 2 2 2 2 2 2 2 2 2 2 2 2 2 2 2 2
left_child=1 4 3 10 5 16 13 -6 -9 -10 -2 12 -12 -3 -15 -16 -1 -18 19 20 21 -4 -22 -5 -21 -26 -7 -20 -29 -30
right_child=2 6 18 23 7 26 -8 8 9 -11 11 -13 -14 14 15 -17 17 -19 27 24 22 -23 -24 -25 25 -27 -28 28 29 -31
leaf_value=-0.053195134799896043 -0.034082356100182822 -0.097070239684688225 0.22469138620046125 0.01303098274663838 -0.0017468294712750694 -0.10003572581456717 0.024971254519155939 -0.10013631613967736 18.686790623870177 0.90045130717767496 1.2819537980452169 0.086958661126791209 0.047985973522822675 -0.098790059706019659 0.46095637155626001 0.018633757702045242 2.4281518854751454 -0.1003593927155861 0.017502014382663793 0.12181560994259599 -0.033709815126025243 -0.013184816144256506 -0.0074284190779644963 -0.19247130204744081 -0.077995125884566724 0.07317638293094883 -0.42114982952510333 0.001869666451937507 -0.0016474837607624308 -0.061750671318525345
leaf_weight=15.418064164743328 16.9707944249094 128.90053320346738 6.7697593396442235 964.91659785960655 3389.9770464526409 1.9466256439750385 29.629569766329951 1.3645588268118434 0.015968637104378902 0.59913426684579463 0.43126008759281731 81.096962995081412 0.35664086291217245 14.343477249162106 2.0861020140382598 11.749815846639649 0.11863247668952759 0.30689966972909133 499.94623387348838 30.237056425539777 425.48820523016911 8.2618467018583015 507.06656722642219 3.3473293206188819 11.209527320461346 29.86589815095067 4.4074110049887167 4795.7064855328063 310.84489840792958 132.99372857762501
leaf_count=65924 1049 815719 356 40951 167515 29310 17640 8908 71 670 55 13319 14 46098 2660 3462 1362 4234 16082 254 61623 1270 5874 123 137 258 2873 64644 2710 1276
internal_value=-0.000313424 -0.00551069 0.00207807 0.0177798 -0.00229465 -0.117752 -0.064319 -0.00153907 0.354228 1.3622 0.0712518 0.0930826 0.723402 -0.0811616 -0.0083908 0.0853247 -0.0355291 0.604555 -0.000401168 -0.011486 -0.0176212 0.0939471 -0.0194196 0.0123206 0.0700373 0.0319215 -0.322773 0.00156667 4.61505e-05 -0.0196571
internal_weight=11426.4 3600.86 7825.51 1067.12 3414.15 22.1976 186.709 3391.96 1.97966 0.615103 98.8557 81.8849 0.787901 157.08 28.1794 13.8359 15.8436 0.425532 6758.39 1018.9 947.586 15.0316 932.555 968.264 71.3125 41.0754 6.35404 5739.49 5239.55 443.839
internal_count=1376441 1166446 209995 55511 280867 103703 885579 177164 9649 741 14437 13388 69 867939 52220 6122 71520 5596 154484 69772 69123 1626 67497 41074 649 395 32183 84712 68630 3986
is_linear=0
shrinkage=0.1


Tree=106
num_leaves=31
num_cat=0
split_feature=10 9 9 0 10 10 10 9 0 6 9 4 4 5 6 2 3 7 4 3 4 4 1 4 3 12 2 2 2 7
split_gain=11.8884 94.0571 320.865 1559.63 3010.74 124761 76.2871 28.391 168.929 25.0608 19.1785 16.1086 23.5046 15.0553 25.018 42.2599 34.3196 30.0986 19.8103 29.157 17.3693 17.0274 14.4125 56.2033 32.6458 13.8023 13.4529 13.267 12.2847 19.84
threshold=0.62534916400909435 0.30025906860828405 0.31603427231311804 1.0000000180025095e-35 0.40586884319782263 0.41614617407321935 0.45954339206218725 0.32735316455364233 1.0000000180025095e-35 0.83935481309890758 0.41797162592411047 0.60736888647079479 0.25866188108921057 1.0000000180025095e-35 0.96609193086624157 0.83438816666603099 0.87533783912658703 0.58571431040763866 0.87585616111755382 0.58816528320312511 0.92031747102737438 0.89039039611816417 1.0000000180025095e-35 0.99484536051750194 0.83047896623611461 1.0000000180025095e-35 0.80982521176338207 0.77849927544593822 0.77003204822540294 0.5634920895099641
decision_type=2 2 2 2 2 2 2 2 2 2 2 2 2 2 2 2 2 2 2 2 2 2 2 2 2 2 2 2 2 2
left_child=1 11 3 -3 -5 -6 7 8 -4 -8 -11 12 -1 22 -15 18 17 -17 19 -16 -20 -18 24 -24 28 27 -14 -25 -2 -30
right_child=13 2 6 4 5 -7 9 -9 -10 10 -12 -13 26 14 15 16 21 -19 20 -21 -22 -23 23 25 -26 -27 -28 -29 29 -31
leaf_value=0.17150817815147587 0.0064299449598259079 -0.055225177580085709 -0.10867113474377613 -0.10021699452287894 -219.76098859825854 -0.10293124233609224 -0.058209688850910581 -0.10808307918802421 -1.6502161269975675 0.063777202847624045 -0.010751210830104482 -0.00085658618279994565 -0.16758621092840553 0.00036404231803814332 0.0050435806636619507 0.03566920855470742 0.094532443758754581 -0.23234185082941453 0.099902732787664358 -0.07311642758181823 -0.090902693694843606 -0.065492309834459916 -0.11628914274270621 -0.065477769455006801 0.048606397541830264 0.084442764456891847 0.24522937891470151 0.017479181615168506 -0.015418057548722552 -0.22523500214870756
leaf_weight=2.7789347220773406 317.96080764662474 9.5966556865675976 4.6625096903831311 1.1948203276042484 0.026857314817789191 0.69444116444356041 79.347646377275851 72.629379179465218 0.83875462090509234 47.507173546997365 126.3809059876331 3368.5104847787666 14.330313209337415 6507.869947782081 166.85408792959061 5.1851179162040379 7.6056625591590992 21.839290831238031 26.78245763015002 66.85046985608642 5.8049647035077205 52.87801613425836 39.679556818038691 23.013523667119443 252.66314420860726 25.116866001510061 0.83543284856568867 118.77781101223081 18.124323224183176 5.9981955699622622
leaf_count=721 4709 58426 48773 6892 177 464 138199 722959 5950 15516 66893 102029 50269 132401 2239 25 35 134 122 879 67 591 562 325 4838 7682 1011 3154 117 40
internal_value=-0.00178269 -0.00641331 -0.0563227 -0.575308 -3.18008 -8.28183 -0.0382914 -0.124673 -0.343704 -0.01164 0.00961036 -0.00135998 -0.0958546 0.000470884 -0.00104385 -0.026941 -0.0872303 -0.180919 -0.00712891 -0.0173138 0.0659136 -0.0453696 0.0134413 -0.00931371 0.0213453 0.0161179 -0.144846 0.00401481 0.0012103 -0.0675902
internal_weight=11392.3 3729.33 342.879 11.5128 1.91612 0.721298 331.366 78.1306 5.50126 253.236 173.888 3386.46 17.9447 7663 6861.67 353.8 87.5081 27.0244 266.292 233.705 32.5874 60.4837 801.334 206.588 594.746 166.908 15.1657 141.791 342.083 24.1225
internal_count=1376199 1218279 1064249 65959 7533 641 998290 777682 54723 220608 82409 154030 52001 157920 136493 4092 785 159 3307 3118 189 626 21427 11723 9704 11161 51280 3479 4866 157
is_linear=0
shrinkage=0.1


Tree=107
num_leaves=31
num_cat=0
split_feature=9 11 10 10 9 11 2 14 9 10 2 9 4 10 11 3 9 11 11 3 10 9 11 6 10 11 11 11 2 2
split_gain=10.4054 17.7919 29.4311 28.9337 34.4713 19.1592 17.7684 26.2954 17.5879 26.3556 34.1428 25.578 19.5872 17.4171 27.2268 18.3578 16.5816 28.7674 21.148 24.2113 19.2468 20.2248 27.9081 17.3768 15.7016 15.57 19.6828 15.5528 20.3046 23.4008
threshold=0.88991525769233715 0.61324787139892589 0.95780044794082653 0.97473672032356273 0.64414930343627941 0.80476191639900219 0.51316702365875255 0.48021948337554937 0.68706974387168895 0.93764951825141918 0.87841832637786876 0.82780584692955028 0.79772728681564342 0.95013812184333812 0.54006412625312816 0.85566902160644542 0.98124927282333385 0.77097901701927196 0.62828946113586437 0.78765246272087108 0.95013812184333812 0.95009577274322521 0.68585526943206798 0.81725418567657482 0.92549648880958568 0.6885775923728944 0.69397994875907909 0.95119047164917003 0.46841755509376531 0.83910790085792553
decision_type=2 2 2 2 2 2 2 2 2 2 2 2 2 2 2 2 2 2 2 2 2 2 2 2 2 2 2 2 2 2
left_child=1 13 8 4 -4 -6 7 -5 9 -3 -11 12 -10 -1 15 -15 18 -18 19 23 25 -22 -23 -2 -13 -20 -27 28 -19 -30
right_child=16 2 3 6 5 -7 -8 -9 11 10 -12 24 -14 14 -16 -17 17 27 20 -21 21 22 -24 -25 -26 26 -28 -29 29 -31
leaf_value=-0.00083294988355327648 0.014883578224754083 0.020063144270642277 -0.19496157785433649 0.035010735293929264 -0.052986969458213233 0.051691915227579058 0.037362855487802715 -0.03830266211058328 0.024369071847971574 -0.043887472228141933 -0.32354260466523577 -0.010600436053840622 0.072451633620370173 0.019390861831170204 -0.027399630931657599 0.075250436714304175 0.049746545047286879 0.010905629190233695 -0.05357511672929402 0.031381113484976984 0.0071146538729496434 0.0087403933880095298 -0.035453212019471582 -0.07029973195937958 0.030923702228683583 0.099391875120567116 -0.022716782591315869 0.0079744441939493104 -0.099505794524781227 0.027239872163632085
leaf_weight=7255.9338340001832 46.836273777065799 72.307779492577538 14.453672976931555 78.973943401128054 79.37927262915764 22.424093971145339 124.62899100698996 128.56965190824121 159.92946315556765 27.789191741961986 5.1793781609740099 169.10649067524355 180.16380039881915 181.15046216244809 85.047219119383954 87.132478719810024 133.99802528636064 62.936194313690066 196.04534129658714 224.18362704082392 498.41075674898457 220.63619813323021 405.53373157070018 49.002603300788905 197.31946124962997 14.024627383449113 224.67780256888364 397.94867820257787 55.283352768747136 19.778225919348188
leaf_count=1323027 962 677 150 486 654 130 3172 1760 1376 275 70 1841 1538 1563 1036 2151 1906 348 3102 2130 6388 1988 3551 579 1696 76 2778 10045 350 330
internal_value=0.000427113 0.00204549 0.013051 -0.00751057 -0.0504471 -0.0299295 0.00751679 -0.0104056 0.024409 -0.0137222 -0.0878214 0.0300908 0.0498407 0.000222798 0.0219035 0.0375328 -0.00520354 0.00830436 -0.0100188 0.013397 -0.0148244 -0.00791673 -0.0198812 -0.0286708 0.0117602 -0.0326929 -0.0155425 -0.00205707 -0.0309853 -0.0661092
internal_weight=11418.8 8869.49 1260.23 448.43 116.257 101.803 332.173 207.544 811.796 105.276 32.9686 706.519 340.093 7609.26 353.33 268.283 2549.3 669.944 1879.35 320.023 1559.33 1124.58 626.17 95.8389 366.426 434.748 238.702 535.946 137.998 75.0616
internal_count=1376135 1341602 13825 6352 934 784 5418 2246 7473 1022 345 6451 2914 1327777 4750 3714 34533 12979 21554 3671 17883 11927 5539 1541 3537 5956 2854 11073 1028 680
is_linear=0
shrinkage=0.1


Tree=108
num_leaves=31
num_cat=0
split_feature=3 2 2 7 6 14 7 5 14 7 11 3 11 2 6 7 1 6 5 10 10 9 11 5 7 11 14 10 2 2
split_gain=7.43561 33.9005 33.0108 58.7378 56.7365 38.7876 29.8685 30.5782 30.4823 27.1829 30.7185 26.1733 25.8272 25.7158 23.6469 20.0082 52.6345 25.7296 18.5293 17.7849 17.5885 18.5944 17.574 17.3323 16.7221 16.2054 16.0403 14.6663 14.3452 12.8726
threshold=0.80939152836799633 0.5912291705608369 0.69804355502128612 0.47727273404598242 0.74133810400962841 0.77176257967948925 0.085144929587841048 2.5000000000000004 0.3701388835906983 0.27922078967094427 0.8441295623779298 0.7370777726173402 0.10762548446655275 0.75147059559822094 0.90399384498596203 0.4083333313465119 1.0000000180025095e-35 0.93813776969909679 8.5000000000000018 0.46580845117568975 0.99790793657302868 0.93764951825141918 0.78019323945045482 8.5000000000000018 0.34523810446262365 0.88562092185020458 0.93514028191566478 0.67912882566452037 0.80206185579299938 0.63702240586280834
decision_type=2 2 2 2 2 2 2 2 2 2 2 2 2 2 2 2 2 2 2 2 2 2 2 2 2 2 2 2 2 2
left_child=2 9 3 5 13 12 -6 14 -9 10 -2 -7 -1 -4 -8 16 17 26 -12 -14 25 -22 -23 -15 -13 28 -3 -25 -17 -5
right_child=1 15 4 29 6 11 7 8 -10 -11 18 24 19 23 -16 20 -18 -19 -20 -21 21 22 -24 27 -26 -27 -28 -29 -30 -31
leaf_value=-0.068085129306833025 -0.10557624828946165 0.042175062773290022 -0.020545484253195037 0.060596701356247867 0.059983472519822091 -0.069335679939189584 0.059704310180037204 0.19290971428128245 -0.08422956692035069 -0.00934697886825165 0.2430389686534436 0.081599655022776996 0.3750503810551159 0.15982888201691103 -0.035295864955420524 0.0096328378077829464 -0.10275011478123362 -0.0062714475499438416 -0.011688525625123394 -0.00040711358730978979 0.075084614154083296 -0.52800010964673805 0.0065526778166200951 0.5669009530862742 -0.081060027288388556 -0.14848257622232144 -0.11374282973720423 -0.017959221390493545 -0.0018253203551667455 0.017108515718271832
leaf_weight=57.199491750147445 74.433038382434916 422.3807634713985 22.058617879423309 171.31413802554562 27.897075875227529 137.93483908788767 30.125811537641312 4.0607297570095389 175.17025222948541 154.06254593200401 3.6907185204327133 21.297331470064822 1.2621564971850592 26.051563806171544 201.13971744610626 1398.7306289178068 33.145410566306055 169.56854607651167 12.621327699162064 2982.5629335132144 65.723865375388414 0.62018670421093602 73.827495379839092 0.44803612925897951 8.9872768558561784 7.2915917225182048 6.7028346995357415 9.9666856173425895 4993.0508763899616 112.93564479105771
leaf_count=404468 167439 48621 3054 5214 2823 911 2696 377 16930 26776 10 253 9747 1336 21853 87204 24821 14817 110 174932 4116 15 7225 311 63 76 248 98 346364 3602
internal_value=-0.000200566 0.00167234 -0.0036812 -0.000250904 -0.0277973 -0.00410993 -0.0401433 -0.0469478 -0.0779506 -0.034921 -0.0783392 -0.050853 -0.00152426 0.0646833 -0.0229207 0.00292157 0.0199152 0.0267068 0.0459454 -0.000248295 0.00127971 0.0363209 0.00209958 0.116239 0.0333287 0.000512129 0.0397394 0.00720117 0.000682099 0.0433184
internal_weight=11406.3 7415.85 3990.41 3493.49 496.918 3209.24 438.394 410.497 179.231 244.808 90.7451 168.219 3041.02 58.5249 231.266 7171.04 631.798 598.652 16.312 2983.83 6539.24 140.172 74.4477 36.4663 30.2846 6399.07 429.084 10.4147 6391.78 284.25
internal_count=1376510 727842 648668 599190 49478 590374 44679 41856 17307 194335 167559 1227 589147 4799 24549 533507 88507 63686 120 184679 445000 11356 7240 1745 316 433644 48869 409 433568 8816
is_linear=0
shrinkage=0.1


Tree=109
num_leaves=31
num_cat=0
split_feature=2 6 5 5 3 14 3 12 6 4 4 6 5 7 2 5 1 2 9 9 5 3 11 5 9 8 11 5 6 5
split_gain=6.40615 6.52534 5.43268 9.18655 9.01054 7.60162 7.44552 7.15771 8.01213 6.43223 5.36997 5.28141 68.2503 27.0232 17.2673 14.4142 25.0756 23.3709 4.73855 4.50977 3.40277 2.57496 7.15085 2.14354 2.72448 1.51872 0.902404 0.289875 0.339045 0.018419
threshold=0.047065338119864471 0.9529346525669099 30.500000000000004 29.500000000000004 0.32230727374553686 0.64546644687652599 0.38552470505237585 -1.0000000180025095e-35 0.23861283808946612 0.091431558132171645 0.17192118614912036 0.89009663462638866 2.5000000000000004 0.47727273404598242 0.93405798077583324 1.5000000000000002 1.0000000180025095e-35 0.94665718078613292 0.39350846409797674 0.76427942514419567 1.5000000000000002 1.0000000180025095e-35 0.43874999880790716 34.500000000000007 0.86558434367179882 1.0000000180025095e-35 0.69397994875907909 5.5000000000000009 0.79516318440437328 1.0000000180025095e-35
decision_type=2 2 2 2 2 2 2 2 2 2 2 2 2 2 2 2 2 2 2 2 2 2 2 2 2 2 2 2 2 2
left_child=1 20 3 11 5 18 -5 8 -8 -6 -9 12 13 -2 -14 16 -13 -17 -4 29 -1 22 -22 24 -11 -20 -25 28 -23 -3
right_child=2 19 4 6 9 -7 7 10 -10 23 -12 15 14 -15 -16 17 -18 -19 25 -21 21 27 -24 26 -26 -27 -28 -29 -30 -31
leaf_value=-0.52466679206108757 0.088348576515986002 -0.13592466770546854 0.20763547114433856 -0.11249230494451315 0.20178284451751285 0.28822301066745742 0.83147408136121581 0.43650943085394139 -0.10217558627832526 -0.12958618324687796 0.097824629997668416 0.0083390086099081936 -0.00033832377829667165 -0.01880561375441037 0.034525762994496015 -0.0162265410842816 -0.0087306902718589617 0.032042254945220824 -0.11305130987193934 0.14972195473079081 0.24989931936289755 -0.21398919401361344 -0.148152620010612 -0.11855936197935764 -0.027089787857734311 0.11517621527521467 -0.20454401729201882 -0.10471340788065808 -0.12895560061884884 -0.10454430274449707
leaf_weight=0.1895284913409786 123.97860464934911 0.57493512041401063 0.77400124584460472 1.0581720029852011 0.75002449343446898 1.2303777337074278 0.31806495716045891 0.53646479042072304 0.12926974600668473 4.6099881320221794 3.6759881748228054 1966.7615918210765 6348.2802352821027 29.049817280457319 145.30995329489633 1095.7601724566175 1530.1406542105426 110.41764102164143 1.9378549325604129 1.9654379189014433 0.74412837811905674 0.55368075839578379 1.1469201804138718 3.3255421194551209 5.9285051070619375 0.34320944547653187 1.9282936342060564 4.9394132729537432 3.0621062362915836 0.27724397310521454
leaf_count=4 11634 25 48 220 2 2 18 11 156 2435 880 133455 913744 799 7157 96919 199910 2411 238 4 48 11 15 1980 62 1 18 4012 159 36
internal_value=7.15625e-05 -0.068893 0.000153119 0.000246709 -0.0508724 0.078355 0.126967 0.181345 0.56167 -0.0843499 0.140957 0.000182867 0.00199744 0.0680072 0.000441845 -0.00238157 0.000869815 -0.0118079 -0.00616594 0.0664168 -0.104739 -0.0971203 0.00848098 -0.0979392 -0.0719261 -0.0787121 -0.150118 -0.120462 -0.141977 -0.125716
internal_weight=11389.7 13.4534 11376.2 11355.4 20.8278 4.28544 5.71796 4.65979 0.447335 16.5424 4.21245 11349.7 6646.62 153.028 6493.59 4703.08 3496.9 1206.18 3.05507 2.81762 10.6358 10.4462 1.89105 15.7923 10.5385 2.28106 5.25384 8.5552 3.61579 0.852179
internal_count=1376414 4314 1372100 1367314 4786 289 1285 1065 174 4497 891 1366029 933334 12433 920901 432695 333365 99330 287 65 4249 4245 63 4495 2497 239 1998 4182 170 61
is_linear=0
shrinkage=0.1


Tree=110
num_leaves=31
num_cat=0
split_feature=7 2 3 4 3 5 11 2 10 6 1 6 2 5 5 2 1 3 7 5 14 4 4 2 2 11 4 6 4 6
split_gain=7.03391 31.965 122.674 62.7553 38.1411 98.5307 37.6073 32.6739 31.1116 30.4935 27.3847 52.8994 70.3544 59.2557 47.9124 28.7277 27.0881 27.8632 43.9114 23.1132 21.4276 20.793 20.0385 56.5876 33.2215 24.5767 18.2745 18.2741 18.049 23.8325
threshold=0.58571431040763866 0.80206185579299938 0.85432928800582897 0.92390406131744396 0.89512962102890026 8.5000000000000018 0.87749999761581432 0.84273937344551098 0.99790793657302868 0.80178570747375499 1.0000000180025095e-35 0.83469945192337047 0.81872946023941051 7.5000000000000009 4.5000000000000009 0.68870675563812267 1.0000000180025095e-35 0.94804319739341747 0.89444443583488475 12.500000000000002 0.43244166672229772 0.82446312904357921 0.80982521176338207 0.69282051920890819 0.62258651852607738 0.45643940567970281 0.90521115064620983 0.96362435817718517 0.9833287000656129 0.47673159837722784
decision_type=2 2 2 2 2 2 2 2 2 2 2 2 2 2 2 2 2 2 2 2 2 2 2 2 2 2 2 2 2 2
left_child=10 3 6 22 5 7 9 -4 26 -3 28 12 15 20 -13 -12 -5 19 -19 -18 -14 -11 23 -2 27 -26 -6 -24 -1 -30
right_child=1 2 4 16 8 -7 -8 -9 -10 21 11 14 13 -15 -16 -17 17 18 -20 -21 -22 -23 24 -25 25 -27 -28 -29 29 -31
leaf_value=-0.0028708448588786527 0.050966172249257806 0.11260468420913475 -0.0021144347581633963 -0.015762964439537109 0.087710918748805586 0.13788125188394637 -0.55315673656607778 -0.088850982084378069 0.077048905560960904 0.058351506880755299 0.0070759186210068757 -0.10982352607917337 0.36230278927225767 -0.059838561842888285 -2.7049506670840033 -0.069246778677849036 0.060899596045869003 -0.17808679209413561 0.008465004903681822 -0.050977584485792128 0.13573697393737502 -0.13812864266443503 -0.0021039919156298609 -0.16228178442967051 0.098915309438580096 0.043651414681356179 0.00077277951889341448 -0.18425928116220491 -0.02072532616143867 0.049364793183596413
leaf_weight=5164.3133156565282 46.466620144742365 5.824288126740611 62.011394741765343 481.9302680097569 24.323051516310443 27.726360557740918 1.9440326942130912 144.94596722789311 54.93580564140575 5.7967812165434216 83.746789417617492 64.449780225060977 4.8478868268430224 17.14025442134016 0.071221411191799144 119.95667105253665 155.4028410346873 14.630947577722052 91.694460496002648 20.956384600589445 30.043532293635508 76.040871207892451 31.494960692497443 16.995036853535112 128.79474508927296 214.47737515927292 4062.7134097228918 6.6746579921018556 72.198298861455442 147.87696832643087
leaf_count=886805 661 94 2034 6934 667 604 36 5811 7935 157 22693 48117 14 5109 7 45304 9559 1396 7888 2084 2010 2602 1189 647 5489 1212 298778 275 6423 3417
internal_value=-0.000885586 0.00160683 -0.00229851 0.0160277 7.28769e-05 -0.0391453 -0.118125 -0.0628618 0.00229497 -0.108477 -0.00336539 -0.0317746 -0.0113604 0.0924201 -0.112688 -0.0378689 -0.00134757 0.0232283 -0.0172055 0.0476055 0.167217 -0.124211 0.0458889 -0.00614165 0.0545454 0.0643863 0.00129017 -0.0339572 -0.00167565 0.0263709
internal_weight=11380.4 5675.78 4466.26 1209.52 4376.66 234.684 89.606 206.957 4141.97 87.6619 5704.64 320.256 255.735 52.0317 64.521 203.703 764.615 282.685 106.325 176.359 34.8914 81.8377 444.903 63.4617 381.442 343.272 4087.04 38.1696 5384.39 220.075
internal_count=1375951 356052 318718 37334 315829 8449 2889 7845 307380 2853 1019899 123254 75130 7133 48124 67997 27861 20927 9284 11643 2024 2759 9473 1308 8165 6701 299445 1464 896645 9840
is_linear=0
shrinkage=0.1


Tree=111
num_leaves=31
num_cat=0
split_feature=6 5 6 6 3 4 4 3 5 7 10 14 14 11 10 5 14 14 5 5 3 5 1 1 11 9 6 4 3 14
split_gain=10.0486 11.5543 30.4985 14.7499 20.2509 22.5459 15.8532 10.7314 13.5854 8.94933 13.9126 8.44376 13.6127 8.31998 9.88245 9.49591 7.77393 10.7067 7.38244 35.3685 29.0499 46.3823 48.7295 25.7608 12.8795 10.9192 9.42974 32.3986 8.31407 11.483
threshold=0.50280898809432995 12.500000000000002 0.76533168554306041 0.68819445371627819 0.13899821788072589 0.083920188248157515 0.79772728681564342 0.13899821788072589 8.5000000000000018 0.73214286565780651 0.94349297881126415 0.41743862628936773 0.42750124633312231 0.5313725769519807 0.69584372639656078 17.500000000000004 0.89720961451530468 0.74168366193771373 10.500000000000002 9.5000000000000018 0.89323708415031444 11.500000000000002 1.0000000180025095e-35 1.0000000180025095e-35 0.53589746356010448 0.6584608554840089 0.75235849618911754 0.95713412761688244 0.095811817795038237 0.32943210005760198
decision_type=2 2 2 2 2 2 2 2 2 2 2 2 2 2 2 2 2 2 2 2 2 2 2 2 2 2 2 2 2 2
left_child=7 18 3 4 5 -3 -6 8 -1 -5 -11 13 -13 14 -9 -16 17 -14 19 26 23 24 -23 25 -22 -20 27 -2 -21 -30
right_child=1 2 -4 9 6 -7 -8 11 -10 10 -12 12 16 -15 15 -17 -18 -19 20 28 21 22 -24 -25 -26 -27 -28 -29 29 -31
leaf_value=0.17551665921260606 0.026915680757488111 -0.07959081996164484 1.0819937321302961 -0.11366153586733747 -0.054055677052522837 0.065335228689549649 -0.0060003220006290756 -0.056018088311724383 -0.11413676613378212 -0.16816479410878049 0.19077795505812561 -0.11561835255902145 0.015475213671608238 -0.14538295768508744 0.15592712166761172 0.034161486418111044 0.046515682727497731 -0.016927890574121893 -0.041750253089513467 0.016074948554377227 0.13563352344385582 -0.059135513903014997 0.057857618411370118 -0.13986201238946203 0.054499051206792659 0.0097142820506349124 -0.0006676202658782084 -0.003956068547364272 0.18330549194363596 -0.05338795784860742
leaf_weight=1.8697514174797323 559.18690655919841 13.372066608986414 0.25227312187871476 23.000569513476652 109.35134791929522 54.418178336739402 184.43105879343466 4.8204351095421343 12.086636300541725 1.8499699643689371 2.5939380074851215 8.4019544599618694 529.16698936317107 1.8075256687588979 13.937528499605834 11.849631329620022 61.137625312665477 126.31302447078997 55.057218688807097 21.142608719480677 44.490974284552067 65.232157778405963 78.37811335083552 14.722766127598787 34.923208927968517 164.1106712428591 8129.3841543999461 867.02102998589703 2.0753003717863967 165.89018147062029
leaf_count=25 139129 3806 17 3095 84652 2566 10453 11295 5393 108 10 4804 108311 16 243 319 489 1805 57978 1289 453 628 4454 7226 239 4524 812775 72835 1145 35926
internal_value=0.000540528 -0.000262059 -0.017171 -0.0178838 -0.0125191 0.0367476 -0.0238874 0.0115597 -0.0753316 -0.0885611 0.0413524 0.0131608 0.0109283 0.0630948 0.0754064 0.0999738 0.0124119 0.00923104 0.000383145 -0.000199359 0.0128063 0.038628 0.00471578 -0.0118157 0.0999538 -0.00321414 0.000648161 0.00814811 -0.0430244 -0.0504635
internal_weight=11362.3 10590.9 389.269 389.017 361.573 67.7902 293.782 771.391 13.9564 27.4445 4.44391 757.435 725.02 32.4151 30.6076 25.7872 716.618 655.48 10201.6 9744.7 456.915 223.024 143.61 233.891 79.4142 219.168 9555.59 1426.21 189.108 167.965
internal_count=1376008 1243308 104707 104690 101477 6372 95105 132700 5418 3213 118 127282 115409 11873 11857 562 110605 110116 1138601 1063099 75502 5774 5082 69728 692 62502 1024739 211964 38360 37071
is_linear=0
shrinkage=0.1


Tree=112
num_leaves=31
num_cat=0
split_feature=14 2 6 6 5 6 11 6 5 6 9 4 9 7 11 7 2 4 6 3 4 4 6 2 3 14 2 11 3 4
split_gain=5.65524 16.9269 13.6853 18.1621 15.8244 22.9526 15.4896 12.1169 11.6173 14.9691 13.5457 8.34706 7.85328 6.72512 33.4375 22.2018 27.8335 26.4825 22.2879 21.9015 18.9423 17.8807 17.5145 21.6648 15.182 13.4473 16.9254 14.5809 14.4193 13.1935
threshold=0.29251739382743841 0.078689370304346098 0.65261757373809826 0.82182541489601146 4.5000000000000009 0.85857143998146068 0.18898809701204303 0.58658170700073253 1.5000000000000002 0.95040982961654674 0.43765547871589666 0.10762548446655275 0.4638232290744782 0.31666667759418493 0.21132376790046695 0.27922078967094427 0.628892481327057 0.76253134012222301 0.55051019787788402 0.85432928800582897 0.90521115064620983 0.58898946642875682 0.36032786965370184 0.68457102775573742 0.56691542267799389 0.55864936113357555 0.57002803683280956 0.19292803853750232 0.4530817717313767 0.71010184288024913
decision_type=2 2 2 2 2 2 2 2 2 2 2 2 2 2 2 2 2 2 2 2 2 2 2 2 2 2 2 2 2 2
left_child=1 8 7 -4 6 -6 -5 -3 9 -1 -11 -9 -10 14 22 16 19 18 -17 -16 -18 25 -2 -24 -23 26 -15 -28 -27 -25
right_child=13 2 3 4 5 -7 -8 11 12 10 -12 -13 -14 21 15 17 20 -19 -20 -21 -22 24 23 29 -26 28 27 -29 -30 -31
leaf_value=0.15739738017965163 0.075939489312205607 -0.023627908540504727 -0.06601258649121107 0.075224115880362499 0.058560810083573035 0.39382143341894615 0.0030390272619587981 0.19308482574427799 -0.13992827544766645 -0.19501446441466788 0.05706527441712448 0.52781335282776476 -0.018183823758761555 0.14220016975350833 -0.001715076636126401 0.13856622707867181 0.034899455865860227 0.040422648502232594 -0.11448040743973052 -0.054735463419849098 -0.29070714633235356 -0.43265666879910719 -0.093379198785327688 0.050139634001039525 0.0011215157677793729 0.39915841618556525 -0.10040386452910095 0.87896801503704725 0.028746828056092955 -0.047141643035351399
leaf_weight=5.3338284256840316 10.351412244798096 2.2163838511582972 19.679733148031119 44.938771342613109 6.7561312490624896 2.9266225354513153 87.81678391143214 3.6793015238908993 13.154482368811616 3.8581935752454211 4.7637290293823753 0.93412870281827043 8.8720926129271884 5.6637470867935908 2608.617005233722 3.7603000558592603 235.49327039275522 19.936312220757827 46.813018513275892 80.307557075364457 1.8003412624821056 0.80693388587405834 79.766196167436306 20.853663171046719 7978.8629700855863 1.0937115550041223 0.20328581000649126 0.60274253011448309 26.867934918130231 42.058242933718248
leaf_count=79 19463 1528 8961 9467 1530 400 1133 641 6731 196 114 193 1610 2502 95589 37 3627 194 2206 5213 45 268 568592 20707 602115 3 646 9 567 21484
internal_value=0.000151406 0.016613 0.0298764 0.0240347 0.0364759 0.159894 0.0274742 0.16854 -0.0456625 0.0257221 -0.055737 0.260861 -0.0908908 -0.000150773 -0.00406577 -0.00173745 -0.000401349 -0.0571871 -0.0956655 -0.00329859 0.0324291 0.00138793 -0.0496605 -0.0587729 0.00107765 0.0732964 0.203217 0.631964 0.0432354 -0.0148954
internal_weight=11368.8 204.93 168.948 162.118 142.438 9.68275 132.756 6.82981 35.9823 13.9558 8.62192 4.61343 22.0266 11163.9 3149.76 2996.73 2926.22 70.5096 50.5733 2688.92 237.294 8014.1 153.03 142.678 7979.67 34.4314 6.46978 0.806028 27.9616 62.9119
internal_count=1375850 32583 23853 21491 12530 1930 10600 2362 8730 389 310 834 8341 1343267 737157 106911 104474 2437 2243 100802 3672 606110 630246 610783 602383 3727 3157 655 570 42191
is_linear=0
shrinkage=0.1


Tree=113
num_leaves=31
num_cat=0
split_feature=6 4 12 2 10 4 11 3 2 2 12 4 11 6 6 3 2 10 5 4 11 8 10 11 6 4 4 6 5 1
split_gain=6.43672 9.75133 23.5431 23.5508 35.3773 18.331 17.2599 17.236 30.0938 43.6814 94.333 22.1292 12.3122 15.1713 11.794 10.3973 20.4154 23.132 17.8455 17.0248 27.2701 10.299 12.3672 16.2661 8.90608 7.64106 7.5343 7.2136 6.1714 54.013
threshold=0.57947367429733287 0.22361110895872119 1.0000000180025095e-35 0.3536857813596726 0.93156540393829357 0.098563045263290419 0.87749999761581432 0.32860217988491064 0.28445006906986242 0.32030533254146581 -1.0000000180025095e-35 0.33137255907058721 0.58957219123840343 0.57719391584396373 0.53001201152801525 0.37298613786697393 0.22318007797002795 0.71591943502426159 9.5000000000000018 0.24440020322799685 0.41885964572429663 1.0000000180025095e-35 0.88944444060325634 0.4463601559400559 0.41486424207687383 0.11566332355141641 0.90521115064620983 0.30471627414226538 5.5000000000000009 1.0000000180025095e-35
decision_type=2 2 2 2 2 2 2 2 2 2 2 2 2 2 2 2 2 2 2 2 2 2 2 2 2 2 2 2 2 2
left_child=1 2 3 5 -5 -1 -7 8 12 11 -11 -10 13 -3 -14 16 17 -9 -18 20 -17 22 24 -24 -4 -23 -21 -27 -2 -30
right_child=28 7 21 4 -6 6 -8 15 9 10 -12 -13 14 -15 -16 19 18 -19 -20 26 -22 25 23 -25 -26 27 -28 -29 29 -31
leaf_value=-0.075417944763088718 0.0011677725624808612 -0.031357107459095479 -0.027955333165023095 2.1177759978046615 -0.11276997922699641 0.042787292043545783 0.26927228169536294 0.54294705704524382 0.20308424649226603 5.1844445235898533 -0.10073533517775508 1.2118699976806697 0.10482059827651667 0.5580661730658204 -0.11040189624164615 0.27408316633976726 0.10750080984870887 0.031126095478015578 -0.090893091607581772 0.021119864650033501 0.039662600615700268 0.034364095009991186 0.083065722728086946 -0.014648792010054319 -0.11184014897498394 -0.032371178033946069 0.00069419303574254354 -0.13178285824449601 -0.012481518100957316 0.023645293566928474
leaf_weight=12.901622888213977 7758.8414511311357 19.187608960309948 46.249129677404198 0.13514892755483643 0.15005127619951963 64.904931914810277 3.5487670451402655 0.92731820147310173 4.7272422696389631 0.056757892620225903 0.083385397913843806 0.22793956496025192 26.664378901943568 0.44685614769696158 2.8149649284314355 6.0656600427273579 5.1363982902098533 18.491365139838308 38.652134519069477 311.05750789259605 27.283946697833017 5.4693446848541489 21.252120479708537 85.870079320855439 17.425364455995805 11.801475785672666 430.54963244514011 19.133071616292 1899.0871019829387 529.15950694729281
leaf_count=4479 783692 3866 3909 37 3 5991 11 771 759 16 48 54 192 63 70 1345 323 289 9541 148353 243 20 88 386 4798 37 38375 74 325151 43508
internal_value=0.000601093 0.00758897 -0.00838127 0.0371013 0.944228 0.0339213 0.0545287 0.0127582 0.0674061 0.298729 2.03976 0.249489 0.0434075 -0.0179426 0.0842691 0.00922377 -0.029775 0.0555676 -0.0676215 0.0124046 0.0822992 -0.0263022 -0.0160093 0.00473692 -0.0509115 -0.0745934 0.00926148 -0.0938575 -0.000209166 -0.00460882
internal_weight=11368.3 1181.21 288.841 81.6405 0.2852 81.3553 68.4537 892.373 54.2091 5.09533 0.140143 4.95518 49.1138 19.6345 29.4793 838.164 63.2072 19.4187 43.7885 774.957 33.3496 207.201 170.797 107.122 63.6745 36.4039 741.607 30.9345 10187.1 2428.25
internal_count=1376492 224141 19833 10521 40 10481 6002 204308 5068 877 64 813 4191 3929 262 199240 10924 1060 9864 188316 1588 9312 9181 474 8707 131 186728 111 1152351 368659
is_linear=0
shrinkage=0.1


Tree=114
num_leaves=31
num_cat=0
split_feature=11 10 11 2 9 6 2 9 10 2 11 9 10 2 9 6 14 12 10 9 10 2 3 5 10 4 6 11 2 2
split_gain=5.83363 35.583 42.5654 36.079 26.9496 33.4496 22.7558 20.9443 18.0641 24.9113 27.8053 65.2631 21.7742 18.3909 20.9992 16.3562 17.3975 15.8821 15.8415 39.1162 71.3053 14.3103 18.1253 26.4833 13.9795 30.3736 14.1166 13.4345 16.3926 13.2018
threshold=0.26794873178005224 0.93764951825141918 0.23205128312110904 0.76253134012222301 0.44482496380805975 0.96039214730262767 0.75147059559822094 0.81545931100845348 0.66811594367027294 0.097167581319808974 0.27429467439651495 0.52657252550125133 0.54065653681755077 0.7243877947330476 0.73817512392997753 0.68819445371627819 0.74952185153961193 -1.0000000180025095e-35 0.6858804225921632 0.30517394840717321 0.45954339206218725 0.41410376131534582 0.64693367481231701 3.5000000000000004 0.71591943502426159 0.680425524711609 0.36032786965370184 0.25403225421905523 0.94312667846679699 0.19139194488525393
decision_type=2 2 2 2 2 2 2 2 2 2 2 2 2 2 2 2 2 2 2 2 2 2 2 2 2 2 2 2 2 2
left_child=1 2 18 6 5 21 7 -4 9 10 11 -6 -12 14 -11 -3 -17 -15 19 -1 -21 29 23 -23 25 -20 -26 28 -5 -2
right_child=4 15 3 27 8 -7 -8 -9 -10 13 12 -13 -14 17 -16 16 -18 -19 24 20 -22 22 -24 -25 26 -27 -28 -29 -30 -31
leaf_value=0.00026590350234472848 0.074174537991460385 0.16693552426044578 -0.022398815969372435 -0.084371273241604108 3.5610086816490978 -0.064118068436270187 0.19066736572415152 0.13713764107348644 0.00042767460426995478 -0.055199397670543049 1.1232054237077325 -0.10089522588647298 0.16000453468113887 -0.005543482756571327 0.7104154662117077 -0.02364774328431634 0.09137759251898829 0.11222498874772335 -0.02157417214746311 -0.12288389024276854 -0.012853105002376811 0.81145736892876918 0.12376845485157702 0.11847674574903613 0.12715158893246872 0.11964198740362171 0.0052203698717764209 -0.21735568122095006 -0.00076020995790109262 -0.11761674828600624
leaf_weight=3417.6868686540683 28.614097424724605 13.596319656237027 152.31857368320198 118.96534262955538 0.081922622281125679 16.899096312990878 5.6346574890703769 8.6989426773216092 6658.4412051633772 22.399419847610265 0.24340884203775193 0.11990029109438183 6.557953001371061 18.81005412619561 0.36406851676292618 22.256345126545057 32.134488810785115 29.270476190024056 25.743853200976446 72.133374169004469 320.96789761525872 0.97671906853793489 25.64626919174043 1.2666809179791014 9.854986874284803 37.297499993204838 260.03892326043569 6.2681597115006289 29.205300413421355 4.1037270059750872
leaf_count=170609 340 91 21230 1201 11 184 65 186 111760 5423 5 37 918 96 17 198 301 255 3038 825879 226491 31 164 93 291 388 5862 77 407 472
internal_value=-0.000187182 -0.0029672 -0.00406053 -0.0391364 0.0016622 0.0602926 -0.00686734 -0.0137799 0.000987604 0.0488796 0.2288 1.38552 0.194476 0.0310938 -0.0429545 0.0688331 0.04431 0.0661516 -0.00134255 -0.00317013 -0.0330436 0.0949818 0.147612 0.420183 0.0195759 0.0619743 0.0096726 -0.0739573 -0.067891 0.0501186
internal_weight=11346.6 4532.8 4464.81 321.091 6813.79 77.5066 166.652 161.018 6736.29 77.8472 7.00318 0.201823 6.80136 70.844 22.7635 67.9872 54.3908 48.0805 4143.72 3810.79 393.101 60.6075 27.8897 2.2434 332.935 63.0414 269.894 154.439 148.171 32.7178
internal_count=1376120 1256314 1255724 23166 119806 1284 21481 21416 118522 6762 971 48 923 5791 5440 590 499 351 1232558 1222979 1052370 1100 288 124 9579 3426 6153 1685 1608 812
is_linear=0
shrinkage=0.1


Tree=115
num_leaves=31
num_cat=0
split_feature=3 2 7 4 2 4 7 2 3 7 14 3 2 1 3 7 2 10 14 2 2 7 14 14 2 2 7 10 14 7
split_gain=7.67962 28.4988 54.2614 36.7932 23.603 27.2197 26.5694 95.9971 51.8154 24.8321 28.0368 20.3164 51.751 40.638 20.1066 21.4817 26.1252 17.6527 17.7066 17.173 16.9098 27.4756 19.109 16.034 33.9877 15.9263 16.2464 14.8234 14.5919 12.7282
threshold=0.82381290197372448 0.66996699571609508 0.47727273404598242 0.61462301015853893 0.58102023601531994 0.90521115064620983 0.5634920895099641 0.78319624066352855 0.89323708415031444 0.31666667759418493 0.85335588455200206 0.89512962102890026 0.84889996051788341 1.0000000180025095e-35 0.76028168201446544 0.26136364042758947 0.74862638115882885 0.59399941563606273 0.77176257967948925 0.64326766133308422 0.8263767957687379 0.47727273404598242 0.42750124633312231 0.30646908283233648 0.60736888647079479 0.680425524711609 0.43650794029235845 0.60326328873634349 0.85335588455200206 0.73214286565780651
decision_type=2 2 2 2 2 2 2 2 2 2 2 2 2 2 2 2 2 2 2 2 2 2 2 2 2 2 2 2 2 2
left_child=1 2 17 -3 9 6 20 19 -9 10 -2 12 29 -14 25 -16 -17 23 27 -8 22 -22 -6 24 -1 -5 -27 -19 -20 -7
right_child=4 3 -4 14 5 11 7 8 -10 -11 -12 -13 13 -15 15 16 -18 18 28 -21 21 -23 -24 -25 -26 26 -28 -29 -30 -31
leaf_value=-0.0035544573800430565 -0.12499975150198316 0.083775297623465222 0.044891179445235886 -0.16117929574366974 -0.05472377300094397 0.0042933055217110631 -0.067666826555768264 -0.065167096510737196 0.069473562071508954 -0.0039504626255703655 -0.0077399874113184127 0.0010879137527557529 -0.12341252975133157 0.022292878625222907 0.045030200617820426 0.0084718783481573523 -0.040156046771153427 0.16222624209022618 -0.045856806328905535 0.075059429730644486 0.018987790904507199 0.068109514084072093 0.018296899611854402 -0.093055750561356967 1.2294687806933613 -0.028700866282774764 -0.091445964801112015 -0.0012243585700646513 0.065624177522014257 -0.071663174278321473
leaf_weight=25.812973895155327 47.157043703127101 32.020551252704536 247.66051816238632 12.155929689174398 41.562070683587763 278.65725471872793 9.1020615639663429 192.44144749864063 33.5688104363403 126.71234973874175 35.924082678859122 5393.3208365673036 72.779453357308739 25.972846746452888 54.06994482321852 178.97943621618083 288.67606185447221 5.5589180255810779 136.16749868553597 114.20609123134545 286.58986745480252 188.93472769393929 260.22857385372049 41.343780569947171 0.22550528794817992 172.72946348124151 54.220050291826738 2958.9915116868233 12.849042821675537 23.958389221449579
leaf_count=32695 168353 4271 7715 2859 2443 11825 408 5586 1159 20136 599 399681 1431 2749 6792 7476 28578 5560 904 2004 38620 13728 41708 427034 134 25026 3474 112948 158 567
internal_value=-0.000764956 -0.00414537 -0.000194267 -0.0212315 0.00123617 0.0022378 0.0164601 -0.0064479 -0.0451692 -0.0318086 -0.0742969 -0.000527378 -0.0222326 -0.0850905 -0.0256509 -0.0146457 -0.0215453 -0.0037045 -0.0026086 0.064524 0.0267548 0.0385048 0.00824062 -0.0543433 0.00712409 -0.0496642 -0.0436912 -0.000917867 -0.0362443 -0.00172025
internal_weight=11352.6 4221.46 3428.61 792.851 7131.12 6921.32 1126.63 349.318 226.01 209.793 83.0811 5794.69 401.368 98.7523 760.831 521.725 467.655 3180.95 3113.57 123.308 777.315 475.525 301.791 67.3823 26.0385 239.105 226.95 2964.55 149.017 302.616
internal_count=1376621 665624 587148 78476 710997 521909 105656 9157 6745 189088 168952 416253 16572 4180 74205 42846 36054 579433 119570 2412 96499 52348 44151 459863 32829 31359 28500 118508 1062 12392
is_linear=0
shrinkage=0.1


Tree=116
num_leaves=31
num_cat=0
split_feature=12 11 7 11 11 11 2 2 9 6 10 5 9 10 9 3 10 3 7 11 10 11 2 7 10 9 11 9 11 10
split_gain=7.96159 21.3141 17.6778 18.7166 15.3392 23.2486 18.2609 33.9988 11.9593 31.3496 14.3811 13.9635 14.355 11.6072 14.4464 11.5057 11.4804 34.7543 39.0544 20.8197 12.5087 21.9176 16.0981 10.0477 32.2811 39.8853 112.689 19.4416 18.4597 16.8993
threshold=1.0000000180025095e-35 0.15504807978868487 0.84523808956146251 0.18019481003284457 0.057983193546533592 0.067816093564033522 0.56635218858718883 0.56440424919128429 0.98124927282333385 0.47114317119121557 0.98425099253654491 6.5000000000000009 0.99783548712730419 0.61410415172576915 0.4638232290744782 0.42627264559268957 0.8445824682712556 0.55642086267471325 0.47727273404598242 0.50806450843811046 0.9656854271888734 0.67333334684371959 0.63224515318870556 0.31666667759418493 0.71591943502426159 0.76427942514419567 0.36939570307731634 0.70613268017768871 0.67333334684371959 0.95780044794082653
decision_type=2 2 2 2 2 2 2 2 2 2 2 2 2 2 2 2 2 2 2 2 2 2 2 2 2 2 2 2 2 2
left_child=8 4 16 -4 -2 6 7 -6 23 15 -11 -12 -13 14 -7 -10 17 19 -19 -3 22 -22 -18 24 25 -1 -27 29 -29 -26
right_child=1 2 3 -5 5 13 -8 -9 9 10 11 12 -14 -15 -16 -17 20 18 -20 -21 21 -23 -24 -25 27 26 -28 28 -30 -31
leaf_value=-0.052503463395009033 -0.12460742649570766 -0.01258677799349766 -0.59366374558607582 0.073785585293776809 0.41902753892229105 0.061646622511908881 0.088681779339207512 2.0414608292764034 0.29963456999391153 0.054306770161316312 0.014431605746710541 -0.096665673028510063 0.040202733954553808 0.12153869223748059 -0.091639568115716594 0.099828412807165368 0.00031398231535394926 0.081803514085738174 0.0043942194004737518 0.066501264601173504 0.029626257444253935 -0.0033066376815739486 -0.025019896123052911 -0.0019554114460904001 0.017052151192595257 -0.10084576984792666 5.0820828806198532 -0.026797663980625049 0.0039778503452754677 -0.046789819999962921
leaf_weight=178.76892537550975 4.0827919075902619 381.94192489203851 0.42451600171625514 40.721311535919085 1.7029772586190568 24.47021585788309 1.7150805110668441 0.13976054914746772 4.6988545162603241 54.076605981215835 88.492577300639823 27.21229247096926 10.666656381450592 18.928358354794909 8.2114701420595093 7.4536860911175609 575.31749115325511 122.95186431022921 138.69740509288386 36.463000947842374 266.19405029457994 839.08803598757368 444.70839955686824 6730.8540413951914 420.10823598529532 0.15244378676288661 0.057876518869306892 501.02758621700923 318.98847634962294 46.002918664831668
leaf_count=609713 14841 38893 11 8715 2825 24150 322 11 23 414 1053 188 93 968 15275 37 5685 4263 1560 401 3451 13841 5706 575490 21305 70 5 23230 4047 438
internal_value=-0.00144752 0.00306359 0.00182794 0.0668993 0.0624263 0.076268 0.323515 0.542079 -0.00301015 0.0216208 0.0111508 -0.00731633 -0.0581237 0.0592237 0.0231325 0.177085 0.000873553 0.0121825 0.0407697 -0.00569444 -0.00274508 0.00462486 -0.010731 -0.00358897 -0.0110937 -0.0508843 1.32541 -0.00555637 -0.0148259 0.0107513
internal_weight=11294.3 2905.76 2846.51 41.1458 59.2507 55.1679 3.55782 1.84274 8388.56 192.601 180.448 126.372 37.8789 51.61 32.6817 12.1525 2805.36 680.054 261.649 418.405 2125.31 1105.28 1020.03 8195.96 1465.11 178.979 0.21032 1286.13 820.016 466.111
internal_count=1377024 140918 82526 8726 58392 43551 3158 2836 1236106 1808 1748 1334 281 40393 39425 60 73800 45117 5823 39294 28683 17292 11391 1234298 658808 609788 75 49020 27277 21743
is_linear=0
shrinkage=0.1


Tree=117
num_leaves=31
num_cat=0
split_feature=6 5 6 2 6 3 7 8 3 2 9 9 5 2 10 6 11 2 5 11 2 5 5 3 5 1 2 9 2 2
split_gain=6.60924 23.5048 25.8102 17.0985 42.9858 19.8363 16.3128 14.3037 11.9335 10.6253 11.8395 9.51285 22.2184 9.37291 9.21554 10.5889 9.35538 8.27513 9.47474 7.3587 7.61419 7.02053 6.91772 10.3378 6.35985 36.0457 49.5346 41.9695 34.791 26.9802
threshold=0.57019704580307018 13.500000000000002 0.36032786965370184 0.45512083172798162 0.4016129076480866 0.85037314891815197 0.42261904478073126 1.0000000180025095e-35 0.4907375723123551 0.71516755223274242 0.48017466068267828 0.55744957923889171 18.500000000000004 0.21132376790046695 0.95780044794082653 0.30471627414226538 0.71825397014617931 0.55403152108192455 10.500000000000002 0.82480818033218395 0.084806710481643691 22.500000000000004 14.500000000000002 0.51158317923545849 5.5000000000000009 1.0000000180025095e-35 0.7243877947330476 0.68706974387168895 0.86526826024055492 0.90054944157600414
decision_type=2 2 2 2 2 2 2 2 2 2 2 2 2 2 2 2 2 2 2 2 2 2 2 2 2 2 2 2 2 2
left_child=1 2 7 4 8 11 9 19 13 10 -4 12 -5 -3 15 -7 -16 -8 -19 20 -1 -10 23 -6 -2 28 -27 29 -26 -28
right_child=24 3 6 5 22 14 17 -9 21 -11 -12 -13 -14 -15 16 -17 -18 18 -20 -21 -22 -23 -24 -25 25 26 27 -29 -30 -31
leaf_value=0.23641234232337169 0.00048687181789827563 -0.0074449880033802332 -0.053082177978126512 0.090596638091871393 -0.058841646070496759 -0.55053383911973153 0.12735667096796133 -0.28581552859538928 -0.076384452942968986 0.26267090563011303 0.051519881353624612 0.081417782983023865 0.75425844268989017 0.030694746249980549 0.084118630228092017 -0.00438769018831172 0.00031667513613815672 -0.017515665207314176 0.027743553873614935 0.12339467255143406 -0.072622769227382797 0.00038488947195077774 -0.084332745432549747 0.10340143524475438 -0.007686775893224123 -0.10279572642284174 0.00086907532606828356 0.064372677276379964 -0.056493220501035328 0.27018729854091728
leaf_weight=0.82663208705754243 7714.4280017972278 137.23064471203077 11.378195117878361 1.6667298225697806 17.200031469733862 0.35582269606015771 5.7423055372892113 2.7180200703442088 27.824907327598339 2.2939888015753231 220.8147797489712 22.035597784626589 0.72339227853171895 121.46819800131425 26.871686540544033 154.35730981210327 26.418153743492439 91.102106507501048 93.959690801347278 2.3677327977493396 22.449153395078383 20.829810948815748 85.699996848532123 5.0893794553509215 1775.0796643190815 32.124666980906568 322.47333851768917 177.73695677297655 159.14846583909093 3.7631582853500722
leaf_count=27 783067 6988 29053 875 3946 249 712 21 10255 36 9463 386 178 10275 132 47155 258 14575 4079 8 3094 10636 52972 3463 336173 9240 34496 1902 1685 31
internal_value=-0.000131406 0.00722728 0.0246835 -0.00499781 -0.0171515 0.0167205 0.0308432 -0.0676825 0.0019176 0.0485099 0.046394 0.101971 0.29146 0.010463 0.00670957 -0.00564376 0.0425743 0.00913179 0.00546337 -0.0445621 -0.0616475 -0.0435184 -0.071425 -0.0217964 -0.000927207 -0.00534315 0.0176015 0.025276 -0.0117026 0.00397568
internal_weight=11286.2 1101.42 453.653 647.772 415.343 232.429 425.291 28.3615 307.354 234.487 232.193 24.4257 2.39012 258.699 208.003 154.713 53.2898 190.804 185.062 25.6435 23.2758 48.6547 107.989 22.2894 10184.8 2470.33 536.098 503.973 1934.23 326.236
internal_count=1375430 208836 61068 147768 98535 49233 57918 3150 38154 38552 38516 1439 1053 17263 47794 47404 390 19366 18654 3129 3121 20891 60381 7409 1166594 383527 45669 36429 337858 34527
is_linear=0
shrinkage=0.1


Tree=118
num_leaves=31
num_cat=0
split_feature=3 4 5 10 4 5 10 6 6 11 7 6 5 6 5 6 6 10 7 4 14 5 14 6 4 4 3 8 10 9
split_gain=9.42302 14.3739 34.0396 21.8389 19.4314 17.5678 17.3906 15.3994 21.534 11.4066 10.384 10.0818 20.825 38.5132 18.4083 48.2935 35.4403 29.309 28.4726 22.0256 40.1519 17.0778 39.7816 26.3906 16.7689 13.9232 11.238 10.2538 9.46045 12.7508
threshold=0.81832167506217968 0.54641148447990429 6.5000000000000009 0.6858804225921632 0.85053193569183361 13.500000000000002 0.90952175855636608 0.61326980590820324 0.70638945698738109 0.78019323945045482 1.0000000180025095e-35 0.47114317119121557 11.500000000000002 0.38516484200954443 6.5000000000000009 0.77167919278144848 0.86425063014030468 0.99790793657302868 0.43650794029235845 0.13446328043937686 0.69735485315322887 2.5000000000000004 0.40751175582408911 0.87138131260871898 0.10762548446655275 0.53907206654548656 0.44879534840583807 1.0000000180025095e-35 0.99790793657302868 0.95009577274322521
decision_type=2 2 2 2 2 2 2 2 2 2 2 2 2 2 2 2 2 2 2 2 2 2 2 2 2 2 2 2 2 2
left_child=11 2 3 -2 5 7 -7 -3 -9 -8 -4 12 13 27 15 17 19 18 -13 24 -21 23 -23 -17 -16 -14 -19 -1 -6 -30
right_child=1 4 10 -5 28 6 9 8 -10 -11 -12 14 25 -15 16 21 -18 26 -20 20 -22 22 -24 -25 -26 -27 -28 -29 29 -31
leaf_value=-0.068141581578927329 -0.10111733656763106 0.07735139675007191 0.059236041887362201 0.13695524159757452 0.0011692482655036082 -0.081622201577476391 0.058936540945619911 -0.026267300976584213 0.039293306931458771 -0.063720618303480206 -0.11928069457473825 0.081263766060747838 0.0015108113212429115 0.11490187087469726 -0.011238584050732962 0.071389507002918309 1.2458158264204349 -0.070312122487796738 -0.039322313827864289 -0.05847138923353179 0.0013827232935085577 0.014457343099168352 -0.02775963574463456 -0.00081218525512707939 0.04201370131387025 0.2048427932933776 0.032235539146227149 -0.36361952277035248 0.054450451250383683 -0.0055877475225274646
leaf_weight=7.7321656223313635 5.5420990311814675 64.976803495861418 3.6031315095151504 12.643373626633545 6634.4782262817789 28.542541461464339 25.624328024685383 66.509277411958237 203.06525430746274 10.767746639437972 34.057495149228885 141.03162817987413 405.29526224789953 39.68011896953567 284.07876348190166 52.388683095112128 0.22169262645456811 25.575083632953465 22.737807905637055 265.64295382704859 193.87514129902411 321.26130254524844 731.30805765719776 1502.6495878546209 74.677230741219319 3.3958720683635866 18.35693666129373 1.3847939912229774 77.914176543185022 64.788589680101722
leaf_count=275 6275 32837 373 299 472797 59066 218 28187 22582 66 81851 38211 33386 950 19198 3274 23 284 1010 185366 2333 41877 150736 179260 3155 300 182 9 4847 7105
internal_value=0.000417652 0.00258728 -0.0479495 0.0644016 0.00298053 0.0244126 -0.0231868 0.0336514 0.0231182 0.0226445 -0.102201 -0.00341777 0.0105726 0.0723178 -0.00517913 -0.00134142 -0.0183794 0.0450655 0.0645216 -0.0187219 -0.0332184 -0.00503783 -0.0148743 0.00162026 -0.000153799 0.00320033 -0.0274627 -0.113022 0.0017172 0.0271925
internal_weight=11323.8 7232.51 55.8461 18.1855 7176.67 399.486 64.9346 334.551 269.575 36.3921 37.6606 4091.29 457.488 48.7971 3633.8 2815.31 818.496 207.701 163.769 818.274 459.518 2607.61 1052.57 1555.04 358.756 408.691 43.932 9.11696 6777.18 142.703
internal_count=1376332 716503 88798 6574 627705 142956 59350 83606 50769 284 82224 659829 34920 1234 624909 414834 210075 39687 39221 210052 187699 375147 192613 182534 22353 33686 466 284 484749 11952
is_linear=0
shrinkage=0.1


Tree=119
num_leaves=31
num_cat=0
split_feature=9 3 2 2 12 6 11 11 7 5 5 6 6 5 3 3 5 5 2 9 11 5 12 10 2 3 11 10 12 14
split_gain=5.81895 16.1461 13.9994 18.1359 11.0796 12.8327 9.48359 8.93854 10.3096 10.6137 8.69578 22.4994 14.52 14.8667 12.4107 10.6883 8.52036 8.05764 7.08113 6.30685 23.2957 20.5434 17.6571 31.5909 20.6984 17.267 15.2544 33.4865 29.0125 20.2933
threshold=0.98124927282333385 0.83847248554229747 0.30532014369964605 0.28445006906986242 1.0000000180025095e-35 0.64760348200798046 0.80476191639900219 0.93933823704719555 0.76388889551162731 9.5000000000000018 2.5000000000000004 0.93142634630203258 0.74239632487297069 4.5000000000000009 0.36754444241523748 0.72034484148025524 28.500000000000004 5.5000000000000009 0.19139194488525393 0.95009577274322521 0.68585526943206798 10.500000000000002 -1.0000000180025095e-35 0.99790793657302868 0.45512083172798162 0.092370063066482558 0.76696833968162548 0.97473672032356273 1.0000000180025095e-35 0.48938822746276861
decision_type=2 2 2 2 2 2 2 2 2 2 2 2 2 2 2 2 2 2 2 2 2 2 2 2 2 2 2 2 2 2
left_child=19 2 3 16 -5 -6 -3 8 9 -8 11 14 13 -12 -4 -13 18 -10 -2 26 21 -21 25 -24 -25 -22 -1 28 29 -28
right_child=1 6 10 4 5 -7 7 -9 17 -11 12 15 -14 -15 -16 -17 -18 -19 -20 20 22 -23 23 24 -26 -27 27 -29 -30 -31
leaf_value=-0.0010267861325880309 0.016343287365748884 0.06030802432269055 0.26449046972756135 0.32748060233432907 0.13111570487043997 -0.053507566929423128 0.039310795694226824 0.038156713532254506 0.1039826625293605 -0.087039204467347225 0.21465600343033786 -0.078564287621070428 -0.068571886872659346 -0.012517836666312249 0.052190280385235349 0.01420168442255958 0.14396427630374081 -0.20494490868513796 -0.020243983556649501 0.0025037570568259338 0.039483443246172652 0.086743402208679349 -0.032013004810139759 0.10101624118465875 -0.010706058102588097 -0.11970821658946301 -0.050362705688321067 -0.0070626266632166992 0.0011058998653597476 0.073267160164840514
leaf_weight=9320.3203972675255 167.00409182626754 80.764531256398186 3.0545503590256002 2.0089161540381637 13.726521298289301 5.1876785717904559 20.156680412590507 56.467095359461382 1.0307486654492084 9.9205852961167675 3.0212365188635877 26.667999092489481 65.916855520335957 61.924641180317849 27.944019300630316 23.247494783252478 4.4771372880786648 4.6674404134973884 77.421703860163689 231.75000016659033 8.5861870683729631 33.08186606108211 296.42725536844227 32.679129681549966 33.666627010796219 33.00393487769179 14.395654281601308 333.62457734951749 123.59576001635287 170.88697061664425
leaf_count=1349060 871 1604 30 25 107 116 200 6833 88 50 15 262 827 775 293 306 12 27 492 2077 30 296 2561 156 480 324 68 5849 1337 1040
internal_value=-6.72285e-05 0.00908353 -0.000329501 0.014775 0.104194 0.0804783 0.0352867 0.0133789 -0.0257297 -0.00236407 -0.0195743 0.00619555 -0.035508 -0.00194987 0.07311 -0.0353597 0.00725833 -0.149063 0.00475429 -0.000630638 -0.0100282 0.0130267 -0.0251276 -0.0180522 0.0443236 -0.0868435 5.86371e-07 0.0149039 0.0386304 0.0636617
internal_weight=11286.6 654.61 481.603 269.826 20.9231 18.9142 173.007 92.2426 35.7755 30.0773 211.777 80.9141 130.863 64.9459 30.9986 49.9155 248.903 5.69819 244.426 10632 669.195 264.832 404.363 362.773 66.3458 41.5901 9962.82 642.503 308.878 185.283
internal_count=1376211 12933 4131 1623 248 223 8802 7198 365 250 2508 891 1617 790 323 568 1375 115 1363 1363278 5924 2373 3551 3197 636 354 1357354 8294 2445 1108
is_linear=0
shrinkage=0.1


Tree=120
num_leaves=31
num_cat=0
split_feature=10 12 10 1 4 2 7 6 10 6 14 2 7 3 10 10 7 2 14 2 1 5 5 7 12 3 10 4 7 3
split_gain=8.67006 21.3825 53.177 16.6857 27.5309 29.7403 20.7707 21.9558 15.2304 27.5187 22.6091 29.7894 55.408 54.4628 24.335 20 19.9029 37.5865 22.8749 24.8592 18.3103 26.3764 25.8672 24.9227 17.3471 17.258 17.7942 14.6414 14.3235 13.9899
threshold=0.75490951538085949 -1.0000000180025095e-35 0.45788761973381048 1.0000000180025095e-35 0.84680575132370006 0.7897985875606538 0.64583334326744091 0.70900535583496105 0.8445824682712556 0.82426470518112194 0.74168366193771373 0.75147059559822094 0.47727273404598242 0.85566902160644542 0.96984851360321056 0.95780044794082653 0.43650794029235845 0.61257407069206249 0.77176257967948925 0.8521554470062257 1.0000000180025095e-35 6.5000000000000009 3.5000000000000004 0.64583334326744091 1.0000000180025095e-35 0.2421212121844292 0.82385262846946727 0.92390406131744396 0.31666667759418493 0.94494947791099559
decision_type=2 2 2 2 2 2 2 2 2 2 2 2 2 2 2 2 2 2 2 2 2 2 2 2 2 2 2 2 2 2
left_child=1 -1 -3 4 -4 -6 27 -8 16 20 14 12 -12 -13 15 -11 17 25 19 -19 22 -22 -10 -24 -23 26 -2 -5 -27 -18
right_child=8 2 3 6 5 -7 7 -9 9 10 11 13 -14 -15 -16 -17 29 18 -20 -21 21 24 23 -25 -26 28 -28 -29 -30 -31
leaf_value=-0.0010690551139280367 0.0099477273542733259 -0.11111465459898993 -0.015582010987130785 -0.025106283976995533 0.094976433004912 0.00041184480907434742 0.099119956597248843 -0.027677230552152828 0.067830595788374234 -0.022288922632917429 -0.020209518703305136 -0.046837238679609934 0.046279625978497739 0.0029722921384429681 0.0045864214704034647 -0.078971227325571866 -0.019774256214499714 0.13184054854122804 0.022640644623716958 -0.10937277379179773 0.0022663370339433332 0.062101903841327716 0.0061661051978561332 -0.020124511433998737 -0.016284340003165317 -0.025810386984791236 0.060084998812845229 -0.14017950246257432 0.066075925434480612 0.01491627631032552
leaf_weight=3566.472686324576 231.6730055501539 58.06117556659683 372.74444203863641 18.645490947516919 53.556663804864002 87.744680288520613 14.592678889486704 212.80494322331651 59.442770281864796 824.19932198891183 208.1837612693198 286.63111569941975 314.94140866491944 937.57633616833482 348.757057455834 67.33489684946835 245.40552359609865 60.547114684653934 45.883419261313975 4.5969165458809575 249.57770065346267 182.69944826280698 1839.394390050933 448.48961318074726 33.392483099829406 140.40112871071324 101.93309059974854 27.167399431185913 19.296411466435529 220.88471437781118
leaf_count=205829 4209 815586 199186 8845 2477 3958 1459 27116 662 8875 1236 1975 2903 20817 3428 713 1389 1263 377 46 2603 864 26952 3827 1505 17809 1059 6772 395 2221
internal_value=-0.000998913 -0.00445837 -0.0187582 -0.0119468 -0.00133325 0.0362541 -0.0319163 -0.0195403 0.00122229 -0.000800351 -0.00748376 -0.000154626 0.0198195 -0.00868992 -0.0178091 -0.02657 0.0121809 0.0241575 0.0767253 0.114819 0.00629796 0.0244118 0.00270448 0.0010124 0.049989 0.0123261 0.0252671 -0.0933456 -0.0147077 -0.00334113
internal_weight=11283 4411.79 845.317 787.256 514.046 141.301 273.211 227.398 6871.24 5800.62 2987.62 1747.33 523.125 1224.21 1240.29 891.534 1070.62 604.331 111.027 65.144 2813 465.67 2347.33 2287.88 216.092 493.304 333.606 45.8129 159.698 466.29
internal_count=1376356 1271228 1065399 249813 205621 6435 44192 28575 105128 76360 39947 26931 4139 22792 13016 9588 28768 25158 1686 1309 36413 4972 31441 30779 2369 23472 5268 15617 18204 3610
is_linear=0
shrinkage=0.1


Tree=121
num_leaves=31
num_cat=0
split_feature=12 7 11 3 3 10 2 10 11 2 11 10 2 3 14 6 2 3 7 6 2 10 12 10 0 10 14 10 2 7
split_gain=4.39368 27.3967 12.1433 17.7684 18.4687 111.85 15.839 17.3606 12.5283 18.3599 12.3768 10.9458 14.4463 9.65639 8.54648 13.9388 13.1984 60.7246 111.457 32.0615 21.7394 12.2914 9.75585 74.0442 28.1047 119.615 25.4505 31.6989 25.1723 15.5743
threshold=1.0000000180025095e-35 0.81666666269302379 0.3390804678201676 0.423303171992302 0.42627264559268957 0.88944444060325634 0.22318007797002795 0.88944444060325634 0.35857143998146063 0.69282051920890819 0.067816093564033522 0.81266710162162792 0.4712491780519486 0.9624941647052766 0.37435738742351538 0.72046512365341198 0.70801281929016124 0.71148777008056652 0.31666667759418493 0.76533168554306041 0.62258651852607738 0.93764951825141918 -1.0000000180025095e-35 0.45788761973381048 1.0000000180025095e-35 0.40586884319782263 0.77176257967948925 0.99790793657302868 0.8841681480407716 0.89444443583488475
decision_type=2 2 2 2 2 2 2 2 2 2 2 2 2 2 2 2 2 2 2 2 2 2 2 2 2 2 2 2 2 2
left_child=14 2 3 6 5 -5 10 -8 9 -4 -2 12 -10 -13 15 -1 20 18 -18 -19 21 -17 -16 24 29 -26 27 -25 -28 -24
right_child=1 -3 8 4 -6 -7 7 -9 11 -11 -12 13 -14 -15 22 16 17 19 -20 -21 -22 -23 23 26 25 -27 28 -29 -30 -31
leaf_value=-0.05423165492252368 0.21904355330591094 0.065391777271713955 -0.050746427210911417 -0.10089291285322816 0.036665634914978533 4.4982066271235199 -0.10341832327291425 0.13056226158443379 -0.0013306793557025145 -0.47733867797620677 0.0047571329829310151 -0.0020596014893704303 0.05492470577238643 -0.10435753914038147 0.0011665989207413994 0.028182906173982659 3.1517440365601113 0.7182987972084236 -0.101493822217991 0.029073558276689244 -0.1033648206704751 -0.039579909926374959 -0.11323794012180306 -0.018306000468308933 -0.10000805879112884 -1.1975204973266678 0.0097470743508380961 0.059333817082581591 -0.012360926000601425 0.40094557417446741
leaf_weight=27.820079914741427 2.7281787031029117 69.022785772569478 28.778617271687839 0.27950663233241257 210.33503634863223 0.065218908712267876 24.127420154776249 3.6509006284177294 106.58198271278525 1.045545398723333 224.16881107474114 2123.6919444418745 79.847289491386618 9.2676994280191121 4323.3717563799291 275.42693731634722 0.18446855945512552 0.72906821523792942 0.2454170478740707 9.0899623883306031 14.587358396820489 29.649769096402451 36.094398032775189 1299.7104395999563 4.5003318253166062 1.274204971410654 1496.6323881708122 54.803976248949766 785.23288958167541 0.59885002464125037
leaf_count=17245 4044 9046 823 647 29168 2 39652 103 4735 17 22220 27945 1009 895 194306 35104 24 60 26 608 2528 140 672621 199708 71235 17373 10348 314 6646 7181
internal_value=-0.000217244 0.00314863 0.00162222 0.0163803 0.0378643 0.769215 -0.00139219 -0.0726663 -0.00130122 -0.0657015 0.00733368 -0.000473121 0.0227634 -0.00250409 -0.00137823 0.0137441 0.0194761 0.13118 1.29451 0.0802489 0.0158947 0.0215972 -0.00205426 -0.00583941 -0.137118 -0.342184 -0.00430626 -0.0151647 0.00213929 -0.104846
internal_weight=11243.5 2883.59 2814.57 465.355 210.68 0.344726 254.675 27.7783 2349.21 29.8242 226.897 2319.39 186.429 2132.96 8359.95 357.733 329.913 10.2489 0.429886 9.81903 319.664 305.077 8002.22 3678.85 42.4678 5.77454 3636.38 1354.51 2281.87 36.6932
internal_count=1375773 140306 131260 95836 29817 649 66019 39755 35424 840 26264 34584 5744 28840 1235467 55735 38490 718 50 668 37772 35244 1179732 985426 768410 88608 217016 200022 16994 679802
is_linear=0
shrinkage=0.1


Tree=122
num_leaves=31
num_cat=0
split_feature=3 6 6 10 10 5 12 5 11 6 10 6 2 9 10 6 5 10 10 11 2 9 3 3 10 10 10 9 11 3
split_gain=6.43118 11.6137 10.7193 17.7875 19.9813 31.6611 14.8008 14.1083 13.5589 9.20245 41.3427 9.113 11.2895 10.0279 24.4454 8.71994 8.66872 7.74575 28.8393 17.1544 7.32923 13.2379 10.8385 12.4778 12.2906 11.9331 6.31484 6.25234 14.9061 18.2332
threshold=0.092370063066482558 0.7228132188320161 0.82182541489601146 0.81266710162162792 0.82385262846946727 7.5000000000000009 -1.0000000180025095e-35 6.5000000000000009 0.4463601559400559 0.81909090280532848 0.70615220069885265 0.67799538373947155 0.073622401803731932 0.69592735171318065 0.85766234993934642 0.86425063014030468 8.5000000000000018 0.8445824682712556 0.79324594140052807 0.39696970582008367 0.084806710481643691 0.84067201614379894 0.13899821788072589 0.098507251590490355 0.99790793657302868 0.82385262846946727 0.9656854271888734 0.98124927282333385 0.77097901701927196 0.12290209904313089
decision_type=2 2 2 2 2 2 2 2 2 2 2 2 2 2 2 2 2 2 2 2 2 2 2 2 2 2 2 2 2 2
left_child=1 11 3 9 5 -5 -6 17 15 -3 -11 12 16 14 -14 -9 26 18 -4 -19 21 22 23 25 -24 -2 -1 -22 -29 -30
right_child=20 2 7 4 6 -7 -8 8 -10 10 -12 -13 13 -15 -16 -17 -18 19 -20 -21 27 -23 24 -25 -26 -27 -28 28 29 -31
leaf_value=-0.12380721642067685 0.23537642707219356 -0.071225377278198762 -0.0081144538854774958 0.019613056030248641 0.11227863059530407 0.60272566242008097 0.025893390511692316 -0.03400351688899151 -0.20891261711085046 1.6514359797044902 -0.12468215741043985 -0.071629839327841588 -0.1066046955812839 0.069162467749984691 0.8211322013910094 0.46071469949930011 -0.10784317846857619 -0.056852831882425764 0.072668654997590398 0.0089435084422617092 7.4321087713025179e-05 -0.14177249722187341 0.063007110791784851 -0.10815034714330232 0.63308434543019554 -0.11211502942870502 0.17328893987635746 0.041731297071253622 0.053512691098114164 -0.005027982321416634
leaf_weight=0.99580980826141141 2.4589335115283601 16.646214007233088 105.23974657761846 2.0946032749488945 25.435902547091246 1.6763933899346737 90.054985140683129 1.183036331299262 5.4637376498430967 0.1711476789905636 0.55945384036749601 29.270076862261703 0.5074074029280371 3.2342196982353926 0.64512738306075335 0.50982481241226185 5.9829604220309989 45.600481363013387 76.182127791456878 302.40949883684516 9937.6116046997395 10.118855539505601 7.2439626983109511 11.12847640287873 0.39901942014694203 1.6523061810585202 2.5409704148769379 122.39827587560285 61.132637178525329 410.24191498523578
leaf_count=96 1488 4437 7245 29 117 23 643 147 28 78 18 2240 254 34 10 1 3589 253 487 1314 1334983 205 555 5212 1 141 6 1890 354 10388
internal_value=0.00114424 0.0103132 0.0135376 0.0385431 0.0523153 0.278835 0.044919 0.00717009 -0.132296 -0.0559796 0.291384 -0.0399631 0.0266884 0.159418 0.412693 0.114987 -0.0344745 0.00905532 0.0258077 0.000322075 0.000522466 -0.04653 -0.00441328 -0.053152 0.0927693 0.0957197 0.0896391 0.000669912 0.0106379 0.00256417
internal_weight=11280.8 716.404 673.227 136.639 119.262 3.771 115.491 536.588 7.1566 17.3768 0.730602 43.1766 13.9065 4.38675 1.15253 1.69286 9.51974 529.432 181.422 348.01 10564.4 33.0016 22.8827 15.2397 7.64298 4.11124 3.53678 10531.4 593.773 471.375
internal_count=1376266 21049 14820 5345 812 52 760 9475 176 4533 96 6229 3989 298 264 148 3691 9299 7732 1567 1355217 7602 7397 6841 556 1629 102 1347615 12632 10742
is_linear=0
shrinkage=0.1


Tree=123
num_leaves=31
num_cat=0
split_feature=12 11 9 5 11 6 6 11 5 6 11 9 2 4 9 4 14 11 11 4 6 4 4 5 3 14 4 14 5 11
split_gain=6.762 52.7511 11.6188 16.0811 19.5066 363.86 14.2796 13.4215 14.9693 10.8889 19.339 32.1265 17.5464 33.4885 15.8639 14.9261 10.0393 8.74995 23.4972 18.1919 16.3465 17.3376 16.2275 26.6271 15.7285 13.0294 12.4311 19.0793 15.0198 12.5321
threshold=-1.0000000180025095e-35 0.048199767246842391 0.43058878183364874 2.5000000000000004 0.050641026347875602 0.92637759447097789 0.89323708415031444 0.2788888961076737 5.5000000000000009 0.7923850715160371 0.39696970582008367 0.91572606563568126 0.41955395042896276 0.34851622581481939 0.8008810579776765 0.35767590999603277 0.68395668268203746 0.54692083597183239 0.19292803853750232 0.60736888647079479 0.86996778845787059 0.10300619155168535 0.99484536051750194 4.5000000000000009 0.10179085284471513 0.37820857763290411 0.88493064045906078 0.85335588455200206 9.5000000000000018 0.58957219123840343
decision_type=2 2 2 2 2 2 2 2 2 2 2 2 2 2 2 2 2 2 2 2 2 2 2 2 2 2 2 2 2 2
left_child=17 -2 3 4 5 -3 -6 16 -9 12 11 -11 15 -14 -12 -4 -5 18 19 -1 24 -22 26 -24 -20 -26 29 -28 -29 -19
right_child=1 2 9 7 6 -7 -8 8 -10 10 14 -13 13 -15 -16 -17 -18 22 20 -21 21 -23 23 -25 25 -27 27 28 -30 -31
leaf_value=-0.082713643754489904 -0.10322884440256373 12.93606905400539 -0.0040001417421278275 -0.019467800786416935 0.17787971162222924 -0.1266138230660101 0.034117252972414379 0.17207723422759352 -0.016989573069666791 -0.018120735907835445 0.0098160272928124095 0.22614851944484352 0.16857089723915311 0.008071386022567564 -0.0061417358233791615 -0.050158311390421956 -0.19923371161174788 -0.05702171906732343 0.10476561616096805 0.0024563768130805817 -0.037141182322248147 0.022481923768644392 0.037118823594196285 -0.083120549827806617 -0.088736045685514686 0.037518761341569527 0.12103335033749787 0.01825059450238466 -0.22060471427520276 -0.00088401233070425553
leaf_weight=25.263387054227223 50.894172564554538 0.023012416786172163 868.02125620780259 76.832130575570432 7.320900965076361 0.29064787166350925 122.84419123874193 7.8743943871813853 8.9442275691544619 1034.1146987785187 928.18780575570418 5.4124453719705334 13.102994308822643 1656.4136546379912 1894.4922961064731 76.207281923066716 3.2375357174614683 45.704257643199526 35.05349071114324 3429.533252373541 66.457734377472661 183.25268151383352 26.031130190356635 62.969598254188895 8.4969275801377062 215.00014964148068 19.910493369214237 39.556702618952841 2.8203657977282992 306.07171315874439
leaf_count=75416 744038 143 71148 77110 752 962 23230 108 326 109446 12490 47 1066 62973 28317 24491 1262 517 882 123335 535 3368 1372 542 442 7909 118 610 16 2575
internal_value=0.000191025 -0.00180521 -0.00103517 0.0211838 0.0441009 0.83176 0.0422029 -0.0096785 0.0715306 -0.00181526 -0.00518855 -0.0168489 0.00316928 0.00933105 -0.000894311 -0.0077255 -0.0267365 0.00320998 0.00478699 0.00183357 0.0248622 0.00661388 -0.00921343 -0.0479527 0.0424867 0.0327188 -0.00088664 0.0402902 0.0023538 -0.00817767
internal_weight=11220.3 6754.21 6703.32 227.367 130.479 0.31366 130.165 96.8883 16.8186 6475.95 3862.21 1039.53 2613.75 1669.52 2822.68 944.229 80.0697 4466.12 3963.06 3454.8 508.261 249.71 503.064 89.0007 258.551 223.497 414.064 62.2876 42.3771 351.776
internal_count=1375546 1157909 413871 103893 25087 1105 23982 78806 434 309978 150300 109493 159678 64039 40807 95639 78372 217637 211887 198751 13136 3903 5750 1914 9233 8351 3836 744 626 3092
is_linear=0
shrinkage=0.1


Tree=124
num_leaves=31
num_cat=0
split_feature=5 11 10 4 1 14 10 11 2 10 3 11 11 14 9 14 11 9 7 9 10 2 9 4 3 5 2 9 9 10
split_gain=10.6647 13.6198 21.4846 10.9714 32.8006 11.3993 11.0612 10.3978 10.1992 9.7917 297.144 214.751 404.14 261.088 42.6881 28.1109 38.5466 19.2148 18.4715 18.1883 22.5437 31.1299 27.3157 17.1127 16.7041 41.7297 29.9694 15.9758 62.5086 15.4113
threshold=1.0000000180025095e-35 0.29520697891712194 0.67912882566452037 0.94804319739341747 1.0000000180025095e-35 0.77176257967948925 0.90029239654541027 0.28801843523979193 0.86240702867507946 0.55938130617141735 0.66711711883544933 0.050641026347875602 0.048199767246842391 0.22844818979501727 0.3031544983386994 0.54821890592575084 0.048199767246842391 0.5902361571788789 0.76388889551162731 0.55744957923889171 0.56675580143928539 0.69804355502128612 0.38364128768444067 0.92907443642616283 0.94665718078613292 5.5000000000000009 0.86706829071044933 0.38479596376419073 0.38364128768444067 0.63775950670242321
decision_type=2 2 2 2 2 2 2 2 2 2 2 2 2 2 2 2 2 2 2 2 2 2 2 2 2 2 2 2 2 2
left_child=1 7 -3 4 -4 -5 -7 -1 -6 10 11 12 -2 -14 18 16 -16 -17 23 20 21 -11 -23 -12 26 -26 -22 28 -13 -21
right_child=9 2 3 5 8 6 -8 -9 -10 19 14 27 13 -15 15 17 -18 -19 -20 29 24 22 -24 -25 25 -27 -28 -29 -30 -31
leaf_value=0.00071747834518744939 -0.079139380407373894 0.11986463569464159 0.013612946628305415 0.11101193244801462 0.025458383912446578 -0.015747176425178155 0.05193123140722327 -0.22205077754403291 -0.13565404692632793 -0.12484244704446652 0.012783778821386441 0.039739599120431526 -5.9441596312912681 -0.82756331159723651 -0.10006405810984079 -0.078417414503852062 -1.108929022333021 0.28922273206845012 0.02747817915083613 -0.063353388240522737 0.0098837784520388796 1.0379328074633367 0.26348352761399213 -0.0097678584822492448 0.071650576830425569 -0.036675434773735555 -0.075417447639441679 -0.10011318919200994 2.2834444234058169 -0.002427520535989827
leaf_weight=1800.9097843368763 13.804815821443356 19.953876527171815 432.17479276494123 19.436544515774585 4.8827633506152806 37.670421873684973 67.28064876399003 2.0976920104003502 20.120114829391241 1.9274700185796962 465.37167352511278 9.4623616210951695 0.10056199212476791 12.052091860943731 0.96473820591432857 65.50990350600074 0.62347690885292195 1.4531803885702164 217.03692810525899 41.811622203244042 636.25053732217202 0.52273615074227553 3.5374051477992907 1214.9086649448332 119.44606042074156 50.637123386375606 44.038607313123066 13.314390016696221 0.12581866670586883 5911.2123639658039
leaf_count=218561 252285 219 4903 618 130 2217 9976 68 265 4020 53451 23850 158 4095 20022 455990 2047 578 2455 24537 44504 29 456 32163 1058 590 539 106742 580 109334
internal_value=-0.00109843 0.00480537 0.0178354 0.0143347 0.00717031 0.0406669 0.0276392 0.000458301 -0.104191 -0.00270719 -0.00883125 -0.25243 -0.449355 -0.869903 -0.0027768 -0.0803012 -0.496109 -0.0704392 2.4209e-05 -0.000895234 0.0127312 0.206089 0.363193 -0.00352194 0.0113697 0.0393998 0.00436179 -0.0292376 0.0691821 -0.00285544
internal_weight=11228.6 2404.53 601.519 581.565 457.178 124.388 104.951 1803.01 25.0029 8824.11 2014.73 48.86 25.9575 12.1527 1965.87 68.5513 1.58822 66.9631 1897.32 6809.38 856.36 5.98761 4.06014 1680.28 850.372 170.083 680.289 22.9026 9.58818 5953.02
internal_count=1376440 236957 18328 18109 5298 12811 12193 218629 395 1139483 954416 387710 256538 4253 566706 478637 22069 456568 88069 185067 51196 4505 485 85614 46691 1648 45043 131172 24430 133871
is_linear=0
shrinkage=0.1


Tree=125
num_leaves=31
num_cat=0
split_feature=6 5 6 6 3 3 14 2 5 11 10 9 14 9 2 3 11 12 5 6 6 11 10 11 3 5 2 11 9 6
split_gain=7.41875 11.1309 22.9946 13.3074 21.2514 19.3526 21.8624 17.8589 14.3553 15.2859 13.1204 11.8337 9.25737 8.84322 8.37034 53.6591 161.409 35.9713 23.2037 64.5235 15.8437 15.4617 14.3626 11.7943 44.206 10.7447 31.9323 22.3614 19.6432 14.3697
threshold=0.53923079371452343 13.500000000000002 0.36032786965370184 0.35043859481811529 0.53972765803337108 0.85037314891815197 0.60397067666053783 0.5604878067970277 20.500000000000004 0.13423423469066623 0.82385262846946727 0.82780584692955028 0.69282424449920665 0.8008810579776765 0.15504807978868487 0.5338541865348817 0.050641026347875602 1.0000000180025095e-35 6.5000000000000009 0.66431924700737011 0.57947367429733287 0.048199767246842391 0.46580845117568975 0.050641026347875602 0.28793938457965856 11.500000000000002 0.089220564812421813 0.30901856720447546 0.64414930343627941 0.7228132188320161
decision_type=2 2 2 2 2 2 2 2 2 2 2 2 2 2 2 2 2 2 2 2 2 2 2 2 2 2 2 2 2 2
left_child=1 2 11 -3 8 6 -6 -7 10 -10 -5 13 -13 -1 23 16 17 21 19 -18 -20 -16 -19 24 -2 29 27 -27 -28 -25
right_child=14 3 -4 4 5 7 -8 -9 9 -11 -12 12 -14 -15 15 -17 18 22 20 -21 -22 -23 -24 25 -26 26 28 -29 -30 -31
leaf_value=-0.025399362121190334 -0.19740449481305578 0.017172379045637232 0.030724086130821355 -0.10595088882415012 0.35640264266138905 -0.079257044318244124 0.057065512044347746 0.010486579002215016 0.39658293499340891 -0.11695904678391481 -0.01203943550648077 -0.21697510980730825 -0.052383195280392036 0.24406923305902459 -0.10104236731532722 -0.00046774832923387175 0.17859786644533338 -0.64112610543405379 -0.004866983169040974 -0.02058352142113519 -0.080936646214207944 -0.36017667539648834 -1.5536923043023352 -0.035006909828667152 -4.9302471080283325 0.13617871841086579 -0.027344406813204037 -0.077350872395121797 0.098133380578880686 0.0058049794140387564
leaf_weight=14.149066590076304 1.7964429373903374 250.41972445478228 307.85859525058032 17.631634209418621 2.7161392562717337 26.603327933896196 23.99318005039504 133.18558178058709 0.59195124002053745 27.806992607270331 95.215829410706647 6.4489513887092453 7.2688534115441144 1.3325463365763415 3.1262609588067081 8164.7453868854018 17.103610346158348 2.3167673816095653 38.075932808881703 331.20075913564915 97.469909239766025 8.7387250141011918 0.18633747123294586 91.599513796317297 0.019954206334659719 5.8653561631256244 15.730420159458843 29.933751635282533 60.305599946557777 1483.5526186865236
leaf_count=3033 4093 24298 34253 20348 786 58882 482 13142 3965 4276 3332 52 51 9 123843 886432 633 4629 8714 85814 53746 1559 699 5330 4 3181 1802 939 574 27320
internal_value=-0.000393387 0.0082365 0.0226801 -0.000183804 -0.0134451 0.00871527 0.0875059 -0.00445488 -0.0427052 -0.106255 -0.0267124 -0.0621304 -0.12976 -0.00220544 -0.00115637 -0.00241189 -0.0342722 -0.364573 -0.0244638 -0.0108026 -0.0595681 -0.291898 -0.70906 0.00528395 -0.249398 0.00555817 0.0355093 -0.042366 0.0721744 0.00343165
internal_weight=11267 915.222 337.058 578.164 327.745 186.498 26.7093 159.789 141.246 28.3989 112.847 29.1994 13.7178 15.4816 10351.8 8662.96 498.218 14.3681 483.85 348.304 135.546 11.865 2.5031 1688.8 1.8164 1686.99 111.835 35.7991 76.036 1575.15
internal_count=1376221 166909 37398 129511 105213 73292 1268 72024 31921 8241 23680 3145 103 3042 1209312 1166069 279637 130730 148907 86447 62460 125402 5328 43243 4097 39146 6496 4120 2376 32650
is_linear=0
shrinkage=0.1


Tree=126
num_leaves=31
num_cat=0
split_feature=10 9 11 11 9 14 9 11 14 10 10 10 2 7 9 9 9 3 6 11 11 2 10 9 4 11 6 9 9 14
split_gain=8.29726 155.737 155.811 94.3887 22.5707 120.994 29.889 21.2361 16.7481 46.7088 538.368 457.543 16.5196 17.7882 15.9816 19.8889 18.7646 187.99 15.3005 14.6395 33.9991 26.9614 15.4919 18.6848 14.7526 11.4368 13.7764 18.731 13.5729 12.5752
threshold=0.55938130617141735 0.31267458200454717 0.059714796021580703 0.048199767246842391 0.32735316455364233 0.65828368067741405 0.32793442904949194 0.10172414034605028 0.65417757630348217 0.40586884319782263 0.46759706735610967 0.44124551117420202 0.56440424919128429 0.085144929587841048 0.37269903719425207 0.56824392080307018 0.5653091073036195 0.72034484148025524 0.73956522345542919 0.061553031206130988 0.048199767246842391 0.73375529050827037 0.50095057487487804 0.29132643342018133 0.60736888647079479 0.16441441327333453 0.94028520584106456 0.5902361571788789 0.45010821521282202 0.25818021595478063
decision_type=2 2 2 2 2 2 2 2 2 2 2 2 2 2 2 2 2 2 2 2 2 2 2 2 2 2 2 2 2 2
left_child=1 8 3 4 5 -3 -6 14 19 -10 11 -11 -5 -14 -2 16 18 -18 -16 20 24 -22 23 -21 -1 29 27 -27 -28 -4
right_child=7 2 25 12 6 -7 -8 -9 9 10 -12 -13 13 -15 15 -17 17 -19 -20 22 21 -23 -24 -25 -26 26 28 -29 -30 -31
leaf_value=-0.11334433049402144 -0.077601266333014451 -0.10542519493216745 0.10518090466237202 -0.32160134188119943 0.88114313829281476 -1.5706077017132223 -0.11161487546704162 4.564477005325996e-05 -0.10004435776931103 35.39753344558946 -0.10174238087459449 -0.10015491525575418 -1.253789218540625 -0.46944249341998545 -0.082121360318946485 -0.059256498070165066 7.1521976312359374 -0.10140264076157715 0.11625639615410406 -0.027824363285724397 -0.3371040301957493 -2.0551101798399669 -0.077302076629289188 0.25422726506674215 -0.00056053027760254962 -0.08541628603758411 0.23244569359830766 0.31035372521736448 0.029750893865594381 -0.052451663762167568
leaf_weight=11.637698656305018 7.6211857036741995 3.3375830100131472 5.4660860578935049 17.654096699178371 0.30568120172881563 0.67812780533722605 38.388836197099039 7569.7241732290304 0.27271129888322221 0.008451267709460808 0.1154177647549659 0.0063662962347734728 0.30226892732980459 6.6596335417506225 4.2837286220974411 9.0057662302178851 0.041363254786118797 0.26232629144760722 42.079571402308829 3.5025509721640429 1.8033727134576327 0.096220564768259353 3.6566931131046649 7.1297213003531397 3384.1517890981513 10.941941293271382 5.1329004591152634 1.3425735677992641 9.2696171986062819 68.261769579420729
leaf_count=66389 662 61895 4781 16960 4934 5849 636034 200233 1947 158 20 25 342 11132 3082 2209 127 87 3807 1404 1492 320 317 2056 129677 14335 556 755 2128 202337
internal_value=-0.001335 -0.00530695 -0.0993781 -0.217081 -0.127191 -0.352849 -0.103772 0.00052796 -0.000682726 0.643982 2.20196 20.1461 -0.373045 -0.503497 0.0582111 0.0768028 0.103059 0.886555 0.0979273 -0.000758859 -0.00118364 -0.424127 0.100248 0.161312 -0.000947051 -0.0204607 0.0356335 -0.0421626 0.101989 -0.040765
internal_weight=11213.1 3580.12 167.741 67.3262 42.7102 4.01571 38.6945 7633.02 3412.38 0.402947 0.130235 0.0148176 24.616 6.9619 63.2939 55.6728 46.667 0.30369 46.3633 3411.98 3397.69 1.89959 14.289 10.6323 3395.79 100.415 26.687 12.2845 14.4025 73.7279
internal_count=1376050 1165843 962038 737146 708712 67744 640968 210207 203805 2150 203 183 28434 11474 9974 9312 7103 214 6889 201655 197878 1812 3777 3460 196066 224892 17774 15090 2684 207118
is_linear=0
shrinkage=0.1


Tree=127
num_leaves=31
num_cat=0
split_feature=11 12 11 0 14 9 11 10 12 9 10 9 4 10 11 10 7 5 10 2 2 2 10 5 7 9 2 9 9 10
split_gain=16.1363 44.2959 384.16 223.006 1672.89 4427.76 85.099 38.2593 47.0843 31.893 27.4601 20.9297 21.3456 16.8001 16.2031 15.2818 14.7767 18.3127 14.6415 12.5982 26.467 12.2984 17.5419 27.9091 26.7906 19.4078 12.8752 12.7322 18.2724 12.2467
threshold=0.2788888961076737 -1.0000000180025095e-35 0.050641026347875602 1.0000000180025095e-35 0.66333499550819408 0.30805176496505743 0.048199767246842391 0.93156540393829357 1.0000000180025095e-35 0.32793442904949194 0.42438536882400518 0.44076909124851232 0.10762548446655275 0.66811594367027294 0.27429467439651495 0.45788761973381048 0.47727273404598242 7.5000000000000009 0.67912882566452037 0.084806710481643691 0.078689370304346098 0.72834226489067089 0.5246713161468507 4.5000000000000009 0.61250001192092907 1.0000000180025095e-35 0.74239632487297069 0.73817512392997753 0.55391839146614086 0.90029239654541027
decision_type=2 2 2 2 2 2 2 2 2 2 2 2 2 2 2 2 2 2 2 2 2 2 2 2 2 2 2 2 2 2
left_child=1 21 3 6 5 -5 13 8 10 -6 -4 12 -2 -3 -10 -8 17 -9 19 20 -13 27 25 24 -24 -23 -25 28 -1 -30
right_child=11 2 7 4 9 -7 15 16 14 -11 -12 18 -14 -15 -16 -17 -18 -19 -20 -21 -22 22 23 26 -26 -27 -28 -29 29 -31
leaf_value=-0.014844677406445867 -0.02182467408721268 -0.10047854637345771 -0.40255562268476608 -0.10022733824155512 1.0932995337522513 -10.523950422131927 -0.29429523200199692 -0.067703141463250002 0.023883039694882535 -0.054413937377551638 -0.02981527136122479 0.005372315939950475 0.10263745609434874 0.13860690067186585 -0.12093426662492673 -0.5878794814057321 0.075410765124249504 0.12462570462117201 -0.00055685731388196492 0.03491920921584557 0.58742395388904212 -0.00044414494656657062 -0.021763580863487106 0.35420010933818413 0.10831278566680508 -0.101897136977534 -0.10712945249514574 0.14827488166106031 -0.12494338117886937 0.2077293962290705
leaf_weight=392.06947310394094 21.212093823574833 31.015090200290309 1.9830298188559243 1.3056894951583804 0.25091632070370895 0.59240001352780103 25.201835034125178 17.930585796071686 257.52602242891385 6.9054422532387889 597.39771917134397 1.9748665355364201 39.326081918130512 3.2467119927023296 7.9649864353159492 1.9071749374545977 69.166548383189365 6.8389062861679113 6466.0961261470948 72.988893994657701 1.2925573167158291 3042.650162615173 22.842707237607101 0.63392233935155573 51.604267989750952 18.973422586203014 13.245088275689339 4.5529724067382622 21.269205688755623 1.16731896996498
leaf_count=125302 234 659630 39105 13624 785 8086 5887 203 75444 62250 187811 429 725 35 750 1295 502 118 108628 5680 83 18461 559 49 631 53687 359 155 5828 8
internal_value=-0.00266892 -0.00721715 -0.0254941 -0.250918 -0.714199 -3.35351 -0.182567 -0.00893645 -0.0155197 -0.0141728 -0.0310485 0.000498462 0.0590269 -0.0778224 0.0195384 -0.314949 0.0516761 -0.0146008 -4.31175e-05 0.0435191 0.235626 -0.00194644 0.000194652 0.0441304 0.0684012 -0.00107287 -0.0860583 -0.0180405 -0.0198673 -0.107635
internal_weight=11201.1 4598.24 1029.23 70.4253 9.05445 1.89809 61.3708 958.808 864.872 7.15636 599.381 6602.89 60.5382 34.2618 265.491 27.109 93.936 24.7695 6542.35 76.2563 3.26742 3569.01 3149.95 88.326 74.447 3061.62 13.879 419.059 414.506 22.4365
internal_count=1376343 1260564 1055525 751592 84745 21710 666847 303933 303110 63035 226916 115779 959 659665 76194 7182 823 321 114820 6192 512 205039 73746 1598 1190 72148 408 131293 131138 5836
is_linear=0
shrinkage=0.1


Tree=128
num_leaves=31
num_cat=0
split_feature=10 9 9 0 9 10 11 9 10 11 9 11 12 9 11 9 12 4 11 10 3 4 4 11 2 9 11 2 5 6
split_gain=12.1679 154.624 523.544 5468.04 62092.4 862367 153.789 361.483 10934.3 49.5479 21.489 14.7906 13.5365 13.5304 20.801 22.7582 15.6702 13.1878 18.3937 13.0621 12.8914 138.12 11.3315 11.3038 15.1814 11.7637 10.9017 10.3952 10.2646 9.52055
threshold=0.59399941563606273 0.30517394840717321 0.30992957949638372 1.0000000180025095e-35 0.30805176496505743 0.4212701171636582 0.059714796021580703 0.31267458200454717 0.41614617407321935 0.048199767246842391 0.45657137036323553 0.32071428000926977 1.0000000180025095e-35 0.55744957923889171 0.10172414034605028 0.37269903719425207 -1.0000000180025095e-35 0.94665718078613292 0.15075758099555972 0.45954339206218725 0.83373981714248668 0.87007671594619762 0.60736888647079479 0.069366481155157103 0.86706829071044933 0.25722640752792364 0.10762548446655275 0.86526826024055492 16.500000000000004 0.31957446038722997
decision_type=2 2 2 2 2 2 2 2 2 2 2 2 2 2 2 2 2 2 2 2 2 2 2 2 2 2 2 2 2 2
left_child=1 22 3 12 -5 -6 7 8 -4 -9 19 -12 -3 14 15 -2 17 18 -16 -8 21 -17 -1 25 -25 28 -15 -22 -24 -28
right_child=13 2 6 4 5 -7 10 9 -10 -11 11 -13 -14 26 16 20 -18 -19 -20 -21 27 -23 23 24 -26 -27 29 -29 -30 -31
leaf_value=-0.085090455857564237 -0.1518361249191971 -0.11514288980437784 0.23118383875177156 -0.1023801617358383 -0.10002376502933419 -2385.8227574256466 -0.086114818894550818 -0.09386699277288231 -56.678835093509967 -0.26651667245254357 -0.055496808191229367 0.17098779418908563 0.4611141048072277 -0.091980211598230555 -0.1622420854661254 0.1386037040193234 0.0033782696905644855 0.080525069053210635 0.027626270182875654 0.040903707125469757 -0.032084887670979063 2.7854659615437032 -0.00038346826680704714 0.2195193807935886 -0.077547811618321361 -0.12677622428029417 0.022141886936792629 0.11128840366541547 0.087789081332103114 -0.00092453957873020226
leaf_weight=15.736488374472172 3.7949832593076271 1.8293800405132179 0.75143100764567594 0.23244621968933643 0.020711945128623399 0.0016347222475634462 9.2853530417831802 37.807525130429205 0.035348931243761372 29.664793281321259 89.027258157052756 2.9799350772082098 0.5245148815903703 12.990245105158463 5.3637681247782885 3.9077793757915051 814.05590764088629 49.492308429908007 104.65307673595635 63.216193058459609 6.2168593458645764 0.20762362517416466 3371.6873508059575 5.1675388034786911 2.5787726425696746 7.3395781905551294 184.07407511982092 27.106179181952029 13.255025724478854 6412.4299042948605
leaf_count=58108 244 17782 11873 1660 644 58 70986 709057 493 28555 131685 172 333 1355 822 1740 28679 347 3313 52636 298 3 43143 448 226 66869 3266 199 1905 138811
internal_value=-0.00108372 -0.0058308 -0.0842254 -1.49301 -15.4087 -174.622 -0.0684368 -0.194624 -2.3257 -0.169774 -0.0160783 -0.0481614 0.0132636 0.00118957 0.0119406 0.0815087 0.00899418 0.037655 0.0183694 0.0246363 0.105162 0.272139 -0.000428718 -3.68749e-05 0.120625 -0.000312407 -0.000461101 0.0845402 -3.81952e-05 -0.000280876
internal_weight=11275.4 3651.14 235.377 2.60869 0.254793 0.0223467 232.768 68.2591 0.78678 67.4723 164.509 92.0072 2.35389 7624.29 1014.8 41.2334 973.565 159.509 110.017 72.5015 37.4384 4.1154 3415.76 3400.03 7.74631 3392.28 6609.49 33.323 3384.94 6596.5
internal_count=1375710 1196633 1025934 20477 2362 702 1005457 749978 12366 737612 255479 131857 18115 179077 35645 2484 33161 4482 4135 123622 2240 1743 170699 112591 674 111917 143432 497 45048 142077
is_linear=0
shrinkage=0.1


Tree=129
num_leaves=31
num_cat=0
split_feature=6 6 2 3 4 4 4 4 11 4 10 4 11 10 5 4 6 6 11 11 6 4 2 2 5 10 2 14 6 11
split_gain=5.96072 17.2039 21.0001 20.3398 19.7897 23.9339 20.3462 27.7415 15.0033 15.9572 14.4763 13.6191 17.6149 11.7671 10.5724 52.4955 55.7211 32.697 26.5436 24.8553 21.3038 20.3422 19.2215 26.4544 19.0651 30.8957 14.8774 13.0464 11.0908 10.3263
threshold=0.99137932062149059 0.96720427274703991 0.83910790085792553 0.91325253248214733 0.88067796826362621 0.92031747102737438 0.52419984340667736 0.35767590999603277 0.55902779102325451 0.95861870050430309 0.71591943502426159 0.86319074034690868 0.62828946113586437 0.87895438075065624 1.5000000000000002 0.91715687513351452 0.943650782108307 0.95505049824714672 0.38278388977050787 0.10762548446655275 0.92232277989387523 0.84680575132370006 0.92031747102737438 0.3464102596044541 2.5000000000000004 0.55938130617141735 0.93127068877220165 0.4784075021743775 0.81191039085388195 0.8441295623779298
decision_type=2 2 2 2 2 2 2 2 2 2 2 2 2 2 2 2 2 2 2 2 2 2 2 2 2 2 2 2 2 2
left_child=1 14 4 11 6 29 7 -3 9 -2 -7 12 -4 -13 15 17 18 19 -17 -1 24 -19 23 -22 25 -16 -18 -24 -26 -6
right_child=8 2 3 -5 5 10 -8 -9 -10 -11 -12 13 -14 -15 20 16 26 21 -20 -21 22 -23 27 -25 28 -27 -28 -29 -30 -31
leaf_value=-0.035020489586808499 -0.013367521214785086 -0.0052945374402436343 -0.15285885747815481 -0.025655257910382881 0.12785757104117348 0.10780877935192207 -0.063440978253593711 0.25161432861922284 0.02433681614320787 0.0064845491560661219 -0.22627663853632898 -0.071328295771360947 0.19357132498673674 -0.1963081411686341 -0.044039624003638783 -0.12929313683657662 -0.079766322467240913 -0.017178538250071911 -0.58995944923855903 0.053473032670765558 -0.0010348780141261216 0.037729162736285474 0.19008953550776839 -0.04888520921213424 0.0016886549958245241 0.032965812373800647 -0.003124684986795398 0.02159657265042483 -0.0066386711858506461 -0.09531162137703196
leaf_weight=35.623534193795876 553.16984070795729 140.7969550794441 2.9595294709706641 56.041067055091844 23.245341680117242 1.9356900486091024 69.446395996530214 4.3324490672372908 323.13218437921023 1510.5792763349721 3.9309265716001391 12.453253085254575 2.9118085792288184 19.06837848527357 61.609112440118224 2.3102469917048429 46.501997898796844 228.85566562007443 2.7274969010613859 291.08344018607022 210.43098660346141 95.683488478985964 5.1884106099605551 256.21761372712308 4317.1091946032502 337.64203697999619 55.623619069432834 40.20996750242557 2540.6160381967811 2.2764224987477055
leaf_count=34112 89299 2762 168 2063 244 60 7546 3643 12247 135599 56 554 12 141 31650 453 4072 27197 102 7134 5398 4378 11 32331 711736 6727 3208 753 252883 25
internal_value=-0.000135222 -0.0013293 -0.0234085 -0.0637674 -0.00807746 0.0660859 -0.0189262 0.00237479 0.00430056 0.00116338 -0.116045 -0.120886 0.0189484 -0.146932 -0.00045053 0.0108191 -0.0540382 0.0214914 -0.378704 0.0438239 -0.00155067 -0.000990167 -0.0212644 -0.0273075 -0.000159681 0.021083 -0.0380228 0.040853 -0.00139641 0.107952
internal_weight=11253.7 8866.83 339.398 93.434 245.964 31.3884 214.576 145.129 2386.88 2063.75 5.86662 37.393 5.87134 31.5216 8527.43 758.409 107.163 651.246 5.03774 326.707 7769.02 324.539 512.047 466.649 7256.98 399.251 102.126 45.3984 6857.73 25.5218
internal_count=1376564 1139419 17274 2938 14336 385 13951 6405 237145 224898 116 875 180 695 1122145 80656 7835 72821 555 41246 1041489 31575 38493 37729 1002996 38377 7280 764 964619 269
is_linear=0
shrinkage=0.1


Tree=130
num_leaves=31
num_cat=0
split_feature=11 10 3 12 11 11 14 14 2 10 11 9 3 9 2 10 10 12 9 6 5 2 9 9 5 5 3 5 2 9
split_gain=5.86508 26.5338 22.9052 17.4047 46.5608 27.7968 24.4072 26.6893 25.1887 16.2857 17.0028 20.4428 15.3672 18.4275 14.6929 14.6692 15.9936 15.9298 14.9432 14.7867 14.4481 13.3357 12.8115 12.4282 19.8456 14.0344 12.1027 12.671 10.855 10.0686
threshold=0.35857143998146063 0.95013812184333812 0.89323708415031444 1.0000000180025095e-35 0.050641026347875602 0.3514705896377564 0.77176257967948925 0.44064041972160345 0.76253134012222301 0.76490327715873729 0.45643940567970281 0.6062217950820924 0.80540937185287487 0.76427942514419567 0.10212950780987741 0.87895438075065624 0.83370700478553783 1.0000000180025095e-35 0.86558434367179882 0.84698995947837841 3.5000000000000004 0.51564025878906261 0.52060455083847057 0.7276916801929475 20.500000000000004 3.5000000000000004 0.089719939976930632 11.500000000000002 0.084806710481643691 0.51521766185760509
decision_type=2 2 2 2 2 2 2 2 2 2 2 2 2 2 2 2 2 2 2 2 2 2 2 2 2 2 2 2 2 2
left_child=1 2 3 6 -5 -6 7 -1 -8 10 11 14 13 22 -2 16 21 18 -17 -18 -16 -4 -12 25 -25 -13 27 -11 -28 -3
right_child=9 29 15 4 5 -7 8 -9 -10 26 12 23 -14 -15 20 17 19 -19 -20 -21 -22 -23 -24 24 -26 -27 28 -29 -30 -31
leaf_value=-0.013318224975970225 -0.027174985176856976 -0.013640413484402827 -0.1433372349923136 -0.23841238172417323 0.013007847226739595 -0.10210625638186764 0.10967274521402744 -0.047459974944528652 -0.010712553290649025 0.01949302675966344 -0.15007628289143374 0.021110895431580443 -0.0013142881074811085 0.66158534464163832 0.21639943646317825 -0.032151220162511471 0.082417100519268982 0.081117770421792204 -0.22015799920426088 -0.0061590997952768135 0.060561046444311317 0.0002157241523068947 0.19254602644715479 0.03430622792548034 0.48427455298563571 -0.070407880715018883 -0.067984788132320367 -0.072733706470651499 -0.0010389381579032938 0.080374052919885849
leaf_weight=600.76799975222934 8.0441693355969601 14.666796626523135 6.4833642193034384 7.8961820932719311 386.12474855932749 22.181775451244903 27.20251770986215 369.96145552911526 48.134771988261491 411.43196831468958 1.2205812023021287 32.186381349165458 6.5926998396753325 0.76987918285885903 10.59030676976545 156.50201258715242 45.606261268258095 12.238810326438395 4.3449906446039668 32.120636671083048 13.575465571790117 3481.2055364210519 10.309074991120722 32.979767733282642 1.0101926848583378 34.952240497150342 24.331311651825672 15.456629480497211 5317.5221150375437 51.010735309217125
leaf_count=200036 152 129 5319 12344 82334 737 780 598301 319 2278 17 1114 119 19 220 813 220 462 28 397 593 383001 277 1462 118 3191 1041 431 79453 498
internal_value=-0.00135649 -0.00378427 -0.00458193 -0.0151932 0.00210284 0.00675413 -0.0220749 -0.0263302 0.0327557 0.000802915 0.0330875 0.0205077 0.121874 0.187904 0.0898878 -0.000431444 0.000948718 -0.0288616 -0.0372299 0.045813 0.128855 -5.11305e-05 0.156274 -0.00159013 0.0476794 -0.0265336 -4.904e-05 0.0161537 -0.00134387 0.0593792
internal_weight=11187.4 5266.45 5200.77 1462.27 416.203 408.307 1046.07 970.729 75.3373 5920.97 152.231 133.339 18.8922 12.2995 32.2099 3738.5 3565.42 173.086 160.847 77.7269 24.1658 3487.69 11.5297 101.129 33.99 67.1386 5768.74 426.889 5341.85 65.6775
internal_count=1376203 1285718 1285091 894851 95415 83071 799436 798337 1099 90485 7282 6850 432 313 965 390240 388937 1303 841 617 813 388320 294 5885 1580 4305 83203 2709 80494 627
is_linear=0
shrinkage=0.1


Tree=131
num_leaves=31
num_cat=0
split_feature=2 7 11 2 10 6 5 6 2 4 2 5 9 2 7 3 6 10 14 7 10 12 5 2 5 2 10 4 6 6
split_gain=5.849 20.0126 69.559 44.5094 28.1628 23.3058 21.7864 32.1236 27.2241 20.3799 20.3103 25.3985 18.6596 18.1124 17.6231 13.0597 12.7625 52.5918 12.5954 12.4569 12.1072 11.7303 11.3969 10.6887 10.6632 12.0523 11.4583 9.38918 11.1218 17.9332
threshold=0.15504807978868487 0.31666667759418493 0.12060606107115747 0.70801281929016124 0.8445824682712556 0.57259953022003185 6.5000000000000009 0.7589399814605714 0.68457102775573742 0.64565756916999828 0.4712491780519486 10.500000000000002 0.55744957923889171 0.45512083172798162 0.34523810446262365 0.65733855962753307 0.74133810400962841 0.71591943502426159 0.67173731327056896 0.47727273404598242 0.69584372639656078 1.0000000180025095e-35 3.5000000000000004 0.44327485561370855 12.500000000000002 0.63224515318870556 0.9656854271888734 0.11566332355141641 0.94174209237098705 0.9569842815399171
decision_type=2 2 2 2 2 2 2 2 2 2 2 2 2 2 2 2 2 2 2 2 2 2 2 2 2 2 2 2 2 2
left_child=18 2 3 4 -2 10 7 -7 -8 13 11 -4 -12 23 22 16 17 -11 27 -18 21 -5 -15 -3 25 -17 -26 -1 -29 -30
right_child=1 9 5 20 -6 6 8 -9 -10 15 12 -13 -14 14 -16 24 19 -19 -20 -21 -22 -23 -24 -25 26 -27 -28 28 29 -31
leaf_value=0.0011053456888986939 -0.14420478607258558 0.096794052529634411 0.054829623749033642 -0.035871206368139091 0.75767269695136652 0.048510416554070387 -0.059379521113667913 -0.016844648766799222 0.038215977080470885 2.0470168833200502 0.18798497366061054 -0.0084212573019292851 0.037935917649983983 0.063356962227126681 -0.14451829781024167 0.017791564072642676 -0.093642677219984247 0.05593083686276458 -0.2643047690182011 0.027177567361305961 0.18701882102188519 0.24783433682223233 -0.037360462944434826 0.28510148517941714 -0.027692958245442541 -0.00079341506147642704 0.018600801250649855 0.010258896757907717 0.16316076006328689 0.030503256518443933
leaf_weight=1522.9668617744974 67.466477300666384 12.437120443843584 74.885397036017707 44.110468054003604 0.34802933287573878 87.128613128628785 186.26346194806331 549.71069103860805 33.76308103037718 0.13968910581070249 9.3950522038649051 417.03623204519022 70.31714788140016 49.57662448119504 5.5955860097242285 367.13300328909645 35.468900879595367 2.6361010478576645 1.7508915581274767 11.237148864349363 2.819866504520177 1.5071741962060503 14.52723408346594 3.9786075130368763 262.33160202321596 7039.5783370348418 67.151865090010688 188.13954310476947 13.11392452183645 45.712253452484219
leaf_count=47905 548605 1436 2212 35634 34 4464 40007 52823 716 1018 1200 29639 1578 5255 1703 35069 7445 25 15 419 13 136 3708 354 26131 523051 555 4657 83 437
internal_value=-0.00149811 -0.00248987 -0.0128966 -0.0872819 -0.139576 -0.00684308 -0.0172757 -0.00790315 -0.0444035 -0.000447669 0.00879522 0.00120745 0.055621 0.047933 0.0256762 -0.000982794 -0.0521933 0.15613 0.00377313 -0.0645742 -0.0140676 -0.0264978 0.0405324 0.142433 -0.000655244 0.000127798 -0.0182578 0.00403832 0.0221252 0.0600762
internal_weight=11188.2 9416.54 1544.75 116.252 67.8145 1428.5 856.866 636.839 220.027 7871.79 571.634 491.922 79.7122 86.1152 69.6994 7785.68 49.4818 2.77579 1771.68 46.706 48.4375 45.6176 64.1039 16.4157 7736.19 7406.71 329.483 1769.93 246.966 58.8262
internal_count=1376327 1323230 717061 584422 548639 132639 98010 57287 40723 606169 34629 31851 2778 12456 10666 593713 8907 1043 53097 7864 35783 35770 8963 1790 584806 558120 26686 53082 5177 520
is_linear=0
shrinkage=0.1


Tree=132
num_leaves=31
num_cat=0
split_feature=3 11 12 2 6 2 11 2 4 6 4 11 5 3 14 11 2 4 4 5 11 6 6 6 10 6 11 14 4 5
split_gain=9.61462 52.4544 58.4279 27.0092 30.0788 37.7673 25.0073 20.6731 29.6733 24.9158 21.3297 20.3523 20.3308 18.6666 18.5639 16.1739 15.8624 16.4435 27.9558 21.8197 17.1852 15.5259 19.644 18.0189 14.2405 13.5999 13.4936 13.1621 12.9849 11.2946
threshold=0.79827535152435314 0.10435571894049646 -1.0000000180025095e-35 0.69804355502128612 0.75235849618911754 0.7243877947330476 0.050641026347875602 0.61938297748565685 0.84292763471603405 0.77871939539909374 0.80982521176338207 0.23205128312110904 6.5000000000000009 0.6789083480834962 0.77176257967948925 0.70710784196853649 0.60495716333389293 0.56992483139038097 0.57275134325027477 5.5000000000000009 0.61721614003181469 0.7670542597770692 0.71010184288024913 0.77003204822540294 0.8445824682712556 0.92940199375152599 0.5313725769519807 0.95401158928871166 0.76253134012222301 2.5000000000000004
decision_type=2 2 2 2 2 2 2 2 2 2 2 2 2 2 2 2 2 2 2 2 2 2 2 2 2 2 2 2 2 2
left_child=1 2 -1 13 5 -5 -4 16 9 10 28 -6 -11 14 26 -12 17 19 20 -2 -19 22 -15 -23 -8 -18 -3 -20 -9 -13
right_child=7 3 6 4 11 -7 24 8 -10 12 15 29 -14 21 -16 -17 25 18 27 -21 -22 23 -24 -25 -26 -27 -28 -29 -30 -31
leaf_value=-0.015571883960028156 0.20708531945001196 -0.0084204603821859819 -0.19678404363059199 -0.12308686771840341 0.065194346111093246 0.086284185893708343 -0.07651441743107068 0.057851236822902267 0.00071902927615560288 0.013333610605448493 0.13550942356234183 -0.032101336798144815 -0.18403403762771908 0.02464154024016656 -0.043562276702064348 0.010933095311133532 -0.058675557747715337 -0.10827274410690053 -0.0071972911556980879 -0.093576563932840917 0.39240027158921181 0.3079970765524504 -0.080317477451362723 0.031532816356771083 0.42079328783627168 -0.22713568706545517 0.0053229060607698532 -0.29795186027404752 -0.021338514322097473 -0.074339563206973533
leaf_weight=103.98677693386571 2.5802109542601661 1297.9308318068238 33.595669720342443 11.003597598676604 16.375974905141902 39.698328332799974 24.492757927414377 60.15364591635705 6635.0084303261856 229.85824014367904 46.200663471276243 151.59525478439173 5.3404378391610399 44.045829261060589 105.50494710623752 13.45753352018073 37.835569367659787 0.91088278185560456 229.60003111103151 37.414820859887072 2.7714455714449286 2.3792558510103836 29.961254402100167 257.67098934663363 0.58966710115782817 5.4872961705668777 1589.0098324035644 1.5675734482938413 31.57516035968024 108.70505174173741
leaf_count=72967 98 165223 274949 273 2196 482 91583 9932 475122 37737 4805 1059 199 1005 643 93 6220 7663 101649 93052 8 34 832 3612 13 281 19542 82 3817 1089
internal_value=-0.000958434 -0.00502953 -0.0605926 -0.00255596 -0.0299621 0.0408454 -0.140376 0.00115847 0.00228819 0.0292198 0.0608636 -0.0429378 0.00885217 0.000141223 -0.00236163 0.107408 -0.0237732 -0.0149084 -0.00481443 -0.0741799 0.268551 0.0225615 -0.0178504 0.0340622 -0.0648231 -0.0800128 -0.000855932 -0.00916893 0.0305923 -0.0497406
internal_weight=11156.3 3816.55 162.665 3653.88 327.378 50.7019 58.6781 7339.76 7021.59 386.586 151.387 276.676 235.199 3326.5 2992.45 59.6582 318.168 274.845 234.85 39.995 3.68233 334.057 74.0071 260.05 25.0824 43.3229 2886.94 231.168 91.7288 260.3
internal_count=1376260 635502 439512 195990 5099 755 366545 740758 531705 56583 18647 4344 37936 190891 185408 4898 209053 202552 109402 93150 7671 5483 1837 3646 91596 6501 184765 101731 13749 2148
is_linear=0
shrinkage=0.1


Tree=133
num_leaves=31
num_cat=0
split_feature=11 4 5 6 5 5 11 7 3 11 4 6 10 10 10 10 3 3 12 11 14 6 5 6 3 5 6 6 4 11
split_gain=8.70954 13.8996 9.95527 13.3109 8.71304 7.53175 15.9845 12.9797 7.45958 29.5844 11.59 7.3401 10.0139 10.1427 55.0433 9.94513 7.31356 16.0607 23.8059 10.2089 8.66113 6.82251 14.6468 21.4723 13.0206 6.63814 6.5214 14.4161 8.40069 5.30493
threshold=0.97727271914482128 0.97999200224876415 25.500000000000004 0.42933948338031774 15.500000000000002 12.500000000000002 0.94281044602394115 0.73214286565780651 0.79827535152435314 0.10435571894049646 0.90070420503616344 0.23861283808946612 0.90952175855636608 0.74496281147003185 0.73481681942939769 0.93764951825141918 0.30079366266727453 0.31338448822498327 1.0000000180025095e-35 0.88562092185020458 0.39621353149414068 0.6789083480834962 3.5000000000000004 0.84924244880676281 0.12290209904313089 17.500000000000004 0.64365079998970043 0.64760348200798046 0.22361110895872119 0.82480818033218395
decision_type=2 2 2 2 2 2 2 2 2 2 2 2 2 2 2 2 2 2 2 2 2 2 2 2 2 2 2 2 2 2
left_child=2 4 3 16 21 8 7 -7 9 -5 -10 12 13 14 -4 -14 19 18 -18 20 -1 26 23 -23 -24 -19 28 -28 -2 -13
right_child=1 -3 11 5 -6 6 -8 -9 10 -11 -12 29 15 -15 -16 -17 17 25 -20 -21 -22 22 24 -25 -26 -27 27 -29 -30 -31
leaf_value=0.054203482035300392 -0.019179394624376341 0.10099376625630939 -0.0066784213061706682 -0.047559281005451412 -0.024313378230692358 -0.016173698837408806 -0.8385255906103023 0.066094851178464017 0.0096787276106353095 -0.0023515338890249767 -0.00069628932626732295 -0.063414609295410887 0.15825226350097696 -0.11643792717742166 2.0251709619236715 -0.00474492550836736 0.45195660165616025 0.036554108744372572 0.060410761137174765 0.20609648294311844 -0.036644561758207649 0.13711441090997273 0.019544260738967239 0.013284756045094976 -0.055866502543370958 0.0052740881359820448 0.28672629783625625 0.048522058269716728 0.046024673867332028 -0.2196730367036942
leaf_weight=13.196435099267829 28.019319586455822 17.537025256664492 2.4315830510917134 152.57853490091929 62.483871599659324 468.7199327842809 0.23455500230193038 19.995802454986915 1337.2863028837319 2823.5062505148289 5526.0546500350465 28.270545739527389 5.1572209093719747 10.687115569220621 0.1410626156721263 13.653024668805299 2.1341661713690874 144.2943456152758 5.7004621295400284 2.09830567985773 51.245234925596378 15.657411034684626 39.553719617426395 132.54687876452226 54.367511889198795 128.05096374259534 3.1717971563339225 12.768336795968933 67.02372259949334 2.3535404186695805
leaf_count=3018 95 5004 2230 411724 368 154349 5 895 178398 149408 403646 12989 34 262 17 61 216 19099 129 7 1442 179 165 3285 1191 27472 14 138 540 19
internal_value=-0.000115437 0.0137873 -0.000676233 -0.000442889 0.0101074 -0.00108987 -0.0132038 -0.0128077 -0.000487894 -0.00466925 0.00132523 -0.0404083 -0.00697192 -0.0735269 0.104731 0.0399442 0.0188299 0.0259077 0.167069 -0.0109725 -0.0180406 0.0161983 0.00678753 0.026367 -0.0241082 0.0218469 0.0367293 0.0959204 0.0268021 -0.0754235
internal_weight=11170.9 433.13 10737.8 10675.1 415.593 10328.4 488.95 488.716 9839.43 2976.08 6863.34 62.6941 32.07 13.2598 2.57265 18.8102 346.72 280.18 7.83463 66.54 64.4417 353.109 242.126 148.204 93.9212 272.345 110.983 15.9401 95.043 30.6241
internal_count=1376399 10979 1365420 1349808 5975 1298425 155249 155244 1143176 561132 582044 15612 2604 2509 2247 95 51383 46916 345 4467 4460 5607 4820 3464 1356 46571 787 152 635 13008
is_linear=0
shrinkage=0.1


Tree=134
num_leaves=31
num_cat=0
split_feature=11 9 7 11 2 14 9 6 3 11 3 6 2 11 9 2 3 4 11 2 9 5 6 3 4 11 1 7 5 5
split_gain=6.01412 36.353 22.3019 45.1566 29.2355 22.2206 17.3582 19.0648 17.4488 16.5588 13.9978 18.1201 41.437 13.7806 23.9593 13.0584 12.9397 16.8811 12.913 13.9744 12.7112 28.3323 16.7544 13.1542 23.0473 15.2587 12.2464 18.9334 14.6112 10.7995
threshold=0.5313725769519807 0.82780584692955028 0.31666667759418493 0.11651583760976793 0.68457102775573742 0.22844818979501727 0.77563387155532848 0.96039214730262767 0.85432928800582897 0.30151516199111944 0.60883498191833507 0.86729559302330028 0.60736888647079479 0.70710784196853649 0.77563387155532848 0.76506900787353527 0.80078125000000011 0.78629976511001598 0.73030304908752453 0.8263767957687379 0.84067201614379894 8.5000000000000018 0.74239632487297069 0.80078125000000011 0.84292763471603405 0.43095238506793981 1.0000000180025095e-35 0.64583334326744091 7.5000000000000009 9.5000000000000018
decision_type=2 2 2 2 2 2 2 2 2 2 2 2 2 2 2 2 2 2 2 2 2 2 2 2 2 2 2 2 2 2
left_child=2 13 3 4 5 -1 8 9 15 -8 11 12 -4 26 18 -5 17 -6 19 -15 23 -22 -23 25 -25 -12 27 -2 -29 -20
right_child=1 -3 10 6 16 -7 7 -9 -10 -11 20 -13 -14 14 -16 -17 -18 -19 29 -21 21 22 -24 24 -26 -27 -28 28 -30 -31
leaf_value=0.062876343467802437 0.024732450539608659 -0.00252868717004592 0.14755888635638889 -0.0014891148600129338 0.0082144187944157114 -0.13272554886551144 0.06795537753228921 -0.11718537015908373 -0.062956381051626514 -0.030684941584784006 -0.010246513772285483 -0.0098703438489177089 1.767714104907729 -0.039747927660966381 0.036456002678049534 0.067635890007947383 -0.043872205140129322 0.27518062519643371 0.0083826023308902296 -0.17163257451205394 0.0063134553600552997 0.06078771099618633 0.21645715139063082 0.047654126375373168 -6.7115788853165025e-05 -0.069743104539197229 0.053882071311145974 0.014511057707231309 -0.069329763639767963 -0.064842279840406566
leaf_weight=6.409292502737876 707.48190185951535 3098.0954961928073 10.932168197218743 1063.9305111602907 9.6065363868552236 61.884068112127558 18.562035164432018 23.494566306995694 45.441259182513477 204.65336839841621 245.50446583762914 11.074711054973703 0.16017394126538498 28.25363380392082 93.439482242043596 28.049324027288094 34.468648054160326 3.1436772653851213 79.102854446100537 11.226705322973428 294.86281754635274 53.980454950127751 7.9295109091326585 103.46185878926917 4636.4929104835746 52.286091238260269 118.6048147615511 43.366934409830719 39.920469217002392 27.021566401352175
leaf_count=4395 6623 42055 3797 129666 12219 551296 1024 631 10364 8470 76595 4100 48 338 929 439 27383 1609 1263 163 2866 341 62 31324 455115 413 1985 423 260 241
internal_value=0.000142291 0.00310453 -0.00167648 -0.0124686 -0.0725363 -0.114368 -0.00745565 -0.031501 -0.00224015 -0.0224823 0.00131139 0.0806137 0.170954 0.0183013 -0.00306434 0.000286476 -0.0120338 0.0740373 -0.0284259 -0.0772509 0.000985518 0.0192261 0.0807261 -0.000306279 0.000974525 -0.0206929 0.0239176 0.0194233 -0.0256747 -0.010262
internal_weight=11162.8 4246.51 6916.33 1499.64 115.512 68.2934 1384.13 246.71 1137.42 223.215 5416.69 22.1671 11.0923 1148.42 239.044 1091.98 47.2189 12.7502 145.605 39.4803 5394.52 356.773 61.91 5037.75 4739.95 297.791 909.374 790.769 83.2874 106.124
internal_count=1376437 54280 1322157 747496 596902 555691 150594 10125 140469 9494 574661 7945 3845 12225 2934 130105 41211 13828 2005 501 566716 3269 403 563447 486439 77008 9291 7306 683 1504
is_linear=0
shrinkage=0.1


Tree=135
num_leaves=31
num_cat=0
split_feature=6 2 7 3 7 6 7 5 10 11 2 3 5 5 2 6 3 6 2 5 11 10 9 2 10 2 2 11 10 10
split_gain=5.34634 7.97126 18.0748 19.2207 18.8999 16.0049 15.8192 15.2907 13.624 15.1864 14.4581 32.1109 12.9169 12.761 16.525 12.5666 11.6594 11.8437 22.1557 11.2733 9.88017 9.41425 8.34572 13.8961 10.308 8.11984 6.67469 6.35791 30.985 22.917
threshold=0.62192192673683178 0.62563130259513866 0.42261904478073126 0.86702898144721996 0.73214286565780651 0.52041664719581615 0.58571431040763866 23.500000000000004 0.80276900529861461 0.22792208194732669 0.3536857813596726 0.77807807922363292 5.5000000000000009 9.5000000000000018 0.48050633072853094 0.42163743078708654 0.10179085284471513 0.37884436547756201 0.54085850715637218 8.5000000000000018 0.19292803853750232 0.81266710162162792 0.60044842958450328 0.63224515318870556 0.77482193708419811 0.078689370304346098 0.68870675563812267 0.71825397014617931 0.95780044794082653 0.99790793657302868
decision_type=2 2 2 2 2 2 2 2 2 2 2 2 2 2 2 2 2 2 2 2 2 2 2 2 2 2 2 2 2 2
left_child=1 8 5 6 12 7 19 20 16 10 21 -12 -5 14 -11 -15 25 18 -18 -4 -3 -10 23 -7 -24 -1 -6 -2 -29 -30
right_child=27 2 3 4 26 22 -8 -9 9 13 11 -13 -14 15 -16 -17 17 -19 -20 -21 -22 -23 24 -25 -26 -27 -28 28 29 -31
leaf_value=-0.10020391230713288 -0.0021803421389883469 -0.10433831647679924 0.27455635737856493 -0.04728719386066621 -0.034248918467688128 0.70991748453117975 -0.12676005996216191 0.85386096720718685 0.18404212745615972 0.055151457940435356 0.7423388964242611 0.095379638982053871 0.012747295553533104 0.010610624207332569 -0.039675196754753977 -0.01777731185175218 -0.0043476410461387111 -0.051487868301184729 0.36342635091045483 -0.018248165781273203 0.17545786377905109 -0.071679108041512216 -0.18767005622007632 0.089205560788424343 0.029608130927107925 0.27414197291250225 0.090178014344526769 0.029874433391177471 -0.019361655673844319 0.010243614969794567
leaf_weight=0.79985076644388131 8255.1441104191308 1.4218802909724644 1.4321862612446263 40.145577911657711 4.8577501672007193 0.3696735256064575 18.592368444310978 0.31091178879842196 2.4423068847972882 86.702029736945406 1.0852668436709794 2.617531658615917 334.09976906226188 355.41209941363195 23.320117626804858 277.84100588686124 48.9527240688045 99.075250941945725 1.6947451967591849 16.057788403535142 11.228368318639694 3.5066591487557162 2.2880230314476639 14.812051376265456 47.76663225190714 2.10260738634679 38.321055282324323 371.63870946073439 495.11183444119524 554.07585714070592
leaf_count=4072 1061285 990 81 19712 138 574 887 20 43 1024 48 42 15048 4180 163 9137 33892 189838 117 986 98 207 80 9687 421 112 1052 3064 3845 14973
internal_value=-0.000271556 0.00541944 0.0151384 0.00748228 0.013535 0.0595398 -0.0625397 0.161037 -0.000287121 0.00523533 0.129865 0.284999 0.00630735 0.00361695 0.0350522 -0.00184464 -0.0275303 -0.0313786 0.00795866 0.00572846 0.144009 0.0333055 0.0393744 0.10432 0.0196762 0.170981 0.0761796 -0.00111689 0.00506188 -0.00372712
internal_weight=11113.2 1437.26 531.704 453.506 417.424 78.1975 36.0823 12.9612 905.552 752.927 9.65176 3.7028 374.245 743.275 110.022 633.253 152.625 149.723 50.6475 17.49 12.6502 5.94897 65.2364 15.1817 50.0547 2.90246 43.1788 9675.97 1420.83 1049.19
internal_count=1375816 292649 49774 37904 35950 11870 1954 1108 242875 14844 340 90 34760 14504 1187 13317 228031 223847 34009 1067 1088 250 10762 10261 501 4184 1190 1083167 21882 18818
is_linear=0
shrinkage=0.1


Tree=136
num_leaves=31
num_cat=0
split_feature=2 6 2 1 4 4 7 7 7 1 11 11 10 7 11 11 9 10 9 2 14 7 3 7 14 6 11 11 11 14
split_gain=9.44375 18.3492 20.0647 49.6143 18.5656 13.2886 14.9543 12.2518 11.4325 11.3364 8.61966 12.5905 26.5227 14.4025 7.30309 106.316 17.4709 14.7335 11.3667 10.9131 10.1584 166.412 9.90209 9.43053 14.5134 9.00961 8.86959 25.9325 14.2082 12.5224
threshold=0.92637759447097789 0.89009663462638866 0.94665718078613292 1.0000000180025095e-35 0.95040982961654674 0.74601566791534435 0.58571431040763866 0.38750000298023229 0.42261904478073126 1.0000000180025095e-35 0.75499999523162853 0.10172414034605028 0.72690168023109447 0.76388889551162731 0.057983193546533592 0.042109929025173194 0.25722640752792364 0.46580845117568975 0.66833335161209118 0.86706829071044933 0.55349117517471325 0.89444443583488475 0.83373981714248668 0.58571431040763866 0.28041014075279241 0.680425524711609 0.23205128312110904 0.21807064861059192 0.24568965286016467 0.64048227667808544
decision_type=2 2 2 2 2 2 2 2 2 2 2 2 2 2 2 2 2 2 2 2 2 2 2 2 2 2 2 2 2 2
left_child=14 9 3 5 -4 -3 -7 -6 -9 -2 11 13 -13 -11 15 16 20 19 -18 23 22 -22 -1 24 -16 -25 27 29 -28 -19
right_child=1 2 4 -5 7 6 -8 8 -10 10 -12 12 -14 -15 17 -17 18 26 -20 -21 21 -23 -24 25 -26 -27 28 -29 -30 -31
leaf_value=0.019196418009954825 0.069128840607281791 0.30845385070553372 0.053972119331934014 -0.091392557949141612 -0.11897689673187982 -0.022238265144152107 0.044022159854135913 0.2052309458676787 0.0037149671118938787 0.01636014149166545 0.10509770206365164 -0.12755543109978937 0.0099438777709866463 0.08520790644936721 0.17694751793380412 -0.18804795324027243 -0.095431883198989972 -0.017929760762150717 0.33523410840263196 -0.11748875527645058 -0.10011162788731139 5.9619108486193264 -0.0052326663406474386 0.49675936794195752 -0.10578959341603561 0.16566310797837291 -0.086572742670763148 0.059424632456478291 -0.00083831764315265385 0.017454125377403564
leaf_weight=184.66348234250063 54.064708973693087 1.4624370519381944 76.281537745632477 76.481556532574814 8.1329114268958147 81.530838303292967 58.501015051812828 2.8204579681478199 1537.2279540601885 109.76297661611034 11.257044297177343 15.999783413601106 113.87242140970193 42.015910698200059 4.0084471743486478 31.85264050648334 25.446682345388357 180.96317976885484 0.62797312220572976 2.0922287081462505 0.53300951116034312 0.049489020209875889 1635.1802477656643 0.95888620307368899 3.3186055223495714 5.7511844670741539 19.387040741517922 96.060768381910748 6547.3859062122538 223.60273187968642
leaf_count=26916 766 28 3529 9905 946 3955 947 21 136826 12729 419 998 812 3296 4700 49855 689941 128128 3 9298 5012 185 24647 922 76394 4364 3825 12791 123626 40771
internal_value=7.29679e-05 0.00596067 0.00198787 -0.0265007 0.00581056 0.00857512 0.00544331 0.00343756 0.00408403 0.0270564 0.0192907 0.0158611 -0.00699554 0.0354188 -0.00136541 -0.00690899 -0.00378429 0.000104588 -0.0850599 0.0955706 -0.00262015 0.414917 -0.00275379 0.127327 0.0488888 0.212978 -0.000113286 0.0127171 -0.00109143 0.00162684
internal_weight=11151.3 2189.41 1842.44 217.976 1624.46 141.494 140.032 1548.18 1540.05 346.973 292.908 281.651 129.872 151.779 8961.88 1878.35 1846.5 7083.53 26.0747 16.1294 1820.43 0.582499 1819.84 14.0371 7.32705 6.71007 7067.4 500.627 6566.77 404.566
internal_count=1376555 175177 156157 14835 141322 4930 4902 137793 136847 19020 18254 17835 1810 16025 1201378 796559 746704 404819 689944 95678 56760 5197 51563 86380 81094 5286 309141 181690 127451 168899
is_linear=0
shrinkage=0.1


Tree=137
num_leaves=31
num_cat=0
split_feature=5 6 2 6 4 7 9 3 11 11 5 9 9 14 4 4 4 11 6 5 5 6 6 6 7 14 11 11 14 11
split_gain=8.8674 10.5717 21.0254 15.5027 10.8945 11.9233 13.8246 10.5891 9.45135 16.8859 10.8824 7.38413 11.2908 11.0754 7.30267 19.2047 7.15153 6.32474 6.2937 6.75486 9.88842 8.60659 10.2394 8.05558 7.31012 5.45421 5.21729 5.14691 9.18434 4.83261
threshold=19.500000000000004 0.35043859481811529 0.6569296419620515 0.50280898809432995 0.25866188108921057 0.38750000298023229 0.68706974387168895 0.86056843400001537 0.58578431606292736 0.64852941036224376 25.500000000000004 0.70613268017768871 0.57644492387771618 0.38170370459556585 0.29818989336490637 0.30877573788166052 0.25866188108921057 0.72474747896194469 0.41486424207687383 5.5000000000000009 9.5000000000000018 0.2674796879291535 0.20169491320848468 0.2674796879291535 0.58571431040763866 0.68033990263938915 0.77097901701927196 0.4463601559400559 0.57184147834777843 0.35857143998146063
decision_type=2 2 2 2 2 2 2 2 2 2 2 2 2 2 2 2 2 2 2 2 2 2 2 2 2 2 2 2 2 2
left_child=18 8 4 -4 -3 7 -7 -6 11 10 -10 12 13 -2 26 -16 -14 25 19 -1 23 22 -22 -21 -23 -5 -11 28 -13 -20
right_child=1 2 3 17 5 6 -8 -9 9 14 -12 27 16 -15 15 -17 -18 -19 29 20 21 24 -24 -25 -26 -27 -28 -29 -30 -31
leaf_value=0.28079043798059117 0.056422870541594616 -0.13421613254687623 0.37648889932691837 -0.10926147758943844 -0.029768597451236806 0.0075895004879037225 -0.2026861965328767 0.23054396055045695 0.19536191725105778 -0.046580454926139082 -0.0026597461528125119 0.07851335135286347 0.091004519971744635 -0.11812951783030057 0.31633831695509451 0.0036050884948792949 -0.057371259547160706 -0.12041985781453601 -0.0024977898074754106 0.19450190919429794 0.048558680992703732 0.030448719054766499 -0.0808025850934566 -0.1008520414363781 -0.12644352743355769 0.087536304702839546 0.010492138162041103 -0.10309316165134014 -0.087595129928163623 0.0017603317859665197
leaf_weight=0.96360977528206504 5.44994877991829 18.870937357108787 1.4090377538582277 1.6458600443640978 39.912823396979419 4.8691017148513529 8.736895318143068 1.6263476619885739 7.9993481971323472 26.479419516515918 4.2495300264563411 5.5149131407015402 13.452467206982876 10.915426263897755 2.5505246021784833 8.5335487178526801 4.2825552960885025 2.3696042699739328 5172.087722679642 1.0125880841524111 9.6819089727216596 183.26274611765712 16.626506665384568 10.489544736429705 3.0186777898888968 9.7564324818849837 40.539603962562978 17.639382949797437 8.3964222710637824 5499.1229233146878
leaf_count=33 2020 4399 32 266 33712 564 58 42 49 251 40 292 1300 12460 18 83 661 18 1212315 75 905 18582 1773 1053 183 65 148 326 371 84287
internal_value=-0.000377662 -0.0191841 -0.0466443 0.0605597 -0.0686321 -0.046189 -0.127436 -0.0195768 -0.00348328 0.017498 0.126662 -0.0323587 -9.94873e-05 -0.0600006 0.000377918 0.0755672 0.0551756 0.0282362 4.55407e-05 0.0165947 0.0154586 0.0203448 -0.0331956 -0.0748506 0.0279063 0.0591296 -0.0120574 -0.0672248 -0.0217442 -0.000303481
internal_weight=11141.5 245.2 89.197 15.1809 74.0161 55.1452 13.606 41.5392 156.003 90.352 12.2489 65.6511 34.1004 16.3654 78.1031 11.0841 17.735 13.7719 10896.3 225.056 224.092 212.59 26.3084 11.5021 186.281 11.4023 67.019 31.5507 13.9113 10671.2
internal_count=1376381 57175 39156 381 38775 34376 622 33754 18019 589 89 17430 16441 14480 500 101 1961 349 1319206 22604 22571 21443 2678 1128 18765 331 399 989 663 1296602
is_linear=0
shrinkage=0.1


Tree=138
num_leaves=31
num_cat=0
split_feature=7 7 3 2 7 4 3 4 4 6 5 3 6 6 12 14 2 2 9 2 4 14 6 2 4 14 2 6 12 4
split_gain=6.55293 24.3323 88.229 39.9878 29.4866 27.9862 23.5593 68.8757 19.4524 18.8143 36.6895 17.9521 48.4318 17.2019 14.1676 15.1754 28.3605 12.8437 20.6527 12.5343 12.2419 20.5515 16.4998 11.9888 10.3129 10.2507 9.73542 9.20961 11.6313 13.826
threshold=0.31666667759418493 1.0000000180025095e-35 0.31791444122791296 0.45738498866558081 0.17424242943525317 0.31662489473819738 0.45870059728622442 0.4803846031427384 0.64565756916999828 0.88047617673873912 2.5000000000000004 0.45035210251808172 0.96609193086624157 0.87939393520355236 1.0000000180025095e-35 0.82514309883117687 0.87585616111755382 0.41410376131534582 0.45125077664852148 0.312876507639885 0.4712491780519486 0.5209663212299348 0.83469945192337047 0.45512083172798162 0.56992483139038097 0.74952185153961193 0.4712491780519486 0.84698995947837841 1.0000000180025095e-35 0.312876507639885
decision_type=2 2 2 2 2 2 2 2 2 2 2 2 2 2 2 2 2 2 2 2 2 2 2 2 2 2 2 2 2 2
left_child=1 3 27 5 11 17 7 -6 23 10 -7 12 -4 -8 15 16 -5 19 -19 -1 22 -22 -16 -2 -13 -11 -25 28 29 -3
right_child=8 2 4 14 6 9 13 -9 -10 25 -12 24 -14 -15 20 -17 -18 18 -20 -21 21 -23 -24 26 -26 -27 -28 -29 -30 -31
leaf_value=-0.0003291355569677338 0.13029442246402778 0.34946533005511671 -0.057532679512836617 0.015618503405920112 0.094758249041814013 0.20339133154249933 -0.0039982903812948705 1.5243654365550716 0.00056873053316836768 -0.086902859531346341 -0.031896010657542252 -0.11580808669081946 0.40447260593383416 -0.055441722221941152 0.058837180711513476 0.084376509935370575 -0.17515898305805569 0.61996348903654763 0.071317957223668266 -0.04570282262349655 0.58171562296811297 0.087594959254937613 -0.098512076085515349 -0.23362747988630139 -0.056047345914987418 -0.757642379346251 0.036740732061160589 0.21759732786058478 0.19099922356077967 1.0512124554059221
leaf_weight=2301.5961338676711 14.915306684443634 0.61586242811284753 11.599733008727595 91.146654813476118 4.1221699971615342 6.9311493284022836 221.63180028084082 0.36700620559142283 7780.1989543426098 54.262415519397734 151.23875428536138 56.927546894458274 2.8207793470323272 91.974720267311682 28.409671158723597 26.558795461896807 8.5206147668675367 0.80343585695663833 4.6982939318227182 62.536417707889996 0.85322882322640126 62.501263148020598 8.7065602591647444 1.3586132140858342 58.603748570949477 0.22880969941615958 67.515839437475393 8.1336864978708245 0.92251325441793586 0.51598934111143535
leaf_count=106556 1771 21 27081 25965 3318 422 134543 102 594093 18676 64955 216203 2280 40815 1641 293 8266 387 681 20558 391 1677 877 447 94277 2 10227 42 16 22
internal_value=-0.000479053 -0.0042433 -0.0256098 -0.000757752 -0.0322265 -0.0042929 -0.0158296 0.211634 0.00108487 -0.0390438 -0.0215855 -0.0723629 0.0328396 -0.0190857 0.039511 0.0172076 -0.000691179 -0.00117421 0.151438 -0.00152937 0.0675319 0.0942495 0.0219269 0.0490102 -0.0854942 -0.0897193 0.0314075 0.26538 0.454562 0.669378
internal_weight=11131.2 3267.23 458.236 2808.99 448.048 2582.3 318.096 4.48918 7863.99 212.661 158.17 129.952 14.4205 313.607 226.697 126.226 99.6673 2369.63 5.50173 2364.13 100.471 63.3545 37.1162 83.7898 115.531 54.4912 68.8745 10.1881 2.05437 1.13185
internal_count=1376605 770067 518720 251347 518619 212237 178778 3420 606538 84055 65377 339841 29361 175358 39110 34524 34231 128182 1068 127114 4586 2068 2518 12445 310480 18678 10674 101 59 43
is_linear=0
shrinkage=0.1


Tree=139
num_leaves=31
num_cat=0
split_feature=2 4 2 2 6 2 4 3 7 7 7 7 4 1 6 6 14 4 7 4 1 7 14 6 9 12 10 10 7 6
split_gain=9.5564 11.012 9.64418 11.5221 9.31653 14.3405 55.0875 18.0894 9.08351 17.8521 9.33182 8.60483 10.6448 11.1703 13.9858 8.75186 8.46652 17.4197 6.57753 17.1867 6.40781 12.8654 7.07738 7.52161 7.74548 6.49988 14.0132 6.03962 5.81597 9.06057
threshold=0.94665718078613292 0.95040982961654674 0.94174209237098705 0.93957647681236278 0.7731560766696931 0.75147059559822094 0.84292763471603405 0.90064102411270153 0.81666666269302379 0.89444443583488475 0.73214286565780651 0.52777779102325451 0.9833287000656129 1.0000000180025095e-35 0.91458967328071605 0.94804319739341747 0.97520494461059581 0.97332859039306652 0.31666667759418493 0.94665718078613292 1.0000000180025095e-35 0.58571431040763866 0.66943037509918224 0.89528506994247448 0.54583653807640087 1.0000000180025095e-35 0.98425099253654491 0.98425099253654491 0.61250001192092907 0.99137932062149059
decision_type=2 2 2 2 2 2 2 2 2 2 2 2 2 2 2 2 2 2 2 2 2 2 2 2 2 2 2 2 2 2
left_child=2 18 3 4 5 7 -7 -1 10 -10 -6 16 13 15 -15 -13 -3 -18 19 -2 21 25 -22 24 -24 -4 -27 -14 -20 -30
right_child=1 11 20 -5 8 6 -8 -9 9 -11 -12 12 27 14 -16 -17 17 -19 28 -21 22 -23 23 -25 -26 26 -28 -29 29 -31
leaf_value=-0.0016793649357621709 -0.1096353122780519 -0.024239764050603223 -0.049325362110850091 0.043361304566728362 -0.0049948862622384918 0.08464382371461654 0.0048392515611242999 -0.073605587005599368 -0.057369832240889519 -0.0042510502294953526 0.006807073335474827 0.12961220800733528 0.0027921381850660454 0.12123341751402049 -0.12812039378768914 0.031164719418084116 -0.092493680262698372 -0.98684303977230448 0.035513911311565359 -2.0484487554259494 -0.1133525436379938 0.052211235300866125 0.16197234060528054 -0.11005810665370237 -0.02168318013406436 -0.11956602286755576 -0.86349284208012633 0.10094006524667021 0.16651314153314997 -0.034451281033396973
leaf_weight=2064.2851060692897 1.223528475546799 71.96745763285071 13.774911362806275 56.756509909311717 4834.5657470381166 92.819725854134731 1269.6483290286544 35.568848178106691 93.880586751353349 194.03862243374761 777.75587987036215 9.6321672663607369 1306.2342847960758 3.0309505159912069 8.7226153097451498 144.45975164054562 1.0349357181694347 0.27582729328423727 63.702518416524526 0.047496358070929889 16.92649650082285 18.182712045378139 2.7259380200921504 7.9889993210492767 14.571955587016417 1.3581188847310848 0.31123356916941691 6.299942572717554 8.4060134630990415 3.060172412155679
leaf_count=518989 834 3378 712 2587 557928 7355 79932 1586 2906 12621 46297 137 125573 47 802 3897 115 19 2298 60 2234 306 431 704 143 65 44 4043 207 129
internal_value=-0.000631552 0.00644696 -0.00184528 -0.00155931 -0.00183162 0.00228633 0.010276 -0.0028977 -0.00424807 -0.0215713 -0.00335937 0.00462158 0.00627951 0.030151 -0.0638183 0.0373186 -0.0288271 -0.280694 0.0435006 -0.182086 -0.0373627 -0.00479506 -0.0633059 -0.0298057 0.0072587 -0.0719092 -0.258264 0.00326323 0.047315 0.112878
internal_weight=11123.3 1628.1 9495.16 9419.32 9362.56 3462.32 1362.47 2099.85 5900.24 287.919 5612.32 1551.66 1478.38 165.845 11.7536 154.092 73.2782 1.31076 76.4397 1.27102 75.8404 33.627 42.2134 25.2869 17.2979 15.4443 1.66935 1312.53 75.1687 11.4662
internal_count=1376379 141539 1234840 1230201 1227614 607862 87287 520575 619752 15527 604225 138011 134499 4883 849 4034 3512 134 3528 894 4639 1127 3512 1278 574 821 109 129616 2634 336
is_linear=0
shrinkage=0.1


Tree=140
num_leaves=31
num_cat=0
split_feature=5 1 7 2 10 4 5 6 7 11 7 6 7 11 10 6 10 12 11 10 11 6 2 4 10 10 11 10 11 14
split_gain=4.7347 12.8439 41.2507 30.5173 28.4958 28.0558 32.9533 27.797 22.0762 22.0262 21.1836 20.04 19.9932 19.396 32.2801 23.4235 16.8557 18.2387 15.7904 23.2319 12.6326 19.5856 32.3171 24.9831 16.7266 15.4725 22.4041 16.2031 19.086 33.2014
threshold=7.5000000000000009 1.0000000180025095e-35 0.64583334326744091 0.87206766009330761 0.83370700478553783 0.94028520584106456 11.500000000000002 0.71563342213630687 0.58571431040763866 0.73030304908752453 0.89444443583488475 0.49590164422988897 0.84523808956146251 0.57518798112869274 0.93764951825141918 0.58995378017425548 0.97473672032356273 1.0000000180025095e-35 0.4463601559400559 0.95013812184333812 0.78019323945045482 0.64760348200798046 0.28445006906986242 0.31662489473819738 0.9656854271888734 0.90029239654541027 0.56385868787765514 0.9656854271888734 0.61324787139892589 0.41176472604274755
decision_type=2 2 2 2 2 2 2 2 2 2 2 2 2 2 2 2 2 2 2 2 2 2 2 2 2 2 2 2 2 2
left_child=20 2 5 4 7 13 11 8 -3 -8 18 -7 -5 15 -15 -2 17 -6 19 -4 25 22 -22 -24 -23 26 -1 -27 29 -29
right_child=1 3 10 12 16 6 9 -9 -10 -11 -12 -13 -14 14 -16 -17 -18 -19 -20 -21 21 24 23 -25 -26 27 -28 28 -30 -31
leaf_value=0.0019775244436608958 0.00015493313690228237 -0.0370378811680111 -0.026046246791061645 0.099405904078740698 0.059219087813557697 -0.035011017088776783 0.017331604502533998 -0.049399594094183902 0.029664646348128921 -0.080294152741043789 0.072072008632549922 0.090201593211144335 -0.21477638807888613 0.04475968859269213 -0.0053291358320323497 -0.03893975299518556 -0.047071925174597518 -0.038410720816176039 -0.055182573161992356 0.11254945708153004 -0.11250651433277876 0.046872897367111123 0.39269520243674166 0.10162807630559637 0.0049336273171325939 -0.01160911479438061 0.031592881816814126 -0.046975549992284787 -0.0022348946784526693 0.064122291506962928
leaf_weight=5023.6992134732482 316.76749311886488 73.355240404010885 182.81690058689719 46.593813140860902 141.55961888842285 14.841701197410996 160.0468529014114 133.78656893730545 153.33464775457531 27.01091934600845 18.239576424457482 92.107259537162463 2.1174859003112934 161.85820446809521 627.35353144514374 296.89827698728027 22.071833177935332 22.12583005335182 238.99230558564886 12.951232045888899 4.5926339812576797 113.34064033650793 4.3272618949413291 9.2578544463030976 590.78583728254307 1657.7705827074242 269.12731376010925 35.091392699629068 523.93253803293919 115.23032579803839
leaf_count=858180 186999 28176 2911 1356 542 1426 5786 18014 13599 267 168 1107 124 2863 6448 200239 868 716 2048 73 24 1011 14 138 13916 16897 2884 167 7273 2359
internal_value=0.000505874 -0.00309703 -0.00669554 0.00990647 0.00314315 0.000461464 0.0285492 -0.0132528 0.00808018 0.00323456 -0.0335048 0.0728254 0.0857484 -0.00542499 0.0049435 -0.0187595 0.0349607 0.0460222 -0.0379341 -0.0168773 0.00169063 0.0143302 0.116816 0.194342 0.0116844 0.000493283 0.00348339 -0.00629315 0.00677706 0.0381874
internal_weight=11092 2744.83 2149.88 594.945 546.234 1696.88 294.007 360.476 226.69 187.058 453 106.949 48.7113 1402.88 789.212 613.666 185.757 163.685 434.76 195.768 8347.16 722.304 18.1778 13.5851 704.126 7624.85 5292.83 2332.02 674.254 150.322
internal_count=1376593 473730 410335 63395 61915 405135 8586 59789 41775 6053 5200 2533 1480 396549 9311 387238 2126 1258 5032 2984 902863 15103 176 152 14927 887760 861064 26696 9799 2526
is_linear=0
shrinkage=0.1


Tree=141
num_leaves=31
num_cat=0
split_feature=11 11 10 11 2 14 10 10 10 9 11 10 9 2 14 2 4 6 6 10 2 11 9 9 6 9 4 6 7 5
split_gain=6.19985 30.0635 18.093 24.4163 33.1429 27.9291 21.8883 40.282 17.2706 14.1867 11.9342 11.4604 10.9497 12.4898 37.9384 9.82463 9.82434 10.7785 7.76466 41.9356 34.6312 8.33671 8.964 8.7609 6.73307 6.40151 32.101 11.9421 6.9819 29.0751
threshold=0.2788888961076737 0.27429467439651495 0.94349297881126415 0.23205128312110904 0.70064935088157665 0.79409262537956249 0.66811594367027294 1.0000000180025095e-35 0.65012314915657055 0.3714850395917893 0.11882352828979494 0.92549648880958568 0.67755267024040233 0.87007671594619762 0.46883051097393041 0.86526826024055492 0.95488464832305919 0.71902412176132213 0.28730159997940069 0.60326328873634349 0.21132376790046695 0.32071428000926977 0.52954608201980602 0.61772406101226818 0.81322672963142406 0.46580845117568975 0.88273492455482494 0.95505049824714672 0.73214286565780651 10.500000000000002
decision_type=2 2 2 2 2 2 2 2 2 2 2 2 2 2 2 2 2 2 2 2 2 2 2 2 2 2 2 2 2 2
left_child=1 2 3 6 5 -5 7 -1 12 24 -8 -6 18 14 -14 -16 17 -4 19 20 -2 23 -23 -20 -10 26 27 -11 -27 -30
right_child=8 -3 16 4 11 -7 10 -9 9 25 -12 -13 13 -15 15 -17 -18 -19 21 -21 -22 22 -24 -25 -26 28 -28 -29 29 -31
leaf_value=0.00022734523939082937 -0.10095765145176422 -0.13874270531605071 0.15466565339512173 -0.0051287373414203828 -0.063632790750888818 0.14433871616133967 0.063230614086848755 -0.034483842082251075 0.27573134987284853 0.0090786398780476653 0.014417899676021051 -0.011764615159704089 2.109619263113085 0.11332841363526801 -0.11112976997965046 0.62152071278081389 0.11537249389985896 -0.019299351297212292 0.031713205996893451 0.086847045133650436 2.9942498559449975 -0.11277543481865748 0.13052357520824817 -0.14674711896215553 0.0741130190620857 0.0020106343810242003 0.10729020452620297 -0.0928091780590177 -0.013358915667711538 0.050561259652910001
leaf_weight=3352.7682161002958 0.057668274330352598 16.293848900219018 4.5047071434091803 157.77166165804374 177.57063134248165 13.57740456695319 59.974825948924263 371.35813343060545 2.3967041358700945 51.371584685330163 303.81694751498435 56.043844542466104 0.13568706814839915 1.8318422008305786 0.33393454848555848 0.40502479672431946 19.315332132042386 17.010137695353478 17.429337184425098 1.1740941573298185 0.096868821972748265 1.7147395255742583 12.957024410796292 3.2663663105377045 5.3620331615675241 5540.7097438460514 32.762255195528269 14.823046560282817 792.73645453248173 78.179356566281058
leaf_count=46495 37 1538 44 23208 2216 137 1442 1174418 34 1141 10700 383 20 9 82 1 205 137 1644 117 14 93 918 592 29 91575 238 133 18428 651
internal_value=-0.000315981 -0.00315226 -0.00266496 -0.00326718 -0.026689 0.00671481 -0.00094693 -0.00323394 0.00165193 0.00125294 0.0224652 -0.0511897 0.0676577 0.261767 0.572653 0.290437 0.0636024 0.0171249 0.0533414 0.290671 1.83922 0.0444258 0.102088 0.00354713 0.136394 0.00109189 0.0263321 -0.0137372 0.000702332 -0.007621
internal_weight=11107.7 4550.01 4533.71 4492.88 404.964 171.349 4087.92 3724.13 6557.74 6518.34 363.792 233.614 39.4026 2.70649 0.874646 0.738959 40.8302 21.5148 36.6961 1.32863 0.154537 35.3675 14.6718 20.6957 7.75874 6510.58 98.9569 66.1946 6411.63 870.916
internal_count=1376679 1260923 1259385 1258999 25944 23345 1233055 1220913 115756 112229 12142 2599 3527 112 103 83 386 181 3415 168 51 3247 1011 2236 63 112166 1512 1274 110654 19079
is_linear=0
shrinkage=0.1


Tree=142
num_leaves=31
num_cat=0
split_feature=6 5 4 1 7 2 4 3 6 7 14 6 2 7 3 6 1 4 2 7 2 3 3 6 7 9 1 4 11 14
split_gain=6.76205 33.1305 51.4707 41.0466 32.7469 28.5737 33.714 30.1744 36.502 23.3357 22.6695 20.1238 19.382 34.6716 33.6918 17.0896 44.5706 19.7879 33.6213 22.2805 19.6038 19.101 17.9166 16.5915 14.4895 13.3803 12.265 57.4155 14.2269 11.3489
threshold=0.95505049824714672 1.5000000000000002 0.92031747102737438 1.0000000180025095e-35 0.27922078967094427 0.88548010587692272 0.92637759447097789 0.92637759447097789 0.86425063014030468 0.38750000298023229 0.30646908283233648 0.78647416830062877 0.72834226489067089 0.42261904478073126 0.82286068797111522 0.97530490159988414 1.0000000180025095e-35 0.87585616111755382 0.7577352523803712 0.58571431040763866 0.64051282405853283 0.79205974936485302 0.85760369896888744 0.94028520584106456 0.42261904478073126 0.8008810579776765 1.0000000180025095e-35 0.99484536051750194 0.45643940567970281 0.75835782289505016
decision_type=2 2 2 2 2 2 2 2 2 2 2 2 2 2 2 2 2 2 2 2 2 2 2 2 2 2 2 2 2 2
left_child=1 2 3 4 10 11 24 8 -8 -9 -1 -3 13 -13 -14 16 17 18 21 -20 -19 -2 -22 -4 -7 -6 29 -28 -29 -17
right_child=15 5 23 -5 25 6 7 9 -10 -11 -12 12 14 -15 -16 26 -18 20 19 -21 22 -23 -24 -25 -26 -27 27 28 -30 -31
leaf_value=0.12951323936931564 -0.019809217916177284 0.0011681856867134736 -0.24303257249286392 -0.11879013241031629 0.10786688393470965 0.00059159773359642928 0.082403334670927697 -0.54574785351115684 -0.14760117332807735 0.0087812347807983294 0.00084416963941149465 -0.011212082275456964 -0.059075252619026498 0.026233295374086203 -0.011977625145900016 0.00099633456722869065 -0.12268734470521758 -0.22623030091314977 -0.023919598823188032 -0.1354768865511729 0.091285888348657668 0.047734866624233867 0.0060270376608510456 -0.057370215811119035 0.064198750008355079 0.05141618397197472 -0.096923838344420296 -0.0035400853432525285 0.063033765534149411 0.024810188031969962
leaf_weight=15.356947197836602 351.4812086587317 3677.1318457632665 6.0358846656811265 15.074710551692986 85.227749105459793 46.394073791157098 9.4463791107309572 0.75932776747867947 25.596038089706781 1283.3403597342588 126.36196095198849 1258.8355978327172 194.99532543563748 307.71886737869181 687.08462050484866 648.34222720989055 38.681004506085173 3.3003797773562829 32.275919400442945 40.203921810530801 29.343723030400724 47.529605245495077 154.01496335944989 23.76204709406511 157.02678300088951 82.760804593097419 66.732099403762732 1355.0878313200792 32.878625141573139 289.47341533749568
leaf_count=855 37881 638313 477 11399 5098 4804 147 20 451 91843 23823 235817 14256 11070 38659 52361 8621 112 2423 941 449 644 2633 1766 5505 614 41121 130654 8538 5038
internal_value=-0.000610413 0.000923633 0.0308061 0.0423464 0.0501896 -0.00046173 0.0117983 0.00595487 -0.0855989 0.00845332 0.014787 -0.00350897 -0.0105327 -0.00385667 -0.0223892 -0.00458434 -0.0183658 -0.0122346 -0.0231446 -0.0857994 0.0153235 -0.0117635 0.0196714 -0.0949781 0.0496919 0.080056 -0.00057042 -0.00631924 -0.00196306 0.0083469
internal_weight=11092.3 8002.91 354.58 324.782 309.707 7648.33 1522.56 1319.14 35.0424 1284.1 141.719 6125.77 2448.63 1566.55 882.08 3089.34 696.831 658.15 471.491 72.4798 186.659 399.011 183.359 29.7979 203.421 167.989 2392.51 1454.7 1387.97 937.816
internal_count=1376333 1084917 44032 41789 30390 1040885 102770 92461 598 91863 24678 938115 299802 246887 52915 291416 53704 45083 41889 3364 3194 38525 3082 2243 10309 5712 237712 180313 139192 57399
is_linear=0
shrinkage=0.1


Tree=143
num_leaves=31
num_cat=0
split_feature=2 3 7 6 5 4 6 7 2 7 6 3 11 5 11 6 7 2 6 10 3 6 4 7 2 9 3 3 4 6
split_gain=8.05454 18.9599 55.403 30.2111 28.5298 26.0583 20.1629 19.1656 39.6196 38.2156 25.8706 24.3826 31.8925 17.6794 17.3973 16.7696 14.8038 12.7198 20.9102 11.1786 10.5766 23.2312 17.3664 9.90018 13.197 11.8256 9.48981 8.76567 8.71945 9.60772
threshold=0.15504807978868487 0.38038460910320288 0.10555555671453477 0.66954022645950328 6.5000000000000009 0.17192118614912036 0.84045451879501354 1.0000000180025095e-35 0.45738498866558081 0.17424242943525317 0.88047617673873912 0.58480769395828258 0.19292803853750232 2.5000000000000004 0.43095238506793981 0.57259953022003185 0.31666667759418493 0.19139194488525393 0.88047617673873912 0.83370700478553783 0.45035210251808172 0.96609193086624157 0.56992483139038097 0.11805555596947671 0.3464102596044541 0.78696113824844371 0.50900974869728099 0.47100840508937841 0.11566332355141641 0.87138131260871898
decision_type=2 2 2 2 2 2 2 2 2 2 2 2 2 2 2 2 2 2 2 2 2 2 2 2 2 2 2 2 2 2
left_child=28 2 3 4 5 -2 -4 8 10 20 13 12 -11 -3 26 -6 -13 18 -5 -19 21 -9 -22 25 -25 -8 -10 -16 -1 -30
right_child=1 7 6 17 15 -7 23 9 14 11 -12 16 -14 -15 27 -17 -18 19 -20 -21 22 -23 -24 24 -26 -27 -28 -29 29 -31
leaf_value=0.0043029846558391314 -0.27897053659043441 0.18969595777415985 -0.11191103080107562 -0.11682476204450509 -0.0032577649138127926 0.14343788047143408 -0.10368627019723442 -0.03315231783947694 -0.11662427464894357 -0.13304080175214833 -0.098238005300446435 -0.022062165209605085 0.086689685110875575 0.0013350723083427902 -0.10446564086344179 -0.077670423422162474 0.00083224796312764127 -0.11180836609995473 0.042351121343820415 -0.051297465225903664 -0.10797099934318484 0.34884642645810987 -0.027899766345363515 0.22862155542014395 -0.11210654790392099 1.125247777413531 0.023806601316397315 0.075997730056882026 0.0058254807386422663 0.045531942218048113
leaf_weight=1527.7034585086003 1.5842064678603858 5.0747997526145801 2.2596952220164317 11.557028361763797 246.9249888827452 18.691806009055085 0.11554593128278057 8.2343862910488035 5.1154025341527634 7.4616614161604948 26.718461129659431 293.06211811924095 57.571832068124422 275.32452451741756 2.7449853768339372 34.518821437783515 7785.80403912568 39.975189646942624 28.866098255884935 129.20413212996209 51.38230827341895 1.9735906912256957 57.285630563164268 12.082024321823324 1.254790711278132 0.24291467666625977 81.152615609221442 138.33605310856365 128.56996452483102 115.84945914242095
leaf_count=47930 47 205 1316 490 23892 743 150 25024 5249 52898 9619 128371 2282 55107 165 12719 601297 48616 427 7757 215999 2080 94106 545 391 1 31357 2405 4088 1120
internal_value=0.00092868 -0.000245835 -0.0186645 -0.0243905 -0.00413082 0.110434 0.16484 0.00085812 0.0192104 -0.000328975 -0.00421506 0.000492677 0.0614788 0.00474412 0.0508551 -0.0123844 1.74959e-06 -0.053554 -0.00315749 -0.0655955 -0.0566184 0.0407026 -0.0657605 0.210503 0.196564 0.729114 0.0154795 0.0724865 0.00710872 0.0246455
internal_weight=11096.6 9324.52 527.277 511.322 301.72 20.276 15.955 8797.24 534.467 8262.78 307.118 8143.9 65.0335 280.399 227.349 281.444 8078.87 209.602 40.4231 169.179 118.876 10.208 108.668 13.6953 13.3368 0.358461 86.268 141.081 1772.12 244.419
internal_count=1376396 1323258 97094 94691 37401 790 2403 1226164 104107 1122057 64931 784848 55180 55312 39176 36611 729668 57290 917 56373 337209 27104 310105 1087 936 151 36606 2570 53138 5208
is_linear=0
shrinkage=0.1


Tree=144
num_leaves=31
num_cat=0
split_feature=5 12 7 11 11 6 6 11 2 14 5 4 2 3 5 6 11 11 5 5 7 6 14 12 4 14 10 4 5 4
split_gain=6.75444 4.89475 21.9829 18.4589 26.7622 11.9994 11.488 8.75404 8.46443 7.88365 9.47224 7.86754 15.0739 10.0356 23.3354 8.01506 7.33328 7.32067 6.07064 6.47012 5.12858 4.96114 3.19195 3.01266 3.40278 7.02911 7.07745 6.9912 4.55674 5.27252
threshold=30.500000000000004 1.0000000180025095e-35 0.81666666269302379 0.057983193546533592 0.18350168317556384 0.93813776969909679 0.93405798077583324 0.97727271914482128 0.88273492455482494 0.69418099522590648 7.5000000000000009 0.079473681747913374 0.06612021848559381 0.082333002239465727 7.5000000000000009 0.73401361703872692 0.50806450843811046 0.92582416534423839 11.500000000000002 4.5000000000000009 0.42261904478073126 0.83935481309890758 0.67870473861694347 1.0000000180025095e-35 0.17192118614912036 0.65938553214073192 0.91813588142395031 0.24440020322799685 37.500000000000007 0.26442842185497289
decision_type=2 2 2 2 2 2 2 2 2 2 2 2 2 2 2 2 2 2 2 2 2 2 2 2 2 2 2 2 2 2
left_child=1 7 3 -3 5 -5 -6 11 -4 22 -11 12 15 14 -13 -1 -14 -15 19 21 -21 -9 -10 -2 25 26 -25 -26 29 -29
right_child=23 2 8 4 6 -7 -8 18 9 10 -12 13 16 17 -16 -17 -18 -19 -20 20 -22 -23 -24 24 27 -27 -28 28 -30 -31
leaf_value=-0.10469325266564036 -0.10902565793799204 -0.15064993135742982 0.10214565960070959 0.039519664482053213 0.0044972056351297246 0.1362074529338457 -0.011611641947158803 0.20564096347873415 -0.069295268899157839 0.063278192124757049 -0.099929600579874392 0.012704161456466599 -0.027666888182858059 -0.0013269402070850034 0.2055978709742341 0.037462024590498536 -0.096192889374303731 -0.084768704352765567 0.11183640586915133 -0.063022752607644547 0.1040350264342853 0.041272000433785171 -0.31412562512005932 -0.11741709951730168 -0.17732427408895685 -0.34171586878245258 0.19814569041604305 0.14266500460459278 -0.18836867362366838 -0.090314918010847137
leaf_weight=4.5018036930359093 7.4339583840521195 7.8776280708352706 28.562408437777762 45.047781125664642 2117.5403326179717 17.950232149807562 559.72583453231346 2.0374581108335432 1.9731181839770351 27.924414276611063 4.0750141587341195 35.141986777335418 33.785895432927859 7999.5945103736094 7.6340036293552336 33.340149256486114 29.03926310146926 10.528227551374583 10.013599433936177 10.372913288883863 2.2333053275942794 18.598289048066363 0.7293419123161583 1.0332840180888654 3.2795967082279258 0.40499937534332264 2.2767983013764024 2.5851913535541371 0.94370336625502194 1.5560245822998693
leaf_count=3200 4147 14638 1808 45136 53012 5799 12009 34 38 7177 45 577 3809 1221564 304 746 322 97 46 60 58 327 36 252 211 2 6 74 58 244
internal_value=-0.000157177 -5.2979e-05 0.00354756 0.00220591 0.00264533 0.0670692 0.00112939 -0.00128792 0.0618277 0.0286428 0.0424943 -0.00152595 -0.0293089 -0.00117864 0.0471289 0.0205508 -0.0593412 -0.00143661 0.0435798 0.0230187 -0.033427 0.0575009 -0.13537 -0.0589388 -0.0281147 0.0515245 0.0996388 -0.0634863 0.00993525 0.0551249
internal_weight=11027.7 11008.2 2811.41 2748.14 2740.26 62.998 2677.27 8196.82 63.2643 34.7019 31.9994 8153.57 100.667 8052.9 42.776 37.842 62.8252 8010.12 43.2556 33.242 12.6062 20.6357 2.70246 19.5136 12.0796 3.71508 3.31008 8.36452 5.08492 4.14122
internal_count=1375836 1370842 139698 130594 115956 50935 65021 1231144 9104 7296 7222 1230619 8077 1222542 881 3946 4131 1221661 525 479 118 361 74 4994 847 260 258 587 376 318
is_linear=0
shrinkage=0.1


Tree=145
num_leaves=31
num_cat=0
split_feature=3 2 7 11 6 4 7 6 5 7 5 4 10 14 2 3 7 4 6 9 2 4 4 3 7 4 4 5 6 9
split_gain=7.69496 15.108 39.8359 56.0444 37.7642 22.8869 15.0934 24.654 15.3946 15.1721 14.8548 15.6546 14.3809 14.3626 13.7726 62.7063 31.7979 19.7959 18.1846 11.9551 18.2692 29.5196 14.4576 20.9014 19.6124 13.4095 23.7892 18.6278 13.1386 11.4909
threshold=0.81832167506217968 0.69804355502128612 0.47727273404598242 0.061553031206130988 0.74239632487297069 0.61938297748565685 0.43650794029235845 0.68819445371627819 9.5000000000000018 0.42261904478073126 4.5000000000000009 0.80259740352630626 0.59399941563606273 0.77176257967948925 0.63702240586280834 0.75036585330963146 0.58571431040763866 0.80259740352630626 0.96490147709846508 0.98124927282333385 0.61938297748565685 0.68908989429473888 0.88067796826362621 0.88454905152320873 0.52777779102325451 0.56992483139038097 0.57275134325027477 5.5000000000000009 0.61620295047760021 1.0000000180025095e-35
decision_type=2 2 2 2 2 2 2 2 2 2 2 2 2 2 2 2 2 2 2 2 2 2 2 2 2 2 2 2 2 2
left_child=1 2 3 -1 6 12 8 29 9 -3 -7 -12 -6 -5 17 -16 -17 -4 -19 20 25 28 24 -24 -23 27 -27 -2 -22 -8
right_child=19 4 14 13 5 10 7 -9 -10 -11 11 -13 -14 -15 15 16 -18 18 -20 -21 21 22 23 -25 -26 26 -28 -29 -30 -31
leaf_value=-0.1193305475948203 0.17697983649687049 0.08963418402602312 0.075054303387462648 -0.0010028566437213279 0.33933669878468531 -0.023907551276580206 0.46712322808394646 -0.11647194230247192 -0.040698008539938935 0.48049596050060828 -0.11931294256965728 -0.032994998060823087 0.052358359236734681 -0.030841844445779726 -0.12629052165519167 -0.019537957235530229 0.0978511389955838 0.023372079152086309 -0.15629903750700117 0.027410682236726786 0.16593956167934343 0.027578342363541737 -0.018254173316325343 0.0022524007517101654 -0.012595730750603938 0.2314514245695255 -0.020671062418148714 -0.12078729915702024 0.048033179882770116 0.073492810845945514
leaf_weight=41.722455901055127 2.3135715804444841 44.849980603718222 119.32371586300769 2919.7809831644231 1.9702581399161569 402.72088807805642 1.0245706439018243 10.835994713686317 9.6451513365542478 1.0156030454750169 36.554059657273797 49.411324907653466 15.35364238990587 170.74465948843863 26.745611438069773 40.56768606541732 53.513982458691771 42.554873328109124 6.4925268834404042 180.98255609814078 13.370858610434082 442.09445907198722 547.35179863662779 5406.9917163821738 167.58039240833853 3.8000286318557803 247.02166984670191 22.856027244952351 32.236944738615307 2.6853551735257497
leaf_count=316712 99 4217 3516 272910 2027 42919 11 555 1276 29 5477 3126 257 1275 1731 1398 723 1606 294 9113 2231 46901 30235 402597 3808 7765 106832 92859 13511 93
internal_value=5.69056e-05 -0.00344944 -0.000926892 -0.00420559 -0.0184317 -0.0279585 0.0503794 -0.0402954 0.0741396 0.098289 -0.0319628 -0.069699 0.0849966 -0.00265139 0.0345841 0.00882315 0.0472334 0.0530707 -0.000411435 0.00204042 0.00137358 0.00242614 0.00186908 0.000367338 0.0165358 -0.0238339 -0.0168513 -0.0934168 0.0825998 0.182202
internal_weight=11064.1 3997.51 3421.45 3132.25 576.067 506.01 70.0567 14.5459 55.5107 45.8656 488.686 85.9654 17.3239 3090.53 289.198 120.827 94.0817 168.371 49.0474 7066.6 6885.62 6609.63 6564.02 5954.34 609.675 275.991 250.822 25.1696 45.6078 3.70993
internal_count=1376103 660152 600165 590897 59987 53806 6181 659 5522 4246 51522 8603 2284 274185 9268 3852 2121 5416 1900 715951 706838 499283 483541 432832 50709 207555 114597 92958 15742 104
is_linear=0
shrinkage=0.1


Tree=146
num_leaves=31
num_cat=0
split_feature=11 4 4 3 3 3 11 9 2 4 10 10 11 6 6 6 5 11 9 11 9 5 10 11 2 9 11 11 9 3
split_gain=5.27862 11.3329 15.6605 20.9853 26.1519 26.083 5.24312 37.5053 21.1774 15.4159 15.3275 13.0755 10.5167 12.5897 8.66062 8.52429 8.48675 8.37546 8.04848 7.59699 14.3435 6.98346 6.78864 19.7177 27.2807 9.40189 21.0295 17.3152 7.44165 6.3598
threshold=0.94590643048286449 0.99484536051750194 0.96922349929809581 0.97182539105415355 0.92637759447097789 0.97014260292053234 0.83666664361953746 0.96799793839454662 0.59417229890823375 0.087434306740760817 0.97473672032356273 0.99790793657302868 0.87749999761581432 0.94028520584106456 0.87138131260871898 0.49590164422988897 19.500000000000004 0.89736840128898632 0.84067201614379894 0.82480818033218395 0.95009577274322521 5.5000000000000009 0.96984851360321056 0.68585526943206798 0.084806710481643691 0.8782135844230653 0.62828946113586437 0.61721614003181469 0.5902361571788789 0.089719939976930632
decision_type=2 2 2 2 2 2 2 2 2 2 2 2 2 2 2 2 2 2 2 2 2 2 2 2 2 2 2 2 2 2
left_child=6 2 -2 4 -4 -6 19 10 9 14 18 15 -10 -14 -9 -12 -13 -11 -8 22 -21 -22 25 24 -24 27 -27 -1 -25 -20
right_child=1 -3 3 -5 5 -7 7 8 12 17 11 16 13 -15 -16 -17 -18 -19 29 20 21 -23 23 28 -26 26 -28 -29 -30 -31
leaf_value=-0.0016842784614865066 0.0085691245946640793 0.094793028789602843 0.10135147948743793 -0.016014282366708484 -2.1970532733695012 -0.46946873534821781 -0.048147283141763315 -0.061582951217203877 -0.073218173846770318 -0.01898283642649979 0.11251330035477058 0.013779412804435573 -0.21100475327688037 -0.018591541224601282 -0.24315075611796175 -0.075164255570515273 -0.085823471513975902 0.08378429290021755 -0.048622592642319017 0.050686048425766621 0.017347159256557405 -0.067403807459840856 -0.10372553999849579 0.063133517133609471 0.030544079755162792 0.011367074725457199 -0.017096927691598724 0.014689145183212857 -0.0061795345355714938 0.078917092853832249
leaf_weight=7205.0294158842571 406.2188219295349 15.404532081272917 0.20110898325219639 0.85682085249572992 0.17410936672240496 0.17546931956894696 6.7919756420887998 8.6448223218321782 27.544906847528182 26.645955084590241 2.6178481671959153 134.52312521642307 15.474141892511399 4.3582756012328892 3.773921836167573 32.038368478533812 9.135501647833733 11.290958863450212 4.2786861732602111 75.406331144389696 19.895049171464052 19.015171114355326 15.78580408496782 15.925856303540057 365.42401320388308 356.46632275503362 954.76929429644952 709.47488071990665 565.40839829714969 45.347500658361241
leaf_count=1325518 5887 5035 13 85 25 26 51 50 232 156 11 2489 130 61 21 238 60 52 18 1147 165 124 113 170 4922 4375 10695 6722 7437 358
internal_value=-0.0003576 0.0105972 0.00741536 -0.325571 -0.807213 -1.3299 -0.000793349 -0.0131535 -0.0652057 -0.0200537 0.00851882 -0.00585475 -0.113196 -0.168721 -0.116759 -0.0609875 0.00744549 0.0116032 0.0539478 -0.000394485 0.0252411 -0.0240701 -0.000682126 0.00730943 0.024984 -0.0015159 -0.00935884 -0.000216526 -0.00428068 0.0679208
internal_weight=11058.1 423.031 407.626 1.40751 0.550688 0.349579 10635.1 332.466 97.733 50.3557 234.733 178.315 47.3773 19.8324 12.4187 34.6562 143.659 37.9369 56.4182 10302.6 114.317 38.9102 10188.3 962.544 381.21 9225.74 1311.24 7914.5 581.334 49.6262
internal_count=1376386 11071 6036 149 64 51 1365315 3927 702 279 3225 2798 423 191 71 249 2549 208 427 1361388 1436 289 1359952 12642 5035 1347310 15070 1332240 7607 376
is_linear=0
shrinkage=0.1


Tree=147
num_leaves=31
num_cat=0
split_feature=2 5 14 1 4 7 1 4 7 2 2 2 3 7 6 6 2 2 6 7 7 3 6 10 3 4 10 6 10 11
split_gain=6.9894 16.1322 12.8156 18.5426 44.8349 16.9063 11.3256 10.8001 10.2495 11.6013 10.0672 9.30656 13.8451 49.6487 30.9522 21.8646 13.209 12.1104 9.14452 9.08865 34.7634 23.7151 20.0777 18.4023 14.3509 8.74518 8.6276 23.8245 24.8323 22.6582
threshold=0.92805382609367382 3.5000000000000004 0.48021948337554937 1.0000000180025095e-35 0.99484536051750194 0.64583334326744091 1.0000000180025095e-35 0.96609193086624157 0.88194444775581371 0.94665718078613292 0.94174209237098705 0.15504807978868487 0.38552470505237585 0.10555555671453477 0.65058138966560375 0.64549729228019725 0.32030533254146581 0.19139194488525393 0.92637759447097789 1.0000000180025095e-35 0.17424242943525317 0.57801935076713573 0.91751700639724743 0.80276900529861461 0.60459831357002269 0.90070420503616344 0.8445824682712556 0.84262126684188854 0.82385262846946727 0.35388994216918951
decision_type=2 2 2 2 2 2 2 2 2 2 2 2 2 2 2 2 2 2 2 2 2 2 2 2 2 2 2 2 2 2
left_child=11 2 25 5 -5 7 -3 -4 9 10 -8 26 13 14 15 -13 -15 -16 -6 21 -21 22 -14 -23 -22 -2 27 -1 29 -29
right_child=1 6 3 4 18 -7 8 -9 -10 -11 -12 12 19 16 17 -17 -18 -19 -20 20 24 23 -24 -25 -26 -27 -28 28 -30 -31
leaf_value=-0.021319601243472871 0.10436746109668196 0.078736798457275506 0.025155309222557005 -0.13410241183912816 -0.040502430225198054 0.069087964318315917 0.020395648364277947 -0.027107244036132738 -0.23582512097169894 0.085736378718617987 -0.044178345527756117 -0.0070646428470791866 0.0015146355824333573 0.19357066621332839 -0.0066944984059753082 0.19714223870379122 0.0011443101290650249 -0.065073741198801091 0.0030395900445472812 -0.058551565031687097 0.038217740664289096 -0.010670282594774906 -0.090869535234021082 0.058603834621401965 -0.0028216979540781426 -0.026085596491507202 3.2895994297497834e-05 -0.0037946547523209197 0.080438873180439865 0.050830486862489692
leaf_weight=133.48645365357322 5.2748376429185546 35.03283832463876 170.38546768612582 24.900441010914392 50.167309756539453 71.008786800714006 237.9430384348143 51.489816238080721 1.5753896739470281 24.524560727415519 26.869567736212502 280.00921424751323 304.08852652465146 13.471579501708819 44.605835167231106 5.3433100182631383 4.8521912436422943 174.71580966224903 1250.9234465695693 111.63149180206801 86.451075616449089 53.630755747939702 25.496889972438908 134.55785955965985 5923.1575087618085 199.22828858718276 1200.1007256703451 211.74643641176237 72.466931058093905 118.39108830876648
leaf_count=30395 12 356 11863 8360 4245 1831 14763 1579 64 326 1847 34117 62218 746 1020 660 1981 61607 128150 336987 69266 27847 7508 2192 542689 953 7561 13774 364 919
internal_value=-0.000587877 0.00452997 0.00086703 0.00384674 -0.00118312 0.0266187 0.0250209 0.0130269 0.0185522 0.0199373 0.0138436 -0.00182407 -0.00341637 -0.0190814 -0.0249523 -0.00324081 0.142616 -0.0532005 0.0013607 -0.00218233 -0.00325842 0.0105394 -0.00563225 0.0388618 -0.00223133 -0.0227208 0.00474437 0.0152915 0.0274302 0.0157945
internal_weight=11047.5 2149.32 1823.38 1618.88 1325.99 292.884 325.945 221.875 290.913 289.337 264.813 8898.2 7162.01 522.998 504.674 285.353 18.3238 219.322 1301.09 6639.01 6121.24 517.774 329.585 188.189 6009.61 204.503 1736.19 536.091 402.604 330.138
internal_count=1376200 174349 156993 156028 140755 15273 17356 13442 17000 16936 16610 1201851 1148838 100131 97404 34777 2727 62627 132395 1048707 948942 99765 69726 30039 611955 965 53013 45452 15057 14693
is_linear=0
shrinkage=0.1


Tree=148
num_leaves=31
num_cat=0
split_feature=3 2 7 10 14 4 5 7 6 6 5 14 6 4 4 4 4 3 2 7 5 2 3 2 3 7 2 7 6 6
split_gain=6.89532 18.2862 38.8381 23.2722 23.2141 49.5892 21.4241 32.8165 28.4777 22.9307 19.2054 16.2218 15.7437 14.8277 12.7876 12.6414 12.5405 18.758 25.1123 28.572 24.1207 27.2574 22.665 20.2852 17.4036 20.2031 16.0444 56.3615 52.9495 15.6224
threshold=0.77807807922363292 0.61938297748565685 0.47727273404598242 0.59868276119232189 0.35407139360904699 0.74133810400962841 1.5000000000000002 0.074175827205181136 0.69309264421463024 0.94028520584106456 4.5000000000000009 0.77176257967948925 0.55051019787788402 0.78629976511001598 0.74601566791534435 0.81302964687347423 0.91042780876159679 0.89323708415031444 0.7897985875606538 0.64583334326744091 8.5000000000000018 0.81872946023941051 0.85760369896888744 0.84889996051788341 0.87196302413940441 0.68333333730697643 0.7577352523803712 0.58571431040763866 0.77871939539909374 0.96362435817718517
decision_type=2 2 2 2 2 2 2 2 2 2 2 2 2 2 2 2 2 2 2 2 2 2 2 2 2 2 2 2 2 2
left_child=1 2 3 4 5 -1 9 12 -9 14 -10 13 -8 -5 -3 -4 24 18 19 22 23 -22 -18 -20 25 26 27 -2 -28 -26
right_child=16 6 15 11 -6 -7 7 8 10 -11 -12 -13 -14 -15 -16 -17 17 -19 20 -21 21 -23 -24 -25 29 -27 28 -29 -30 -31
leaf_value=-0.013144434679665376 -0.0066729164390888695 0.12023677044969863 0.0632283929039964 -0.001083694893268392 -0.12372691862096151 1.7316788896560285 -0.41817479728916518 0.073646199783560351 -0.036520358226911125 -0.0090619069040068761 -0.091621156361371386 -0.048442231961722176 0.06204291955467435 0.15401141106949273 -0.049389638861005745 -0.13514485863189329 0.10422512357192643 0.0003132714900185005 -0.038236716890251037 -0.062915921351708148 -0.087351476043844203 0.081318617349306954 0.0023554438307399825 -0.11761804476629818 0.044265926247936488 0.11207222178841761 0.046675782896198434 0.055699871344144794 -0.018733174272649426 -0.0022084857529503367
leaf_weight=33.787406963397842 429.53734729032021 23.462353978843229 106.52342765342701 2749.2989302155283 31.704119068038636 0.16367509184055862 0.69580491844368353 18.455697631845794 193.93037562816215 150.91654102102734 93.87862320046554 73.169290833058767 36.248980341879189 6.1780554780270895 5.4828760039831641 3.312283328024022 32.508874009526266 5303.1836904546999 78.258666608857766 41.664029717505173 15.465974724012197 25.178922771836369 66.553917177195558 54.687120522713599 223.45011352944971 17.05248386231824 151.74327761942459 218.60596025518316 671.16469313646053 106.94938286931392
leaf_count=50681 225743 2657 3156 112504 371279 32 45 3058 28992 20771 25674 525 2433 78 1247 184 2346 406369 3708 1698 582 598 2796 3214 18576 164 13791 4330 58413 10533
internal_value=-0.000484254 -0.00412561 -0.00112114 -0.00333612 -0.0621937 -0.0047328 -0.021381 -0.0360318 -0.0467716 0.00657532 -0.0544933 -0.00196999 0.0529987 -0.000735956 0.0881057 0.0572461 0.00124299 -0.00109355 -0.0248295 0.0065636 -0.0502792 0.0171372 0.0357854 -0.0708901 0.00846074 0.00385111 0.00259661 0.0143642 -0.00667184 0.0292223
internal_weight=10963.2 3527.21 3004.14 2894.3 65.6552 33.9511 523.071 343.209 306.265 179.862 287.809 2828.65 36.9448 2755.48 28.9452 109.836 7436 5617.5 314.318 140.727 173.591 40.6449 99.0628 132.946 1818.5 1488.1 1471.05 648.143 822.908 330.399
internal_count=1376177 623316 538439 535099 421992 50713 84877 60202 57724 24675 54666 113107 2478 112582 3904 3340 752861 421311 14942 6840 8102 1180 5142 6922 331550 302441 302277 230073 72204 29109
is_linear=0
shrinkage=0.1


Tree=149
num_leaves=31
num_cat=0
split_feature=4 9 12 11 10 6 6 4 10 11 10 2 11 11 9 5 3 6 6 11 9 6 4 10 10 10 9 3 10 2
split_gain=5.53892 9.25794 11.5783 14.8905 9.7166 11.7894 13.5737 9.42429 21.7484 8.0649 14.4084 5.86865 6.91351 16.6319 5.62056 5.5676 5.4029 10.2646 11.2072 9.00319 26.8628 14.6536 8.82608 23.0661 45.8939 48.6281 12.7112 16.1648 12.0371 10.6028
threshold=0.079473681747913374 0.4638232290744782 1.0000000180025095e-35 0.25403225421905523 0.8445824682712556 0.93142634630203258 0.84262126684188854 0.069265365600585951 0.6858804225921632 0.41277891397476202 0.81266710162162792 0.06612021848559381 0.29520697891712194 0.2788888961076737 0.48292520642280584 1.0000000180025095e-35 0.089719939976930632 0.67799538373947155 0.71010184288024913 0.52786380052566539 0.81545931100845348 0.81909090280532848 0.091431558132171645 0.60326328873634349 0.59868276119232189 0.46188034117221838 0.5653091073036195 0.12290209904313089 0.82385262846946727 0.092665474861860289
decision_type=2 2 2 2 2 2 2 2 2 2 2 2 2 2 2 2 2 2 2 2 2 2 2 2 2 2 2 2 2 2
left_child=1 11 4 7 14 6 -6 -4 -9 15 -11 12 13 -1 -3 -5 17 -2 -19 21 -21 -20 23 24 25 -18 27 -25 -28 -24
right_child=16 2 3 9 5 -7 -8 8 -10 10 -12 -13 -14 -15 -16 -17 22 18 19 20 -22 -23 29 26 -26 -27 28 -29 -30 -31
leaf_value=-0.04514661717035149 0.1695691189968922 0.10105315956517197 -0.014329394746179325 0.074308838769286484 -0.0076301309604186159 0.037576489618354497 -0.11212787691698185 0.5823952398586536 0.10192489261920851 0.18573177621456977 0.0069442108500599037 -0.12372170429238 -0.19631344108536297 0.36782844028075762 -0.11462361304838303 -0.076411009785537651 1.8101709306745919 -0.10258769024517778 -0.080265950315767456 0.07578893646104351 -0.0035373177446436492 0.0081252941766255284 0.038276040782634052 -0.14702167949972159 2.1687231882632063 -0.10037315680630086 0.07028794488987683 0.14425594457066318 -0.033648071341182119 -0.00022289684213330454
leaf_weight=5.0386055292614413 4.1041975028800826 1.2996050128040817 2.2179360977484626 2.8760417292360243 34.446220825135242 25.150106251239777 19.448725940659642 1.3062934123298644 3.3790597105107736 4.7944977291917885 75.319186221109703 12.250776066804951 1.6328527584118999 1.2092441106797194 17.197611270987295 16.580517856174993 0.15702942225232053 8.5489384800492854 21.628494604072529 72.35890257358551 104.11050413548946 141.18545878793705 72.040618078244734 15.480133329387174 0.13206834987795435 0.87867470918956769 13.088565516816741 2.1726761315439935 74.949826119584031 10201.396906535338
leaf_count=3553 58 397 1685 16 1127 92 112 874 45 80 526 3622 56 22 3555 1217 883 486 2303 251 480 4032 1547 536 31 1334 774 113 588 1346066
internal_value=-0.00016212 -0.0157203 -0.0093362 0.0134654 -0.0342256 -0.0189578 -0.0453396 0.155492 0.235882 0.00361859 0.017644 -0.0804173 -0.0130994 0.0347829 -0.0994703 -0.0541318 0.000162818 0.0123483 0.0104932 0.0133425 0.0289893 -0.00361676 -0.00025032 -0.0288415 0.413158 0.189296 -0.0337251 -0.111172 -0.018196 4.707e-05
internal_weight=10956.4 224.147 204.016 106.474 97.5423 79.0451 53.8949 6.90329 4.68535 99.5702 80.1137 20.1315 7.8807 6.24785 18.4972 19.4566 10732.2 351.936 347.832 339.283 176.469 162.814 10380.3 106.859 1.16777 1.0357 105.691 17.6528 88.0384 10273.4
internal_count=1376461 16979 9726 4443 5283 1331 1239 2604 919 1839 606 7253 3631 3575 3952 1233 1359482 7610 7552 7066 731 6335 1351872 4259 2248 2217 2011 649 1362 1347613
is_linear=0
shrinkage=0.1


Tree=150
num_leaves=31
num_cat=0
split_feature=5 3 14 14 12 10 11 4 9 4 4 7 3 4 7 3 7 10 14 4 10 11 7 3 3 7 7 12 5 4
split_gain=8.64578 6.87016 11.1881 12.0433 17.8929 27.2371 11.3349 14.224 10.7055 8.51796 6.73466 8.74354 5.15847 13.2732 33.895 18.2776 15.4423 12.7127 24.2718 12.6118 11.9212 31.7214 15.9698 30.4841 14.2888 11.1885 13.018 16.0246 15.2294 9.29716
threshold=19.500000000000004 0.20058823376894 0.55864936113357555 0.55349117517471325 1.0000000180025095e-35 0.74496281147003185 0.58578431606292736 0.20942982286214831 0.66833335161209118 0.10762548446655275 0.20942982286214831 0.38750000298023229 0.81832167506217968 0.81302964687347423 0.58571431040763866 0.78765246272087108 0.52777779102325451 0.64414930343627941 0.39355795085430151 0.91042780876159679 0.95780044794082653 0.53589746356010448 0.58571431040763866 0.85760369896888744 0.86381819844245922 0.68333333730697643 0.5634920895099641 1.0000000180025095e-35 2.5000000000000004 0.80982521176338207
decision_type=2 2 2 2 2 2 2 2 2 2 2 2 2 2 2 2 2 2 2 2 2 2 2 2 2 2 2 2 2 2
left_child=12 -2 3 6 5 -5 8 -8 -3 -4 -11 -12 13 15 -15 17 29 18 -1 25 22 -22 23 -21 -24 26 28 -28 -14 -17
right_child=1 2 9 4 -6 -7 7 -9 -10 10 11 -13 19 14 -16 16 -18 -19 -20 20 21 -23 24 -25 -26 -27 27 -29 -30 -31
leaf_value=-0.0040752903172164377 -0.099972151470159504 0.011229263061553606 0.15914717173403559 1.7809499894193395 0.072514444676172268 0.32968019415223465 0.18493462271685793 -0.029342548433231364 -0.11284647454142811 -0.06738120082178925 -0.0072188317428505538 -0.073407658397053197 0.032993365130340083 -0.049645056773734542 0.01407773871904907 0.03694037703694255 -0.15366742414836598 -0.00090136305089156708 -0.086096683547301267 0.11194149904510727 0.093410085640606794 0.0062680418846688792 -0.064417056228053646 -0.021341062232253082 0.0005032270638520393 0.084946715134337131 0.004274779873671565 -0.044599065509134846 0.0062355275734582681 0.12553372193066567
leaf_weight=119.20263106248782 10.100783031920114 34.356306483416091 2.3769792106467653 0.1593097759258052 2.5613565764482473 0.6869520521722734 7.2767658308148366 5.3945220701862127 8.7186681057173683 39.796871735115928 101.65022449818636 24.833966179167419 329.62339471957125 191.31702497380786 148.08248110379907 76.345804204590195 3.8556192409530459 3158.9781759557591 51.73747412501055 17.682319813872823 45.175251675653271 554.68276540670195 34.168500277373823 581.33175017778819 4360.5814840597395 19.747886302594452 335.44279716192386 83.857565594596963 599.68170722643913 14.020734614906813
leaf_count=100583 4139 14948 13 332 47 63 19 52 895 380 35244 956 40050 18859 3264 12265 146 89577 414092 1735 1738 16085 1820 76273 321858 207 11123 1015 208073 682
internal_value=-0.000414864 -0.01927 -0.0156918 0.021728 0.204228 0.602883 0.0105722 0.0937108 -0.0138845 -0.0288161 -0.031503 -0.0202144 3.3794e-06 -0.00297939 -0.0218423 -0.0011097 0.0423237 -0.00233867 -0.0289002 0.00161582 -0.000489294 0.0128307 -0.00208931 -0.0174067 -1.51808e-06 0.0102212 0.00912698 -0.0054997 0.0157265 0.050686
internal_weight=10963.4 237.913 227.812 59.1539 3.40762 0.846262 55.7463 12.6713 43.075 168.658 166.281 126.484 10725.5 3763.54 339.4 3424.14 94.2222 3329.92 170.94 6961.98 5593.62 599.858 4993.76 599.014 4394.75 1368.35 1348.61 419.3 929.305 90.3665
internal_count=1376533 57088 52949 16356 442 395 15914 71 15843 36593 36580 36200 1319445 639468 22123 617345 13093 604252 514675 679977 419509 17823 401686 78008 323678 260468 260261 12138 248123 12947
is_linear=0
shrinkage=0.1


Tree=151
num_leaves=31
num_cat=0
split_feature=5 5 11 11 3 9 11 14 7 11 10 2 7 14 2 11 2 7 2 11 3 10 10 11 9 10 2 14 2 2
split_gain=6.27498 5.06996 6.70442 6.46707 5.10929 3.88493 15.5187 10.5945 14.6605 10.594 21.4597 13.1094 10.444 9.42097 13.8092 8.71839 6.43454 5.9491 8.60507 3.32933 3.29477 3.19303 2.76302 4.01569 5.01278 1.46862 0.534544 0.334767 0.286613 0.169128
threshold=30.500000000000004 28.500000000000004 0.61721614003181469 0.25403225421905523 0.4907375723123551 0.98124927282333385 0.67333334684371959 0.87739312648773204 0.18465909361839297 0.5313725769519807 0.8445824682712556 0.6569296419620515 0.89444443583488475 0.91603749990463268 0.80206185579299938 0.86811593174934398 0.48050633072853094 0.47727273404598242 0.19139194488525393 0.73030304908752453 0.80939152836799633 0.96984851360321056 0.91813588142395031 0.62828946113586437 0.95009577274322521 0.77482193708419811 0.21132376790046695 0.61418089270591747 0.5604878067970277 0.54261502623558056
decision_type=2 2 2 2 2 2 2 2 2 2 2 2 2 2 2 2 2 2 2 2 2 2 2 2 2 2 2 2 2 2
left_child=1 5 3 4 -3 7 17 9 15 11 -11 -1 -10 14 -8 -9 -15 18 -7 -4 -19 27 28 -24 26 -6 -25 -5 29 -2
right_child=22 2 19 21 25 6 13 8 12 10 -12 -13 -14 16 -16 -17 -18 20 -20 -21 -22 -23 23 24 -26 -27 -28 -29 -30 -31
leaf_value=-0.0086532789378965091 -0.11375145441938908 -0.1048215196020844 0.15160642684845763 -0.10733861482303586 -0.10207335746324925 0.17337377431756157 -0.00081252796631688996 0.0953091887149837 -0.010608878501835627 0.050169815659475682 0.0047685536282726093 0.0016655396861116887 0.039526697374529005 0.10810129607638513 -0.10096850327053766 -0.13643011222219978 0.020676481192415705 0.14410602133794367 -0.0045221492908207707 0.039282190439166691 0.067704006865751218 0.08041180332316876 0.063507798747500122 -0.19336456198930679 0.0045694455809831367 0.2483302408226738 -0.11748395953253261 -0.16850140466404787 0.017044459570178014 -0.19739188702460642
leaf_weight=1652.5443229095636 5.7158538978445703 0.71820080439340772 6.1200226596556586 2.190478801625432 0.13077264870059924 3.125397356227043 427.33608368947171 18.976387944130696 1434.3213688259711 109.23232367244782 2219.6168526116526 4828.5846813039916 42.789794514246751 9.0732697513885778 14.224414597265421 1.7753232978284348 116.7069820050674 7.0956979449838391 20.915337147191167 4.6391109572723508 27.595819126989227 0.87156434543430794 3.2495106187416232 1.7594155343249425 4.3690934972837567 1.4013987355865536 1.9654664974659679 1.5130028704952563 0.16317012222134497 0.2524357097546498
leaf_count=766585 4823 807 37 247 1788 8 3691 442 12645 1240 24590 543349 6054 81 187 47 7999 34 264 24 702 3 37 12 25 6 39 61 26 17
internal_value=0.000246523 0.000342065 0.0539943 -0.0235302 0.11526 0.000255778 0.00790426 -0.000208772 -0.0079839 0.00111315 0.00689805 -0.00096553 -0.00915652 0.00283865 -0.00403895 0.0754837 0.0269829 0.0568369 0.0186051 0.103175 0.083331 -0.0917984 -0.0596294 -0.030395 -0.0680945 0.218423 -0.153326 -0.132326 -0.113714 -0.117289
internal_weight=10969 10951.5 17.5846 6.82542 2.25037 10933.9 626.073 10307.8 1497.86 8809.98 2328.85 6481.13 1477.11 567.341 441.56 20.7517 125.78 58.7323 24.0407 10.7591 34.6915 4.57505 17.4749 11.3435 8.09398 1.53217 3.72488 3.70348 6.13146 5.96829
internal_count=1375870 1370891 2973 2912 2601 1367918 12966 1354952 19188 1335764 25830 1309934 18699 11958 3878 489 8080 1008 272 61 736 311 4979 113 76 1794 51 308 4866 4840
is_linear=0
shrinkage=0.1


Tree=152
num_leaves=31
num_cat=0
split_feature=6 5 3 2 3 2 3 3 6 6 14 2 7 6 3 5 9 7 6 1 3 7 5 6 14 5 7 9 14 6
split_gain=5.72855 25.3139 17.6561 16.6351 26.4023 16.3463 43.0113 21.6735 26.1799 15.2127 15.1134 50.9843 13.9573 11.6591 25.4751 20.0758 17.4592 11.4381 10.566 10.1526 65.4023 24.5583 18.5652 28.0652 20.8446 21.3043 15.2578 14.1873 14.6955 16.6404
threshold=0.87138131260871898 2.5000000000000004 0.90501254796981823 0.22318007797002795 0.13899821788072589 0.82807883620262157 0.92907443642616283 0.90325224399566661 0.74388790130615245 0.86996778845787059 0.30646908283233648 0.58102023601531994 0.47727273404598242 0.69604039192199718 0.095811817795038237 7.5000000000000009 0.53863716125488292 0.18465909361839297 0.84698995947837841 1.0000000180025095e-35 0.93127068877220165 0.64583334326744091 1.5000000000000002 0.94804319739341747 0.48207315802574163 3.5000000000000004 0.240384615957737 0.96799793839454662 0.44551281630992895 0.96609193086624157
decision_type=2 2 2 2 2 2 2 2 2 2 2 2 2 2 2 2 2 2 2 2 2 2 2 2 2 2 2 2 2 2
left_child=1 2 3 4 -1 13 7 8 -7 18 11 -5 -12 -3 16 -16 -15 -9 -8 21 -21 22 23 26 -24 -26 -2 28 29 -23
right_child=19 5 -4 10 -6 6 9 17 -10 -11 12 -13 -14 14 15 -17 -18 -19 -20 20 -22 27 24 -25 25 -27 -28 -29 -30 -31
leaf_value=0.087443378386612189 0.0051035415928077201 0.00128883755275657 -0.11811908511162353 -0.10208225424759508 -0.20896882079181492 0.10612684911916248 0.0023073173643227214 -0.41510894857302638 0.011919563231118514 0.053203869165038914 0.10965454313195354 2.4528149188868027 -0.079111411222598196 -0.049611368534979577 -0.0089327093009284354 -0.03817024770233661 0.025375791594388325 0.077806838626587022 -0.020601185141059308 -0.087312121926839181 -0.0046323161042326122 -0.0077234913948571321 0.0024364546812539055 -0.0012023620120999812 -0.016592649849204773 -0.066798199005766543 0.058517478738140984 0.090630911450909291 0.014250941709769314 0.21548135351769707
leaf_weight=7.6579034346993335 89.744527041419985 2110.4498727837445 5.1296239188782229 0.23334829554050784 4.9458331125097175 33.423514623517917 1468.948750976831 0.4728439271748347 251.18953399082 53.744241479892935 48.851079400593619 0.11740506929345429 4.2584695054474642 35.327471613092939 892.89160787722153 318.66775005114005 256.3859509353174 107.26712413964742 233.31269336986361 101.50705946549419 1664.9453618418695 5.8303602598616617 549.26343591601528 1472.5899671166944 617.5077959373225 97.923903742451898 132.34047280174156 29.613812380004674 328.17793567768149 7.8198818806558847
leaf_count=81 11904 429210 159 57 158 2987 107905 14 16988 2424 3122 4 90 6311 215539 81527 4104 4830 19445 57976 159518 69 68567 110972 51489 8572 7151 938 4365 34
internal_value=-0.000806056 0.00133394 0.0605981 0.0744749 -0.0288718 0.000601703 0.00750957 0.0374434 0.0229828 0.000821304 0.0988397 0.7531 0.0945188 -0.00350503 -0.0102351 -0.0166228 0.0162946 0.0756436 -0.000832532 -0.00325506 -0.00938341 -4.96475e-06 -0.00304704 0.00379522 -0.0122156 -0.0234645 0.0369329 0.024232 0.0184796 0.120145
internal_weight=10930.5 5833.28 71.1937 66.064 12.6037 5762.08 2148.36 392.353 284.613 1756.01 53.4603 0.350753 53.1095 3613.72 1503.27 1211.56 291.713 107.74 1702.26 5097.26 1766.45 3330.81 2959.37 1694.67 1264.7 715.432 222.085 371.442 341.828 13.6502
internal_count=1376510 894955 3671 3512 239 891284 154593 24819 19975 129774 3273 61 3212 736691 307481 297066 10415 4844 127350 481555 217494 264061 258655 130027 128628 60061 19055 5406 4468 103
is_linear=0
shrinkage=0.1


Tree=153
num_leaves=31
num_cat=0
split_feature=12 3 10 3 14 2 9 3 8 5 10 2 2 10 5 10 6 3 10 4 9 12 10 9 5 14 10 5 6 10
split_gain=5.03418 12.5467 13.6075 24.8729 37.873 24.3915 18.2483 18.08 11.3262 11.2802 39.7965 30.0152 22.564 12.5666 10.8073 9.93293 12.9635 16.6867 9.40808 9.36551 13.1711 8.68532 77.6121 15.1612 26.1507 13.208 34.0917 23.4279 8.68448 8.56623
threshold=1.0000000180025095e-35 0.93813776969909679 0.8445824682712556 0.50900974869728099 0.77176257967948925 0.24525599926710132 0.68706974387168895 0.51158317923545849 1.0000000180025095e-35 7.5000000000000009 0.56675580143928539 0.80982521176338207 0.52223318815231334 0.72690168023109447 11.500000000000002 0.90029239654541027 0.6789083480834962 0.47478812932968145 0.80276900529861461 0.13446328043937686 0.4638232290744782 -1.0000000180025095e-35 0.45788761973381048 0.95009577274322521 5.5000000000000009 0.77176257967948925 0.98425099253654491 6.5000000000000009 0.23861283808946612 0.65012314915657055
decision_type=2 2 2 2 2 2 2 2 2 2 2 2 2 2 2 2 2 2 2 2 2 2 2 2 2 2 2 2 2 2
left_child=8 2 3 5 7 -2 -6 -5 21 12 11 -11 -3 -12 -10 16 17 -4 -7 20 -17 23 -23 -1 -25 26 -24 -27 -21 -14
right_child=1 9 15 4 6 18 -8 -9 14 10 13 -13 29 -15 -16 19 -18 -19 -20 28 -22 22 25 24 -26 27 -28 -29 -30 -31
leaf_value=0.0020258218677844963 0.0080413956149357497 -0.77060158731659367 0.048907654824030894 0.80132279365592574 -0.29125840520546714 -0.098396423672704791 -0.01668386401437235 0.062525500584836816 0.028658255193730942 0.84870293755268433 -0.17260995829547449 0.10723832250149437 -0.012896488587348981 -0.0032899620018437821 0.17753650745793714 -0.14341421348501335 -0.031444511270844827 -0.036508683722283677 -0.0061966499622595327 0.047672975666968591 0.015487390510058955 -0.12981253058232928 -0.014902377039398311 0.0042928622201870974 -0.12687607658138705 -0.0052065899700330098 0.046292049749002785 0.017614428892689486 -0.0056618369929234977 0.052538608030657075
leaf_weight=4281.5604334437467 363.65177373649016 0.3417855174047294 53.809033686178736 0.33188563771682211 2.5264316848479202 32.44959195886355 57.71919672369404 171.38836995687871 21.951523845898922 0.9314684031050996 4.5965192131698123 1.3191455501946618 23.507963802002962 94.501761289779097 6.2682200791314235 5.285323405172675 233.60550798103213 39.778969628328923 16.795626169303432 31.370401602238417 399.54036847571842 49.375492630435474 1388.46088619491 38.801530024269596 24.987163389567286 1575.9905600612547 97.426453121006489 629.53888985383492 1139.1827556393109 134.31276984553551
leaf_count=217140 31613 28 849 296 56 52854 753 15320 392 18 30 95 314 1245 36 30 2319 427 1099 98 2063 784939 215462 432 210 11259 559 5745 15507 15690
internal_value=-0.000252529 0.00339784 0.00126395 0.0138177 0.04002 -0.000902725 -0.0281983 0.0639534 -0.00151528 0.0243448 -0.00170016 0.414111 0.0410341 -0.0111436 0.0617274 -0.00299106 -0.0188458 0.012602 -0.0669507 0.000301833 0.0134128 -0.00173599 -0.00526825 0.00130484 -0.0470883 -0.00360237 -0.01089 0.00130736 -0.00423248 0.0427918
internal_weight=10921.3 2806.95 2547.44 644.863 231.966 412.897 60.2456 171.72 8114.36 259.511 101.349 2.25061 158.163 99.0983 28.2197 1902.57 327.194 93.588 49.2452 1575.38 404.826 8086.14 3740.79 4345.35 63.7887 3691.42 1485.89 2205.53 1170.55 157.821
internal_count=1376878 140704 123284 101991 16425 85566 809 15616 1236174 17420 1388 113 16032 1275 428 21293 3595 1276 53953 17698 2093 1235746 1017964 217782 642 233025 216021 17004 15605 16004
is_linear=0
shrinkage=0.1


Tree=154
num_leaves=31
num_cat=0
split_feature=14 4 11 11 6 5 11 6 10 9 2 4 6 3 10 5 9 9 11 10 14 2 1 10 11 5 5 11 10 10
split_gain=5.07037 9.69067 10.4798 10.3979 10.188 15.1649 10.7879 16.0499 8.89974 44.6611 8.00828 22.1615 8.52131 6.03862 4.23695 4.11456 4.03381 3.98469 14.1729 26.6047 21.2495 14.6244 15.8673 14.1454 12.7664 25.8917 14.3874 11.7241 17.6729 19.7242
threshold=0.29251739382743841 0.095811817795038237 0.43874999880790716 0.4220647811889649 0.85857143998146068 4.5000000000000009 0.39696970582008367 0.92232277989387523 0.71591943502426159 0.48017466068267828 0.1085995100438595 0.10762548446655275 0.96225070953369152 0.12290209904313089 0.8445824682712556 18.500000000000004 0.51521766185760509 0.88991525769233715 0.62828946113586437 0.95013812184333812 0.58040854334831249 0.92907443642616283 1.0000000180025095e-35 0.88944444060325634 0.68585526943206798 10.500000000000002 7.5000000000000009 0.61721614003181469 0.95780044794082653 0.97473672032356273
decision_type=2 2 2 2 2 2 2 2 2 2 2 2 2 2 2 2 2 2 2 2 2 2 2 2 2 2 2 2 2 2
left_child=1 4 3 10 13 6 7 -6 9 -7 11 -3 -12 15 -15 16 -1 27 20 24 -19 23 -23 -22 26 -26 -20 -2 -29 -30
right_child=17 2 -4 -5 5 8 -8 -9 -10 -11 12 -13 -14 14 -16 -17 -18 18 19 -21 21 22 -24 -25 25 -27 -28 28 29 -31
leaf_value=-0.10314628433705575 -0.0015174679274026334 0.054684636299264733 -0.10786180728240186 0.27125222002577842 -0.079536285884157176 0.089145784986023352 0.094437490793307433 0.019072487278826173 0.060991602136446547 1.2287219420534932 -0.026267383446553251 0.41908075484316232 0.086994902662557494 -0.10182738900039473 0.32519702893639757 0.11966259481314703 0.07653683325330439 -0.065433315835745007 -0.068567114346177974 -0.0020038287020017419 0.091808491338992923 0.036878621676540511 -0.13358293603507371 0.021668577346892287 -0.0018890821115311492 -0.099995012608290385 -0.0062401236730859344 0.018823133245148574 -0.041384032798284544 0.0065887376715052202
leaf_weight=17.504255153447325 7145.4852233651909 47.959848389584913 4.5887494683265677 2.0234467983245841 24.310145987732795 1.4860213723524385 10.756846636533735 51.416679776209691 2.2722311695106328 0.44746449343801931 24.658983652651337 1.729157889293673 9.0916472419602297 0.36359642858897945 0.64370936155319214 0.98175407473009002 1.3454326135533836 29.378116773645161 126.95268184301676 1696.4394116871117 33.012464434432331 10.205183503683656 11.745798228424974 222.85570650885347 202.69834543723846 31.017586373724043 52.29198080470087 727.06285785825457 119.03570810670499 306.09386029586312
leaf_count=9386 1296006 4102 21 3 1871 265 35 2490 16 28 10526 121 1144 751 2 1765 103 256 1873 24916 348 196 547 2366 2243 611 1185 7136 916 5426
internal_value=-0.000753171 0.0149594 0.03936 0.0472647 -0.00474241 0.00974561 0.000727939 -0.0125833 0.195179 0.352877 0.0418329 0.0673655 0.00424288 -0.0677937 0.171059 -0.0799258 -0.0903211 -0.00104879 -0.00462228 -0.00754479 0.0154454 0.023998 -0.054334 0.0307181 -0.030307 -0.0149092 -0.0503841 -8.05636e-06 0.00935277 -0.00684357
internal_weight=10915.9 201.58 90.0518 85.4631 111.528 90.6894 86.4837 75.7268 4.20572 1.93349 83.4396 49.689 33.7506 20.8387 1.00731 19.8314 18.8497 10714.3 2416.6 2109.4 307.197 277.819 21.951 255.868 412.961 233.716 179.245 8297.68 1152.19 425.13
internal_count=1376654 32629 15917 15896 16712 4705 4396 4361 309 293 15893 4223 11670 12007 753 11254 9489 1344025 34541 30828 3713 3457 743 2714 5912 2854 3058 1309484 13478 6342
is_linear=0
shrinkage=0.1


Tree=155
num_leaves=31
num_cat=0
split_feature=5 6 6 5 7 14 4 5 14 14 14 9 14 9 10 14 14 9 10 11 14 7 5 10 14 7 11 10 11 11
split_gain=4.92409 9.99209 5.39031 16.2963 19.5605 11.2923 8.44863 12.3418 14.1252 9.2082 15.6815 8.23111 7.92715 7.16068 5.45329 5.10394 4.97434 6.50115 4.74561 10.238 4.5841 13.4904 18.7276 11.9272 5.84468 15.3095 4.1143 3.921 3.86551 7.31508
threshold=26.500000000000004 0.23861283808946612 0.31957446038722997 18.500000000000004 0.73214286565780651 0.48207315802574163 0.20942982286214831 14.500000000000002 0.54821890592575084 0.67667713761329662 0.69282424449920665 0.55744957923889171 0.61333781480789196 0.54583653807640087 0.82385262846946727 0.55609837174415599 0.35977533459663397 0.47801809012889868 0.90952175855636608 0.22401433438062671 0.46408674120903021 0.52777779102325451 13.500000000000002 0.77482193708419811 0.46719524264335638 0.36931818723678594 0.22401433438062671 0.49892704188823706 0.69397994875907909 0.73030304908752453
decision_type=2 2 2 2 2 2 2 2 2 2 2 2 2 2 2 2 2 2 2 2 2 2 2 2 2 2 2 2 2 2
left_child=2 18 5 20 11 16 7 -7 -9 12 -11 13 -8 -5 -6 -13 17 -1 19 -2 21 23 -23 -4 25 -22 -19 -26 -3 -30
right_child=1 28 3 4 14 6 9 8 -10 10 -12 15 -14 -15 -16 -17 -18 26 -20 -21 24 22 -24 -25 27 -27 -28 -29 29 -31
leaf_value=-0.1253825640473902 0.094642721066322502 -0.1176993603386583 -0.0089971896979543151 -0.0036753234768430783 0.24040800580003543 -0.1203421605521024 0.041628319596823227 0.10169718703444884 -0.013673805580758414 -0.16468677161240183 0.036614164996211417 -0.10519577661773756 0.13015603720894103 0.20442603252319086 0.0431912633414063 -0.044940256396792291 -0.074653546754075484 0.26253062262405502 0.04026248419422207 -0.11907101246729689 -0.085083278427609349 0.017153599240708989 0.13952590600498188 0.0080157561104911221 -0.0038191853359497495 0.0048249773911065892 -0.10954882110448397 0.00089600270948921577 0.086769120551301662 -0.094368708987825747
leaf_weight=1.0859840336316353 3.4043947871000899 12.524473222270403 732.75143926912097 18.828531275077356 2.9723395408436764 7.4983576583472304 21.8653436806228 14.355418575908514 40.697347853307292 4.3217692138792918 37.010176812354985 16.683143731442442 18.821649142182281 1.8126895872040893 2.6539766378700733 89.325324357805357 16.534279077500116 1.418837014510842 17.624960037646815 6.5625878764294612 29.449445929998092 377.95396866047668 12.933892915025352 941.61432985168358 2519.0040065869398 53.067580208310119 0.37592203546955705 5880.9197189463139 3.3302762215025705 6.7447992395609617
leaf_count=644 1646 10207 316554 41154 38 98 3364 378 327 304 504 4078 3921 593 16 3524 3064 88 90 517 9792 3175 144 10182 765758 420 114 194866 45 66
internal_value=-5.53233e-05 -0.031305 8.93164e-05 -0.000186951 -0.0350686 0.018082 0.0276985 1.67783e-05 0.01641 0.0488098 0.0155656 -0.0431737 0.0825809 0.0145999 0.147379 -0.054423 -0.0535255 0.0677405 0.00907554 -0.0460734 0.000250491 0.00447545 0.0212027 0.000570393 -0.000778176 -0.0272623 0.184597 -0.000518007 -0.0806058 -0.0344943
internal_weight=10894.1 50.1915 10844 10680 132.276 163.985 144.57 62.5511 55.0528 82.0189 41.3319 126.65 40.687 20.6412 5.62632 106.008 19.415 2.88074 27.5919 9.96698 10547.7 2065.25 390.888 1674.37 8482.44 82.517 1.79476 8399.92 22.5995 10.0751
internal_count=1375671 12571 1363100 1350294 49403 12806 8896 803 705 8093 808 49349 7285 41747 54 7602 3910 846 2253 2163 1300891 330055 3319 326736 970836 10212 202 960624 10318 111
is_linear=0
shrinkage=0.1


Tree=156
num_leaves=31
num_cat=0
split_feature=6 5 1 1 7 4 5 6 6 3 4 7 2 2 5 2 3 2 7 7 2 10 5 6 14 4 6 10 2 4
split_gain=7.46167 11.1114 30.2206 26.6527 33.7947 40.1558 25.9561 21.0677 19.8305 19.6801 21.1093 24.5035 18.0612 16.7322 17.0223 14.2114 13.3335 19.3866 13.2511 10.8973 10.689 10.5937 10.447 31.6071 20.4555 38.8747 26.175 52.2235 21.5147 19.607
threshold=0.84045451879501354 4.5000000000000009 1.0000000180025095e-35 1.0000000180025095e-35 0.47727273404598242 0.91366460919380199 10.500000000000002 0.82650500535964977 0.77167919278144848 0.85432928800582897 0.92031747102737438 0.64583334326744091 0.90366768836975109 0.86706829071044933 5.5000000000000009 0.37347985804080969 0.84475743770599376 0.680425524711609 0.240384615957737 0.64583334326744091 0.680425524711609 0.98425099253654491 2.5000000000000004 0.8989795744419099 0.38492412865161901 0.87007671594619762 0.92052632570266735 0.74496281147003185 0.72065573930740368 0.0745370388031006
decision_type=2 2 2 2 2 2 2 2 2 2 2 2 2 2 2 2 2 2 2 2 2 2 2 2 2 2 2 2 2 2
left_child=1 2 12 7 15 6 -6 13 -7 20 -11 -12 16 19 -15 -5 18 -18 -1 -3 -4 22 23 -2 26 28 29 -28 -26 -24
right_child=21 3 9 4 5 8 -8 -9 -10 10 11 -13 -14 14 -16 -17 17 -19 -20 -21 -22 -23 24 -25 25 -27 27 -29 -30 -31
leaf_value=0.017326398771027131 0.048984820841786937 0.0026562171510469065 0.039162653687327319 0.39457687955189469 0.1209954760413859 0.0058543481753970342 -0.11196489676836972 -0.04642558933421486 0.049422461303679159 0.072566952810134241 -0.06720488603960699 0.003829923351041742 0.13637199171447131 0.055163602000276681 -0.050869292211628427 -0.1113004435705785 -0.17514173480351278 0.0098935063831787975 0.062831080710073914 -0.013184318549154115 -0.1855257184896916 0.012137249330284186 -0.12441329774760762 -0.0021802650640962182 -0.026614312012704151 -0.0032055179924576926 0.96406641866091025 0.10314161948211616 -0.078905635138907637 0.023329957867652684
leaf_weight=117.34381381042908 124.77422338055931 2209.2115870842558 2.8148907134525976 0.56874045942641061 53.585930568279764 552.27581974943394 5.2514377461670838 111.52042121555314 128.84351937466568 41.051792517129343 52.14927210496262 705.71264827892014 16.941444467805013 17.44157554150047 114.75465492802664 23.540076421818299 6.0769692631695298 82.97766851625056 140.75663930346514 540.54923174521036 8.5430197042903142 479.02433984255185 9.5011381305079379 3730.6266002178818 340.67532015382812 1018.4735840479132 0.84256346079550226 4.3026874661445618 102.31206309688969 164.54879167236459
leaf_count=26354 14276 534580 533 50 3222 48157 402 15669 8406 1543 32996 76498 207 505 1276 18234 429 5619 16568 6521 2988 13685 624 383867 81520 56992 219 22 9296 14659
internal_value=0.000250918 0.00312984 0.0116202 0.000476288 0.0171465 0.0209427 0.100203 -0.00377867 0.0140959 0.000866909 0.00272513 -0.00105806 0.035551 -0.00212841 -0.0368796 -0.0993665 0.0306308 -0.00273305 0.0421427 -0.000457723 -0.12984 -0.00212538 -0.00336848 -0.000524384 -0.0100519 -0.0139618 0.0218361 0.244123 -0.0386915 0.0152649
internal_weight=10907 4931.91 1174.37 3757.54 764.066 739.957 58.8374 2993.48 681.119 810.272 798.914 757.862 364.097 2881.96 132.196 24.1088 347.155 89.0546 258.1 2749.76 11.3579 5975.08 5496.06 3855.4 1640.66 1461.46 179.195 5.14525 442.987 174.05
internal_count=1375917 800757 163735 637022 78471 60187 3624 558551 56563 114558 111037 109494 49177 542882 1781 18284 48970 6048 42922 541101 3521 575160 561475 398143 163332 147808 15524 241 90816 15283
is_linear=0
shrinkage=0.1


Tree=157
num_leaves=31
num_cat=0
split_feature=10 3 2 6 7 2 11 2 5 6 10 4 2 3 6 2 3 6 5 11 9 7 6 12 12 4 10 12 7 10
split_gain=3.30193 14.7877 24.7966 13.9084 21.8137 13.9089 10.641 15.8838 28.5326 16.6876 13.8011 12.3045 9.49384 10.4278 16.7475 22.7202 12.5898 9.04824 8.94529 8.5183 42.5848 8.43942 8.22901 7.94824 7.91184 7.52455 7.24191 6.39462 5.63846 5.56894
threshold=0.75490951538085949 0.70064935088157665 0.25493229925632482 0.86425063014030468 0.31666667759418493 0.47856706380844122 0.36939570307731634 0.21132376790046695 11.500000000000002 0.89699381589889537 0.6858804225921632 0.10762548446655275 0.52419984340667736 0.75036585330963146 0.92052632570266735 0.61257407069206249 0.76604324579238903 0.94804319739341747 16.500000000000004 0.35857143998146063 0.6062217950820924 0.89444443583488475 0.28730159997940069 1.0000000180025095e-35 1.0000000180025095e-35 0.73375529050827037 0.71591943502426159 1.0000000180025095e-35 0.47727273404598242 0.88944444060325634
decision_type=2 2 2 2 2 2 2 2 2 2 2 2 2 2 2 2 2 2 2 2 2 2 2 2 2 2 2 2 2 2
left_child=1 2 6 4 26 -6 10 9 -9 -8 22 -12 27 14 15 -14 23 -16 -18 25 -21 29 -1 -15 -23 -5 -4 -3 -29 -2
right_child=21 12 3 19 5 -7 7 8 -10 -11 11 -13 13 16 17 -17 18 -19 -20 20 -22 24 -24 -25 -26 -27 -28 28 -30 -31
leaf_value=0.15148520868925316 0.0052993191301852708 -0.10154937156178744 -0.096525810571170184 -0.11518706576105212 0.30576066649883188 0.037909949182551403 -0.066140164402147955 -0.15229260938771963 0.48649384023132436 0.09275404765028962 -0.056339023840070869 0.015836988241038272 0.20790770994362362 -0.13287901420666623 -0.11829405137004279 0.030755366661668046 -0.00098469321320249063 0.022034649299879205 0.06530808546588808 0.74597937595897945 -0.10379967167882397 0.016264669540327806 0.0082384664239343389 0.039271050661459861 0.089976137768598363 0.15349684056390644 0.012142592176101993 -0.12781273111800623 0.11507723225617011 -0.0011624293183477741
leaf_weight=4.1867180431522675 1870.3759467290583 15.004632953555559 22.408193142062405 49.710801212984322 2.4277360403482922 9.6240255128030707 11.435239949874818 1.0701740680960932 2.0174154332198668 15.662805069237946 85.167485823756579 32.684557218235568 10.568965917920179 11.452621647203157 7.2573299427571127 22.98239819701945 3860.2256887158978 12.524515771451275 20.462458170224181 0.70775650889845465 3.535826039937092 66.852988598984666 95.178922398526197 3.5021128265498183 18.616469766770024 1.0646339716228101 8.4433969501988013 1.4163393837768286 2.9389205500774551 4648.6143916024012
leaf_count=3495 40207 148816 264547 168728 2140 13796 729 218 194 116 3640 2393 3280 7099 2320 17173 556165 6296 9941 124 865 3266 49521 97 8404 376 5158 3034 20 53328
internal_value=-0.000304612 -0.00245643 -0.0223044 -0.0648979 -0.0222195 0.0918664 -0.0054459 0.0501875 0.265087 0.0257015 -0.013177 -0.0363221 -0.000729251 -0.000386779 0.0435315 0.0865599 -0.000988041 -0.0294475 -0.000635138 -0.0981782 0.0379288 0.00110083 0.0142741 -0.0925648 0.0323201 -0.109553 -0.0667857 -0.0705858 0.0360889 0.000691523
internal_weight=10918.1 4313.66 345.326 97.9224 42.9034 12.0518 247.403 30.1856 3.08759 27.098 217.218 117.852 3968.34 3948.98 53.3332 33.5514 3895.64 19.7818 3880.69 55.019 4.24358 6604.46 99.3656 14.9547 85.4695 50.7754 30.8516 19.3599 4.35526 6518.99
internal_count=1375486 1270281 516040 455734 285641 15936 60306 1257 412 845 59049 6033 754241 602371 29069 20453 573302 8616 566106 170093 989 105205 53016 7196 11670 169104 269705 151870 3054 93535
is_linear=0
shrinkage=0.1


Tree=158
num_leaves=31
num_cat=0
split_feature=11 9 11 9 7 9 11 9 7 5 5 2 12 6 2 9 9 11 3 5 5 2 6 6 2 2 14 12 7 11
split_gain=5.71013 70.569 15.2618 11.5032 16.6968 12.2115 21.7572 73.9924 12.1896 32.7295 25.3518 19.9436 13.804 12.8123 10.9864 16.2072 62.0519 10.362 9.4156 30.5182 30.3168 11.5017 12.8183 9.31433 9.01051 13.9534 8.79515 8.32878 7.66884 7.2865
threshold=0.061553031206130988 1.0000000180025095e-35 0.032795699313282974 0.43645593523979193 0.73214286565780651 0.43359737098217016 0.084523811936378493 0.4349645227193833 0.73214286565780651 10.500000000000002 8.5000000000000018 0.84889996051788341 1.0000000180025095e-35 0.72821971774101268 0.97467949986457836 0.32793442904949194 0.31142632663249975 0.067816093564033522 0.90947505831718456 10.500000000000002 6.5000000000000009 0.90501254796981823 0.82807883620262157 0.76043477654457103 0.6569296419620515 0.83910790085792553 0.70453622937202465 1.0000000180025095e-35 0.86607143282890331 0.30151516199111944
decision_type=2 2 2 2 2 2 2 2 2 2 2 2 2 2 2 2 2 2 2 2 2 2 2 2 2 2 2 2 2 2
left_child=1 -1 14 4 17 24 7 -7 18 10 12 13 -10 -11 26 16 -16 27 21 20 -20 -5 -23 -13 -6 -26 -3 -2 -12 -19
right_child=3 2 -4 8 5 6 -8 -9 9 11 28 23 -14 -15 15 -17 -18 29 19 -21 -22 22 -24 -25 25 -27 -28 -29 -30 -31
leaf_value=-0.0010321785768308293 -0.010875094736264478 -0.10304640459006748 -0.15923577465906963 0.0016366165258624684 -0.13208206316278762 1.9960442387599415 0.099635882828437994 0.1023774219352605 -0.012174827790513704 0.043223485090439571 -0.06209793509344818 0.24902781746763736 0.025580359824477497 -0.1525159217832496 -0.10019125869974843 -0.04587960091094101 0.93120994774438126 -0.0048907923426996392 0.009788000562229263 -0.11450081446151601 0.07865785707003542 0.22819208870869742 -0.073147370014662996 0.060017167857168541 0.13576511295136484 0.031149797025531684 0.080376943897904618 0.24868648420968276 0.054868307842169686 0.046500464724381796
leaf_weight=3347.9159029993161 2.0328832480902284 36.707608838902217 26.569985863436003 5325.8669626755072 2.5057731881920366 0.2860825291591016 3.1289357644454867 0.74024112149754728 812.80910374710493 64.658786015728765 114.9166202027227 6.9061186376784445 109.93706400858355 3.5264048766694023 1.7734732737382164 8.1635156956822339 0.86919641853521223 163.44273621686642 637.78637905242977 18.186729466155157 71.0375690959645 1.4812988713381425 30.012576714556644 4.1884808719623834 17.91965317452923 44.187869258840649 2.8146182054858846 3.1546061193527066 5.8928676561918101 33.192174275165598
leaf_count=46460 6565 700661 92165 274081 220 83 301 75 24119 798 1209 50 12137 35 16997 69054 9275 84601 19139 133 606 3 718 31 743 9450 4719 1380 58 513
internal_value=0.000173948 -0.00320768 -0.0979223 0.00172273 0.0219645 0.0645195 0.230689 0.630227 0.00096276 -0.00861052 -0.0133163 0.0533319 -0.00767663 0.0331002 -0.065553 0.0237992 0.239045 0.00746442 0.00272945 0.0134082 0.0166901 0.00128031 -0.058974 0.177672 0.0538332 0.0613341 -0.0899837 0.146969 -0.0563925 0.0037841
internal_weight=10902.6 3424.81 76.8984 7477.8 270.591 68.7686 4.15526 1.02632 7207.21 1122.84 1043.56 79.2798 922.746 68.1852 50.3284 10.8062 2.64267 201.822 6084.37 727.011 708.824 5357.36 31.4939 11.0946 64.6133 62.1075 39.5222 5.18749 120.809 196.635
internal_count=1376379 939331 892871 437048 103931 10872 459 158 333117 38437 37523 914 36256 833 800706 95326 26272 93059 294680 19878 19745 274802 721 81 10413 10193 705380 7945 1267 85114
is_linear=0
shrinkage=0.1


Tree=159
num_leaves=31
num_cat=0
split_feature=14 14 10 10 14 10 6 6 14 3 10 5 9 9 10 12 10 6 10 10 12 6 4 14 7 14 9 10 4 3
split_gain=4.44315 15.0022 22.7216 13.5771 15.4955 36.7777 16.5767 18.9542 15.4729 12.9406 11.8597 8.95784 8.47727 8.37097 10.9594 9.61453 8.19779 7.83904 28.2237 66.4073 19.8343 7.72259 7.28337 6.94614 15.0369 6.61437 169.29 100.623 6.37981 6.02685
threshold=0.66861391067504894 0.56572100520133983 0.45954339206218725 0.49892704188823706 0.68395668268203746 0.85766234993934642 0.73746865987777721 0.76253134012222301 0.68655282258987438 0.33790296316146856 0.71591943502426159 29.500000000000004 0.36333633959293371 0.46580845117568975 0.58547571301460277 -1.0000000180025095e-35 0.76490327715873729 0.7228132188320161 0.40085470676422125 0.39747571945190435 1.0000000180025095e-35 0.57259953022003185 0.13446328043937686 0.55084601044654857 0.34523810446262365 0.65828368067741405 0.3256866335868836 0.40633355081081396 0.083920188248157515 0.12290209904313089
decision_type=2 2 2 2 2 2 2 2 2 2 2 2 2 2 2 2 2 2 2 2 2 2 2 2 2 2 2 2 2 2
left_child=1 23 25 17 5 6 16 -8 11 -7 -4 -6 -12 15 -15 -10 -5 18 19 -2 -21 -14 -11 -1 28 -3 27 -27 -25 -30
right_child=3 2 10 4 8 9 7 -9 13 22 12 -13 21 14 -16 -17 -18 -19 -20 20 -22 -23 -24 24 -26 26 -28 -29 29 -31
leaf_value=-0.0011409343464133109 -0.10019525687567998 -0.078264233140254602 0.022509654482208069 -0.14482262895342682 -0.087245312175844802 0.13401084421362305 0.35171877482058067 0.094941970583190261 0.11856943574205064 -0.30930668610757101 -0.17423164569856983 0.27155613877749279 -0.0023915581774464475 -0.051227176626967665 0.0013609048284684308 0.019333364639010565 0.040070498504318819 -0.0868071093023704 -0.0096074826622661799 -0.10002559220099139 3.9853378274849187 -0.026739276373954193 -0.016287740278115245 -0.16140550666004128 -0.21275974871190861 -0.1002160957013371 -0.11267026292035046 -7.0169411457435302 0.072666274620617061 0.018439028976577607
leaf_weight=5257.5792802323676 0.16040312114937494 33.610643087020492 85.600064453782011 3.8602921314513861 24.522314083779296 5.8930252045392981 3.0311816238026941 55.687606064973806 11.515048431654575 0.85699152946472068 3.4316361516830503 0.71613669366479271 223.92782240243105 39.979714175028676 4517.9894881621267 64.171198951149563 6.3307023805682547 24.436007870213359 2.4989329329981302 0.014180052297376733 0.073387112416639866 311.46831018932789 83.486121006892063 1.6843449564183561 2.585406590903303 0.033163840763190428 3.6714501574732412 0.057499183979295904 29.427071377635002 67.525441445799757
leaf_count=574944 3455 415229 45041 3563 1439 16 197 2393 297 4 35 12 5582 18730 61216 2680 172 133269 11850 370 2 17092 1728 15 7306 5070 38833 352 179 25640
internal_value=-0.000581557 -0.00239561 -0.0166002 0.00167256 0.00207017 0.0327541 0.0877645 0.108197 0.00102202 -0.0092551 -0.0120671 -0.0770644 -0.0175601 0.00144734 0.000899634 0.0344313 -0.029966 -0.0688022 0.0913662 1.10893 3.32378 -0.0165559 -0.019265 -0.00064138 0.025306 -0.0923391 -0.218084 -4.48686 0.031546 0.0348981
internal_weight=10865.8 6020.6 661.801 4845.22 4818.04 159.146 68.9098 58.7188 4658.89 90.2361 624.428 25.2385 538.828 4633.66 4557.97 75.6862 10.191 27.1829 2.7469 0.24797 0.0875672 535.396 84.3431 5358.8 101.222 37.3728 3.76211 0.090663 98.6369 96.9525
internal_count=1376711 1135318 527234 241393 92447 8073 6325 2590 84374 1748 67750 1451 22709 82923 79946 2977 3735 148946 15677 3827 372 22674 1732 608084 33140 459484 44255 5422 25834 25819
is_linear=0
shrinkage=0.1


Tree=160
num_leaves=31
num_cat=0
split_feature=2 5 2 11 6 10 1 3 1 6 11 4 7 14 10 7 7 2 7 2 4 6 7 7 11 4 6 14 4 2
split_gain=6.52603 11.4008 10.8909 10.8006 18.4195 10.1465 9.32677 8.30169 30.9589 24.7417 20.2028 27.4661 13.3148 12.0111 8.92808 7.08091 6.51033 6.46866 5.73088 5.1604 19.6439 20.1292 9.76394 9.73508 12.6904 13.161 9.05965 8.65918 5.90429 5.95882
threshold=0.92805382609367382 3.5000000000000004 0.94665718078613292 0.71825397014617931 0.90661337971687328 0.90952175855636608 1.0000000180025095e-35 0.95861870050430309 1.0000000180025095e-35 0.90990260243415844 0.16441441327333453 0.95861870050430309 0.58571431040763866 0.4932060986757279 0.85766234993934642 0.38750000298023229 0.47727273404598242 0.9529346525669099 0.240384615957737 0.91715687513351452 0.92637759447097789 0.8989795744419099 0.86607143282890331 0.5634920895099641 0.86811593174934398 0.92031747102737438 0.8532998561859132 0.45941238105297094 0.93813776969909679 0.92031747102737438
decision_type=2 2 2 2 2 2 2 2 2 2 2 2 2 2 2 2 2 2 2 2 2 2 2 2 2 2 2 2 2 2
left_child=19 7 3 4 6 17 -3 8 10 14 11 -2 -12 -9 -10 18 -17 -4 -15 -1 23 22 27 24 26 -26 -21 -22 29 -23
right_child=1 2 5 -5 -6 -7 -8 13 9 -11 12 -13 -14 15 -16 16 -18 -19 -20 20 21 28 -24 -25 25 -27 -28 -29 -30 -31
leaf_value=-0.0001328406920616771 -0.0026808558969738522 0.071104550568428973 0.14715149785885423 0.095600844667675752 -0.70264748982729119 0.0034555909476215807 0.0076614077569965343 0.039659328012561001 0.014827897673382299 -0.12095861473848804 0.0030367306336867208 -0.14184556754697031 0.070518376920529355 0.016532258923216671 -0.059776162158001779 0.17905237286860798 0.0036180045814469398 -0.052072995565200869 -0.21151181974763072 0.19550373512752192 0.35988766788476634 -0.31648344902787173 -0.23677469662064277 0.043733790097896789 0.10043897765452324 -0.98125807865471915 -0.031702050815000334 -0.02000307523625431 -0.19817002022259089 -0.059191276297602596
leaf_weight=8454.5983261272158 144.11100711116597 25.486283776651817 16.25959332226558 16.564369726984296 0.35968477372079988 10.467288624611681 255.1743854248225 98.581800319256899 34.727951264049807 38.457903928845724 55.976959848369006 15.7300360284662 61.213460856874008 1.8344528435861764 29.810925506986678 2.1187394964217665 1305.993066757027 1.8113400672500564 2.7600253753316792 1.8783615527567636 0.601967453956603 0.99212529802025784 2.0774523783929899 69.300350096141813 0.18922499660402436 0.2773368819616735 26.718073748760048 184.62503828451872 7.6330149556104052 9.7079965463775562
leaf_count=1178442 7449 222 202 575 3 145 16203 245 3962 8384 1345 206 1189 1028 198 49 132520 20 44 36 1 223 74 4798 20 30 2463 15710 148 856
internal_value=0.000611305 0.00559327 0.0227905 0.0171313 0.012506 0.0818016 0.0134226 0.00246239 -0.0106565 -0.0574664 0.00674683 -0.0163761 0.0382852 0.00599501 -0.0196322 0.00346689 0.00390215 0.127182 -0.12046 -0.000593113 -0.0133938 -0.0309747 -0.0211864 0.0233608 -0.0252185 -0.542551 -0.016778 -0.0187685 -0.130979 -0.0830476
internal_weight=10876 2117.44 326.123 297.585 281.02 28.5382 280.661 1791.32 380.028 102.997 277.031 159.841 117.19 1411.29 64.5389 1312.71 1308.11 18.0709 4.59448 8758.6 304.001 205.638 187.304 98.3633 29.063 0.466562 28.5964 185.227 18.3331 10.7001
internal_count=1376790 173989 17370 17003 16428 367 16425 156619 22733 12544 10189 7655 2534 133886 4160 133641 132569 222 1072 1202801 24359 17012 15785 7347 2549 50 2499 15711 1227 1079
is_linear=0
shrinkage=0.1


Tree=161
num_leaves=31
num_cat=0
split_feature=6 1 5 14 2 14 4 11 14 11 4 14 7 4 6 6 6 14 14 14 6 14 14 4 3 10 2 6 5 2
split_gain=3.63518 8.24618 10.9587 6.20684 9.34693 8.07563 7.50061 7.4272 4.98757 4.67931 9.76119 7.26523 5.69975 10.6612 7.66306 4.67946 15.6626 14.1714 10.1897 9.03002 8.89848 6.875 11.7794 9.98818 3.25907 3.1828 2.87253 2.9347 6.98511 3.56188
threshold=0.44151847064495092 1.0000000180025095e-35 8.5000000000000018 0.91603749990463268 0.54923510551452648 0.74168366193771373 0.270728349685669 0.25403225421905523 0.89720961451530468 0.97727271914482128 0.99484536051750194 0.4838248491287232 0.31666667759418493 0.73746865987777721 0.95040982961654674 0.99137932062149059 0.97646731138229381 0.97520494461059581 0.95401158928871166 0.89720961451530468 0.95505049824714672 0.42463749647140508 0.4210528433322907 0.95861870050430309 0.35972973704338079 0.94349297881126415 0.52689418196678173 0.40778534114360815 5.5000000000000009 0.57002803683280956
decision_type=2 2 2 2 2 2 2 2 2 2 2 2 2 2 2 2 2 2 2 2 2 2 2 2 2 2 2 2 2 2
left_child=1 2 8 5 -5 6 -4 -7 24 15 11 -11 13 -13 -14 16 17 20 21 -18 -2 22 -17 -23 -1 -26 -3 28 -28 -30
right_child=9 26 3 4 -6 7 -8 -9 -10 10 -12 12 14 -15 -16 18 19 -19 -20 -21 -22 23 -24 -25 25 -27 27 -29 29 -31
leaf_value=-0.041341223078350836 -0.0011287535575456925 -0.083667862028177775 0.0024167957826066958 -0.012033055003081224 0.14844600307604008 0.11918347292186211 0.034411709690684203 -0.038029493262600127 0.0085561439730554075 0.08904687594099206 0.10070490230654505 0.0011252549041536298 0.048906321750226162 -0.11752306177834387 -0.021439309847803453 0.020401679821699884 -0.098996785818318139 -0.31926369538119986 0.075355865830042529 -0.39693302301276584 -0.013088866867922122 -0.010075130728502905 0.24487557155812381 0.0050843082447421398 -0.14120766341823035 -0.32261579701654181 0.4167100695330912 0.030845502220108102 0.017588563395525617 0.13107557126524758
leaf_weight=1.9419607710577205 7053.4813898465445 1.191177918009205 292.86317433617313 6.9629493090324086 7.5808212426491082 3.178156097941609 97.719929528634566 55.163155954509421 2.8509381357580423 10.584264831617473 11.653190950833958 230.9979106571991 53.97987241204828 7.829952110303565 21.715190650138538 127.07483273706214 6.0259293634971973 1.4097856683656562 19.175341018126346 1.223899441771209 682.24933267026609 605.814365613272 2.3815189402693013 1538.1400617271615 3.2103264259194475 1.3841451946645973 0.68738290159671933 8.565615905687423 4.4071724496916431 7.4247821294607093
leaf_count=40 1006975 1102 16887 47 47 186 48725 657 16 70 4906 2638 1409 226 1412 9411 248 33 2893 13 53211 81558 552 138654 555 9 13 1383 1205 857
internal_value=-0.00041563 0.00795539 0.00515433 0.00732092 0.0716153 0.00523798 0.0104216 -0.0294653 -0.101813 -0.000815173 0.0107797 0.00755636 0.00481405 -0.00276462 0.0287258 -0.0012042 -0.00237901 -0.00224135 0.00276431 -0.149294 -0.00218357 0.00215202 0.0245312 0.000800726 -0.149952 -0.195859 0.0674134 0.0759486 0.106808 0.0888039
internal_weight=10868.9 495.132 472.856 463.468 14.5438 448.924 390.583 58.3413 9.38737 10373.7 336.76 325.107 314.523 238.828 75.6951 10037 7744.39 7737.14 2292.59 7.24983 7735.73 2273.41 129.456 2143.95 6.53643 4.59447 22.2761 21.085 12.5193 11.832
internal_count=1375938 71729 67169 66549 94 66455 65612 843 620 1304209 10661 5755 5685 2864 2821 1293548 1060480 1060219 233068 261 1060186 230175 9963 220212 604 564 4560 3458 2075 2062
is_linear=0
shrinkage=0.1


Tree=162
num_leaves=31
num_cat=0
split_feature=14 11 9 6 11 6 11 4 10 10 10 14 6 6 5 7 6 14 11 6 6 14 4 6 9 2 11 9 7 10
split_gain=5.97846 7.76423 13.8809 11.3334 8.60648 27.8249 16.6103 15.6477 14.7765 10.3498 8.99757 8.57917 6.34011 5.72757 5.3403 22.7355 21.5629 11.7928 22.2788 10.8866 9.32968 12.7885 42.6617 45.3261 20.5654 18.8322 12.3954 11.2678 8.71439 10.4868
threshold=0.46408674120903021 0.74456521868705761 0.82780584692955028 0.76533168554306041 0.61324787139892589 0.81725418567657482 0.60434782505035411 0.13446328043937686 0.95780044794082653 0.8445824682712556 0.98425099253654491 0.45789712667465216 0.80810147523880016 0.66954022645950328 9.5000000000000018 0.84523808956146251 0.67799538373947155 0.46719524264335638 0.58957219123840343 0.77871939539909374 0.58995378017425548 0.53183698654174816 0.31662489473819738 0.57719391584396373 0.76427942514419567 0.24525599926710132 0.57518798112869274 0.7161327898502351 0.76388889551162731 0.65724277496337902
decision_type=2 2 2 2 2 2 2 2 2 2 2 2 2 2 2 2 2 2 2 2 2 2 2 2 2 2 2 2 2 2
left_child=1 4 3 13 6 7 -1 11 9 -7 -10 -6 -5 -3 20 16 28 18 -18 -19 21 22 26 -24 27 -26 -2 -23 29 -16
right_child=14 2 -4 12 5 8 -8 -9 10 -11 -12 -13 -14 -15 15 -17 17 19 -20 -21 -22 24 23 -25 25 -27 -28 -29 -30 -31
leaf_value=0.0049442375734183343 -0.037735924799434634 -0.020908980481632606 -0.18749680600110544 0.14328310258285759 0.09157315033127876 0.13889141860034582 -0.24584929698183089 -0.11964232500312838 -0.14628260753872221 0.0073532927204161122 -0.012062657008449128 0.23382249240366315 0.00064835075319691262 -0.14997822122507862 -0.077788779774815284 0.13203395315316235 0.59000925536850002 -0.034355952062533252 -0.14909359264231736 -0.15696969806314909 -2.5434693909644013e-05 -0.035387224953620296 0.29376106342034602 1.6997832053688051 -0.038594506294058056 0.05720314855729474 0.1945740532522563 -0.22263523524905363 0.07250999530861954 -0.0016825950933666075
leaf_weight=1903.5153000749015 5.2846635562160582 6.2415221882984024 5.1860364885069421 3.4538332875818005 41.041292843641713 6.5447742715477935 2.6445279030594966 3.2861800850369027 9.8109966218471545 69.530793127603829 10.173545081168411 4.7282510292716315 31.893036070279777 7.6548202913254499 18.427576200157546 11.744904217565816 0.83988420105367712 205.98934208180788 0.79280160833150148 7.5050831188971179 7350.0221373898685 23.87138030365691 0.74051608961292348 0.33210577135560015 26.5643771426694 90.194953152909875 4.0624046176671982 3.7136368282663161 15.502821315273648 1034.7747858241728
leaf_count=346809 349 52 30 9 238 16 23 78 54 297 94 27 229 41 211229 128 479 17440 6 338 746127 23076 333 44 179 702 17 87 402 28030
internal_value=0.00060795 0.00539439 -0.0318831 -0.0154947 0.00638352 0.0298595 0.0045963 0.0911348 -0.00143249 0.0186695 -0.0779552 0.106268 0.0145856 -0.092007 -0.000537323 -0.00646617 -0.00773321 -0.0366188 0.231115 -0.0386663 0.000486194 0.0247844 0.131775 0.729094 0.0170611 0.0354078 0.0632302 -0.0605955 -0.00191864 -0.0030142
internal_weight=10906.1 2105.7 54.4292 49.2432 2051.28 145.116 1906.16 49.0557 96.0601 76.0756 19.9845 45.7695 35.3469 13.8963 8800.36 1295.58 1283.83 215.127 1.63269 213.494 7504.79 154.764 10.4197 1.07262 144.344 116.759 9.34707 27.585 1068.71 1053.2
internal_count=1376963 347997 361 331 347636 804 346832 343 461 313 148 265 238 93 1028966 258052 257924 18263 485 17778 770914 24787 743 377 24044 881 366 23163 239661 239259
is_linear=0
shrinkage=0.1


Tree=163
num_leaves=31
num_cat=0
split_feature=14 7 7 14 9 7 6 2 2 4 7 14 2 7 10 2 6 10 6 2 2 10 6 4 10 2 7 6 14 4
split_gain=5.05883 16.4005 18.5099 23.5885 29.8492 14.7306 14.8877 35.3879 33.5257 14.5588 29.5073 24.0426 17.4004 16.5626 14.4725 14.0449 38.2975 27.622 13.267 12.7934 14.8871 12.0276 12.0588 11.9949 11.8011 11.0017 9.935 9.5343 8.59336 9.23214
threshold=0.69282424449920665 0.048809524625539787 0.15587044507265094 0.70285260677337658 0.91572606563568126 0.73214286565780651 0.87138131260871898 0.89022758603096019 0.89498746395111095 0.97700846195220958 0.64583334326744091 0.65331989526748668 0.89386734366416942 0.68333333730697643 0.38696402311325079 0.89022758603096019 0.8989795744419099 0.93156540393829357 0.680425524711609 0.77003204822540294 0.80206185579299938 1.0000000180025095e-35 0.87627550959587108 0.68614074587821972 0.78404545783996593 0.79431909322738659 0.81666666269302379 0.84924244880676281 0.42463749647140508 0.95861870050430309
decision_type=2 2 2 2 2 2 2 2 2 2 2 2 2 2 2 2 2 2 2 2 2 2 2 2 2 2 2 2 2 2
left_child=5 15 3 4 23 9 7 18 26 10 28 13 -11 -12 21 -2 17 -17 25 24 -21 22 -8 -3 -16 -7 -9 -10 -1 -30
right_child=1 2 -4 -5 -6 6 14 8 27 12 11 -13 -14 -15 19 16 -18 -19 -20 20 -22 -23 -24 -25 -26 -27 -28 -29 29 -31
leaf_value=0.0028899032106436922 0.030382968278939354 -0.11084144807868629 0.0015566100897120749 -0.10268505877689314 0.77514117460375731 0.0082785934542453903 -0.084444335076385074 0.19952753075810642 0.055879312450574814 -0.0099174164787482338 0.089392173362046745 -0.078515150634491257 -0.048118835036272137 -0.0088886997906518269 -0.0036584027802927552 -2.390586691218846 -0.068741519391637737 -0.44751380559347748 -0.015522120873501502 0.22846580173840048 0.054567770074876842 -0.08992142406679289 0.00019232681936194596 0.43037444173920758 -0.36592790702823796 0.099042300265716948 -0.13609810397857927 0.015890091137978724 -0.0085646313939543219 0.028674483024436283
leaf_weight=1173.6959598702738 249.68341955864241 1.7027477819617081 4290.1628088801035 28.751974465628393 0.6812925052945501 42.957360027645478 17.064943745730488 16.270633590119818 124.94548119955107 534.9089340152525 72.846736237418966 13.04130301650302 153.43528054037847 22.425875890515954 6.9036962319571762 0.12220679167739845 4.525090656955058 0.1822916422970593 229.70947147951583 6.2968113267302241 22.56210059440307 15.380528393389111 1244.1233649551868 0.53917072264198385 1.0338677144609389 19.379493966996506 0.93252716781898826 114.03842451346532 2375.0969586168185 68.493741403484819
leaf_count=202499 3857 966 131482 4010 31 2220 82 1060 13169 100660 3376 1893 25390 863 1720 37 567 13 17515 312 17500 67064 4325 37 14 934 53 13398 758250 2553
internal_value=-8.13284e-05 0.00244703 0.000994281 -0.0751689 0.195473 -0.0019251 0.00553519 0.0193766 0.046503 -0.0050715 -0.00260288 0.0488271 -0.0184327 0.0662582 -0.000242588 0.0271159 -0.14179 -1.22734 -0.00441903 0.0615872 0.0925111 -0.0020248 -0.000952879 0.0193184 -0.050844 0.0364955 0.181334 0.0367972 -0.00414287 -0.00752082
internal_weight=10851.9 4576.35 4321.84 31.6752 2.92321 6275.54 1861.6 548.233 256.187 4413.94 3725.6 108.314 688.344 95.2726 1313.37 254.513 4.82959 0.304498 292.046 36.7965 28.8589 1276.57 1261.19 2.24192 7.93756 62.3369 17.2032 238.984 3617.29 2443.59
internal_count=1375850 141000 136526 5044 1034 1234850 139366 48349 27680 1095484 969434 6132 126050 4239 91017 4474 617 50 20669 19546 17812 71471 4407 1003 1734 3154 1113 26567 963302 760803
is_linear=0
shrinkage=0.1


Tree=164
num_leaves=31
num_cat=0
split_feature=12 11 10 9 14 10 9 9 11 9 5 10 12 2 14 10 14 4 7 7 5 9 7 7 7 10 11 10 11 9
split_gain=6.06537 40.8181 18.8658 28.8951 545.182 8.36544 10.4039 8.10476 14.7145 12.9426 9.19144 8.18905 7.29804 6.38106 15.3505 10.9612 21.7015 19.682 15.6345 28.218 13.7831 10.4921 8.35616 7.48674 9.14371 6.85188 21.9586 17.1701 15.7625 25.3299
threshold=-1.0000000180025095e-35 0.057983193546533592 0.49892704188823706 0.31892949342727667 0.65331989526748668 0.66811594367027294 0.32793442904949194 0.31142632663249975 0.16441441327333453 0.31267458200454717 1.5000000000000002 0.49892704188823706 1.0000000180025095e-35 0.81872946023941051 0.41176472604274755 0.57634520530700695 0.77176257967948925 0.94804319739341747 0.18465909361839297 0.15587044507265094 9.5000000000000018 0.39479331672191625 0.5634920895099641 0.47727273404598242 0.31666667759418493 0.99790793657302868 0.76696833968162548 0.97473672032356273 0.89736840128898632 0.95009577274322521
decision_type=2 2 2 2 2 2 2 2 2 2 2 2 2 2 2 2 2 2 2 2 2 2 2 2 2 2 2 2 2 2
left_child=13 2 -2 4 -4 6 -5 8 -3 10 -9 12 -11 25 22 18 17 -17 19 -16 -18 -20 23 24 -15 26 27 -1 29 -27
right_child=1 7 3 5 -6 -7 -8 9 -10 11 -12 -13 -14 14 15 16 20 -19 21 -21 -22 -23 -24 -25 -26 28 -28 -29 -30 -31
leaf_value=-0.0042093100673661057 -0.11950953463813821 0.087652268202799102 -0.10086261879206326 0.278395543072954 19.264869150444483 0.1191693986328391 -0.12293332628974825 -0.71976985411627259 -0.11807747900591592 -0.1144577001512674 -0.13874291357900093 -0.0010378268210229965 -0.0090931011170125708 0.026632338483125254 0.141803683649286 0.0080391664896832041 0.013612556517106786 0.11543204491172898 0.0035263349144396237 1.3424161785663311 -0.10751037725825976 -0.081190283973244182 0.39579042031425093 -0.10767749837638435 0.31510323554900305 -0.026964124467474312 0.06277838534744988 0.094970160269609041 0.027476164570440789 -0.19265402442597315
leaf_weight=1194.2618375443481 41.929831602850378 21.737018204463769 0.23589696516964309 0.7425776782191259 0.015491633866190568 3.9104549683052028 4.9636179846432782 0.39709068568140427 4.1384815436972522 11.992023235915042 0.86611380078898037 6404.3188841156543 14.549676971020233 2.2661938499668386 3.4531069649474371 28.656774801551364 194.01221430301666 42.190619494533166 2668.3443958106636 0.20752275714767154 9.8730371235869807 14.699837886224485 1.1904171444475649 1.2873535230755804 2.1330323340371251 108.16336992243305 53.374435697449371 17.714302275329828 46.780935189453885 10.087034178664906
leaf_count=157862 755724 3723 312 149 15 47 7936 35 112 106187 212 253924 30172 44 2378 222 2999 328 41657 15 50 9885 14 22 40 1396 303 120 395 88
internal_value=0.000123418 -0.0018149 -0.0902319 0.0341703 1.09254 0.0065036 -0.0707063 -0.00110573 0.0547482 -0.00133042 -0.32139 -0.00126755 -0.0566987 0.00299201 0.00563597 0.00528943 0.0243148 0.0719931 0.00334396 0.209867 0.00774724 0.00306219 0.154866 0.104432 0.166502 -0.00249472 4.79918e-06 -0.0027597 -0.0216594 -0.0410979
internal_weight=10908.5 6509.8 51.7979 9.86804 0.251389 9.61665 5.7062 6458 25.8755 6432.12 1.2632 6430.86 26.5417 4398.7 2968.31 2961.44 274.733 70.8474 2686.7 3.66063 203.885 2683.04 6.877 5.68658 4.39923 1430.38 1265.35 1211.98 165.031 118.25
internal_count=1376366 1158548 764183 8459 327 8132 8085 394365 3835 390530 247 390283 136359 217818 57654 57534 3599 550 53935 2393 3049 51542 120 106 84 160164 158285 157982 1879 1484
is_linear=0
shrinkage=0.1


Tree=165
num_leaves=31
num_cat=0
split_feature=10 11 3 11 11 10 11 11 2 11 9 10 9 11 11 10 14 9 5 5 4 9 2 4 4 6 11 14 3 9
split_gain=4.28648 25.6893 27.6197 19.3561 13.5265 20.4572 21.3626 14.2955 17.4069 12.3883 26.3466 14.9814 11.0957 10.4781 18.9384 17.9525 12.482 11.781 9.67515 14.5562 9.35485 9.10763 15.3549 8.3473 11.6409 9.30791 7.56362 6.79536 6.70996 6.38751
threshold=0.95013812184333812 0.43095238506793981 0.76604324579238903 0.4629120826721192 0.71825397014617931 0.93156540393829357 0.70710784196853649 0.69397994875907909 0.79431909322738659 0.55902779102325451 0.82780584692955028 0.88944444060325634 0.86558434367179882 0.55902779102325451 0.57518798112869274 0.9656854271888734 0.47664335370063787 0.86558434367179882 16.500000000000004 20.500000000000004 0.079473681747913374 0.78696113824844371 0.8841681480407716 0.71010184288024913 0.44092722237110143 0.73123827576637279 0.53589746356010448 0.91603749990463268 0.11131642386317255 0.86558434367179882
decision_type=2 2 2 2 2 2 2 2 2 2 2 2 2 2 2 2 2 2 2 2 2 2 2 2 2 2 2 2 2 2
left_child=4 2 23 -3 5 9 7 12 -9 21 20 -12 -7 15 -15 17 -17 -5 28 -20 -11 26 -23 24 25 -2 -1 -16 -8 -6
right_child=1 3 -4 13 29 6 18 8 -10 10 11 -13 -14 14 27 16 -18 -19 19 -21 -22 22 -24 -25 -26 -27 -28 -29 -30 -31
leaf_value=-0.0020169692932436685 0.027971549244447558 -0.10372730997671523 0.079292485271053231 -0.062166839355138448 0.037003318349306528 -0.0067875194161643769 -0.23539548518655554 -0.0071143261796213489 0.15435381008340451 -0.06231705022993031 0.029404662519823613 -0.017219636245465051 -0.037735081881923968 -0.092178473327700614 -0.0031298899134233013 -0.0073847174468603021 0.079840249157902887 0.043367725073820772 0.31640820782242751 -0.12683978825466885 0.029523473148885811 -0.0056794730767864591 -0.041067747250035487 -0.1158269457335261 0.096470426447745339 -0.046765096844661645 0.026200660351820559 0.0094635743508017928 -0.077533401052576792 0.0067552912818593241
leaf_weight=5695.6730176564615 33.899366165569518 17.86465067777317 87.651462862908375 27.983836177852936 119.10506186936982 316.85538652769173 2.8280180296860626 17.330765600258022 10.860315879806874 11.387329434859565 86.401307008578442 340.57310964912176 182.62317807576619 22.465385558432899 1673.634853639669 22.515579576604068 60.460544358968036 17.005889247637242 1.5176330521353514 1.4475802842061964 426.1142974703107 550.74222292856575 157.72520599246491 5.8640870954841366 12.477980795316396 32.776434583589435 96.603562559233978 575.91197965832544 56.210913396615069 168.69107438623905
leaf_count=1304769 298 206 1769 387 1142 3518 17 151 103 148 1057 4588 2649 363 17148 124 1212 134 55 48 4205 11020 1918 38 95 301 1013 15186 1048 1518
internal_value=-0.000909063 0.00263918 0.0399032 -2.20156e-05 -0.0020242 -0.00279472 -0.020717 -0.0141925 0.0550896 -0.00135983 0.00988669 -0.00778488 -0.0181028 0.000749933 -0.000818187 0.0285916 0.0561717 -0.0222753 -0.0762424 0.10002 0.027133 -0.00285541 -0.0135579 -0.000706187 0.0078225 -0.00876743 -0.00154636 9.41936e-05 -0.0850951 0.0192735
internal_weight=10833.2 2590.51 172.669 2417.84 8242.69 7954.89 589.674 527.67 28.1911 7365.22 864.476 426.974 499.479 2399.98 2272.01 127.966 82.9761 44.9897 62.0041 2.96521 437.502 6500.74 708.467 85.0179 79.1538 66.6758 5792.28 2249.55 59.0389 287.796
internal_count=1376228 37261 2501 34760 1338967 1336307 7589 6421 254 1328718 9998 5645 6167 34554 32697 1857 1336 521 1168 103 4353 1318720 12938 732 694 599 1305782 32334 1065 2660
is_linear=0
shrinkage=0.1


Tree=166
num_leaves=31
num_cat=0
split_feature=5 5 3 10 11 2 3 5 7 12 11 11 7 3 7 12 5 9 9 3 3 7 11 10 11 3 11 11 10 11
split_gain=10.4066 3.87645 5.74127 3.39129 14.4706 15.9931 25.1621 13.7149 11.1674 10.6222 8.04699 24.3241 7.24801 6.95783 5.10252 4.61273 4.57959 2.59621 4.17828 1.88937 1.82511 2.21586 2.07119 4.16347 0.937514 0.541936 0.437336 0.397614 0.3111 0.240537
threshold=30.500000000000004 29.500000000000004 0.38552470505237585 0.81266710162162792 0.43095238506793981 0.53410854935646068 0.20058823376894 4.5000000000000009 0.89444443583488475 1.0000000180025095e-35 0.28801843523979193 0.26794873178005224 0.73214286565780651 0.85760369896888744 0.52777779102325451 1.0000000180025095e-35 6.5000000000000009 0.92695629596710216 0.69592735171318065 0.4907375723123551 0.5616876780986787 1.0000000180025095e-35 0.62828946113586437 0.9656854271888734 0.70710784196853649 0.36754444241523748 0.71825397014617931 0.74456521868705761 0.86873257160186779 0.87749999761581432
decision_type=2 2 2 2 2 2 2 2 2 2 2 2 2 2 2 2 2 2 2 2 2 2 2 2 2 2 2 2 2 2
left_child=1 3 29 4 5 6 -1 14 10 -7 11 -5 -12 -9 -6 16 -10 18 19 -4 22 26 23 -2 -20 -24 -22 -27 -17 -3
right_child=20 2 17 8 7 9 -8 13 15 -11 12 -13 -14 -15 -16 28 -18 -19 24 -21 21 -23 25 -25 -26 27 -28 -29 -30 -31
leaf_value=-0.0047142285732821223 -0.1112577141968681 -0.10691544533217717 -0.10336640857401286 0.0040977554710704142 0.070668542892867031 -0.0010690028823212535 -0.055183663599706979 0.018276925726163781 0.016855231367729411 0.025004097303650403 0.0024717193002537388 0.069716932995911557 -0.0084744687938522606 -0.049871392263134237 0.020291087189252953 0.062557847053323817 0.10138056857869833 0.19364965961923419 -0.12117822615612313 0.18175988975090981 0.016074466259429081 -0.12667266876046582 -0.090206443890445645 0.086123905583428209 0.031582157443360535 -0.12343578401114047 0.12879162848951506 -0.18464025277842844 0.10060359415019207 -0.21779018174981887
leaf_weight=341.27197217685932 3.9899729887724273 0.92261682884642826 0.26260692970777277 304.66050786610867 60.857220908161253 4055.8749149947935 139.02770025147186 41.94074068662303 42.737890793476254 162.51389615544122 4867.1766282084573 69.349230641833856 690.76461752038449 23.307560012908652 30.024594401940703 2.62782969494583 7.5409275675192466 2.36023712111637 0.99146578778163508 2.0206296085773658 0.65993489777849779 0.9024059833517909 1.4263129183091221 1.4596041385084388 0.67544734477996826 1.7299551672767846 0.71951541304588318 2.746752399019897 11.801385687664149 0.24833188951015472
leaf_count=42094 1758 276 185 3806 831 730103 498972 1612 3011 9522 62403 1005 7233 162 484 630 31 8 45 816 39 3110 29 6 4 41 2 22 7396 1
internal_value=0.000866784 0.00097641 0.0729342 0.0009268 -0.00103794 -0.00203315 -0.0193231 0.0289124 0.00251743 -6.45338e-05 0.00206672 0.0162649 0.00111128 -0.00606656 0.0540254 0.0438356 0.0295325 0.11067 0.0610895 0.148966 -0.0864431 -0.00483576 -0.102846 -0.0583914 -0.0592784 -0.143886 0.0748673 -0.160989 0.0936748 -0.130429
internal_weight=10872.6 10859 7.48134 10851.5 4854.82 4698.69 480.3 156.13 5996.66 4218.39 5931.95 374.01 5557.94 65.2483 90.8818 64.708 50.2788 6.31039 3.95015 2.28324 13.6345 2.28186 11.3526 5.44958 1.66691 5.90302 1.37945 4.47671 14.4292 1.17095
internal_count=1375637 1370630 1335 1369295 1283780 1280691 541066 3089 85515 739625 74447 4811 69636 1774 1315 11068 3042 1058 1050 1001 5007 3151 1856 1764 49 92 41 63 8026 277
is_linear=0
shrinkage=0.1


Tree=167
num_leaves=31
num_cat=0
split_feature=14 11 2 11 12 6 6 14 11 6 5 3 6 5 7 7 11 4 1 4 5 14 2 5 3 14 14 6 14 3
split_gain=4.78987 10.6782 16.2739 11.5329 9.88522 11.042 8.72668 8.14049 12.0967 10.5368 7.71177 5.79195 5.66043 27.813 15.7831 20.1813 16.7002 16.6269 13.0079 84.4087 27.1769 13.5601 11.4773 31.4374 29.282 10.6692 14.9993 11.3136 10.6853 10.869
threshold=0.29251739382743841 0.27429467439651495 0.078689370304346098 0.061553031206130988 1.0000000180025095e-35 0.95505049824714672 0.62622550129890453 0.26917733252048498 0.17519181966781619 0.93813776969909679 6.5000000000000009 0.098507251590490355 0.89528506994247448 2.5000000000000004 0.42261904478073126 0.27922078967094427 0.12060606107115747 0.88493064045906078 1.0000000180025095e-35 0.94570022821426403 1.5000000000000002 0.33878655731678015 0.36032786965370184 3.5000000000000004 0.73942822217941295 0.34707333147525793 0.30646908283233648 0.88303694128990184 0.4308938086032868 0.84292763471603405
decision_type=2 2 2 2 2 2 2 2 2 2 2 2 2 2 2 2 2 2 2 2 2 2 2 2 2 2 2 2 2 2
left_child=1 2 -1 -4 5 10 -6 8 -5 -9 -3 -8 13 14 15 16 -2 -17 20 -20 21 -14 23 -22 -24 26 -15 -28 29 -27
right_child=12 4 3 7 6 -7 11 9 -10 -11 -12 -13 18 25 -16 17 -18 -19 19 -21 22 -23 24 -25 -26 28 27 -29 -30 -31
leaf_value=-0.056154720533328831 -0.12466373180798125 0.072341390573996703 -0.15503847974283161 0.074556194809579784 0.11587491485141468 -0.085556219507130479 -0.042862642189022318 0.045329091170842613 -0.0082888751043370592 0.14931028532552978 -0.11319271342768972 -0.13914090229496742 -0.037483456332193216 -0.048722772226528627 -0.01071144179087008 0.12246541455302623 0.039844502951707265 -0.06318066743483404 -0.10234591652644305 -0.0041347978029066266 -0.004352869955561142 0.010126618557564615 -0.067612747807787865 0.15489903651616638 -0.010219087664437862 -0.0079719851855219216 0.033544245883154439 0.1350809574506123 0.0014232113336851968 -0.051326022702022057
leaf_weight=17.985969789742967 6.7788963669503337 22.878789026290182 2.7788511852300521 33.311133540119158 2.8003637770852938 7.2785050496458998 23.782854156539543 24.380869908576699 37.429517974000191 16.234559768061445 2.4834873568324829 8.4750120284734276 61.945955076367227 19.895310427430374 43.707378545460415 50.021170478145109 68.800390187122503 5.3393322955057547 93.2421689376431 1423.9187706092691 342.10894134440304 1745.3469117481086 110.7907705273264 12.861926214307628 449.77496914968305 354.50212220384947 86.50437376896808 12.56814392387477 5648.0130387675563 69.098287366801742
leaf_count=8441 8253 151 13136 4896 64 46 226 3434 1193 834 192 98 2990 4292 1139 3665 2131 199 59529 143313 10635 125944 54080 150 17551 117818 15548 432 766088 10025
internal_value=0.000369184 0.0157079 0.0322555 0.0461876 -0.0165863 0.0230157 -0.0534575 0.0512092 0.0307221 0.0868918 0.0541738 -0.0681575 8.01767e-05 0.00196574 0.0413209 0.0586892 0.0250893 0.10456 -0.00275049 -0.0101707 0.00138404 0.00849476 -0.0126527 0.00141742 -0.0215624 0.000855457 0.0305132 0.046425 0.000274341 -0.015044
internal_weight=10805 199.82 132.121 114.135 67.699 32.6408 35.0582 111.356 70.7407 40.6154 25.3623 32.2579 10605.2 6365.23 174.647 130.94 75.5793 55.3605 4239.99 1517.16 2722.83 1807.29 915.537 354.971 560.566 6190.58 118.968 99.0725 6071.61 423.6
internal_count=1376493 32711 31934 23493 777 389 388 10357 6089 4268 343 324 1343782 929590 15387 14248 10384 3864 414192 202842 211350 128934 82416 10785 71631 914203 20272 15980 893931 127843
is_linear=0
shrinkage=0.1


Tree=168
num_leaves=31
num_cat=0
split_feature=14 14 6 6 2 11 6 6 14 11 9 14 2 2 4 11 7 9 11 11 6 6 4 6 3 11 11 6 12 9
split_gain=6.03678 8.95235 15.344 44.1364 12.2891 15.6227 8.42616 10.8528 94.5393 91.1245 8.58485 7.35714 8.54762 12.5212 12.977 11.8401 8.67024 7.30463 13.6881 10.1181 181.585 6.33334 6.25855 5.58765 5.4645 5.34115 9.43588 6.7818 4.8763 4.5511
threshold=0.39090909063816076 0.38810715079307562 0.91366460919380199 0.91240409016609203 0.77849927544593822 0.29520697891712194 0.72821971774101268 0.73123827576637279 0.38170370459556585 0.43874999880790716 0.59476566314697277 0.40967951714992529 0.6569296419620515 0.66996699571609508 0.82807883620262157 0.38278388977050787 0.58571431040763866 0.43256238102912908 0.21132376790046695 0.11269841343164445 0.70412456989288341 0.65261757373809826 0.19433516263961795 0.72046512365341198 0.8139224946498872 0.4220647811889649 0.43095238506793981 0.88516482710838329 -1.0000000180025095e-35 0.6584608554840089
decision_type=2 2 2 2 2 2 2 2 2 2 2 2 2 2 2 2 2 2 2 2 2 2 2 2 2 2 2 2 2 2
left_child=1 6 3 4 5 -3 17 8 10 -10 -8 12 15 -14 16 -2 -15 18 23 20 -19 -20 28 -1 -16 27 -27 -9 -17 -21
right_child=11 2 -4 -5 -6 -7 7 25 9 -11 -12 -13 13 14 24 22 -18 19 21 29 -22 -23 -24 -25 -26 26 -28 -29 -30 -31
leaf_value=-0.081183596040874897 -0.084654973267027991 -0.11003438753149142 -0.041465224059508893 1.7770200805809553 0.65806257575141103 0.13864518667028 -0.17091212319640464 0.021189311277883587 -0.10160877136860294 6.5989005475627778 0.2386594026384371 9.6201236427602643e-05 0.18196734110537283 0.034709551624573752 -0.068885923753599684 0.038080060962160954 0.22664310037074645 -0.1207964844783132 0.13767101438546697 -0.056160627859660486 6.3866463388735921 -0.10480611749903415 -0.13670675722311523 0.14883316416459949 0.024258434803200717 0.10120242001446163 0.017512309897857504 -0.003371915620374965 -0.021671501608401769 0.061297259008970484
leaf_weight=9.1967172254929697 34.304668735394444 3.1002633276660552 8.7575866344267137 0.15945499402465557 0.3933677296154191 13.644370765949132 0.76091480886887541 164.00002889660027 0.037126491361703873 0.044773183763027191 1.5629830825782844 9871.3782927688953 4.0367645514197639 19.094945128774274 22.142216075444598 16.830964342516381 2.6844603382050982 0.58917782120808126 8.939381318037702 50.895804891453849 0.046246361605597031 1.2247716161655251 4.1038392720511174 1.1931262893585373 8.8024157597683352 14.668667182559146 165.14848298428115 357.44622133388441 72.452998843182286 3.5273936418816438
leaf_count=23921 41021 4086 1119 29 28 225 528 38553 71 1 18 1217902 51 761 543 94 50 3688 549 10229 455 204 129 1475 167 81 749 28949 722 403
internal_value=0.00039364 0.0087244 0.0663853 0.120989 0.105581 0.0926022 0.00679653 0.0102052 0.222235 3.56145 0.104553 -0.000273542 -0.0200611 0.0122267 -0.000769341 -0.0344133 0.0583667 -0.024925 0.0259455 -0.0439156 0.352817 0.108453 -0.0159578 -0.0547694 -0.0423904 0.00947776 0.0243394 0.00435283 -0.0104077 -0.0485477
internal_weight=10861.2 805.337 26.055 17.2975 17.138 16.7446 779.282 703.669 2.4058 0.0818997 2.3239 10055.8 184.453 56.7608 52.724 127.692 21.7794 75.6126 20.554 55.0586 0.635424 10.1642 93.3878 10.3898 30.9446 701.263 179.817 521.446 89.284 54.4232
internal_count=1376801 115361 5487 4368 4339 4311 109874 68950 618 72 546 1261440 43538 1572 1521 41966 811 40924 26149 14775 4143 753 945 25396 710 68332 830 67502 816 10632
is_linear=0
shrinkage=0.1


Tree=169
num_leaves=31
num_cat=0
split_feature=3 11 3 11 10 2 2 2 7 4 7 4 14 4 3 2 7 5 2 4 2 4 7 7 5 3 2 6 6 4
split_gain=4.6481 10.3599 18.49 11.6026 11.2836 18.3558 16.9864 11.2524 27.4671 19.95 18.7443 14.9847 10.8538 10.3536 17.775 16.7504 68.6966 35.7536 29.4975 18.6296 17.8786 14.6566 13.5879 17.7455 15.1221 12.2635 54.7514 27.2805 15.0936 23.1227
threshold=0.81832167506217968 0.13100686669349673 0.66711711883544933 0.13423423469066623 0.72690168023109447 0.43353414535522466 0.43534001708030706 0.69804355502128612 0.42261904478073126 0.71010184288024913 0.26136364042758947 0.70064935088157665 0.74168366193771373 0.90070420503616344 0.87196302413940441 0.78319624066352855 0.5634920895099641 7.5000000000000009 0.81872946023941051 0.85912698507308971 0.46697819232940679 0.56992483139038097 0.47727273404598242 0.5634920895099641 19.500000000000004 0.89512962102890026 0.86240702867507946 0.79361054301261913 0.97182539105415355 0.92031747102737438
decision_type=2 2 2 2 2 2 2 2 2 2 2 2 2 2 2 2 2 2 2 2 2 2 2 2 2 2 2 2 2 2
left_child=1 2 4 -3 -1 -6 -7 8 9 -5 -9 -12 -10 14 15 17 18 20 -17 -18 -2 -19 24 -24 -16 26 28 -28 -15 -30
right_child=13 3 -4 7 5 6 -8 10 12 -11 11 -13 -14 25 22 16 19 21 -20 -21 -22 -23 23 -25 -26 -27 27 -29 29 -31
leaf_value=-0.084230288368262282 0.22189621564441883 0.11722350572353782 -0.0057381322291752968 -0.0013867657061240406 0.019806807333240199 1.3499283044355603 -0.10062346042521059 0.027020293109658589 0.0014274007159464223 -0.044850860430616563 -0.14059277453540142 -0.02247507085451984 0.048083618117042343 -0.0089536763978699599 0.0064178769482017631 -0.067251195502710318 -0.0067556992815790851 -0.077204820296053689 0.026322556099623168 -0.088498775176641828 0.041001315611278531 -0.00097072643863541053 0.08634632553545224 0.010907695667248135 0.61651695457711286 0.00036802133110576293 0.071931144513045941 -0.13272346621179101 0.13297247978742813 -0.048775462698469517
leaf_weight=56.427843116781361 5.6054429927052345 8.1048319542046539 144.27246502726982 2890.8890479066749 4.9485103296210573 0.20577137172222126 0.13285089719647658 80.989714753746625 73.629923963244437 109.60814135812234 11.046166808078054 387.93050784503157 154.45792425889522 342.67817191603001 116.51541549423217 38.180076783775519 37.593349802252192 28.538088354138864 286.3400474727099 107.91214533093637 215.94265066412228 216.86931309810169 76.510470990908914 52.63174557802472 0.40768808140307911 5289.6904516218938 7.4585266198018862 51.402921319992288 18.747231956989769 11.171295452659647
leaf_count=401662 1727 1994 98389 147735 340 1 80 1266 642 2570 307 3944 1024 15244 14468 3399 910 92457 33588 3276 11945 113248 6306 1757 16 412133 214 3165 1479 925
internal_value=-0.000755073 -0.00350394 -0.0253334 -0.00229409 -0.0711417 0.0685481 0.780837 -0.00255529 -0.000431461 -0.00297451 -0.0168416 -0.0257453 0.0330223 0.000806706 0.00932259 0.00304109 -0.0102856 0.0164554 0.0153135 -0.0673793 0.0455782 -0.00983588 0.0332417 0.0556014 0.00854517 -0.00095425 -0.0171653 -0.106791 -0.0030066 0.0651095
internal_weight=10826.8 3922.64 205.987 3716.66 61.715 5.28713 0.338622 3708.55 3228.59 3000.5 479.966 398.977 228.088 6904.2 1183.05 936.981 470.026 466.955 324.52 145.505 221.548 245.407 246.065 129.142 116.923 5721.15 431.458 58.8614 372.597 29.9185
internal_count=1376211 659954 500472 159482 402083 421 81 157488 151971 150305 5517 4251 1666 716257 283097 260550 41173 219377 36987 4186 13672 205705 22547 8063 14484 433160 21027 3379 17648 2404
is_linear=0
shrinkage=0.1


Tree=170
num_leaves=31
num_cat=0
split_feature=10 11 9 11 5 10 5 7 3 4 7 5 3 2 11 14 6 10 14 2 6 11 4 9 6 11 6 3 10 11
split_gain=5.33452 16.1278 13.3151 14.8232 21.7054 20.9445 18.1491 11.9046 24.5756 11.8295 11.6702 11.5204 10.8646 11.7084 11.5458 10.6867 10.3247 9.64887 21.9007 15.6895 9.61946 10.8535 10.5581 9.49942 8.68108 16.711 11.9413 7.04455 15.5251 23.0941
threshold=0.88944444060325634 0.55902779102325451 0.45211435854434973 0.43874999880790716 8.5000000000000018 0.94349297881126415 1.0000000180025095e-35 0.64583334326744091 0.89512962102890026 0.96609193086624157 0.58571431040763866 22.500000000000004 0.095811817795038237 0.097167581319808974 0.68585526943206798 0.25818021595478063 0.31957446038722997 0.91813588142395031 0.34707333147525793 0.38820460438728338 0.92232277989387523 0.57518798112869274 0.8521554470062257 0.8008810579776765 0.82182541489601146 0.73030304908752453 0.92940199375152599 0.64387300610542308 0.8445824682712556 0.11651583760976793
decision_type=2 2 2 2 2 2 2 2 2 2 2 2 2 2 2 2 2 2 2 2 2 2 2 2 2 2 2 2 2 2
left_child=1 11 15 4 5 6 -4 9 -9 20 -7 27 24 14 -14 -2 -15 18 -6 -19 22 -22 -3 -11 25 -5 -26 28 29 -1
right_child=2 7 3 12 17 10 -8 8 -10 23 -12 -13 13 16 -16 -17 -18 19 -20 -21 21 -23 -24 -25 26 -27 -28 -29 -30 -31
leaf_value=-0.066742562743434958 0.011268787612001605 0.041395324458894545 0.052034909926098563 0.075490919003383061 0.45573559510386019 0.0085124381114219227 -0.022624863398960832 -0.19818630410458166 0.0083082453524779051 0.032064357839100131 0.065420873346673014 -0.059549578863518166 -0.11411722725882208 0.022622909374663932 -0.017333610643372473 -0.12571435944648868 -0.0062594045590827988 -0.026275842760112952 0.075421130554396587 0.060741950400685196 0.078435260208400026 -0.017777506462850756 0.10743098665396592 -0.14205809228116664 -0.018948089454770368 0.003241326799807718 0.022717536933629448 0.002804072482788778 -0.026906443688300915 0.0059923849139861315
leaf_weight=46.701766808434058 8.957473052665593 123.58600534114521 37.32966412382666 53.469730636541499 1.5797429457015812 82.973525034612976 254.82180931605399 6.5563943088054648 47.658401086868253 6.0011287489905936 63.699630147544667 31.330590859542099 19.337902117578778 128.36898428120185 33.993426181725226 15.637845127377657 3454.4970878205786 31.256945922708837 36.474927136208862 61.465373457263922 15.866538055939598 44.91539921448566 30.111059518065304 6.556186251109466 142.64794070459902 79.778423369396478 132.84260448440909 4891.9281107840934 269.78541011028574 668.72155267592052
leaf_count=365082 48 1420 651 498 60 929 2457 56 947 44 1406 29340 324 767 229 202 51684 616 854 519 150 384 187 63 625 341 645 789721 7250 118251
internal_value=0.000120157 0.00204165 -0.00244358 -0.00205246 0.013051 0.00239442 -0.0130852 0.0254377 -0.0166639 0.0354913 0.0332276 0.000927969 -0.0041793 -0.0059169 -0.0524273 -0.0758259 -0.00522459 0.0488094 0.0912089 0.031408 0.0410145 0.00733791 0.0543325 -0.0588451 0.0112786 0.0322336 0.00114324 0.00125037 -0.00646434 0.00124436
internal_weight=10828.9 6189.72 4639.13 4614.54 569.602 438.825 292.151 281.251 54.2148 227.036 146.673 5908.47 4044.94 3636.2 53.3313 24.5953 3582.87 130.777 38.0547 92.7223 214.479 60.7819 153.697 12.5573 408.739 133.248 275.491 5877.14 985.209 715.423
internal_count=1375750 1312895 62855 62605 7492 5443 3108 3251 1003 2248 2335 1309644 55113 53004 553 250 52451 2049 914 1135 2141 534 1607 107 2109 839 1270 1280304 490583 483333
is_linear=0
shrinkage=0.1


Tree=171
num_leaves=31
num_cat=0
split_feature=5 1 9 7 6 1 3 11 9 5 6 3 6 3 7 7 11 9 5 11 3 6 5 4 6 5 7 7 11 14
split_gain=5.00473 18.5087 25.0833 17.1025 17.0955 15.4325 27.6022 27.4898 26.1071 27.4204 24.3097 20.6895 15.4528 14.9809 13.9363 13.5799 17.0961 20.1928 18.5994 13.3159 18.4035 13.2929 13.2303 13.1919 12.8935 13.8203 11.9821 22.2199 19.1254 16.3256
threshold=4.5000000000000009 1.0000000180025095e-35 0.67755267024040233 0.47727273404598242 0.67799538373947155 1.0000000180025095e-35 0.87839940190315258 0.75499999523162853 0.55010917782783519 3.5000000000000004 0.85053193569183361 0.83047896623611461 0.88303694128990184 0.095811817795038237 0.73214286565780651 0.18465909361839297 0.26491229236125952 0.88991525769233715 3.5000000000000004 0.81101191043853771 0.11131642386317255 0.7228132188320161 3.5000000000000004 0.84292763471603405 0.89237451553344738 3.5000000000000004 0.58571431040763866 0.52777779102325451 0.4463601559400559 0.75835782289505016
decision_type=2 2 2 2 2 2 2 2 2 2 2 2 2 2 2 2 2 2 2 2 2 2 2 2 2 2 2 2 2 2
left_child=5 4 3 -3 26 10 -7 8 14 -10 15 12 22 21 -8 19 18 -18 -17 20 -1 -6 -12 -5 -13 -26 27 -2 29 -28
right_child=1 2 -4 23 13 6 7 -9 9 -11 11 24 -14 -15 -16 16 17 -19 -20 -21 -22 -23 -24 -25 25 -27 28 -29 -30 -31
leaf_value=0.045392556642475171 0.0034477721111217507 -0.10145712443446148 0.033989674503887436 0.11811917886629671 -0.055874369411708757 -0.084509752900816068 -0.013244788436576969 0.07497158888994658 -0.051141769791891015 -0.0075477104262261993 -0.0054044891147381584 0.034294055984088696 -0.0010729145562011293 -0.018400933702960878 0.0051400767475700028 -0.049026058104936175 0.081793105580793404 0.016838319543493494 0.035620214139230215 0.05963631793205474 -0.043203631035404075 0.015360568429244881 -0.050429942586920684 -0.0022165819947229876 0.0088893132550074399 -0.066877819306785588 -0.014963917269449165 0.12806118686517529 -0.039865351561324314 0.054609243922542884
leaf_weight=34.042238173014113 1226.7612131042122 17.169098458375515 281.9938121571904 9.2914614898270411 29.444714696144672 42.738386993995846 553.22771701906117 43.904115066456143 219.82143697803394 419.88203601759778 135.51986603709815 208.09989160955843 1805.753785673161 1367.420628534584 1618.7113250362261 38.694361312283945 119.76208728915663 79.717125722090714 78.869068891965867 29.943424306926318 75.325375668887403 237.42641861842395 125.87974587694112 466.47198080334681 1196.0684265757993 24.568983851991106 96.605325980071484 14.477997124653028 169.06585115520284 51.819290219806135
leaf_count=800 317658 18199 2962 258 2389 40180 134487 5948 9314 5056 22361 7625 196419 245382 170283 9904 878 789 21416 341 26576 8012 22463 58283 43790 402 2660 166 1351 285
internal_value=-0.000834623 -0.00366072 0.0102029 -0.00340493 -0.00702532 0.0008023 -0.00474023 -0.00354634 -0.0047724 -0.0225279 0.00486678 0.00203317 -0.00436249 -0.0141713 0.000457157 0.0265736 0.0380085 0.0558355 0.00776008 0.000550208 -0.0156268 0.007501 -0.027087 0.000133525 0.0112867 0.00736427 0.000467054 0.00490128 -0.0168687 0.00932607
internal_weight=10818.5 3967.95 774.926 492.933 3193.02 6850.53 2898.29 2855.55 2811.64 639.703 3952.24 3495.89 2067.15 1634.29 2171.94 456.354 317.043 199.479 117.563 139.311 109.368 266.871 261.4 475.763 1428.74 1220.64 1558.73 1241.24 317.49 148.425
internal_count=1376637 657605 79702 76740 577903 719032 365268 325088 319140 14370 353764 293060 241243 255783 304770 60704 32987 1667 31320 27717 27376 10401 44824 58541 51817 44192 322120 317824 4296 2945
is_linear=0
shrinkage=0.1


Tree=172
num_leaves=31
num_cat=0
split_feature=14 7 2 14 3 5 3 7 9 2 2 11 3 7 5 5 2 2 14 9 10 3 2 2 2 3 2 10 7 2
split_gain=4.36057 13.9058 11.9476 35.1637 14.3354 24.3706 11.3422 12.9949 10.3809 16.5198 11.6976 9.58379 12.8289 9.38235 14.5391 11.1744 31.5991 25.1362 9.05807 8.62868 8.14161 8.12225 24.1219 21.0559 14.6892 12.0817 7.84548 7.2376 7.14698 13.8282
threshold=0.69282424449920665 0.048809524625539787 0.45738498866558081 0.72974088788032543 0.47915625572204595 5.5000000000000009 0.39158967137336737 0.15587044507265094 0.96799793839454662 0.39052423834800726 0.30532014369964605 0.43095238506793981 0.58969938755035411 0.73214286565780651 17.500000000000004 3.5000000000000004 0.89022758603096019 0.91922956705093395 0.68934977054595958 0.46580845117568975 0.53740674257278453 0.94804319739341747 0.87206766009330761 0.9529346525669099 0.61938297748565685 0.94665718078613292 0.68457102775573742 0.49892704188823706 0.20714285969734195 0.61620295047760021
decision_type=2 2 2 2 2 2 2 2 2 2 2 2 2 2 2 2 2 2 2 2 2 2 2 2 2 2 2 2 2 2
left_child=13 2 3 8 5 -4 -3 -8 9 -2 -10 20 -13 18 15 -15 26 -18 21 27 -6 25 24 -24 -23 -1 -17 -9 -20 -30
right_child=1 6 4 -5 11 -7 7 19 10 -11 -12 12 -14 14 -16 16 17 -19 28 -21 -22 22 23 -25 -26 -27 -28 -29 29 -31
leaf_value=-0.0024900957799956895 0.028947467204444036 0.27729259276178397 0.0085710137229289985 -0.09800170254496153 0.33195761592676376 0.48179365588172263 -0.065779863417657278 -0.054456875518789721 0.050996781931497426 0.18488643896895504 -0.038937165307332211 -0.0034572295004016763 0.078184047769036341 -0.0014219662088265405 0.22579992404822602 -0.094362577692619354 0.069137007887206989 0.011907601918116002 -0.12279225443596194 0.00081221641199431371 -0.014966237651759013 0.35416938216452387 -0.044437660322915282 0.0036780188907191008 0.012419510377469807 0.080540042054986924 -0.0055009533259387294 0.047299841806698883 0.13414420355758347 -0.062034907095746564
leaf_weight=3740.1586857585389 21.325083521892342 1.4857071023434389 2.3954346599057308 27.016628920100629 0.69133556374254013 1.994291636161506 28.990410292833985 7.8624444507713624 29.65575591661036 9.9695128726307285 28.230046865530312 26.614959167316556 69.528349508764222 1278.3745953791372 2.9564110781975605 10.302169541645069 137.71197931556048 173.36052685866525 10.813869471193525 4172.2831733823496 31.437861281792721 1.2660970221953096 272.00470402474565 136.63628347729195 189.96213063098116 17.607513795429441 279.1731913455917 62.982159610837698 4.4484233210517372 18.685233445237373
leaf_count=1020973 227 8 39 191 716 24 5081 43901 130 139 465 185 1795 86164 37 1392 13859 18774 1091 85275 555 29 41658 4811 23140 913 19126 2484 291 3174
internal_value=1.10841e-05 0.00237814 0.0253571 0.00194505 0.0458635 0.22356 0.00104003 0.000943956 0.0322233 0.0786249 0.00713733 0.0397823 0.0555836 -0.00169529 0.00421238 0.00386372 0.0151153 0.0372431 -0.00422685 0.00139984 -0.00750135 -0.003826 -0.0146316 -0.0283493 0.0146822 -0.00210105 -0.00866346 0.0360067 -0.055682 -0.0243112
internal_weight=10795.9 4522.46 248.859 116.197 132.662 4.38973 4273.6 4272.12 89.1804 31.2946 57.8858 128.273 96.1433 6273.46 1881.88 1878.92 600.548 311.073 4391.58 4243.13 32.1292 4357.64 599.869 408.641 191.228 3757.77 289.475 70.8446 33.9475 23.1337
internal_count=1376647 141215 4466 1152 3314 63 136749 136741 961 366 595 3251 1980 1235432 139352 139315 53151 32633 1096080 131660 1271 1091524 69638 46469 23169 1021886 20518 46385 4556 3465
is_linear=0
shrinkage=0.1


Tree=173
num_leaves=31
num_cat=0
split_feature=2 3 7 14 6 6 10 6 6 14 11 10 10 6 6 3 11 6 9 10 3 14 9 9 14 3 9 11 4 14
split_gain=4.49743 12.628 17.7718 11.0453 9.66518 27.2197 8.01806 14.1229 34.0745 90.5735 16.4891 14.5791 11.7926 15.4065 12.7944 16.2316 12.4887 9.87785 9.67728 9.60007 20.037 10.3088 9.34004 8.04138 7.7129 11.5424 7.41323 6.85822 6.65344 8.8047
threshold=0.15504807978868487 0.25857770442962652 0.11805555596947671 0.25818021595478063 0.57947367429733287 0.38516484200954443 0.77482193708419811 0.80993431806564342 0.81191039085388195 0.25818021595478063 0.45643940567970281 0.67912882566452037 0.8445824682712556 0.84924244880676281 0.88516482710838329 0.082333002239465727 0.23205128312110904 0.33508773148059851 0.8008810579776765 0.85766234993934642 0.069098144769668593 0.4308938086032868 0.34051844477653509 0.58133804798126232 0.64455288648605358 0.37518292665481573 0.40586884319782263 0.39696970582008367 0.13446328043937686 0.4932060986757279
decision_type=2 2 2 2 2 2 2 2 2 2 2 2 2 2 2 2 2 2 2 2 2 2 2 2 2 2 2 2 2 2
left_child=6 2 3 -2 5 -5 7 17 9 -9 11 -10 13 16 15 -15 26 23 -18 20 -14 -22 -16 -1 25 -21 -8 -6 29 -3
right_child=1 28 -4 4 27 -7 12 8 10 -11 -12 -13 19 14 22 -17 18 -19 -20 24 21 -23 -24 -25 -26 -27 -28 -29 -30 -31
leaf_value=0.11895924145305364 0.23507488583020819 0.27412383178689198 0.16546799913474292 -0.15270279354431052 -0.12682703865965586 0.080446979109151343 -0.13301654011423528 4.2466630693976013 0.032407564682481939 -0.10074722176991557 0.15577735422778766 -0.024359717312419021 0.12544904792712441 0.20608211846528623 0.1944006953470247 0.05443879729732766 -0.037293006473689924 -0.081212476226275143 0.065912094669203669 0.0054961781674924305 -0.021379411911193046 -0.10298293515481777 0.025424500003405206 -0.10349176104502494 -0.10751650298303168 0.18088027607294715 0.16004546571662426 -0.048761228113716408 -0.00067940284913049732 0.028202015348961634
leaf_weight=4.900751703363972 1.4242617456162765 1.9876020759747905 4.3047899985685936 7.1327772009815389 13.323795008927943 16.805060773867353 1.0098431612132106 0.068984688526824267 65.391524043995247 0.15696030749518286 6.421930754557251 146.81711880728835 7.4964975962648159 9.6022274503484351 3.3398287892341605 26.645670428872108 64.064006563305156 39.400587413000373 10.586992974000166 1107.7661927541631 50.863366417936049 22.253854885522742 159.02240126812831 2.4311817556563255 6.0082805790007106 3.7652150318026534 5.942178547331423 72.426362738115131 8942.1197884021694 5.4419086568741477
leaf_count=1727 50 159 11 216 4504 609 16 35 13505 71 25 2765 43 68 5 216 2135 23077 216 6796 428 237 956 483 30 14 183 1015 1316576 55
internal_value=-0.00012997 -0.00102467 -0.0338908 -0.0416145 -0.0452073 0.0109752 0.0045206 -0.0114769 -0.000821135 1.22659 -0.00208961 -0.00686703 0.00739456 0.0258628 0.0408929 0.0946098 -0.0107182 -0.0613799 -0.0226565 0.00307538 -0.0302525 -0.0462161 0.0289004 0.0451971 0.00547949 0.00609028 0.117476 -0.060891 -0.00060081 0.093993
internal_weight=10808.9 9064.97 115.417 111.112 109.688 23.9378 1743.96 265.589 218.857 0.225945 218.631 212.209 1478.37 280.213 198.61 36.2479 81.603 46.7325 74.651 1198.15 80.6137 73.1172 162.362 7.33193 1117.54 1111.53 6.95202 85.7502 8949.55 7.42951
internal_count=1376226 1323195 6405 6394 6344 825 53031 41688 16401 106 16295 16270 11343 3795 1245 284 2550 25287 2351 7548 708 665 961 2210 6840 6810 199 5519 1316790 214
is_linear=0
shrinkage=0.1


Tree=174
num_leaves=31
num_cat=0
split_feature=4 14 11 10 10 9 3 7 14 11 11 6 6 6 11 9 11 3 14 9 10 12 10 9 12 9 1 10 11 9
split_gain=4.03954 3.86596 55.5285 21.0709 11.5433 112.072 10.1406 22.8245 26.3094 8.94094 23.8494 19.2533 29.7014 18.8669 15.2176 13.6646 15.1952 13.7636 11.7246 11.6628 26.3185 10.3876 8.89676 7.36792 12.6271 12.2647 4.37938 3.83514 2.62293 6.22651
threshold=0.043961353600025184 0.51845327019691478 0.065591398626565947 0.66811594367027294 0.49892704188823706 0.31892949342727667 0.30079366266727453 0.11805555596947671 0.56572100520133983 0.52786380052566539 0.54006412625312816 0.82426470518112194 0.8532998561859132 0.74133810400962841 0.57518798112869274 0.77563387155532848 0.3390804678201676 0.092370063066482558 0.47500000894069677 0.76427942514419567 0.81266710162162792 1.0000000180025095e-35 0.96984851360321056 0.55744957923889171 1.0000000180025095e-35 0.67755267024040233 1.0000000180025095e-35 0.83370700478553783 0.43095238506793981 0.76427942514419567
decision_type=2 2 2 2 2 2 2 2 2 2 2 2 2 2 2 2 2 2 2 2 2 2 2 2 2 2 2 2 2 2
left_child=28 9 3 4 26 -6 7 8 -4 15 13 14 -13 27 -12 19 21 -18 -15 22 -21 -17 -2 24 -8 -25 -3 -11 29 -1
right_child=1 2 6 -5 5 -7 23 -9 -10 10 11 12 -14 18 -16 16 17 -19 -20 20 -22 -23 -24 25 -26 -27 -28 -29 -30 -31
leaf_value=-0.11488336395653123 0.0010489360456988589 -0.14632484508263144 -0.0040759381671610292 0.10283280669254938 -1.3731347539559315 -0.11026394295521136 0.002808569895999528 0.20916746495336058 -0.064861608180277044 0.086950468956455584 -0.036695126833023388 -0.082135557581888882 0.0035355640145122757 0.079406052238197203 0.040246293933053137 -0.10680400356230169 -0.0093475143381325787 -0.093987871015042315 0.23040720942317947 0.2188058574034801 -0.023860054730043559 0.14235558886485647 -0.042810835986381475 -0.014754858640199504 0.037083495676353669 0.00060373935088645536 -0.076973473328270869 -0.11913576608972243 -0.13330514656407996 0.14543196776659489
leaf_weight=2.4152761718105462 4170.0061040272803 14.891035111123641 279.89388969203083 4.3916428726024597 0.78166158635053662 6.9579035291564537 508.58332227125493 4.4148931642994276 95.499840863834834 1.0863039407413442 29.556951776728965 45.688186140265316 354.15935926884413 41.566857539815828 197.26688711094903 2.202987375421797 36.591394738614326 40.450675481231883 5.8679925391916177 7.8549412689171758 10.369299910118569 6.958425153978169 46.767341511789709 595.64896507442336 136.28898790186076 4090.703996398971 23.435927442634636 5.3510338810738176 3.7114071599062299 1.4830549224279819
leaf_count=2990 499775 273581 2734 35 243 6508 118990 11 1592 12 418 246 1783 138 1401 158 363 606 30 165 139 44 291 34569 7317 76755 344252 112 223 47
internal_value=-0.000302493 -0.000250999 -0.00201684 -0.10646 -0.126413 -0.237808 -0.00109405 -0.0168813 -0.0195398 0.00178306 0.0124369 0.00694813 -0.00625356 0.0762851 0.0302202 0.000105199 -0.0393096 -0.0537876 0.0980859 0.000907489 0.0807329 0.0824417 0.000562497 3.06621e-05 0.0100523 -0.00134838 -0.103918 -0.0843586 -0.0731354 -0.0158507
internal_weight=10770.8 10763.2 5761.49 50.4582 46.0665 7.73957 5711.03 379.809 375.394 5001.74 680.544 626.671 399.848 53.8722 226.824 4321.2 86.2035 77.0421 47.4349 4235 18.2242 9.16141 4216.77 5331.23 644.872 4686.35 38.327 6.43734 7.60974 3.89833
internal_count=1375528 1372268 866587 624619 624584 6751 241968 4337 4326 505681 4140 3848 2029 292 1819 501541 1171 969 168 500370 304 202 500066 237631 126307 111324 617833 124 3260 3037
is_linear=0
shrinkage=0.1


Tree=175
num_leaves=31
num_cat=0
split_feature=2 6 6 6 9 10 4 4 11 7 6 4 11 6 6 5 6 11 9 10 4 3 6 5 4 2 11 2 5 7
split_gain=4.79558 3.68298 5.06976 5.40494 4.13073 3.62741 11.0249 16.9601 16.2871 15.9696 14.1455 24.6855 14.0344 12.3897 10.5062 10.0568 10.8527 10.0486 9.95955 15.5568 10.2354 8.97925 8.96408 11.6513 14.8473 12.3544 6.38224 16.8337 8.97424 7.22689
threshold=0.047065338119864471 0.9529346525669099 0.46720430254936224 0.46225070953369146 0.76427942514419567 0.75490951538085949 0.73375529050827037 0.91042780876159679 0.29520697891712194 0.64583334326744091 0.4016129076480866 0.2362911254167557 0.30901856720447546 0.95875850319862377 0.88303694128990184 5.5000000000000009 0.62192192673683178 0.18350168317556384 0.58133804798126232 0.67912882566452037 0.93582704663276683 0.86056843400001537 0.89528506994247448 17.500000000000004 0.92390406131744396 0.25493229925632482 0.19292803853750232 0.74862638115882885 1.0000000180025095e-35 0.89444443583488475
decision_type=2 2 2 2 2 2 2 2 2 2 2 2 2 2 2 2 2 2 2 2 2 2 2 2 2 2 2 2 2 2
left_child=1 2 3 -1 -3 6 8 9 15 12 11 -10 -8 -11 -12 16 -2 22 19 -9 -20 -17 23 24 -7 -25 27 28 -19 -28
right_child=5 4 -4 -5 -6 17 7 18 10 13 14 -13 -14 -15 -16 21 -18 26 20 -21 -22 -23 -24 25 -26 -27 29 -29 -30 -31
leaf_value=-0.10163709162444011 0.42743059360804186 -0.12608689677262855 -0.14557359790562327 0.25502421132181641 0.13296637524582405 -0.086026687202607866 0.0075739646720979536 -0.0027634934238139636 -0.013656683506190313 0.0047136492495715851 -0.042106970071309896 0.25070297109233086 0.06908782188038963 0.15762041811322158 0.024272696333638214 -0.069180987402601909 -0.021829158535032409 0.3119327318938363 -0.099611085279754943 0.048953403523489966 -0.018122430937144787 0.28275328901538116 0.077546287483930679 0.024381050624579865 0.035019158036569284 0.35768259580797213 0.00090326849558521917 -0.48695144648768979 -0.086889847334114673 0.03253305509596624
leaf_weight=1.0133474306781458 0.53912705125674065 0.99060573598035295 6.0475186729845847 0.73168553743872156 1.6256614327430723 15.210044601401021 459.05669201521334 3119.1421629672245 7.7821618686812126 8.6066900011703655 37.56862776571279 6.4680349646223476 40.349138741730712 13.78934679811857 65.267586926187505 66.151040256392093 203.5092679198525 0.67028382897842576 16.927309266268367 59.269399791257456 172.39760605564425 0.73299773871997231 32.161530736237182 2.6978699595638309 30.358657729811966 1.8920297349832251 6330.9041635975955 0.96308464102912683 3.5651352312561357 73.07066214401857
leaf_count=2012 1289 66 2133 80 4 662 162803 384577 697 585 9677 678 366 402 3287 405274 294372 4 300 330 2758 204 359 54 139 70 91330 8 118 11616
internal_value=6.47597e-05 -0.067779 -0.102246 0.0479096 0.0348802 0.000130334 -0.00213058 -0.00052709 -0.0182041 0.0162486 0.0129613 0.106334 0.0125439 0.0988591 2.25527e-05 -0.0316726 -0.0206421 0.00162016 -0.00312634 -0.0017991 -0.0254082 -0.0653241 0.0363361 0.00991232 -0.00538385 0.161773 0.00117426 -0.109583 -0.0237735 0.00126417
internal_weight=10779.5 10.4088 7.79255 1.74503 2.61627 10769.1 4277.56 3889.54 388.019 521.802 117.086 14.2502 499.406 22.396 102.836 270.932 204.048 6491.49 3367.74 3178.41 189.325 66.884 82.3201 50.1586 45.5687 4.5899 6409.17 5.1985 4.23542 6403.97
internal_count=1376254 4295 4225 2092 70 1371959 1267599 552121 715478 164156 14339 1375 163169 987 12964 701139 295661 104360 387965 384907 3058 405478 1284 925 801 124 103076 130 122 102946
is_linear=0
shrinkage=0.1


Tree=176
num_leaves=31
num_cat=0
split_feature=4 2 5 7 2 6 6 4 2 2 6 10 11 6 5 14 4 14 7 3 10 14 11 10 2 4 2 11 14 14
split_gain=3.45843 3.16086 11.7596 13.9565 10.5684 8.71092 7.59926 21.1352 25.6672 31.2303 29.2246 12.4863 18.193 18.0892 8.194 7.90809 7.19147 6.54824 6.08577 6.34467 5.74648 5.37337 5.06631 16.1899 6.86615 3.5126 3.05789 2.55041 4.98977 2.14941
threshold=0.043961353600025184 0.92805382609367382 3.5000000000000004 0.86607143282890331 0.94665718078613292 0.89009663462638866 0.84262126684188854 0.92637759447097789 0.85880398750305187 0.77003204822540294 0.86425063014030468 0.8445824682712556 0.54692083597183239 0.84409722685813915 2.5000000000000004 0.4932060986757279 0.71516755223274242 0.49716491997241979 0.31666667759418493 0.96051946282386791 0.60326328873634349 0.82514309883117687 0.70710784196853649 0.97473672032356273 0.90366768836975109 0.77459675073623668 0.93582704663276683 0.43095238506793981 0.38492412865161901 0.89720961451530468
decision_type=2 2 2 2 2 2 2 2 2 2 2 2 2 2 2 2 2 2 2 2 2 2 2 2 2 2 2 2 2 2
left_child=27 6 16 4 5 -4 14 11 9 -9 -10 12 -8 -13 15 25 26 -17 19 -18 -20 -6 23 -16 -24 -2 -3 28 -1 -5
right_child=1 2 3 29 21 -7 7 8 10 -11 -12 13 -14 -15 22 17 18 -19 20 -21 -22 -23 24 -25 -26 -27 -28 -29 -30 -31
leaf_value=-0.11268226641554564 0.016194286067527371 0.27080688212607179 0.024199938284160245 -0.092085307233021774 0.12251450404685438 -0.032067727925416727 0.0059694751944538507 -0.025968761012763283 -0.022325256253606679 0.040708499710987077 -0.091347319346829964 -0.11800600361633551 0.07877120189641279 -0.0040785544439561824 0.0025715867397363501 0.35323844495153378 -0.20999893422520508 0.078996609251085051 -0.0018025480143739614 0.091748090611682598 0.012170864122081295 0.033557045130071558 -0.0025354910997711362 0.034537489172362927 -0.06100558663517857 -0.13585762779228894 0.00026322529533982634 -0.12837608021010144 0.13184703700420231 -0.23995694539807869
leaf_weight=1.9415012475801625 4.7852667805025275 1.4071438214580205 265.96082985625389 1.9756607348249411 15.346299591830759 30.688217569301514 1094.8281661352257 172.52193414561361 243.98510403958039 118.49251366843725 81.947719619500617 14.034069094283039 35.436845677206293 2010.7162115253741 3544.6618643701449 0.91503601459726525 2.6175375700094032 17.960571338570617 1428.8772573138094 0.94962833946249237 370.64658028021222 12.178950619068926 1142.84505102603 165.85527534934226 20.443033518269658 2.22607707311181 0.59419484662021194 3.5913358926336514 1.4635336380742954 1.9564045430161057
leaf_count=2882 334 10 15028 68 204 1891 336342 9148 21655 5706 4146 155 270 18731 786863 16 310 688 140330 412 14658 145 13164 1566 486 22 785 224 159 29
internal_value=0.000698638 0.000744149 0.00419263 0.0216076 0.023879 0.0183791 -0.000104167 -0.00347809 -0.0204057 0.00118026 -0.0396791 -0.000167976 0.008252 -0.00486822 0.0024932 0.0586054 0.00102717 0.0922911 0.000816884 -0.12967 0.00107555 0.083154 0.00219517 0.00400042 -0.00356301 -0.0320817 0.190483 -0.0695863 -0.00758001 -0.165659
internal_weight=10811.8 10804.9 2133.2 328.106 324.174 296.649 8671.65 3771.96 616.947 291.014 325.933 3155.02 1130.27 2024.75 4899.69 25.887 1805.09 18.8756 1803.09 3.56717 1799.52 27.5253 4873.81 3710.52 1163.29 7.01134 2.00134 6.99637 3.40503 3.93207
internal_count=1376427 1373162 173870 17365 17268 16919 1199292 396153 40655 14854 25801 355498 336612 18886 803139 1060 156505 704 155710 722 154988 349 802079 788429 13650 356 795 3265 3041 97
is_linear=0
shrinkage=0.1


Tree=177
num_leaves=31
num_cat=0
split_feature=6 5 2 3 3 6 6 5 1 2 7 6 10 3 2 2 4 2 3 6 5 3 12 9 3 2 12 4 3 10
split_gain=5.11633 10.4462 24.1409 27.5884 20.366 17.1821 12.9247 11.3962 10.3635 31.4077 23.3513 10.0184 9.74573 7.64717 24.4492 19.2251 12.9482 6.77829 16.1068 15.9226 14.761 11.2136 7.47809 8.05945 7.65267 7.35536 6.76364 6.74427 7.40662 6.56255
threshold=0.69604039192199718 7.5000000000000009 0.7897985875606538 0.10179085284471513 0.79205974936485302 0.7228132188320161 0.84409722685813915 8.5000000000000018 1.0000000180025095e-35 0.87206766009330761 0.5634920895099641 0.72821971774101268 0.79324594140052807 0.12290209904313089 0.1085995100438595 0.27334994077682501 0.17192118614912036 0.097167581319808974 0.1169911064207554 0.66954022645950328 15.500000000000002 0.098507251590490355 1.0000000180025095e-35 0.7161327898502351 0.098507251590490355 0.1085995100438595 -1.0000000180025095e-35 0.095811817795038237 0.13899821788072589 0.94349297881126415
decision_type=2 2 2 2 2 2 2 2 2 2 2 2 2 2 2 2 2 2 2 2 2 2 2 2 2 2 2 2 2 2
left_child=17 11 3 5 -4 -3 7 -5 10 -10 -6 13 -7 14 29 -15 -17 22 19 20 26 -21 23 -1 -24 -23 -19 28 -26 -2
right_child=1 2 4 6 8 12 -8 -9 9 -11 -12 -13 -14 15 -16 16 -18 18 -20 21 -22 25 24 -25 27 -27 -28 -29 -30 -31
leaf_value=-0.0068187477976381257 -0.11598091874842842 -0.07933660831650878 0.30024170485806745 -0.086389846043295693 0.04326116911228324 -0.098394057783924321 -1.4405096023955606 -0.036350000612447565 -0.0031616981302518624 0.082769783637705513 -0.02922991553173427 -0.00094216785128344949 0.029490687355769398 -0.1267624487059503 0.37788532324153745 0.57332013637103774 0.027337947498554699 0.34185720626448152 0.0041041584097595441 0.18809686266121017 -0.1131030553303683 -0.17775404044353013 0.045185171493730913 -0.11466052076015604 -0.051587346129767508 0.035281998778325781 0.15561479243805321 -0.17301567823890618 0.055446523823502493 0.11213486096587372
leaf_weight=12.584594701169665 2.5647010304879805 20.758271759186087 2.2517171151281437 81.431148971981713 55.43306881241034 6.3832228730591245 0.067687289208889889 103.17937069249422 239.28343588170384 51.728482912547747 224.00659246153998 7652.692535997835 89.67501124215778 8.4079400954430792 2.5143728200946498 0.4357744079985072 133.98622681637707 2.4161931033549982 1979.5774961177988 1.994603954290026 1.8217430149285281 3.6313664313728395 20.708902054199335 15.422932430536092 20.503505900835599 2.9270076450666238 10.105103947862633 3.0897207858014601 9.4425475709113318 2.4812260586768389
leaf_count=6293 288 1467 75 33534 1663 2842 40 42672 18396 1493 2384 820654 634 908 21 9 20569 35 412746 90 240 220 3456 1049 3424 232 204 128 416 10
internal_value=-0.000532581 -0.0016012 -0.0119673 -0.0348705 8.98865e-05 0.00316407 -0.058929 -0.0584224 -0.00109489 0.012113 -0.0148497 -0.00043986 0.0209925 0.0251204 0.123133 0.0199323 0.0291079 0.00391642 0.00506869 0.0884613 0.152858 -0.0195301 -0.0243078 -0.0662041 -0.00247466 -0.0826759 0.191553 -0.0323508 -0.0178376 -0.00380989
internal_weight=10761.5 8677.28 874.198 301.495 572.703 116.817 184.678 184.611 570.452 291.012 279.44 7803.08 96.0582 150.39 7.5603 142.83 134.422 2084.23 2002.47 22.896 14.343 8.55298 81.7522 28.0075 53.7447 6.55837 12.5213 33.0358 29.9461 5.04593
internal_count=1376192 947659 105200 81189 24011 4943 76246 76206 23936 19889 4047 842459 3476 21805 319 21486 20578 428533 413767 1021 479 542 14766 7342 7424 452 239 3968 3840 298
is_linear=0
shrinkage=0.1


Tree=178
num_leaves=31
num_cat=0
split_feature=12 11 10 10 10 11 10 3 3 11 14 9 11 9 9 6 10 3 14 14 10 4 4 11 12 14 5 11 10 9
split_gain=5.05286 55.3834 17.5779 8.15865 16.1113 19.5284 20.5237 15.8759 16.803 15.553 13.0145 11.0974 10.6515 17.9222 9.48368 9.40429 9.0477 9.30857 8.98371 8.81688 6.42445 12.3136 15.4815 15.0204 11.6383 21.3372 9.27319 9.13589 21.827 11.9145
threshold=-1.0000000180025095e-35 0.057983193546533592 0.66811594367027294 0.98425099253654491 0.97473672032356273 0.7947368621826173 0.9656854271888734 0.87839940190315258 0.83847248554229747 0.91833335161209118 0.87739312648773204 0.92695629596710216 0.82480818033218395 0.92695629596710216 0.93764951825141918 0.70087718963623058 0.95013812184333812 0.069098144769668593 0.51845327019691478 0.41743862628936773 0.99790793657302868 0.52976614236831676 0.57919329404830944 0.81980520486831676 1.0000000180025095e-35 0.53723782300949108 10.500000000000002 0.8441295623779298 0.97473672032356273 0.84067201614379894
decision_type=2 2 2 2 2 2 2 2 2 2 2 2 2 2 2 2 2 2 2 2 2 2 2 2 2 2 2 2 2 2
left_child=3 2 -2 4 5 16 15 8 12 14 -6 -12 18 -14 -10 -7 19 -18 -5 -1 27 24 26 -24 25 -22 -23 -3 29 -29
right_child=1 20 -4 7 10 6 -8 -9 9 -11 11 -13 13 -15 -16 -17 17 -19 -20 -21 21 22 23 -25 -26 -27 -28 28 -30 -31
leaf_value=0.018980684392163438 -0.13016398903490412 -0.0015486427875936325 0.093319675549080078 -0.00018860616857762133 0.12846102487850655 0.27211361285026053 -0.066936141463762422 0.041848375182769237 -0.086557827470341589 0.11103538677990277 -0.34754357702874805 0.023727442188571014 0.090005722420122156 -0.020475263533241764 -0.22951900313273541 0.10165745248813106 0.1209612102900687 -0.042831712897506577 -0.069830999316003256 0.0017439526615031611 -0.0047659411588469652 0.085156631542938746 0.066562026301658014 0.0057340526747630613 -0.0068710393267578307 0.12823959110647629 0.28261027972736558 -0.13071874823458265 -0.051291456983605821 0.051559526313320517
leaf_weight=322.48964755425322 41.9574899176896 5479.4009254507546 3.8416957687768436 30.058532800758258 17.37696864199825 3.949621210806078 6.7589047336950889 38.198089997225907 12.036179123912012 2.7812216104939571 1.044820733135565 3.5085883776191622 20.239569880068302 53.483021206222475 7.5515447380021206 17.931068296195008 3.6702224388718596 63.509343726560473 48.265109518542886 3719.4953854946439 33.579335051123053 12.784906852582933 52.28239787532948 181.60358719949727 435.91953193303198 18.822146500460804 2.9220980429090551 3.9620876141125327 104.49644447205355 37.775302941270638
leaf_count=38436 764238 376031 46 189 82 26 50 1681 118 39 18 70 186 470 53 104 11 533 796 175073 172 154 2010 9967 4649 144 34 39 736 330
internal_value=-5.67927e-05 -0.00184483 -0.111418 0.00256425 0.00354085 0.00308777 0.0853768 -0.0165426 -0.0293306 -0.110253 0.0890268 -0.061464 -0.0174254 0.00985584 -0.141673 0.132426 0.00251424 -0.0338832 -0.0431041 0.00311918 -0.00105622 0.00771685 0.0257855 0.0193314 -0.00151849 0.0430085 0.12189 -0.00220698 -0.0268749 0.034256
internal_weight=10781.7 6409.35 45.7992 4372.35 4159.73 4137.8 28.6396 212.613 174.415 22.3689 21.9304 4.55341 152.046 73.7226 19.5877 21.8807 4109.16 67.1796 78.3236 4041.99 6363.55 737.914 249.593 233.886 488.321 52.4015 15.707 5625.63 146.234 41.7374
internal_count=1376485 1158550 764284 217935 214403 214233 180 3532 1851 210 170 88 1641 656 171 130 214053 544 985 213509 394266 17130 12165 11977 4965 316 188 377136 1105 369
is_linear=0
shrinkage=0.1


Tree=179
num_leaves=31
num_cat=0
split_feature=4 7 2 3 6 1 9 4 1 6 10 11 1 9 11 2 6 12 9 12 10 6 11 6 4 3 10 10 7 4
split_gain=2.63325 16.3749 26.4451 38.7227 23.0952 36.5951 21.6891 15.3847 17.5041 13.1174 12.5581 10.0787 21.743 12.6011 10.6621 9.42233 15.0525 10.1453 9.26187 11.314 8.82409 7.9961 7.34586 7.03054 6.19237 9.26517 7.87319 18.0688 7.71656 13.3292
threshold=0.9759001135826112 0.64583334326744091 0.81530213356018078 0.91325253248214733 0.94028520584106456 1.0000000180025095e-35 1.0000000180025095e-35 0.85912698507308971 1.0000000180025095e-35 0.94494947791099559 0.99790793657302868 0.7947368621826173 1.0000000180025095e-35 0.98124927282333385 0.77097901701927196 0.72834226489067089 0.5646599829196931 1.0000000180025095e-35 0.93764951825141918 1.0000000180025095e-35 0.9656854271888734 0.78817018866539013 0.82480818033218395 0.7589399814605714 0.97467949986457836 0.97182539105415355 0.86873257160186779 0.85766234993934642 0.61250001192092907 0.91366460919380199
decision_type=2 2 2 2 2 2 2 2 2 2 2 2 2 2 2 2 2 2 2 2 2 2 2 2 2 2 2 2 2 2
left_child=1 24 -3 7 6 -6 -5 9 -9 -4 11 13 20 15 -15 16 -2 -17 -12 21 22 -20 -13 -22 25 28 27 -26 -1 -30
right_child=10 2 3 4 5 -7 -8 8 -10 -11 18 12 -14 14 -16 17 -18 -19 19 -21 23 -23 -24 -25 26 -27 -28 -29 29 -31
leaf_value=0.00014009535666078678 -0.0028232009581526307 0.064675667503881762 0.23165262193403682 0.21536211479737633 0.043347430526456163 -0.12593582788354729 0.048161895531346394 -0.070829926479258246 0.043474063197476341 -0.086273646702540521 0.081421512827309944 -0.078972006466212386 0.02543996593699667 0.068259997255703961 -0.19074354678126804 -0.002043614403505927 -0.039901351283970925 0.020014375849655687 -0.099680388136217157 0.075887159119116088 -0.14848827553063221 0.053396222797383298 0.075242204289253295 -0.046231724331752148 -0.16017039440406841 0.089706797145813991 -0.07343114910846936 -1.622832370030725 0.023538777953627445 -0.14038372704153554
leaf_weight=5981.6717337906794 319.15064831418738 103.91624674573495 3.6348166576981376 12.707969546318052 77.576526170459147 15.286469504896102 19.919172651143072 79.725389947158419 16.103337313302973 2.0184133254990684 31.09014950733399 7.4728761599399132 30.39280166028766 34.948276056325994 1.6651154503342684 3543.4839361420727 166.66675273780231 221.54943731931962 11.123031402006747 11.924295160250042 20.191737693734471 4.9225913388654581 5.2650983415078372 10.080322257475926 0.31410241991488819 11.518348834998504 1.669125278946012 0.11551958881318569 9.4776260162852868 10.407940151500041
leaf_count=1001916 35647 1244 52 28 1506 2981 675 979 1722 23 3045 60 682 1023 42 302399 7759 7914 138 4771 127 325 28 98 79 370 26 2 149 171
internal_value=-6.84303e-05 0.00123676 0.0228949 0.00376611 0.0409099 0.0154812 0.113285 -0.042165 -0.051622 0.118141 -0.00194241 -0.00256272 -0.0393046 -0.00193369 0.056481 -0.00243683 -0.0155434 -0.000745635 0.0438606 0.00210943 -0.0850559 -0.0527184 -0.0152293 -0.114438 4.5372e-05 0.000105315 -0.171695 -0.553461 -6.66509e-05 -0.0622569
internal_weight=10766 6346.06 330.888 226.972 125.49 92.863 32.6271 101.482 95.8287 5.65323 4419.93 4360.87 73.4028 4287.46 36.6134 4250.85 485.817 3765.03 59.0601 27.9699 43.01 16.0456 12.738 30.2721 6015.17 6013.08 2.09875 0.429622 6001.56 19.8856
internal_count=1375981 1011923 9210 7966 5190 4487 703 2776 2701 75 364058 355779 995 354784 1065 353719 43406 310313 8279 5234 313 463 88 225 1002713 1002606 107 81 1002236 320
is_linear=0
shrinkage=0.1


Tree=180
num_leaves=31
num_cat=0
split_feature=3 11 2 7 4 3 10 2 2 14 3 10 14 4 5 14 10 5 3 4 2 2 4 2 11 7 7 11 4 5
split_gain=2.97759 20.277 16.6583 27.6608 23.136 11.3556 10.8785 10.9419 10.0041 13.7785 15.3401 10.17 9.09835 12.1497 10.3379 8.83069 8.37177 8.19981 11.2864 9.43126 8.15668 7.92139 7.83527 7.76074 7.47443 7.35624 7.13736 15.5929 10.4817 19.0269
threshold=0.73100960254669201 0.13100686669349673 0.61938297748565685 0.47727273404598242 0.72834226489067089 0.66711711883544933 0.91813588142395031 0.63702240586280834 0.55087250471115123 0.35407139360904699 0.70064935088157665 0.69584372639656078 0.3701388835906983 0.77459675073623668 2.5000000000000004 0.77176257967948925 0.92549648880958568 3.5000000000000004 0.62515822052955639 0.51649147272109996 0.10212950780987741 0.64326766133308422 0.73746865987777721 0.5912291705608369 0.13423423469066623 0.38750000298023229 1.0000000180025095e-35 0.43095238506793981 0.54923510551452648 5.5000000000000009
decision_type=2 2 2 2 2 2 2 2 2 2 2 2 2 2 2 2 2 2 2 2 2 2 2 2 2 2 2 2 2 2
left_child=1 5 3 15 17 20 22 -8 9 10 -7 -10 13 14 21 24 -17 18 -4 -19 -1 -2 -6 -5 -3 -23 27 -14 29 -28
right_child=12 2 4 23 6 8 7 -9 11 -11 -12 -13 26 -15 -16 16 -18 19 -20 -21 -22 25 -24 -25 -26 -27 28 -29 -30 -31
leaf_value=-0.011353342586873694 0.48311504035458069 0.099233465525196671 -0.1228441095550255 0.089106329684030691 -0.13257960848396844 0.098735461231338237 -0.25199849065792013 -0.092776299459438299 -0.049532182255261369 -0.13441577479593059 0.54466470394875899 0.20515358455567878 -0.0093123550552033276 -0.10697004650054989 0.033967579200327773 -0.19521026991419907 -0.029012162464110782 0.082471316389593874 0.012747472177006537 -0.059277369070895827 -0.10390450376105026 0.38519332185653965 -0.0039334319501219571 -0.019836626900409771 -9.2628492011286891e-05 -0.10329452650940717 0.16960279604352413 0.074431974601077519 0.00062295784275226483 -0.093135868053634649
leaf_weight=12.688447053848298 1.4964880309917128 7.5974345787712982 6.4788205484910568 44.225610995526949 6.0453951791605531 5.2100389828847256 5.0249613225460044 30.593539214227349 28.239055198688785 2.0571837885509847 0.90550316325970914 1.660041897848713 48.878149674763335 1.7587600383558308 2.1157151778461412 3.1880204804474479 61.478636889019981 5.2865398227722826 117.00488572562972 41.869194309381328 38.163619548074124 0.61621754174120702 21.830669743719227 7.6734489566879338 2710.8638444740627 0.61691086925566196 3.123093183643209 40.787383164220955 7475.7004615964506 23.465887856849193
leaf_count=13870 7 1759 162 275 347 157 31 196 30905 4557 27 24 27350 124 104 47 376 100 2465 2653 388350 56 644 75 144073 28 90 1612 673177 82749
internal_value=-0.000235305 -0.00281607 -0.00145214 0.000665045 -0.0270882 -0.0498911 -0.078621 -0.115239 -0.00859127 0.0894553 0.164762 -0.0353917 0.0008373 0.118161 0.199879 -0.000683815 -0.0372056 -0.00791304 0.00563339 -0.0433862 -0.0808114 0.328477 -0.0318325 0.0729988 0.000184964 0.140812 0.000735243 0.0287816 0.00040004 -0.0622751
internal_weight=10756.6 3158.08 3069.16 2835.03 234.134 88.9239 63.4946 35.6185 38.0718 8.17273 6.11554 29.8991 7598.56 6.60409 4.84533 2783.13 64.6667 170.639 123.484 47.1557 50.8521 2.72962 27.8761 51.8991 2718.46 1.23313 7591.95 89.6655 7502.29 26.589
internal_count=1376390 591093 153203 146605 6598 437890 1218 227 35670 4741 184 30929 785297 319 195 146255 423 5380 2627 2753 402220 91 991 350 145832 84 784978 28962 756016 82839
is_linear=0
shrinkage=0.1


Tree=181
num_leaves=31
num_cat=0
split_feature=5 6 11 14 10 5 2 3 6 10 6 2 5 5 7 3 2 14 7 5 5 2 5 11 9 7 2 5 3 6
split_gain=4.91626 12.963 6.03219 7.66455 6.04782 5.86201 5.5596 7.49983 5.8455 6.86146 5.28216 9.12773 6.10987 8.87331 7.82447 5.82598 14.5446 14.4091 9.69675 7.82576 9.33465 5.2041 4.73768 10.4593 31.7591 16.8743 15.7969 11.0279 10.285 8.86985
threshold=24.500000000000004 0.23861283808946612 0.61721614003181469 0.57887712121009838 0.99790793657302868 30.500000000000004 0.19139194488525393 0.36017242074012762 0.31957446038722997 0.93764951825141918 0.50280898809432995 0.6569296419620515 19.500000000000004 15.500000000000002 0.58571431040763866 0.86381819844245922 0.45512083172798162 0.72501033544540416 0.58571431040763866 8.5000000000000018 16.500000000000004 0.19139194488525393 8.5000000000000018 0.4463601559400559 0.73817512392997753 0.64583334326744091 0.86240702867507946 10.500000000000002 0.85566902160644542 0.62192192673683178
decision_type=2 2 2 2 2 2 2 2 2 2 2 2 2 2 2 2 2 2 2 2 2 2 2 2 2 2 2 2 2 2
left_child=10 2 3 21 5 -4 -3 8 9 -8 11 15 13 -13 -15 16 17 -1 -18 -17 -21 -2 -12 24 28 26 -25 -27 -24 -26
right_child=1 6 4 -5 -6 -7 7 -9 -10 -11 22 12 -14 14 -16 19 18 -19 -20 20 -22 -23 23 25 29 27 -28 -29 -30 -31
leaf_value=0.0089865722480121802 0.046634660043599965 -0.16019151449668906 0.14408485190769926 -0.1297453380398583 -0.0050837602192174477 -0.011872520372485394 -0.11472696761345225 -0.078580677374612246 -0.13134818936298442 0.097449012845586977 -5.6063952995698017e-05 0.060841943844719609 0.22209770208323648 -0.012100991507898742 -0.28834049131527156 -0.091014153153816307 0.068430343805805913 -0.066339683356016727 -0.1855491593272329 0.008860626835585108 -0.056404685023380897 -0.11757966012867085 -0.028186312879527976 -0.0040520451849668107 0.086558949744899596 -0.060203424635275199 -0.1965827702985469 -0.010680010902682852 0.0040103080619748981 0.028481186372412634
leaf_weight=381.73072959138136 10.080061169485456 5.1588446741764278 8.4931707084178907 5.1578719216345652 10.239203110337257 3.364974217256532 1.9276298062315769 26.570710968990369 2.1141068627202904 7.2813510089181364 8728.2000448569488 42.437622665764138 1.9398772424178776 8.2668748924935453 1.1705662892582029 11.822849702180759 49.297873511634521 27.20448066323047 1.5505222212354954 96.888718739096362 28.320093456198762 2.3868106940755203 160.31612551804062 557.32964039503713 44.722086746653076 111.4271429044893 4.2944232199806711 75.385121769388206 260.33189812323292 63.825607810027577
leaf_count=65812 1099 1379 37 919 34 33 398 14189 622 34 978806 5233 25 1281 33 1561 25613 804 335 11316 1692 775 235038 9378 1838 1172 43 788 13823 1988
internal_value=-0.000509431 -0.0247861 0.0164131 -0.0272214 0.0512158 0.099829 -0.0627981 -0.049539 0.0186102 0.0530362 -0.000320861 0.00841003 0.0478542 0.0413383 -0.0463642 0.00485334 0.0102472 0.00397548 0.0606857 -0.0132447 -0.00590127 0.0151955 -0.000888588 -0.00657601 0.00418412 -0.0141842 -0.00552422 -0.040219 -0.00826037 0.0524095
internal_weight=10739.2 82.7747 39.7221 17.6247 22.0973 11.8581 43.0526 37.8938 11.3231 9.20898 10656.5 650.63 53.8149 51.8751 9.43744 596.815 459.784 408.935 50.8484 137.032 125.209 12.4669 10005.8 1277.63 529.196 748.436 561.624 186.812 420.648 108.548
internal_count=1376098 19519 2897 2793 104 70 16622 15243 1054 432 1356579 113705 6572 6547 1314 107133 92564 66616 25948 14569 13008 1874 1242874 264068 252687 11381 9421 1960 248861 3826
is_linear=0
shrinkage=0.1


Tree=182
num_leaves=31
num_cat=0
split_feature=4 7 7 2 6 6 7 2 10 4 2 2 9 6 4 4 9 6 6 11 9 4 6 4 11 2 2 10 14 14
split_gain=4.93043 24.5056 17.4464 23.4108 38.9929 340.934 17.2249 40.938 16.952 16.6977 14.8702 14.4297 22.6999 19.7313 14.4099 26.993 89.3165 13.8084 12.8571 12.6929 11.893 11.1628 35.2393 11.0197 14.2015 10.1241 8.68188 9.46267 13.5674 8.79083
threshold=0.42163743078708654 1.0000000180025095e-35 0.15587044507265094 0.43159537017345434 0.97100839018821727 0.97182539105415355 0.13809524476528171 0.3464102596044541 0.99790793657302868 0.34851622581481939 0.50274726748466503 0.40936473011970526 0.54583653807640087 0.71563342213630687 0.44575163722038275 0.42588071525096899 0.7161327898502351 0.80673459172248851 0.33508773148059851 0.43874999880790716 0.53263601660728466 0.17192118614912036 0.66954022645950328 0.88493064045906078 0.74456521868705761 0.48808848857879644 0.44920890033245092 0.95013812184333812 0.72501033544540416 0.58750459551811229
decision_type=2 2 2 2 2 2 2 2 2 2 2 2 2 2 2 2 2 2 2 2 2 2 2 2 2 2 2 2 2 2
left_child=6 23 3 4 8 -6 9 17 -3 11 18 21 20 -14 15 16 -4 -8 -11 -12 -13 -1 -23 26 -25 -17 27 -2 -29 -28
right_child=1 2 14 -5 5 -7 7 -9 -10 10 19 12 13 -15 -16 25 -18 -19 -20 -21 -22 22 -24 24 -26 -27 29 28 -30 -31
leaf_value=0.00072965911890818388 -0.082516280711767517 -0.1037204907907034 -0.10390437235672144 -0.091815725523252387 12.689591995392767 0.39880719310420831 -0.11252144370476243 -0.11168701586234753 0.22540356015862784 0.10815496759984243 -0.13665272752406585 0.18440623576919155 0.099810094662222515 -0.11787189729036196 0.0010261594644104045 0.076054197816071367 4.1881041496511617 0.19308730300058718 -0.064255328301869918 0.090201241850115521 0.56648666716728113 -0.0012115571195707644 -0.058489693485766131 -0.071235450726324562 -0.73343233084361481 0.56865825923637159 0.11468803717006926 0.08649182257203869 -0.096754778633550156 0.040117210405333142
leaf_weight=1784.9482503157553 11.328079017980913 3.7564004698883968 0.15802660660651469 38.347353034701193 0.023455821280890521 0.59689584558496733 1.631795983976114 7.7777099407749359 2.6825198696460575 4.535577153807167 3.0398539975588816 2.9076835710783397 13.109510281057057 6.1022676636976021 7946.4441101683306 6.577523109268423 0.069945998955518007 15.734566833013615 93.299475448266094 13.074948994792065 1.1317688791776843 438.9730117797771 142.20783745763248 3.2663458205458364 0.35950668877921987 0.44547183483898312 17.641563124193198 13.70574033225421 5.7294346783310166 152.14727280883676
leaf_count=54611 9745 56532 614 162086 66 1924 2129 9580 60 452 2202 2553 649 895 874996 4928 12 684 55585 194 131 55465 45005 1743 24 583 12532 327 45 19837
internal_value=0.000485102 0.00167509 0.000801871 -0.0610079 0.106346 0.863528 -0.00337565 0.0789794 0.0333959 -0.00420284 -0.0416014 -0.0024193 0.0759746 0.0306674 0.00115473 0.142063 1.21296 0.164371 -0.0562625 0.0474081 0.291457 -0.00318965 -0.0152268 0.0358853 -0.136893 0.1073 0.039009 -0.00987108 0.0324712 0.0478653
internal_weight=10731.8 8203.28 7999.1 45.4066 7.05927 0.620352 2528.47 25.1441 6.43892 2503.33 113.95 2389.38 23.2512 19.2118 7953.7 7.25097 0.227973 17.3664 97.8351 16.1148 4.03945 2366.13 581.181 204.178 3.62585 7.02299 200.552 30.7633 19.4352 169.789
internal_count=1376189 1146054 1101801 220668 58582 1990 230135 12393 56592 217742 58433 159309 4228 1544 881133 6137 626 2813 56037 2396 2684 155081 100470 44253 1767 5511 42486 10117 372 32369
is_linear=0
shrinkage=0.1


Tree=183
num_leaves=31
num_cat=0
split_feature=5 3 2 7 5 4 5 1 1 10 7 2 7 5 2 7 14 10 2 2 3 3 9 2 14 3 7 3 10 5
split_gain=5.38673 12.2692 11.27 9.01082 6.94795 12.2489 34.0453 24.5775 19.2286 23.411 20.557 14.0664 24.8482 11.361 9.03188 6.5495 6.22739 10.8413 7.50134 5.73133 15.3881 17.283 11.2428 10.9936 25.2452 5.8445 5.50333 7.43706 5.60053 4.37914
threshold=12.500000000000002 0.94804319739341747 0.84889996051788341 0.76388889551162731 10.500000000000002 0.94665718078613292 11.500000000000002 1.0000000180025095e-35 1.0000000180025095e-35 0.66811594367027294 0.64583334326744091 0.7577352523803712 0.5634920895099641 9.5000000000000018 0.84273937344551098 0.58571431040763866 0.69282424449920665 0.71591943502426159 0.2362911254167557 0.680425524711609 0.85037314891815197 0.83047896623611461 0.92695629596710216 0.6789083480834962 0.44862978160381323 0.082333002239465727 0.76388889551162731 0.85566902160644542 0.97473672032356273 14.500000000000002
decision_type=2 2 2 2 2 2 2 2 2 2 2 2 2 2 2 2 2 2 2 2 2 2 2 2 2 2 2 2 2 2
left_child=4 3 29 19 13 7 26 11 10 -10 -8 12 -6 -1 16 -16 18 -18 -15 23 21 -21 -22 25 -25 -2 27 -7 -28 -3
right_child=1 2 -4 -5 5 6 8 -9 9 -11 -12 -13 -14 14 15 -17 17 -19 -20 20 22 -23 -24 24 -26 -27 28 -29 -30 -31
leaf_value=0.00056856458743169316 -0.12116249592272801 -0.18129907599648554 0.14408699531494623 0.10943833284247551 0.0053663794337472362 -0.07900842430673502 0.032194898578848129 -0.14034951170994242 0.0024009561043867888 0.11940054500169597 -0.068618061793388238 -0.0821363071705387 0.23264479814189212 -0.013592423892043043 -0.22391279794531371 -0.063608692275871681 0.21724679365319655 -0.00520938522674496 -0.074235985475102739 -0.0034015539535595905 -0.048444739455546233 0.29444319824504045 0.019689878859506463 1.1160862124237532 0.085049431299412559 -0.0038236189804906153 0.13154255814312152 0.070329910196573128 -0.00066440326810715902 -0.037059524794286057
leaf_weight=9165.8057279226159 4.2704072254100529 7.9083317478859936 1.5672629366035824 6.7017347614560085 209.9887254039138 3.5589319294297175 32.099059717603609 12.514088022692134 59.863568167993094 23.942077747662552 54.686862510905257 17.714821048301474 4.9231490626063978 52.821873543670179 3.2210590887052595 12.210021710770887 2.2424080871041658 95.088848487692303 33.228230328066459 5.268413542800884 106.70858357342388 3.0914204840381672 31.32805039640516 0.24609787674859163 6.7835128667086906 709.55911993908239 25.088884871771601 52.930857290373638 3.6733441976830354 2.8682407321196024
leaf_count=1034136 1672 242 7 132 67072 138 719 7331 5809 392 569 533 94 3183 25 171 554 970 35852 962 5532 93 235 12 1332 207567 188 890 28 31
internal_value=-1.49e-06 -0.00746926 -0.10647 -0.00607097 0.000669396 0.012143 0.0274488 -0.00383107 0.00166096 0.0358261 -0.0313309 0.0035129 0.0105728 5.55865e-05 -0.0235941 -0.0970703 -0.0174113 -8.42327e-05 -0.0370099 -0.00696357 -0.0250026 0.10674 -0.0329813 -0.00330009 0.121145 -0.00452559 0.0790509 0.0609214 0.114658 -0.142909
internal_weight=10751.9 886.301 12.3438 873.957 9865.6 500.984 255.844 245.141 170.592 83.8056 86.7859 232.627 214.912 9364.62 198.812 15.4311 183.381 97.3313 86.0501 867.256 146.396 8.35983 138.037 720.859 7.02961 713.83 85.252 56.4898 28.7622 10.7766
internal_count=1376471 217817 280 217537 1158654 83763 8733 75030 7489 6201 1288 67699 67166 1074891 40755 196 40559 1524 39035 217405 6822 1055 5767 210583 1344 209239 1244 1028 216 273
is_linear=0
shrinkage=0.1


Tree=184
num_leaves=31
num_cat=0
split_feature=5 3 5 3 5 11 10 9 14 6 10 12 11 14 11 14 10 5 2 6 4 9 8 3 4 12 9 6 14 8
split_gain=3.30188 9.89196 4.70392 4.463 3.31049 3.28248 14.4156 16.4083 20.9116 13.6919 13.157 16.3129 58.8404 16.2071 9.73526 8.59457 8.49395 6.69499 9.52197 6.31631 3.26633 2.09214 2.49295 1.9044 1.8907 1.2913 1.53255 3.89787 1.13872 2.68092
threshold=30.500000000000004 0.32230727374553686 29.500000000000004 0.38552470505237585 41.500000000000007 0.47722567617893225 0.88944444060325634 0.75056561827659618 0.39090909063816076 0.92403846979141246 0.94349297881126415 -1.0000000180025095e-35 0.057983193546533592 0.74168366193771373 0.43874999880790716 0.72501033544540416 0.93764951825141918 2.5000000000000004 0.75147059559822094 0.31957446038722997 0.083920188248157515 0.39293511211872106 1.0000000180025095e-35 0.5616876780986787 0.41223156452178961 -1.0000000180025095e-35 0.98124927282333385 0.20169491320848468 0.68934977054595958 1.0000000180025095e-35
decision_type=2 2 2 2 2 2 2 2 2 2 2 2 2 2 2 2 2 2 2 2 2 2 2 2 2 2 2 2 2 2
left_child=2 4 5 -4 21 10 7 8 -7 -9 11 16 -13 15 -15 -12 -1 18 -8 -19 -3 -2 -23 28 -25 -5 27 -27 29 -22
right_child=1 20 3 25 -6 6 17 9 -10 -11 13 12 -14 14 -16 -17 -18 19 -20 -21 23 22 -24 24 -26 26 -28 -29 -30 -31
leaf_value=0.0014462586494106218 0.19832233398899146 0.13984178877012374 -0.13540877238208598 0.19380695179702634 0.30923150144349337 -0.025422431182812295 0.013514198898628394 0.014203119162479289 0.051085217588821508 -0.028435116743680294 0.0038312349025879117 -0.11757628022870614 -0.00678320612795528 0.057324904361317576 -0.078333526148573196 -0.11092377596743939 0.15342919879560843 0.019705088233493533 -0.0049405836027822201 -0.0039624306408266065 -0.10990136025246069 -0.10661168697428712 0.12746266585724197 0.068257200735853646 -0.12081263428081822 0.14292197442295368 0.1732232949581983 -0.095091684886984079 -0.1668509733392447 0.11560304679773624
leaf_weight=3753.4825173316117 0.76657307228460414 0.6212206647687698 0.80839719201681859 1.5421054482379757 0.66803921626058116 43.868663040775573 697.44825459152344 307.42483716559946 192.45558471520781 99.748041579616256 121.2058821329847 49.033127030404103 2139.8233388168469 102.04723822430242 5.579197031329385 6.897935223649255 3.6808296969393259 117.84734912397107 466.641491273258 2612.4873740152107 6.8191965029918418 0.98470291126734799 0.84580948948860168 1.2742644984233842 0.90421911786076936 1.6699288632087816 1.3828384280204771 1.1702181842491439 2.8523920718580484 0.57137055322527874
leaf_count=209694 85 3 261 170 35 292 7117 4261 2738 1590 1282 760862 333052 1760 76 159 30 676 14112 31563 1327 358 2 438 2732 61 3 793 26 2
internal_value=-1.38142e-06 -0.0449642 6.69784e-05 0.0846336 0.110696 1.51206e-05 0.00205751 0.015923 0.0368832 0.00375773 -0.00148416 -0.00240274 -0.00926511 0.0216859 0.0502926 -0.00234791 0.00159515 -0.000233574 0.00611634 -0.00294089 -0.0839324 0.0596272 0.00154508 -0.0951238 -0.0102197 0.115489 0.0868891 0.0448538 -0.113181 -0.0924674
internal_weight=10742.6 16.3078 10726.2 6.57349 3.26512 10719.7 4537.92 643.497 236.324 407.173 6181.75 5946.02 2188.86 235.73 107.626 128.104 3757.16 3894.42 1164.09 2730.33 13.0427 2.59709 1.83051 12.4214 2.17848 5.76509 4.22299 2.84015 10.243 7.39057
internal_count=1375560 5008 1370552 1288 480 1369264 62349 8881 3030 5851 1306915 1303638 1093914 3277 1836 1441 209724 53468 21229 32239 4528 445 360 4525 3170 1027 857 854 1355 1329
is_linear=0
shrinkage=0.1


Tree=185
num_leaves=31
num_cat=0
split_feature=11 9 4 2 10 2 11 12 11 10 14 14 10 9 14 11 10 2 14 9 14 11 9 10 14 10 9 10 4 5
split_gain=7.34416 16.2733 23.484 28.2076 14.4862 14.5123 13.9921 13.753 55.7259 19.7015 13.3348 12.055 11.0092 10.3853 9.9481 9.57217 17.28 8.94183 7.89203 7.6374 7.33221 8.60073 7.0471 18.3023 16.8742 16.5384 26.9261 20.0739 16.1003 20.82
threshold=0.54692083597183239 0.90360623598098766 0.82446312904357921 0.87585616111755382 0.95013812184333812 0.58578637242317211 0.39696970582008367 -1.0000000180025095e-35 0.057983193546533592 0.66811594367027294 0.82514309883117687 0.93514028191566478 0.8445824682712556 0.82780584692955028 0.58464315533638012 0.35857143998146063 0.9656854271888734 0.5604878067970277 0.93514028191566478 0.84067201614379894 0.82514309883117687 0.45643940567970281 0.82780584692955028 0.93764951825141918 0.46249999105930334 0.97473672032356273 0.67755267024040233 0.99790793657302868 0.13446328043937686 9.5000000000000018
decision_type=2 2 2 2 2 2 2 2 2 2 2 2 2 2 2 2 2 2 2 2 2 2 2 2 2 2 2 2 2 2
left_child=1 4 -3 6 7 17 -4 20 9 -9 -10 -8 13 -2 -15 -7 -17 -6 -5 -16 21 -1 23 28 -24 26 -25 -27 -14 -30
right_child=12 2 3 18 5 15 11 8 10 -11 -12 -13 22 14 19 16 -18 -19 -20 -21 -22 -23 24 25 -26 27 -28 -29 29 -31
leaf_value=-0.00025370462388540931 0.026324341497899358 -0.054824623271458241 0.21643129331732705 -0.065538800196341437 0.0018127725842507555 0.091540551913524212 0.055168854181379338 -0.13801090016360903 -0.0041396316784685803 0.10909702104503718 -0.021681746716923498 0.19039220359561099 -0.0073089297893807574 0.24304244452145649 -0.089399413021866048 -0.023475449262615026 0.069788467406442622 -0.18131886383387202 0.030910689526192633 0.16567278103169647 0.033577866957036483 -0.034779711262862195 -0.1267623016509718 -0.078726933881221026 6.474981200428575e-05 0.052921890250150261 -0.00089277568223825 -0.01212395087270182 0.045044347261524148 -0.018208911579854017
leaf_weight=3696.6651086834181 72.164633791486267 22.649641503550811 9.5050040099304152 14.679354632273315 130.65441445165197 33.551995715242811 33.309614390600473 42.248846019831035 2073.3872484246467 3.4932188222119285 547.83013931756432 8.2195060569792968 129.94398847638513 4.6045665813144279 2.3840612432686612 36.034845885471441 44.275827979145106 2.7217862331308416 20.100782093359157 2.3124987940536812 62.60537616990041 73.587310933624394 10.528805511828976 65.698642275703605 2890.1361656212684 80.646237907116301 137.39726846269332 115.24540129353409 293.02858542185277 63.273611465876456
leaf_count=210390 1070 575 34 103 1262 424 175 763722 337176 45 5429 55 720 21 48 619 1605 27 225 36 596 1060 69 702 41200 805 1253 2328 3164 972
internal_value=-0.000713922 -0.00267956 0.0357471 0.0596524 -0.00329729 0.0204608 0.106983 -0.004201 -0.00971544 -0.11914 -0.0078059 0.0819325 0.00277048 0.0391425 0.138595 0.0466823 0.0279416 -0.00192436 -0.00979692 0.0361934 -0.000363972 -0.000927579 0.00198782 0.00979763 -0.000395606 -0.00607587 -0.026071 0.0146546 0.0228226 0.0338116
internal_weight=10722.9 6855.52 108.464 85.8143 6747.06 247.239 51.0341 6499.82 2666.96 45.7421 2621.22 41.5291 3867.36 81.4658 9.30113 113.863 80.3107 133.376 34.7801 4.69656 3832.86 3770.25 3785.9 885.234 2900.66 398.988 203.096 195.892 486.246 356.302
internal_count=1375910 1323522 1167 592 1322355 3937 264 1318418 1106372 763767 342605 230 52388 1175 105 2648 2224 1289 328 84 212046 211450 51213 9944 41269 5088 1955 3133 4856 4136
is_linear=0
shrinkage=0.1


Tree=186
num_leaves=31
num_cat=0
split_feature=6 3 3 5 4 2 7 7 5 3 11 4 5 6 11 5 11 2 2 11 6 11 7 3 3 7 5 6 9 10
split_gain=6.93063 10.3456 29.1523 25.9771 22.862 13.07 20.164 15.8608 12.9604 12.0412 15.375 15.3112 11.8153 11.745 10.2101 9.17699 10.417 8.3978 54.7994 62.9384 31.0489 62.7338 30.2808 25.9956 20.0103 11.5029 33.1579 27.6985 10.1849 10.0722
threshold=0.87138131260871898 0.93127068877220165 0.90064102411270153 3.5000000000000004 0.95488464832305919 0.7577352523803712 0.5634920895099641 0.84523808956146251 8.5000000000000018 0.27207793295383459 0.2788888961076737 0.13446328043937686 8.5000000000000018 0.86996778845787059 0.4220647811889649 12.500000000000002 0.70710784196853649 0.19139194488525393 0.43353414535522466 0.25403225421905523 0.97100839018821727 0.0745370388031006 0.13809524476528171 0.45870059728622442 0.12290209904313089 0.47727273404598242 2.5000000000000004 0.92232277989387523 0.93764951825141918 0.98425099253654491
decision_type=2 2 2 2 2 2 2 2 2 2 2 2 2 2 2 2 2 2 2 2 2 2 2 2 2 2 2 2 2 2
left_child=1 2 3 9 -4 6 -3 12 14 11 -11 -1 -8 15 -6 -7 -17 24 19 20 -19 -22 -21 -24 29 26 27 -20 -28 -2
right_child=17 5 4 -5 8 13 7 -9 -10 10 -12 -13 -14 -15 -16 16 -18 18 25 22 21 -23 23 -25 -26 -27 28 -29 -30 -31
leaf_value=0.032121234870773292 -0.0036979315276063941 0.32461926440661282 0.037438267331980545 0.0011737259535157087 0.33468305974546486 -0.0028541174535959188 -0.10224370483903503 0.11170641807044707 0.012072185688001336 -0.0091210583694305639 0.062412388012253718 -0.081955913411549786 0.003468937799743518 0.054467982974668587 0.11364045924020297 -0.17597755328088793 0.017949074106612877 -0.091405723599097155 0.041321969209505864 -0.072541101633856561 -0.1892863356501979 -0.70297633372600188 0.12921863027323305 -0.10347212160615703 0.048865949015733989 -0.00066824501159142469 -0.055749797771224421 -0.016616354796286436 -0.14479740456758461 0.025564587036111003
leaf_weight=34.521451759592026 800.27240803062853 1.4072670971640935 130.18178854825965 3367.2459119064411 5.1940496677434549 1874.8270517776321 39.768531443551637 5.0175548626823447 3.2651423365196015 37.881753534304892 145.27115842929925 17.848721124336862 14.401565139575494 35.74256501754553 3.4963298593647778 6.4861753604711776 4.834501541336067 8.4267275224947014 101.11495804234198 69.036990933393099 7.8275474613609219 3.414412939451438 16.139526422237399 6.8340664242023186 94.566238695335301 3224.4424420693531 77.977045604291561 448.52854326175259 15.377333422075024 137.89240869693458
leaf_count=505 13900 25 6055 714516 56 136228 1742 85 39 30223 2398 1127 185 1433 28 242 28 36355 29195 8071 3615 3838 301 343 1052 229906 35498 118459 159 983
internal_value=-0.000296789 0.00207961 0.00517192 0.00341945 0.0495921 -0.00376174 -0.0494894 -0.0583843 0.181933 0.0355263 0.047617 -0.00675836 -0.0741391 -0.00232001 0.245753 -0.00339614 -0.0931611 -0.00301247 -0.00509785 -0.0741568 -0.236526 -0.345304 -0.0394479 0.059999 0.00502249 -0.00310364 -0.0153164 -0.00595775 -0.0704177 0.000603103
internal_weight=10739.2 5727.39 3744.91 3602.77 142.137 1982.49 60.5949 59.1877 11.9555 235.523 183.153 52.3702 54.1701 1921.89 8.69038 1886.15 11.3207 5011.85 3979.12 111.679 19.6687 11.242 92.0106 22.9736 1032.73 3867.44 642.998 549.644 93.3544 938.165
internal_count=1376590 894915 754947 748769 6178 139968 2037 2012 123 34253 32621 1632 1927 137931 84 136498 270 481675 465740 52523 43808 7453 8715 644 15935 413217 183311 147654 35657 14883
is_linear=0
shrinkage=0.1


Tree=187
num_leaves=31
num_cat=0
split_feature=6 5 1 4 6 1 7 3 6 7 7 4 14 2 2 2 4 3 6 7 7 6 6 14 6 5 2 5 6 11
split_gain=5.3546 16.5429 32.2453 17.0922 16.3606 28.7732 20.7573 73.6493 45.0643 25.4871 15.8218 26.3972 13.0138 12.8169 11.237 9.29763 18.9315 19.1747 22.4826 14.8423 11.5801 13.6744 9.94095 27.3871 21.4992 14.4714 27.445 12.8821 11.6396 7.95862
threshold=0.95505049824714672 1.5000000000000002 1.0000000180025095e-35 0.95861870050430309 0.97530490159988414 1.0000000180025095e-35 0.43650794029235845 0.37298613786697393 0.97014260292053234 0.10555555671453477 0.27922078967094427 0.87585616111755382 0.44710901379585272 0.56440424919128429 0.7897985875606538 0.88548010587692272 0.92637759447097789 0.91695404052734386 0.86425063014030468 0.38750000298023229 0.42261904478073126 0.943650782108307 0.92232277989387523 0.28041014075279241 0.93405798077583324 2.5000000000000004 0.82426470518112194 2.5000000000000004 0.75235849618911754 0.75499999523162853
decision_type=2 2 2 2 2 2 2 2 2 2 2 2 2 2 2 2 2 2 2 2 2 2 2 2 2 2 2 2 2 2
left_child=1 2 3 10 5 6 7 9 -9 -2 11 -1 -12 -8 -15 22 20 18 -18 -19 29 -22 25 24 -24 26 -3 -25 -27 -17
right_child=4 15 -4 -5 -6 -7 13 8 -10 -11 12 -13 -14 14 -16 16 17 19 -20 -21 21 -23 23 27 -26 28 -28 -29 -30 -31
leaf_value=0.013869641516411849 -0.0066512203980229395 0.0082552700999856659 -0.1170459030228766 -0.073429304794288802 -0.00016152399579501503 -0.11708100198727088 -0.17577083738913701 -0.069683249795122221 -0.23825472780400775 0.2204386679720062 -0.018084763736471565 -0.38250070461618996 0.065595730278158154 0.031399643276568724 -0.0077494544491379979 0.0014968740137214138 0.051472202213867779 -0.32849107277415912 -0.14200510512909131 0.0045003638181303554 0.051079390685647756 -0.18246761731445202 -0.036947254607803924 -0.027717914357861174 0.16978529191727279 0.001970384912869575 0.094904810571882062 0.046475508424627859 -0.0076528722060789081 -0.1635217323228495
leaf_weight=127.82278426846491 248.72782138437651 263.72883997104805 15.725511420158737 15.291233488098724 2310.266045253833 27.960242157983771 3.8646065958987483 75.095449912191825 20.10418749113704 5.0424531194188651 21.252238289153013 1.702558412691302 148.06171246347142 119.99053977170331 188.48907607056003 41.510150740863651 8.8314102469673816 1.3399787172224922 18.77305759903652 1257.9117866850302 159.24198964768664 2.5471366104789004 8.0114942406023548 366.62383507491313 13.519041938729691 2961.9091015220019 42.435326153135748 24.997755663744158 2183.4109019900789 3.1439746955875298
leaf_count=24472 6492 33401 12629 675 237686 8650 150 28754 4084 96 639 369 5311 2018 3138 4727 141 21 382 91918 5460 53 635 32094 961 559395 3732 1408 306461 147
internal_value=-0.000612082 0.000786074 0.022695 0.0296904 -0.00419554 -0.0177165 -0.0135154 -0.0302765 -0.105282 -0.00213891 0.034967 0.00865951 0.0550922 0.0052112 0.00747853 -0.0001961 0.00684848 0.00233872 -0.0801065 0.00414603 0.0349599 0.0474025 -0.00198985 -0.0169452 0.0928603 -0.000856426 0.0202652 -0.022982 -0.00211323 -0.0101216
internal_weight=10687.3 7687.79 329.856 314.131 2999.54 689.274 661.314 348.97 95.1996 253.77 298.839 129.525 169.314 312.344 308.48 7357.94 1493.3 1286.86 27.6045 1259.25 206.443 161.789 5864.64 413.152 21.5305 5451.48 306.164 391.622 5145.32 44.6541
internal_count=1376099 1085031 44095 31466 291068 53382 44732 39426 32838 6588 30791 24841 5950 5306 5156 1040936 102849 92462 523 91939 10387 5513 938087 35098 1596 902989 37133 33502 865856 4874
is_linear=0
shrinkage=0.1


Tree=188
num_leaves=31
num_cat=0
split_feature=9 9 12 5 2 6 2 6 6 2 2 6 10 2 2 10 9 6 2 2 6 7 9 6 5 12 3 6 3 6
split_gain=8.1854 5.62369 12.8161 12.5092 18.2249 12.1427 9.26876 6.94738 8.90274 6.70837 7.50113 6.61269 5.93161 15.0277 12.5478 10.4497 7.62347 7.27693 6.29564 5.23862 6.03337 5.95699 4.81538 4.81156 11.1342 12.1125 11.579 11.1669 10.3402 9.83575
threshold=0.98124927282333385 0.95009577274322521 -1.0000000180025095e-35 10.500000000000002 0.71516755223274242 0.86729559302330028 0.75147059559822094 0.96609193086624157 0.99137932062149059 0.57267081737518322 0.77849927544593822 0.2674796879291535 0.95013812184333812 0.84889996051788341 0.84660634398460399 0.96984851360321056 0.8008810579776765 0.74133810400962841 0.37347985804080969 0.93788579106330883 0.90990260243415844 0.73214286565780651 0.96799793839454662 0.31957446038722997 14.500000000000002 1.0000000180025095e-35 0.57173579931259166 0.47114317119121557 0.30774615705013281 0.55291152000427257
decision_type=2 2 2 2 2 2 2 2 2 2 2 2 2 2 2 2 2 2 2 2 2 2 2 2 2 2 2 2 2 2
left_child=1 12 5 19 11 9 -6 -7 -9 22 -11 -5 -1 14 18 -16 -15 -18 -14 21 -21 -4 -3 -2 29 27 28 -26 -27 -25
right_child=23 2 3 4 6 7 -8 8 -10 10 -12 -13 13 16 15 -17 17 -19 -20 20 -22 -23 -24 24 25 26 -28 -29 -30 -31
leaf_value=-0.0020347642539815078 0.044337050553238 -0.096206186129408081 -0.009797166165733364 0.10427038279245136 0.19910197805150118 0.045812937737216015 0.061475476719380952 -0.21148065324545279 0.038033419271357727 -0.21777957655046709 -0.088322524488652826 -0.010130329302508807 -0.0064932263242244983 -0.0021912356677901111 -0.29113807532883806 0.00039385958052537992 0.36139048276690106 0.040264357718237442 0.0087057334421958826 0.072941520851486266 -0.010847897697871329 -0.038204722588174034 0.044075925229910752 0.051081630851596421 0.14659551045240896 -0.0026493196460202592 0.032225957061960485 -0.07296284364809634 -0.12280472169625074 0.0075877994301081332
leaf_weight=8143.6872367106043 38.98920676484704 5.4516064241761359 377.92432166752405 5.58416923880577 7.3536291876807836 12.389271453954281 14.627054363954811 2.8762128427624694 2.8439348246902227 6.9417712907306877 12.599878361448644 53.085142606956651 529.45019543572562 53.500601091334829 2.6952265966683617 2.2608886898960918 0.70901805255561967 149.08933853951748 561.61247846877086 14.912160810781641 20.282063955586636 91.735520384740084 4.4397210807073861 58.806518576689996 6.2379208626225573 10.315369280520825 10.960925832274368 3.6849395781755447 23.429914099164307 448.80812036717543
leaf_count=1339039 128 90 3015 30 33 74 96 17 84 49 84 617 5180 2185 21 42 6 4955 6269 61 817 862 24 422 43 51 186 42 235 11837
internal_value=-0.000969007 -0.00164535 -0.0107697 -0.00671524 0.0298552 -0.0607023 0.107518 0.0037268 -0.0874276 -0.100344 -0.134309 0.000758378 -0.00103366 0.00524091 0.000609128 -0.158147 0.0302116 0.0417843 0.00133027 -0.0125573 0.0246546 -0.0153458 -0.0332406 0.0103658 0.00801001 -0.0348865 -0.0570705 0.0650606 -0.0860752 0.0126265
internal_weight=10677.3 10076.1 633.046 585.504 80.65 47.5424 21.9807 18.1094 5.72015 29.433 19.5416 58.6693 9443 1299.32 1096.02 4.95612 203.299 149.798 1091.06 504.854 35.1942 469.66 9.89133 601.233 562.244 54.6291 44.7062 9.92286 33.7453 507.615
internal_count=1376594 1363650 5953 5531 776 422 129 175 101 247 133 647 1357697 18658 11512 63 7146 4961 11449 4755 878 3877 114 12944 12816 557 472 85 286 12259
is_linear=0
shrinkage=0.1


Tree=189
num_leaves=31
num_cat=0
split_feature=11 10 10 4 9 9 5 4 9 4 9 14 9 11 11 7 5 3 2 3 9 7 7 10 6 9 9 14 3 2
split_gain=6.93484 13.3779 13.3201 13.0593 13.0499 11.5645 15.366 10.4517 10.3046 12.6741 9.28589 11.011 8.8974 8.81349 15.2244 36.8005 9.84593 9.82308 10.7004 13.396 12.81 9.20429 33.5342 16.3591 8.44665 8.30871 14.6678 10.2736 18.0086 9.85667
threshold=0.55902779102325451 0.95780044794082653 0.88944444060325634 0.79772728681564342 0.75056561827659618 0.86558434367179882 5.5000000000000009 0.75147059559822094 0.61190623044967662 0.083920188248157515 0.6584608554840089 0.38810715079307562 0.61772406101226818 0.54006412625312816 0.5313725769519807 0.47727273404598242 7.5000000000000009 0.069098144769668593 0.11852502077817918 0.086038962006568923 0.77563387155532848 0.31666667759418493 1.0000000180025095e-35 0.90029239654541027 0.86729559302330028 0.67755267024040233 0.82780584692955028 0.46719524264335638 0.077325176447629942 0.87585616111755382
decision_type=2 2 2 2 2 2 2 2 2 2 2 2 2 2 2 2 2 2 2 2 2 2 2 2 2 2 2 2 2 2
left_child=1 13 4 7 8 -6 -7 10 -2 -10 12 -12 -3 14 21 24 -17 -15 19 -19 -20 22 -1 -23 -16 -4 29 28 -28 -27
right_child=2 3 25 -5 5 6 -8 -9 9 -11 11 -13 -14 17 15 16 -18 18 20 -21 -22 23 -24 -25 -26 26 27 -29 -30 -31
leaf_value=-0.0055961018609672446 -0.009971824160992987 -0.0021112057467518267 -0.019832649663578696 0.05475251220891092 -0.0017241504759239489 -0.0080888994141628309 0.12048662333607096 -0.15690662061396543 -0.20038535231620158 0.084274880417486708 -0.15812889703819449 0.043805990127991537 -0.10002252585948834 0.21028230006980642 0.039068183062000682 -0.0068493950885237815 -0.12279067402406946 0.027889066385244233 0.027707077199379666 -0.1034211674134935 -0.035423170863040511 -0.00066836886666239042 -0.053876087032053432 -0.020595495261653038 0.11473994586763139 0.012475813736011265 0.028868526568207521 -0.0009526402323016917 -0.15130688288095873 0.058881079122257242
leaf_weight=1098.3908347828674 17.662969335680827 65.08409461285919 196.90470163855935 74.598863084014738 168.94850241881795 17.603725079796277 19.692798106116243 3.9606427402468389 1.606439250987022 59.347257653600536 2.8205862529575816 63.287224281695671 10.824657276389187 1.7506207800470281 25.782924014551099 18.806904722587209 11.996836483478544 10.229291884752454 47.667714926530607 32.305586263653822 98.683987927797716 4733.6859787121084 165.54740987100195 451.24739755928749 34.473989554564469 431.63061937139719 10.210670482716525 2711.5224135534372 12.14648923819186 51.201077485602582
leaf_count=230999 181 514 2336 2366 1938 324 176 45 23 622 14 644 105 11 444 169 79 50 706 224 1580 568881 515054 3643 181 3941 50 39280 73 1354
internal_value=-0.00165685 -0.00351823 0.00184153 0.0207151 0.0226162 0.00940159 0.0597998 0.00332091 0.0572836 0.0767726 0.00778943 0.0351901 -0.0160734 -0.00431241 -0.00369459 0.0369086 -0.0520039 -0.0255073 -0.0276926 -0.0718421 -0.0148612 -0.00426792 -0.0119197 -0.00240264 0.0823613 0.000107918 0.00132854 -0.00150928 -0.0690195 0.0173968
internal_weight=10649.6 6951.15 3698.48 220.576 284.862 206.245 37.2965 145.977 78.6167 60.9537 142.017 66.1078 75.9088 6730.57 6539.93 91.0607 30.8037 190.637 188.887 42.5349 146.352 6448.87 1263.94 5184.93 60.2569 3413.62 3216.71 2733.88 22.3572 482.832
internal_count=1376007 1325709 50298 3688 3264 2438 500 1322 826 645 1277 658 619 1322021 1319450 873 248 2571 2560 274 2286 1318577 746053 572524 625 47034 44698 39403 123 5295
is_linear=0
shrinkage=0.1


Tree=190
num_leaves=31
num_cat=0
split_feature=10 3 2 14 6 2 6 10 6 2 14 14 10 2 12 10 2 10 5 6 3 10 7 2 10 6 14 4 10 14
split_gain=5.23135 23.9489 29.2538 15.4797 10.5465 24.3081 85.1571 10.8396 9.94312 9.26801 18.1395 6.72339 13.8737 14.777 6.66338 6.23274 9.49171 6.7106 5.47615 16.896 11.2599 8.54391 7.6268 8.4171 6.25242 11.1729 14.653 22.4482 13.0536 12.2085
threshold=0.61410415172576915 0.66711711883544933 0.25493229925632482 0.85335588455200206 0.97100839018821727 0.2930081188678742 0.97182539105415355 0.60326328873634349 0.97182539105415355 0.1085995100438595 0.28041014075279241 0.51845327019691478 0.45788761973381048 0.84660634398460399 1.0000000180025095e-35 0.59868276119232189 0.073622401803731932 0.51253139972686779 19.500000000000004 0.36032786965370184 0.58172541856765758 0.87895438075065624 0.054093567654490478 0.71209660172462474 0.8445824682712556 0.82650500535964977 0.73530876636505138 0.65261757373809826 0.86873257160186779 0.51845327019691478
decision_type=2 2 2 2 2 2 2 2 2 2 2 2 2 2 2 2 2 2 2 2 2 2 2 2 2 2 2 2 2 2
left_child=1 2 8 11 -4 6 -6 -7 15 -10 -11 -3 14 -14 -13 17 -17 -1 24 21 -21 -20 -22 -24 -2 28 27 -27 -26 -30
right_child=18 3 4 -5 5 7 -8 -9 9 10 -12 12 13 -15 -16 16 -18 -19 19 20 22 -23 23 -25 25 26 -28 -29 29 -31
leaf_value=0.00047459534787050233 0.008039547877694073 -0.00037649748741786892 -0.094245390986777283 0.61365470832585922 -11.466701592850109 -0.20254572153837685 -0.10016307412113286 -1.4435923242434512 0.022498016875048807 0.17081344458374761 1.0638139632189856 -0.091363114334826648 0.034822443486996001 -0.029842541311098154 0.019890522959228694 0.2925585087270296 0.0019510999598508071 -0.10373011460867379 -0.038227373259922461 -0.10352842345189142 0.098035371614762334 0.017318860388713695 -0.061841124559101873 0.069004568523549747 0.031448918112555124 -0.0061669188240014751 0.0026659794857477204 -0.045329186704464175 0.023060425025068367 0.0010371756216124262
leaf_weight=12.158264337684139 1652.7731273984673 3310.2951682595535 19.93457864821476 0.4092082679271688 0.0086458313421918787 9.5993247634622136 0.02773559555211591 0.070897701778449895 4.2622710257045417 1.952435550742621 0.25746487556835962 32.491177555023825 55.940547623741949 95.953665250250694 6.4526696313926655 1.3205695973983873 7.5469945170061692 12.568426261019878 35.961668785352344 28.281690939467353 4.7891519991171654 120.41381047562754 26.13026967611529 6.0557325549598309 184.10845515610708 945.65250047086738 1612.4041455172992 173.17174403439276 287.51871684197977 2021.0195177998394
leaf_count=24230 81790 45100 376765 1 8 23959 475 185 1021 81 378 629745 53747 34796 3121 499 2002 15163 3476 4122 37 1027 1156 33 3698 10996 26872 1502 3980 26372
internal_value=0.000609548 -0.00251222 -0.0605516 -0.00135679 -0.135869 -0.221351 -2.80135 -0.211645 -0.00483187 0.108664 0.274853 -0.00142867 -0.0196798 -0.00602732 -0.0729293 -0.0266976 0.0452287 -0.052492 0.00218016 -0.0132914 -0.0560325 0.00454489 -0.0197037 -0.0372228 0.0026788 0.00098272 -0.0034354 -0.0122285 0.00582372 0.00378008
internal_weight=10669.5 3571.25 69.7076 3501.54 29.6412 9.7066 0.0363814 9.67022 40.0664 6.47217 2.2099 3501.13 190.838 151.894 38.9438 33.5943 8.86756 24.7267 7098.28 221.632 65.2568 156.375 36.9752 32.186 6876.65 5223.88 2731.23 1118.82 2492.65 2308.54
internal_count=1376337 1211276 444766 766510 401392 24627 483 24144 43374 1480 459 766509 721409 88543 632866 41894 2501 39393 165061 9851 5348 4503 1226 1189 155210 73420 39370 12498 34050 30352
is_linear=0
shrinkage=0.1


Tree=191
num_leaves=31
num_cat=0
split_feature=6 5 4 2 6 9 2 3 4 6 6 7 7 7 10 10 6 14 1 14 14 6 14 4 10 9 14 1 9 2
split_gain=3.33838 11.6802 15.3905 16.1335 17.4789 15.9237 10.8542 17.0605 27.2225 14.3668 11.9262 17.2992 30.6068 17.4077 10.2068 9.1458 8.45141 8.32572 11.8257 7.96596 12.337 6.5122 14.1093 19.1895 10.5924 9.45338 7.54908 7.1517 6.3936 5.48694
threshold=0.84698995947837841 3.5000000000000004 0.70659971237182628 0.26766170561313635 0.77459675073623668 0.7161327898502351 0.81872946023941051 0.92015627026557933 0.95488464832305919 0.77459675073623668 0.68819445371627819 0.73214286565780651 0.58571431040763866 0.89444443583488475 0.85766234993934642 0.88944444060325634 0.81191039085388195 0.93514028191566478 1.0000000180025095e-35 0.41562065482139593 0.41930352151393896 0.85053193569183361 0.33878655731678015 0.10762548446655275 0.90952175855636608 0.51321610808372509 0.42285066843032842 1.0000000180025095e-35 0.45788761973381048 0.097167581319808974
decision_type=2 2 2 2 2 2 2 2 2 2 2 2 2 2 2 2 2 2 2 2 2 2 2 2 2 2 2 2 2 2
left_child=1 2 3 14 5 -5 10 8 9 -8 29 12 -12 -13 -1 -16 -6 19 -19 -4 -21 22 23 25 -24 -2 -26 -28 -25 -3
right_child=21 6 17 4 16 -7 7 -9 -10 -11 11 13 -14 -15 15 -17 -18 18 -20 20 -22 -23 24 28 26 -27 27 -29 -30 -31
leaf_value=-0.096256307714402967 -0.14161598262190489 -0.02323715777486926 -0.10906272296155664 0.44078186251312446 -0.01353516138240337 0.13865439643658822 0.060743091739650527 0.0042529753492114722 0.2111285826420288 0.010433537333291373 -0.013002240702824684 -0.073471175070034991 0.038732079570746689 0.091570336660505944 0.19501772471174117 0.011529605159282759 0.093057110186123754 0.11879221403305135 -0.12626259163890127 0.53934264953531574 0.016444063847633257 5.9506459886028187e-05 -0.087173604915744288 0.66185754931321972 -0.18937484583104927 0.1840986319122293 0.028690177284197295 -0.14458065999874822 0.060059810830280502 0.0043760700478588958
leaf_weight=7.722852871822762 1.7050968685650283 74.815154822896602 5.1161077554570502 2.4532128823047668 9.6428891457198755 6.0382485300069675 81.972229673468917 1457.8818187086108 8.1783219203764457 184.5677907267862 892.88389363645899 64.677648871097063 131.1540006536917 7.091488875419599 3.1460175083484527 19.895812610746361 32.536449445010852 2.4898561863228652 9.4182143226498738 0.45310106873512168 107.85510759063912 5640.7448311763301 29.823888458380502 0.77142214940658937 2.0063562579453018 1.8664803982828742 24.286726469756108 2.6411408218555144 0.22893157170619816 1886.0961977119696
leaf_count=912 195 14376 178 673 1926 40 6845 105895 59 10134 255231 2655 4821 128 26 146 8523 87 101 1 10529 547365 7291 206 14 52 248 28 13 398045
internal_value=0.00135457 0.00324191 0.0265124 0.0603587 0.0950408 0.22594 0.00223726 0.00856052 0.0314199 0.0259058 -0.00134687 -0.00970262 -0.00637635 -0.0571635 0.00323575 0.0365822 0.0686884 0.00452065 -0.0750241 0.0128718 0.0186316 -0.000298514 -0.0321871 0.137025 -0.0453533 0.0286001 -0.00224719 0.0116954 0.524136 0.00332254
internal_weight=10700.2 4996.09 206.768 81.4355 50.6708 8.49146 4789.32 1732.6 274.718 266.54 3056.72 1095.81 1024.04 71.7691 30.7647 23.0418 42.1793 125.332 11.9081 113.424 108.308 5704.07 63.33 4.57193 58.7581 3.57158 28.9342 26.9279 1.00035 1960.91
internal_count=1376743 821331 23142 12246 11162 713 798189 122933 17038 16979 675256 262835 260052 2783 1084 172 10449 10896 188 10708 10530 555412 8047 466 7581 247 290 276 219 412421
is_linear=0
shrinkage=0.1


Tree=192
num_leaves=31
num_cat=0
split_feature=2 6 6 6 14 14 14 10 10 14 14 7 10 10 3 14 5 7 6 1 6 3 2 2 14 5 2 5 2 11
split_gain=4.56375 9.22599 13.6084 13.486 12.3431 8.2422 6.9839 9.48476 6.50641 5.02876 9.51401 11.6538 6.53024 12.7021 8.95907 6.21047 15.7376 17.9064 11.6011 6.20439 6.12328 9.3506 37.384 9.8702 9.20215 7.45677 5.49896 5.26971 22.5194 5.77801
threshold=0.078689370304346098 0.93142634630203258 0.90550595521926891 0.92637759447097789 0.44862978160381323 0.53452929854393016 0.30646908283233648 0.60326328873634349 0.71591943502426159 0.46408674120903021 0.46719524264335638 0.64583334326744091 0.91813588142395031 0.98425099253654491 0.086038962006568923 0.45641395449638372 1.5000000000000002 0.64583334326744091 0.46225070953369146 1.0000000180025095e-35 0.76253134012222301 0.84475743770599376 0.75147059559822094 0.83910790085792553 0.47230462729930883 7.5000000000000009 0.91010102629661571 13.500000000000002 0.77003204822540294 0.43095238506793981
decision_type=2 2 2 2 2 2 2 2 2 2 2 2 2 2 2 2 2 2 2 2 2 2 2 2 2 2 2 2 2 2
left_child=1 2 5 4 -4 6 -1 -8 -3 15 11 12 14 -14 -11 26 19 18 -18 -17 24 22 -22 -23 -12 -26 27 29 -29 -2
right_child=9 8 3 -5 -6 -7 7 -9 -10 10 20 -13 13 -15 -16 16 17 -19 -20 -21 21 23 -24 -25 25 -27 -28 28 -30 -31
leaf_value=-0.067423783993163691 -0.0012574723011413969 -0.11377872487577663 -0.15193841728525204 -0.049361531269036536 -0.49216754822599262 -0.15216357404771808 0.3966777759516818 -0.0051306154847007845 0.024665753109907394 0.27293716145083968 -0.10236174670330277 0.096792352574560578 -0.21695763920804204 0.045071553996351571 -0.039655182982947387 -0.0066252954942448514 -0.13578715380062484 0.2195958378015026 0.043854638554797286 -0.10462352130983517 -0.00028680112691728012 0.014344698701668174 -0.035531608334143636 -0.0011538531378244734 0.014250438576420927 0.0012333804377061804 -0.12780993085272127 0.016429007887087666 0.27208993253397934 0.012171323069639046
leaf_weight=19.793924550579717 1239.2824454062895 3.5894687534032519 4.1510764651374101 11.288115162057691 1.434884689748287 4.3728894706582642 0.59056113869327376 112.36884923253137 62.531571948900819 0.92994640767541525 8.1177981984719718 6.2135398574173442 5.530680872674564 2.7798968302085996 65.190317833676417 41.494840310903598 3.7411314057995488 5.6788932234048835 91.963760129963362 7.6517759224445845 1341.8270702375855 461.13785914241635 387.96586721755216 3772.2912378912188 574.76841721597452 1877.8770473189459 3.1879783868789664 112.09214111639585 3.5545571809634557 432.13399571599439
leaf_count=9216 270741 564 191 140 10 57 1242 4981 339 6 5634 39 71 19 10407 4241 1047 13 20417 207 186748 21694 45815 336031 95203 326425 31 32627 28 2468
internal_value=0.000155689 -0.0140939 -0.0275087 -0.11225 -0.239334 -0.0170809 -0.0126312 -0.00302993 0.0171501 0.000455977 -0.000592185 -0.0347764 -0.0457599 -0.129309 -0.0352587 0.00504909 0.0245574 0.0470697 0.0368324 -0.0218829 -0.000264933 -0.00199685 -0.00819167 0.000534369 0.00393207 0.00428388 0.00340877 0.00364285 0.0242871 0.00221446
internal_weight=10665.5 220.121 154 16.8741 5.58596 137.126 132.753 112.959 66.121 10445.4 8504.63 80.6444 74.4308 8.31058 66.1203 1940.78 150.53 101.384 95.7049 49.1466 8423.99 5963.22 1729.79 4233.43 2460.76 2452.65 1790.25 1787.06 115.647 1671.42
internal_count=1376652 16740 15837 341 201 15496 15439 6223 903 1359912 1028092 10542 10503 90 10413 331820 25925 21477 21464 4448 1017550 590288 232563 357725 427262 421628 305895 305864 32655 273209
is_linear=0
shrinkage=0.1


Tree=193
num_leaves=31
num_cat=0
split_feature=14 7 14 14 6 6 6 7 6 1 5 5 5 11 4 14 4 6 10 4 5 6 1 7 7 11 11 11 11 5
split_gain=4.07823 8.91033 9.93482 9.26571 20.1255 9.73678 9.13521 7.33401 20.9632 10.3149 17.7062 7.67878 14.3067 6.36325 22.5238 14.6556 14.4054 10.2269 9.1256 8.5777 6.08189 15.0694 12.0718 13.3839 11.6384 12.0499 11.1907 14.3731 10.3144 10.0816
threshold=0.49131728708744055 0.76388889551162731 0.47664335370063787 0.47396604716777807 0.84045451879501354 0.85239651799201976 0.83156028389930736 0.81666666269302379 0.89009663462638866 1.0000000180025095e-35 3.5000000000000004 11.500000000000002 7.5000000000000009 0.47722567617893225 0.10300619155168535 0.48021948337554937 0.91715687513351452 0.92940199375152599 0.88944444060325634 0.2930081188678742 7.5000000000000009 0.79516318440437328 1.0000000180025095e-35 0.84523808956146251 0.86607143282890331 0.97727271914482128 0.10762548446655275 0.12660256773233416 0.15075758099555972 8.5000000000000018
decision_type=2 2 2 2 2 2 2 2 2 2 2 2 2 2 2 2 2 2 2 2 2 2 2 2 2 2 2 2 2 2
left_child=1 2 3 -1 6 -6 -5 8 11 -10 -11 12 -3 16 15 -15 18 -18 -4 -16 -2 26 24 -24 25 -23 -22 29 -29 -28
right_child=20 7 13 4 5 -7 -8 -9 9 10 -12 -13 -14 14 19 -17 17 -19 -20 -21 21 22 23 -25 -26 -27 27 28 -30 -31
leaf_value=0.0020845713132633397 -0.00053617703405983534 0.040127714941685384 -0.11499315740741403 -0.0050578207229194988 -0.073019665812133372 -0.024147141594008353 0.036076257899134732 0.0037733736612522092 -0.15464297064880131 0.1097334231289239 -0.1025367921403208 -0.01964666742635103 0.12707593061385872 0.085648950227758064 0.081376704567282257 -0.031359756989475414 0.13608068078090549 0.012090483529829438 0.037017314814959394 0.23633096528571351 -0.1109795174265566 -0.11544845672444959 0.067525500119227089 -0.31289381333152105 0.10318448680710564 0.11611447090383178 0.2113810766715255 -0.13321263998205743 -0.0053105164506014341 0.0052246661179800695
leaf_weight=2301.6956467522514 5069.9028681152431 84.835467554628849 14.265746366778446 589.42930704550906 54.760134054820043 159.50300178725169 59.43425752387077 171.55332332104445 7.002522587776185 7.0227521285414687 8.9218053817749023 13.799239203333853 24.357687411829829 14.397698787885018 36.455266122240573 41.731596583442297 7.0325594075683275 123.01781772077084 5.4610579099971792 3.9605426283669649 10.039780220007513 35.294057701436145 10.010287910308191 1.0189594561379625 3.0242750050092573 2.4000416803173712 5.1915525952132437 6.3273625164069918 1788.6208051133724 4.3679075566786807
leaf_count=380019 613118 307 42404 7888 570 4078 529 653 32 21 46 70 92 65 235 251 64 335 175 137 255523 1671 383 81 21 16 1672 3676 52821 9017
internal_value=-0.000899017 0.00176811 0.000276732 -0.00122886 -0.0100648 -0.0366377 -0.00129004 0.0177915 0.03427 -0.0534741 -0.00904275 0.0506407 0.0595232 0.019621 0.0396402 -0.00134591 0.00671685 0.0187953 -0.0729114 0.0965614 -0.00233277 -0.00721331 -0.0604237 0.0323797 -0.085561 -0.100704 -0.00569584 -0.00511007 -0.00576138 0.117184
internal_weight=10664.8 3728.64 3411.14 3164.82 863.127 214.263 648.864 317.493 145.939 22.9471 15.9446 122.992 109.193 246.322 96.5451 56.1293 149.777 130.05 19.7268 40.4158 6936.2 1866.3 51.7476 11.0292 40.7184 37.6941 1814.55 1804.51 1794.95 9.55946
internal_count=1375970 437971 436750 393084 13065 4648 8417 1221 568 99 67 469 399 43666 688 316 42978 399 42579 372 937999 324881 2172 464 1708 1687 322709 67186 56497 10689
is_linear=0
shrinkage=0.1


Tree=194
num_leaves=31
num_cat=0
split_feature=5 6 14 6 4 10 7 4 10 14 4 7 4 11 7 3 6 4 7 4 4 6 1 6 7 9 14 4 6 3
split_gain=4.50355 31.2611 12.9597 20.2603 11.0429 13.5004 14.027 10.8318 11.7737 23.199 15.2281 21.7348 14.4903 11.2678 10.586 19.1752 11.7156 10.0386 8.78129 15.6378 8.65842 8.57683 50.0548 17.61 15.1104 13.8586 8.47257 13.0018 10.3399 13.4023
threshold=2.5000000000000004 0.91751700639724743 0.35977533459663397 0.93142634630203258 0.74133810400962841 0.65012314915657055 0.47727273404598242 0.91715687513351452 0.90952175855636608 0.36516676843166357 0.3442887961864472 0.38750000298023229 0.17192118614912036 0.4463601559400559 0.47727273404598242 0.93565237522125255 0.8989795744419099 0.95488464832305919 0.36931818723678594 0.74601566791534435 0.057556936517357833 0.97530490159988414 1.0000000180025095e-35 0.97014260292053234 0.36931818723678594 0.32446582615375524 0.4308938086032868 0.86706829071044933 0.89009663462638866 0.57036584615707409
decision_type=2 2 2 2 2 2 2 2 2 2 2 2 2 2 2 2 2 2 2 2 2 2 2 2 2 2 2 2 2 2
left_child=1 7 3 4 5 6 -2 8 9 -1 12 -12 -10 -11 15 -9 -16 -18 19 -6 -7 22 23 24 -3 -25 27 -4 -28 -30
right_child=2 21 26 -5 18 20 -8 14 10 13 11 -13 -14 -15 16 -17 17 -19 -20 -21 -22 -23 -24 25 -26 -27 28 -29 29 -31
leaf_value=-0.035191907793327155 -0.074587085486178192 -0.0092084552006774373 -0.0091693172372007466 0.58582650730459096 0.67939760274266225 -0.12293548873907473 0.10487643904069191 -0.21567177223254991 0.0079848985894720725 0.049945611222873998 0.071072335775998849 -0.0095870531672249577 -0.11661797155102943 0.11020785888842249 -0.0088170051244236165 0.13675346357077792 -0.36378212936406329 -0.094099384677687539 0.089113390312139995 -0.10066063546858608 0.026651090938149852 0.0038738638249768472 -0.11759921204801754 0.031902085408136265 0.012751817345252004 -0.052833931738790085 -0.00028851014501330666 -0.060663173020285815 0.019766990657476322 -0.028180325235553166
leaf_weight=24.250489519101762 26.57400344892449 689.25757054130372 385.63243748570358 0.63089364884467514 0.76330785872414642 3.9341554991433432 5.2089342651888719 2.0515507145962619 26.465292402077466 89.067130404428752 72.186698421486653 62.188035772298463 14.417268568475263 47.61509737058077 7.0233055766608441 6.2385534434450847 2.2891477006888863 3.4764615279477766 2.8285204381681979 0.38743822069227463 235.40241937722499 2305.0003810021153 39.078272095730426 23.503515711349138 574.48450650393397 107.94903636602086 5474.3778665663122 56.17614808870394 73.949336626072977 275.43622008489285
leaf_count=2671 47953 96001 123467 15 37 995 68 39 155 35242 879 570 385 416 167 231 159 70 164 91 5761 237338 15790 964 13437 5227 760565 1503 9275 16449
internal_value=0.000196172 0.00279618 -0.0014321 0.0197858 0.0184877 0.0160604 -0.0451746 0.0310573 0.0354173 0.0549462 0.0174845 0.0337435 -0.0359564 0.0709388 -0.0384803 0.0495388 -0.0955365 -0.201173 0.183865 0.416764 0.0241922 9.5967e-05 -0.00597544 -0.00284895 0.000774465 -0.0376833 -0.00236584 -0.0157168 -0.001353 -0.018032
internal_weight=10637.8 4096.54 6541.3 275.73 275.099 271.12 31.7829 357.269 336.19 160.933 175.257 134.375 40.8826 136.682 21.079 8.2901 12.7889 5.76561 3.97927 1.15075 239.337 3739.27 1434.27 1395.19 1263.74 131.453 6265.57 441.809 5823.76 349.386
internal_count=1376084 409741 966343 55084 55069 54777 48021 40984 40318 38329 1989 1449 540 35658 666 270 396 229 292 128 6756 368757 131419 115629 109438 6191 911259 124970 786289 25724
is_linear=0
shrinkage=0.1


Tree=195
num_leaves=31
num_cat=0
split_feature=5 7 1 6 2 6 7 2 3 6 5 3 6 3 6 2 7 7 12 2 7 6 5 2 2 11 11 3 9 5
split_gain=6.69115 2.97143 18.4247 26.8782 45.4793 23.1472 21.9087 14.5115 77.4131 20.8333 19.2008 18.9965 27.09 17.1029 28.6785 19.8001 16.5094 14.9112 13.5405 10.2125 9.50096 13.2884 14.6869 10.0103 16.2703 9.39111 9.23979 8.856 41.3644 7.13269
threshold=30.500000000000004 0.58571431040763866 1.0000000180025095e-35 0.86240702867507946 0.86240702867507946 0.79516318440437328 0.47727273404598242 0.80206185579299938 0.85037314891815197 0.86996778845787059 3.5000000000000004 0.87839940190315258 0.74388790130615245 0.92334401607513439 0.65571120381355297 0.64899963140487682 0.84523808956146251 0.73214286565780651 1.0000000180025095e-35 0.79431909322738659 0.5634920895099641 0.66954022645950328 7.5000000000000009 0.83438816666603099 0.91616466641426098 0.13100686669349673 0.80476191639900219 0.8139224946498872 0.93764951825141918 18.500000000000004
decision_type=2 2 2 2 2 2 2 2 2 2 2 2 2 2 2 2 2 2 2 2 2 2 2 2 2 2 2 2 2 2
left_child=1 2 20 4 5 -4 -6 13 9 10 -9 12 -10 14 26 -16 17 -15 -11 -18 23 29 -23 25 -25 -1 -3 28 -5 -22
right_child=-2 7 3 27 6 -7 -8 8 11 18 -12 -13 -14 16 15 -17 19 -19 -20 -21 21 22 -24 24 -26 -27 -28 -29 -30 -31
leaf_value=-0.018759868126963231 -0.074604781562115641 -2.3136274803504215e-05 -0.021479644782083997 -0.038241740381422112 -0.12156483599350182 -0.16800790408863897 0.15200960011823211 0.32881042031605046 0.16037395416448066 -0.10099443596779899 -0.032513377921920709 0.0023727038043261871 -0.048277198354325618 0.018824249738137552 -0.011069092100705908 0.040866473279462294 0.0027545277196857889 -0.073473515839727763 -0.21586091523029452 0.13353784308490019 0.11669745632277446 -0.021317603701220014 -0.12329391968755937 0.024519279236378987 -0.0083916179685414784 0.00016470346994994515 -0.080406902291050575 -0.12397867643109683 1.4782208549104805 -0.097629363201793662
leaf_weight=280.63720177889763 11.898524941207141 362.54070943435227 197.08992594824721 3.558946133604223 3.3959606079830591 11.404764925770023 21.210866959217128 1.705241398881866 6.5689411775649935 49.754959642992333 10.693325464982705 4049.8617765355066 117.99974135639943 24.474721504534301 87.278235025282299 461.87877164980301 130.80779778621081 61.453740812858058 12.92908808418724 6.256317992739695 7.9772682398307762 52.910062228388483 19.265738949457045 404.60142108899811 238.91827361842468 3995.5304652360714 14.886827471549621 32.307661721304129 0.18944646115414787 1.9280284705546362
leaf_count=677605 4982 12069 71653 15397 981 3891 576 17 201 1995 406 311871 4190 272 2835 10909 8605 2046 93 278 94 1013 324 29767 12060 170913 447 30939 10 39
internal_value=0.00034351 0.000427087 -0.00126186 -0.0267487 -0.0143203 -0.0294948 0.114254 0.00207595 -0.000620523 -0.10126 0.0171814 0.0011896 -0.0372743 0.0120437 0.0180274 0.0326123 -0.0128199 -0.0471846 -0.124687 0.00872416 0.000109644 -0.0336322 -0.0485379 0.000672601 0.0123005 -0.00107728 -0.0031937 -0.107098 0.0384014 0.0749796
internal_weight=10681.9 10670 5270.93 269.158 233.102 208.495 24.6068 5399.09 4249.51 75.0826 12.3986 4174.43 124.569 1149.58 926.585 549.157 222.993 85.9285 62.684 137.064 5001.77 82.0811 72.1758 4919.69 643.52 4276.17 377.428 36.0561 3.74839 9.9053
internal_count=1376478 1371496 1015262 123447 77101 75544 1557 356234 318773 2511 423 316262 4391 37461 26260 13744 11201 2318 2088 8883 891815 1470 1337 890345 41827 848518 12516 46346 15407 133
is_linear=0
shrinkage=0.1


Tree=196
num_leaves=31
num_cat=0
split_feature=10 11 11 11 9 9 9 6 10 14 9 6 2 6 9 6 11 11 4 7 4 9 11 6 3 10 9 10 10 10
split_gain=5.1987 17.7997 12.5672 14.2202 18.7447 17.9797 17.0015 17.7123 13.0887 21.3595 14.6835 12.1864 10.5365 11.7627 10.2298 9.66791 9.13614 24.4601 13.4073 9.12499 8.85465 8.70708 11.0077 15.5713 18.6872 13.7742 12.5332 13.256 10.7422 10.177
threshold=0.95013812184333812 0.34891304373741155 0.68585526943206798 0.70710784196853649 0.90360623598098766 0.69592735171318065 0.91572606563568126 0.97014260292053234 0.88944444060325634 0.39355795085430151 0.90360623598098766 0.7228132188320161 0.84889996051788341 0.8989795744419099 0.45211435854434973 0.9529346525669099 0.30151516199111944 0.3514705896377564 0.75147059559822094 0.76388889551162731 0.098563045263290419 0.67755267024040233 0.67333334684371959 0.86425063014030468 0.077325176447629942 0.96984851360321056 0.95009577274322521 0.9656854271888734 0.9656854271888734 0.9656854271888734
decision_type=2 2 2 2 2 2 2 2 2 2 2 2 2 2 2 2 2 2 2 2 2 2 2 2 2 2 2 2 2 2
left_child=2 -2 8 6 5 -5 12 -8 10 14 -1 -12 13 -4 -10 20 18 -18 -11 -7 -6 29 23 24 -23 -25 28 -28 -24 -3
right_child=1 21 3 4 15 19 7 -9 9 16 11 -13 -14 -15 -16 -17 17 -19 -20 -21 -22 22 26 25 -26 -27 27 -29 -30 -31
leaf_value=0.00020422475052713735 0.058643581857249064 -0.057520977165348236 0.036421239131420056 -0.071497264502593541 0.050856728780135474 0.035331165482964895 0.087734060099843761 0.34650561649088663 -0.090824960428296131 0.083282810266037705 0.18112638286684107 0.024566250253560833 0.087274334839946094 -0.046285642683899585 0.03903781548134453 0.028805220301530033 -0.071249191953848295 -0.012543711542721587 -0.0019239506510445991 -0.056890418265842062 -0.043514687180610134 -0.19002201185649339 0.028473271272528439 -0.026823681807822498 0.031024938314332503 0.024686711212734455 -0.049651565852343045 -0.0035106376435842593 0.0024502225283236931 -0.0041469028098807528
leaf_weight=6058.8080297193228 59.558576799870934 46.872553352324758 57.267058329249267 18.717524809180759 10.929889820748938 208.84552590281237 15.214656397409273 3.2017336215358219 6.4265234583872362 21.082576202607015 7.9856820568384164 13.173521663527934 23.72435783885885 24.575117983855307 108.1161902017775 29.561494468303863 75.481552495344658 1188.6000988756132 148.84104060567915 11.310247630637603 110.04397733151563 3.8634976095927405 231.29602628201246 122.32257020508405 378.92090537340846 90.188863016112009 67.145867192943115 856.48207277488837 504.88988637385773 150.1941548048635
leaf_count=1312827 601 658 435 250 45 1716 102 35 84 800 92 178 299 167 785 407 1051 16246 1088 422 1727 40 1872 1646 3940 2037 733 14599 8658 2464
internal_value=0.000650327 0.0046275 -0.00057661 0.0145678 0.00517686 0.0225938 0.0440629 0.132722 -0.00159581 -0.00980342 0.000494641 0.0836535 0.0285961 0.0115865 0.0317517 -0.0224608 -0.0131227 -0.0160492 0.00864773 0.0305934 -0.0349883 0.00331556 0.00507706 0.0167432 0.0287939 -0.00496291 0.000892962 -0.00686499 0.0106262 -0.016842
internal_weight=10653.6 2511.73 8141.91 513.392 389.409 238.873 123.983 18.4164 7628.52 1548.55 6079.97 21.1592 105.567 81.8422 114.543 150.535 1434.01 1264.08 169.924 220.156 120.974 2452.18 2255.11 595.296 382.784 212.511 1659.81 923.628 736.186 197.067
internal_count=1376004 37248 1338756 5605 4567 2388 1038 137 1333151 20054 1313097 270 901 602 869 2179 19185 17297 1888 2138 1772 36647 33525 7663 3980 3683 25862 15332 10530 3122
is_linear=0
shrinkage=0.1


Tree=197
num_leaves=31
num_cat=0
split_feature=6 2 9 9 12 10 2 2 6 6 7 3 7 10 3 14 3 2 2 2 14 10 9 4 14 2 9 10 7 6
split_gain=3.99666 9.06579 7.15717 5.19282 5.67062 4.26062 3.91066 4.02773 3.76134 9.01144 9.28473 8.83184 8.26977 5.8903 11.1995 11.0403 8.03337 14.8994 13.5867 5.85918 5.34674 14.8176 9.77991 8.59463 7.43178 18.528 19.9275 6.40483 5.04127 10.8692
threshold=0.20169491320848468 0.15504807978868487 0.39293511211872106 0.68706974387168895 1.0000000180025095e-35 0.77482193708419811 0.22318007797002795 0.19139194488525393 0.75235849618911754 0.75809821486473095 0.58571431040763866 0.90064102411270153 0.73214286565780651 0.99790793657302868 0.11131642386317255 0.51111483573913585 0.79827535152435314 0.70064935088157665 0.80206185579299938 0.10212950780987741 0.38492412865161901 0.66811594367027294 0.41797162592411047 0.13446328043937686 0.39090909063816076 0.77849927544593822 0.64414930343627941 0.86873257160186779 0.81666666269302379 0.68469786643981945
decision_type=2 2 2 2 2 2 2 2 2 2 2 2 2 2 2 2 2 2 2 2 2 2 2 2 2 2 2 2 2 2
left_child=1 2 -1 5 -5 -3 7 -6 20 10 11 19 -12 16 -15 -16 17 -11 -18 -10 21 -2 23 -23 25 26 -22 -24 -26 -30
right_child=8 3 -4 4 6 -7 -8 -9 9 13 12 -13 -14 14 15 -17 18 -19 -20 -21 24 22 27 -25 28 -27 -28 -29 29 -31
leaf_value=0.1734755219829314 -0.10530982243119225 -0.1192591083067206 -0.13625057333923707 -0.13476897395208612 -0.11700175586702731 0.10966166042740798 0.077025986047656508 0.027202054108397922 -0.011623562968663612 -0.0042529267275037618 0.079638928746508811 -1.1386472022119072 -0.040439426223468578 0.032791261923082238 -0.078685559924618217 0.003563851125055098 0.013023518358808724 -0.030351655847985406 -0.0020482145567671819 -0.12582644469322146 -0.085267916308550684 0.13471754513719919 -0.047774299878157143 -0.10742622846287059 0.0024654273169631559 0.83924364233583015 0.1795669727317179 0.014783594502845738 -0.050062857541495226 0.06944152927609494
leaf_weight=0.80856416114070739 17.054935127774115 0.95351820171854029 9.6545429316186056 3.9194990949836219 3.613513785880059 5.5178573527373374 4.5446179750433657 4.1744812894612551 6.5076222398104333 1845.6747861845083 7.9512367749621289 0.080693627037816351 20.580762360120673 142.68747550994158 17.197082445956767 319.92506390788185 693.31538053681561 248.15130672211171 4356.1442059683732 14.507432231877759 5.1190270656811627 8.0718099076711933 32.293479159902745 1.7910746504276165 2762.8277999375205 0.31487104296684343 6.3851390646605068 33.182695147726918 10.280678761218494 29.305834755721662
leaf_count=88 40131 2265 587 105 26 46 17 21 342 371205 272 4 1145 882 185 13813 31764 31653 359651 5139 4213 204 3458 205 507038 1 281 566 218 503
internal_value=-0.0006425 -0.0352912 -0.112316 0.000174951 -0.0299903 0.0759316 0.00330998 -0.0397064 -0.00053381 -0.00169436 -0.0441686 -0.0944713 -0.00697625 -0.00141784 0.00930766 -0.000631809 -0.00213826 -0.00734604 2.12077e-05 -0.0904618 0.00252972 -0.0211408 -0.002087 0.0907449 0.00330685 0.0824369 0.061723 -0.0160706 0.00297312 0.0384061
internal_weight=10612.5 33.1866 10.4631 22.7235 16.2521 6.47138 12.3326 7.788 10579.4 7672.72 49.6277 21.0957 28.532 7623.1 479.81 337.122 7143.29 2093.83 5049.46 21.0151 2906.63 92.394 75.3391 9.86288 2814.23 11.819 11.5042 65.4762 2802.41 39.5865
internal_count=1376028 3155 675 2480 169 2311 64 47 1372873 816055 6902 5485 1417 809153 14880 13998 794273 402858 391415 5481 556818 44564 4433 409 512254 4495 4494 4024 507759 721
is_linear=0
shrinkage=0.1


Tree=198
num_leaves=31
num_cat=0
split_feature=5 5 5 11 14 9 3 5 11 9 10 14 11 9 3 6 11 6 10 9 6 9 10 12 14 10 14 10 10 10
split_gain=3.43727 6.46511 3.67811 3.58356 5.30283 6.69221 5.87223 5.40522 5.14323 11.902 11.0722 10.7677 5.3925 6.57115 4.16901 2.1514 2.45721 1.81238 0.344099 0.145698 0.0996444 0.0379705 0.000482321 0.000300541 0.000266443 0.000123564 2.16311e-05 9.03192e-06 3.19443e-06 1.16534e-06
threshold=39.500000000000007 42.500000000000007 37.500000000000007 0.89736840128898632 0.48207315802574163 0.82780584692955028 0.86056843400001537 21.500000000000004 0.83666664361953746 0.96799793839454662 0.98425099253654491 0.48021948337554937 0.82480818033218395 0.95009577274322521 0.89512962102890026 0.80178570747375499 0.93541666865348827 0.20169491320848468 0.99790793657302868 0.98124927282333385 0.23861283808946612 0.8782135844230653 0.99790793657302868 1.0000000180025095e-35 0.71782410144805919 0.93156540393829357 0.85335588455200206 0.80276900529861461 0.82385262846946727 0.95013812184333812
decision_type=2 2 2 2 2 2 2 2 2 2 2 2 2 2 2 2 2 2 2 2 2 2 2 2 2 2 2 2 2 2
left_child=2 17 3 8 15 6 -6 -7 12 11 -11 -10 14 -14 -1 -5 -17 19 24 -2 22 -22 26 29 25 28 27 -3 -4 -19
right_child=1 20 18 4 5 7 -8 -9 9 10 -12 -13 13 -15 -16 16 -18 23 -20 -21 21 -23 -24 -25 -26 -27 -28 -29 -30 -31
leaf_value=-0.0029287235427440795 0.23729688466436594 -0.10034876579806498 -0.10020886342744365 0.11488619061575592 -0.086198492986464134 0.010819117856178999 0.1042817281745903 -0.036367890244268695 -0.10777957309298199 -0.13048101779596954 -0.030354467378120226 0.0065607415581185385 0.040491366083667768 -0.011302031475811707 0.0012031920295841429 0.108443254352788 -0.02289053517143284 -0.10029085942595783 -0.22349024100596854 0.3011085038561383 -0.1008076421662125 -0.19791252045411789 -0.11069319900740936 -0.10995008743843647 -0.11006538092294289 -0.10532365902199048 -0.10432082918845804 -0.10206226691423195 -0.10139992367234824 -0.1012028794087261
leaf_weight=4585.7659638282585 0.77400379189676483 0.036379907986656579 0.042838936139104389 6.1338062305003387 12.383062116045037 447.98408169165486 1.8618014531530196 25.666321624070406 8.7390664182603341 13.665514944761524 57.576864604052389 143.12548306488316 68.242737178254174 38.212153174506966 5223.3163649934213 2.3955938518047333 3.5146521870046854 0.036108959023849141 0.72548803687095642 0.66543501615524292 0.048000913797972444 0.24997219443321228 0.087270155549049377 0.084298635539823863 0.092669118575486209 0.19108961289748549 0.039703197777271271 0.19919637925340794 0.047469721466768533 0.02289246954023838
leaf_count=950287 60 221 353 20 183 11553 469 131 58 118 394 1925 1135 286 408714 15 47 215 3 1 342 1 1 28 7 8 1 16 8 2
internal_value=-0.000408649 0.123363 -0.000434745 -0.000415842 0.00784923 0.00623108 -0.0613028 0.00826213 -0.000823395 -0.0158385 -0.0495605 -1.89876e-05 -0.000485543 0.0219 -0.000728487 0.0733992 0.0303429 0.233033 -0.183321 0.266796 -0.139427 -0.18227 -0.104215 -0.106119 -0.105415 -0.103883 -0.102162 -0.101798 -0.100835 -0.100645
internal_weight=10641.9 2.24326 10639.7 10638.6 499.939 487.895 14.2449 473.65 10138.6 223.107 71.2424 151.865 9915.54 106.455 9809.08 12.0441 5.91025 1.58274 1.09956 1.43944 0.660523 0.297973 0.36255 0.1433 0.374067 0.281398 0.275279 0.235576 0.0903087 0.0590014
internal_count=1376602 888 1375714 1375335 12418 12336 652 11684 1362917 2495 512 1983 1360422 1421 1359001 82 62 306 379 61 582 343 239 245 376 369 238 237 361 217
is_linear=0
shrinkage=0.1


Tree=199
num_leaves=31
num_cat=0
split_feature=14 2 3 4 10 10 12 11 2 11 9 9 11 12 11 9 11 6 9 3 11 2 11 6 14 6 14 10 6 10
split_gain=4.01805 11.101 13.9299 12.6216 7.08282 17.0321 10.5949 8.37661 8.3542 9.73179 8.23999 8.17948 8.14077 19.0225 18.2375 15.3114 10.9483 9.11738 7.86679 6.01449 9.6955 7.9992 12.8553 9.23422 8.62794 7.70752 7.67736 8.2525 6.55521 9.02623
threshold=0.37435738742351538 0.72834226489067089 0.7370777726173402 0.74601566791534435 0.90029239654541027 0.93156540393829357 1.0000000180025095e-35 0.61721614003181469 0.078689370304346098 0.58957219123840343 0.61772406101226818 0.4638232290744782 0.27429467439651495 1.0000000180025095e-35 0.26794873178005224 0.55744957923889171 0.47213622927665716 0.92403846979141246 0.4918693900108338 0.095811817795038237 0.35857143998146063 0.10212950780987741 0.54692083597183239 0.99137932062149059 0.50227507948875438 0.88303694128990184 0.5610303282737733 0.99790793657302868 0.83156028389930736 0.81266710162162792
decision_type=2 2 2 2 2 2 2 2 2 2 2 2 2 2 2 2 2 2 2 2 2 2 2 2 2 2 2 2 2 2
left_child=1 4 3 -3 12 8 7 -7 10 -10 -6 -8 14 16 18 -16 -14 -15 -1 20 25 22 23 24 -21 28 27 -24 -2 -30
right_child=19 2 -4 -5 5 6 11 -9 9 -11 -12 -13 13 17 15 -17 -18 -19 -20 21 -22 -23 26 -25 -26 -27 -28 -29 29 -31
leaf_value=0.016476839542297724 -0.048068411307063047 0.15810784742480843 -0.10197176781888387 0.61218920197764959 -0.14367027053047055 -0.068218895421283274 -0.085713327170687442 0.036334146473760515 0.10218886049930327 -0.020985694148998375 0.11975549404261746 0.047703191812861326 0.02961688272433724 -0.016351810124610018 0.15816162104081255 -0.112443965871997 -0.049160461279676833 -0.067669149540211443 -0.028489466961104739 -0.082370943889016723 0.011891603490020127 -0.001679006467801244 -0.015636794383471094 0.033179364132594001 0.10134564455493443 -0.087185328099579573 -0.13844512493094843 0.037931648109469161 0.22657492354538636 -0.13042492567210465
leaf_weight=169.59384391538379 4.7578691185080988 2.2672811037627976 1.3711897024768402 0.83852836163714517 3.3639561680174657 28.76604931410111 5.2309091482311478 10.445489402802194 40.61097954667639 7.6174657568335524 1.8352605032268909 37.812735062441789 106.18724822618242 88.605593577472973 13.592333067052097 2.4710631347325025 21.156853481719736 56.824323023436591 50.489373317596346 53.341924220014334 505.29192437263737 9228.221916442033 106.877834760322 9.4743479038588685 2.684960844098895 17.994647696788888 4.1941391746513537 39.345703006722033 2.6372067086631437 0.9682467421516775
leaf_count=69511 663 112 133 32 74 225 28 50 203 35 36 172 2577 2171 197 145 159 504 11468 2220 3242 1280730 667 74 70 426 27 221 128 21
internal_value=-0.00104555 0.00657822 0.1635 0.280704 0.00548835 0.0257894 -0.00276494 -0.0403672 0.0697506 0.082734 -0.0506842 0.0314897 7.58933e-05 -0.011692 0.013669 0.116534 0.0165289 -0.0364032 0.0061611 -0.0015416 0.0088073 -0.00212418 -0.0211505 -0.0581266 -0.0735667 -0.0503199 -0.00504886 -0.00122264 0.0290002 0.130702
internal_weight=10624.9 649.08 4.477 3.10581 644.603 135.683 82.2552 39.2115 53.4277 48.2284 5.19922 43.0436 508.921 272.774 236.147 16.0634 127.344 145.43 220.083 9975.79 531.65 9444.14 215.919 65.5012 56.0269 26.358 150.418 146.224 8.36332 3.60545
internal_count=1376321 87832 277 144 87555 823 475 275 348 238 110 200 86732 5411 81321 342 2736 2675 80979 1288489 4480 1284009 3279 2364 2290 1238 915 888 812 149
is_linear=0
shrinkage=0.1


end of trees

feature_importances:
addr_token_set=710
name_len_ratio=665
name_ratio=645
addr_jaccard=637
name_jaccard=556
name_wratio=525
name_len_diff=523
addr_ratio=481
name_token_set=472
name_addr_mean=369
number_exact=245
name_no_suf_exact=156
addr_exact=9
name_exact=7

parameters:
[boosting: gbdt]
[objective: binary]
[metric: binary_logloss]
[tree_learner: serial]
[device_type: cpu]
[data_sample_strategy: bagging]
[data: ]
[valid: ]
[num_iterations: 200]
[learning_rate: 0.1]
[num_leaves: 31]
[num_threads: 6]
[seed: 0]
[deterministic: 0]
[force_col_wise: 0]
[force_row_wise: 0]
[histogram_pool_size: -1]
[max_depth: 6]
[min_data_in_leaf: 20]
[min_sum_hessian_in_leaf: 0.001]
[bagging_fraction: 0.85]
[pos_bagging_fraction: 1]
[neg_bagging_fraction: 1]
[bagging_freq: 1]
[bagging_seed: 3]
[bagging_by_query: 0]
[feature_fraction: 0.85]
[feature_fraction_bynode: 1]
[feature_fraction_seed: 2]
[extra_trees: 0]
[extra_seed: 6]
[early_stopping_round: 0]
[early_stopping_min_delta: 0]
[first_metric_only: 0]
[max_delta_step: 0]
[lambda_l1: 0]
[lambda_l2: 0]
[linear_lambda: 0]
[min_gain_to_split: 0]
[drop_rate: 0.1]
[max_drop: 50]
[skip_drop: 0.5]
[xgboost_dart_mode: 0]
[uniform_drop: 0]
[drop_seed: 4]
[top_rate: 0.2]
[other_rate: 0.1]
[min_data_per_group: 100]
[max_cat_threshold: 32]
[cat_l2: 10]
[cat_smooth: 10]
[max_cat_to_onehot: 4]
[top_k: 20]
[monotone_constraints: ]
[monotone_constraints_method: basic]
[monotone_penalty: 0]
[feature_contri: ]
[forcedsplits_filename: ]
[refit_decay_rate: 0.9]
[cegb_tradeoff: 1]
[cegb_penalty_split: 0]
[cegb_penalty_feature_lazy: ]
[cegb_penalty_feature_coupled: ]
[path_smooth: 0]
[interaction_constraints: ]
[verbosity: -1]
[saved_feature_importance_type: 0]
[use_quantized_grad: 0]
[num_grad_quant_bins: 4]
[quant_train_renew_leaf: 0]
[stochastic_rounding: 1]
[linear_tree: 0]
[max_bin: 255]
[max_bin_by_feature: ]
[min_data_in_bin: 3]
[bin_construct_sample_cnt: 200000]
[data_random_seed: 1]
[is_enable_sparse: 1]
[enable_bundle: 1]
[use_missing: 1]
[zero_as_missing: 0]
[feature_pre_filter: 1]
[pre_partition: 0]
[two_round: 0]
[header: 0]
[label_column: ]
[weight_column: ]
[group_column: ]
[ignore_column: ]
[categorical_feature: ]
[forcedbins_filename: ]
[precise_float_parser: 0]
[parser_config_file: ]
[objective_seed: 5]
[num_class: 1]
[is_unbalance: 0]
[scale_pos_weight: 3]
[sigmoid: 1]
[boost_from_average: 1]
[reg_sqrt: 0]
[alpha: 0.9]
[fair_c: 1]
[poisson_max_delta_step: 0.7]
[tweedie_variance_power: 1.5]
[lambdarank_truncation_level: 30]
[lambdarank_norm: 1]
[label_gain: ]
[lambdarank_position_bias_regularization: 0]
[eval_at: ]
[multi_error_top_k: 1]
[auc_mu_weights: ]
[num_machines: 1]
[local_listen_port: 12400]
[time_out: 120]
[machine_list_filename: ]
[machines: ]
[gpu_platform_id: -1]
[gpu_device_id: -1]
[gpu_device_id_list: ]
[gpu_use_dp: 0]
[num_gpu: 1]

end of parameters

pandas_categorical:null
