tree
version=v4
num_class=1
num_tree_per_iteration=1
label_index=0
max_feature_idx=14
objective=binary sigmoid:1
feature_names=name_exact name_no_suf_exact name_ratio name_wratio name_token_set name_len_diff name_len_ratio name_jaccard addr_exact addr_ratio addr_token_set addr_jaccard number_exact postal_exact name_addr_mean
feature_infos=[0:1] [0:1] [0:1] [0:1] [0:1] [0:78] [0.038461539894342422:1] [0:1] [0:1] [0:1] [0:1] [0:1] [-1:1] [-1:1] [0.099095925688743591:1]
tree_sizes=3438 3454 3436 3435 3456 3479 3525 3478 3496 3501 3480 3518 3477 3503 3495 3512 3524 3504 3512 3531 3511 3533 3498 3515 3505 3528 3504 3519 3529 3527 3529 3512 3511 3506 3518 3509 3521 3517 3514 3514 3535 3533 3525 3530 3542 3535 3534 3531 3523 3512 3530 3540 3529 3523 3521 3542 3522 3531 3513 3514 3559 3510 3534 3505 3514 3532 3535 3538 3554 3484 3534 3493 3518 3487 3543 3532 3525 3501 3523 3491 3520

Tree=0
num_leaves=31
num_cat=0
split_feature=10 3 14 3 12 5 6 9 7 14 7 12 3 10 10 7 10 3 7 3 11 4 12 10 7 11 3 3 4 3
split_gain=3.51136e+06 398599 140624 117125 44795.4 31307.7 25023.8 21156.5 31398.6 20323.6 17228.8 14733.3 13904.2 12928.4 9118.89 36521.6 7450.26 6417.04 6997.83 6396.67 5182 5003.64 4373.63 3487.38 3400.63 3092.65 2617.17 4041.66 6503.69 2400.35
threshold=0.81023570895195018 0.6629742980003358 0.81402572989463817 0.18047619611024859 1.0000000180025095e-35 4.5000000000000009 0.79516318440437328 1.0000000180025095e-35 0.52272728085517894 0.78097790479660045 0.30384616553783422 1.0000000180025095e-35 0.90947505831718456 0.98399898409843456 0.72773894667625438 0.47727273404598242 0.98399898409843456 0.59186315536499035 0.093073595315217986 0.88748916983604442 0.5313725769519807 0.20169491320848468 1.0000000180025095e-35 0.65682536363601696 0.89444443583488475 0.61721614003181469 0.85566902160644542 0.8544662892818452 0.5604878067970277 0.90501254796981823
decision_type=2 2 2 2 2 2 2 2 2 2 2 2 2 2 2 2 2 2 2 2 2 2 2 2 2 2 2 2 2 2
left_child=2 3 7 6 5 12 25 8 29 14 17 23 16 19 -9 -16 -3 21 -19 -7 -8 -5 -4 -11 -14 -2 27 -6 -29 -1
right_child=1 4 22 10 26 13 20 9 -10 11 -12 -13 24 -15 15 -17 -18 18 -20 -21 -22 -23 -24 -25 -26 -27 -28 28 -30 -31
leaf_value=-3.5274172085768472 -3.0489827053170218 -1.577736839416741 -1.2473398702632994 -2.3301739801129875 -0.314980889173329 -2.5268884633976105 -1.4392451305658263 -3.5758566111152286 -2.5710372083367696 -3.4750761049170111 -1.0995703273419282 -0.51907062799487136 -0.59293043038683679 -0.49151452861092437 -3.4323168277015479 -0.81990207909136181 -0.30781545395040455 -0.45374407480515355 -3.2538460578066006 -1.5827821573079066 -0.40431553196244385 -3.3960112249832153 -0.19804682842014687 -2.2465408713388513 -0.15138628416379918 -1.8737196939103491 -0.15980969975567438 -3.4411321554830989 -0.67467389055608695 -2.7052860555002973
leaf_weight=1108.2335045933723 49.132073000073433 179.92804721742868 67.127784945070744 47.038872256875038 400.03391981124878 124.74894984811544 60.673749320209026 48305.782006695867 531.52762760967016 54.219713695347309 38.578852586448193 33.81100644916296 348.77957383543253 72.36078680306673 618.71525301039219 58.580548577010632 62.156433179974556 16.600244782865047 19.303962409496307 168.96781554818153 238.79931811988354 692.20985688269138 97.304762326180935 40.265042074024677 348.92493499815464 41.137209050357342 2480.0649416670203 10.785798273980616 40.061536446213722 36.689157471060753
leaf_count=37730 1516 3787 1265 1226 5052 3415 1221 1660178 14707 1827 689 473 5051 999 20672 937 782 225 622 3562 3158 22960 1153 1027 4026 947 28755 361 602 1048
internal_value=-3.28823 -0.873343 -3.54608 -2.47939 -0.417142 -0.90428 -1.05392 -3.55553 -3.2062 -3.56746 -3.16213 -2.31048 -0.598684 -1.6888 -3.57075 -3.20636 -1.25168 -3.26478 -1.95922 -1.98377 -0.613994 -3.32819 -0.626409 -2.95153 -0.372112 -2.5134 -0.200101 -0.421723 -1.2615 -3.50107
internal_weight=56392.5 5440.29 50952.3 1203.47 4236.81 1305.87 389.742 50787.8 1676.45 49111.4 813.732 128.296 939.789 366.078 48983.1 677.296 242.084 775.153 35.9042 293.717 299.473 739.249 164.433 94.4848 697.705 90.2693 2930.95 450.881 50.8473 1144.92
internal_count=1829973 88956 1741017 32564 56392 21622 6842 1738599 53485 1685114 25722 3327 13646 7976 1681787 21609 4569 25033 847 6977 4379 24186 2418 2854 9077 2463 34770 6015 963 38778
is_linear=0
shrinkage=1


Tree=1
num_leaves=31
num_cat=0
split_feature=11 9 7 14 4 14 1 7 3 11 3 12 11 3 4 5 6 11 6 12 7 11 3 7 7 12 11 7 11 7
split_gain=185971 14104.2 8660.36 4054.15 6430.02 2467.18 1539.66 1698.45 1479.42 1362.68 1349.86 1229.15 945.978 2502.44 586.606 561.971 552.23 512.107 570.54 496.574 479.774 478.15 474.552 439.429 1730.42 564.89 430.359 404.317 314.974 293.728
threshold=0.2419017776846886 1.0000000180025095e-35 0.43650794029235845 0.65489366650581371 0.2290398105978966 0.76236194372177135 1.0000000180025095e-35 0.78888890147209179 0.89323708415031444 0.37797619402408605 0.68771553039550792 -1.0000000180025095e-35 0.18019481003284457 0.85566902160644542 0.25586470961570745 2.5000000000000004 0.84045451879501354 0.77097901701927196 0.41486424207687383 1.0000000180025095e-35 0.81666666269302379 0.12060606107115747 0.85566902160644542 0.057189542800188072 0.18465909361839297 1.0000000180025095e-35 0.77097901701927196 0.080128207802772536 0.81534090638160717 0.61250001192092907
decision_type=2 2 2 2 2 2 2 2 2 2 2 2 2 2 2 2 2 2 2 2 2 2 2 2 2 2 2 2 2 2
left_child=1 2 22 4 9 12 8 15 -4 16 17 20 -3 -14 28 -8 -2 -6 -19 -15 26 -7 -1 25 -25 -16 27 -5 -13 -10
right_child=3 5 6 11 10 21 7 -9 29 -11 -12 14 13 19 23 -17 -18 18 -20 -21 -22 -23 -24 24 -26 -27 -28 -29 -30 -31
leaf_value=-0.087177547763362354 -0.035139165180188052 -0.10004538199150577 0.266484525358054 0.59680147249671378 -0.062217334065623714 -0.0045857251572259412 -0.098019506753057914 0.41039852310734193 0.66327582513349137 0.24310563171229843 0.26328018998261515 0.27587518597741251 -0.075769834105413145 0.14517969007922016 0.41323442210705058 0.19860516690652491 0.19117072390603809 1.6448156354855739 0.19321869050008308 0.42253151687968726 0.23176529070704796 0.2076579791271419 0.22271393059430369 -0.057056188619051831 0.21621593581836721 0.24380471602843132 0.26217047368098251 0.33551658606039464 0.87796861276172933 0.97576008735306685
leaf_weight=913.67533940076828 272.46603303775191 41591.797961432487 95.01720729470253 62.589516896754503 1567.9540961608291 162.73117051646113 72.171301554888487 508.4508672952652 74.021106831729412 2532.1624217629433 147.1568412296474 15.062657117843626 1508.3589951582253 163.43845259025693 224.06169636175036 555.31478114426136 178.43632937222719 2.9173427000641814 37.67226791754365 106.69570184499025 1343.009256593883 305.24264412000775 52.241062294691801 233.52922921255231 29893.785339597613 1616.2478637844324 1092.1321408823133 1101.2049267217517 20.531946532428265 50.673537120223045
leaf_count=32856 8736 1564691 1865 284 52025 3995 1482 5950 952 8942 947 227 54362 3078 1876 8451 3486 59 1018 238 1972 2051 1325 4289 53591 4563 1990 3541 256 402
internal_value=0.0552669 -0.0818066 0.158396 0.212112 0.12522 -0.0945271 0.321428 0.274559 0.563749 0.214585 -0.0266178 0.223678 -0.0969914 -0.025571 0.217447 0.164488 0.0544188 -0.053139 0.297551 0.254726 0.279086 0.133853 -0.0704172 0.216995 0.214098 0.264433 0.307258 0.349569 0.623179 0.790263
internal_weight=86500.8 46159.8 2321.57 40340.9 4738.77 43838.3 1355.65 1135.94 219.712 2983.06 1755.7 35602.2 43370.3 1778.49 32003.2 627.486 450.902 1608.54 40.5896 270.134 3598.94 467.974 965.916 31967.6 30127.3 1840.31 2255.93 1163.79 35.5946 124.695
internal_count=1829500 1681698 53283 147802 75213 1628415 19102 15883 3219 21164 54049 72589 1622369 57678 64802 9933 12222 53102 1077 3316 7787 6046 34181 64319 57880 6439 5815 3825 483 1354
is_linear=0
shrinkage=0.1


Tree=2
num_leaves=31
num_cat=0
split_feature=10 9 7 2 2 10 12 11 3 14 12 10 12 6 10 7 1 7 7 10 14 12 7 7 9 2 10 6 2 3
split_gain=156804 12210.9 4905.3 2638.91 4555.09 1758.47 758.671 721.458 1485.81 1060.62 1383.5 711.504 567.831 671.986 496.904 613.76 470.859 751.366 465.518 928.634 1521.9 722.433 537.281 463.401 451.292 420.381 417.609 389.351 369.65 330.604
threshold=0.67821088433265697 1.0000000180025095e-35 0.43650794029235845 0.51087471842765819 0.23606811463832858 0.95055618882179271 -1.0000000180025095e-35 0.26794873178005224 0.86056843400001537 0.78097790479660045 1.0000000180025095e-35 0.76609560847282421 1.0000000180025095e-35 0.79516318440437328 0.81023570895195018 0.093073595315217986 1.0000000180025095e-35 0.73214286565780651 0.080128207802772536 0.81023570895195018 0.78097790479660045 1.0000000180025095e-35 0.15587044507265094 0.30384616553783422 0.34051844477653509 0.78319624066352855 0.72773894667625438 0.86285266280174266 0.72046512365341198 0.44289954006671911
decision_type=2 2 2 2 2 2 2 2 2 2 2 2 2 2 2 2 2 2 2 2 2 2 2 2 2 2 2 2 2 2
left_child=1 2 25 4 11 23 14 -3 -9 10 -10 24 27 -14 15 -5 -4 -18 19 20 -8 -21 -20 -6 -2 -1 -24 -13 -17 -7
right_child=3 7 16 6 5 29 18 8 9 -11 -12 12 13 -15 -16 28 17 -19 22 21 -22 -23 26 -25 -26 -27 -28 -29 -30 -31
leaf_value=-0.091736108039993575 1.6226812092295249 -0.099961898584023989 0.31725222950404774 1.2754287979868433 -0.075488223485870531 0.058649215434238372 1.5094781535873039 -0.070969596874703986 0.62389737518460953 0.25970878514685913 2.9197100936386526 0.068583137846780814 0.38605736123134599 0.2164632861201734 0.22970174432019103 0.070962981303651335 0.090369817775276237 0.24186758223386604 -0.094869451602514088 0.41232575814122585 0.28708452319806688 0.2075731276556031 0.30743182732552066 0.15886385888884125 0.0049355169426280364 0.13906585349176648 0.189067364932065 0.19327364016674797 0.40092352585294472 0.21459588671924534
leaf_weight=820.37385357916355 1.738609867170452 39488.362094227225 362.09332136064768 7.3330843094736329 1294.2656235173345 232.52790216729045 15.063769996166227 252.66560660302639 9.8962253257632238 66.498070403933525 3.5723883956670752 374.95593754202127 275.3644943870604 1541.7378032244742 3631.8498128689826 40.555753447115421 498.89083551988006 952.19929233193398 66.247400030493736 193.78558322973549 31.448011808097363 1555.7573736160994 301.00807160697877 90.260368620976806 210.92750976793468 87.315008837729692 30604.365275459364 754.00163233280182 208.51294355094433 327.28060464002192
leaf_count=31953 46 1631638 3211 67 40884 5851 297 9499 245 199 38 4077 2747 3000 6085 761 7526 8498 1862 446 50 2153 2525 457 7272 2301 51826 1912 539 1947
internal_value=0.0504008 -0.0847221 0.120237 0.188057 0.120683 0.000261245 0.197436 -0.0987265 0.0479302 0.42361 1.23283 0.194807 0.207559 0.242164 0.2392 0.373744 0.215238 0.189782 0.192481 0.241976 0.682981 0.230252 0.18961 -0.0602103 0.0181611 -0.0695341 0.19022 0.151861 0.347196 0.14982
internal_weight=84300.9 42541.9 2720.87 41759 5103.06 1944.33 36655.9 39821 332.632 79.9667 13.4686 3158.73 2946.06 1817.1 3888.25 256.402 1813.18 1451.09 32767.7 1796.05 46.5118 1749.54 30971.6 1384.53 212.666 907.689 30905.4 1128.96 249.069 559.809
internal_count=1829912 1695108 53489 134804 68193 49139 66611 1641619 9981 482 283 19054 11736 5747 7452 1367 19235 16024 59159 2946 347 2599 56213 41341 7318 34254 54351 5989 1300 7798
is_linear=0
shrinkage=0.1


Tree=3
num_leaves=31
num_cat=0
split_feature=10 9 4 2 10 3 2 3 10 3 9 5 10 3 10 9 3 14 10 11 14 14 7 7 1 5 4 9 2 7
split_gain=128125 10634.8 3282.42 2176.13 3352.66 1009.58 853.991 967.223 747.966 1988.51 1072.23 631.772 407.051 362.155 711.663 2724.08 1221.11 686.561 506.717 291.912 274.235 271.91 271.596 271.014 374.839 307.02 244.043 222.383 207.228 198.127
threshold=0.67821088433265697 1.0000000180025095e-35 0.81016731262207042 0.52565789222717296 0.84389334917068493 0.18047619611024859 0.26272648572921758 0.47478812932968145 0.62658634781837474 0.86056843400001537 0.4866060763597489 4.5000000000000009 0.81023570895195018 0.71930795907974254 0.72773894667625438 0.55269768834114086 0.88024389743804943 0.78097790479660045 0.90577137470245372 0.26794873178005224 0.60698822140693676 0.2296947315335274 0.080128207802772536 0.78888890147209179 1.0000000180025095e-35 2.5000000000000004 0.078689370304346098 0.56367146968841564 0.65771448612213146 0.47727273404598242
decision_type=2 2 2 2 2 2 2 2 2 2 2 2 2 2 2 2 2 2 2 2 2 2 2 2 2 2 2 2 2 2
left_child=1 2 -1 4 5 11 20 -8 -3 21 19 12 -2 18 15 16 -15 -17 -5 -11 -6 26 -16 24 28 -26 -10 -12 -4 -7
right_child=3 8 23 13 6 29 7 -9 9 10 27 -13 -14 14 22 17 -18 -19 -20 -21 -22 -23 -24 -25 25 -27 -28 -29 -30 -31
leaf_value=-0.081055417906472652 0.39726804140363947 -0.10032076061639478 -0.0053433814289190786 0.0079094579746946878 0.17719299575445061 -0.083817466289417608 -0.022241263316220686 0.16732104471317452 -0.10234557962609232 1.5637779438200976 0.57538679641209567 -0.016028469630848381 0.11118560057666144 0.44497153790272614 0.21504621999607887 0.59899392316342748 1.7458352602774825 0.17645996180699922 0.16714627159134343 0.56899572899180995 0.32283038529615404 -0.078616104851688212 0.17489520356431798 0.20087713817667352 -0.094944740787941018 0.11014435676067497 2.0976029237264124 0.19421305009739237 0.22421052398178581 0.22424341685739602
leaf_weight=762.76733007095754 87.331888731569052 35365.448640683666 43.407602924853563 299.80191399157047 2757.4560603313148 986.10026311315596 499.40366441942751 583.84929558075964 0.93762913718819563 8.0997931398451311 17.533833499997854 200.28628399036825 115.52941538766026 11.974621500819923 1773.3377837389708 44.609682533890009 18.157917261123657 278.74081191420555 599.33686169050634 4.6394280418753615 135.65438861213624 725.56938435323536 33718.018301220611 919.28224278241396 80.635937863960862 770.09707619808614 1.0909389294683931 120.45181901194155 418.21706588566303 21.32863650098443
leaf_count=31513 2182 1608491 928 4603 8120 34051 14365 3398 42 217 310 5210 362 242 2551 745 222 618 1738 20 1473 31242 55002 6154 1729 9433 33 857 3721 56
internal_value=0.046934 -0.0830928 0.0980291 0.168033 0.108677 -0.0237779 0.155664 0.0799286 -0.0980568 -0.00690054 0.32369 0.109957 0.234344 0.176735 0.178308 0.319497 1.22887 0.234753 0.114052 1.20149 0.184022 -0.0753837 0.176901 0.15924 0.130073 0.0907052 1.08076 0.242649 0.202625 -0.0772954
internal_weight=81369.1 39238.2 2994.41 42130.9 5386.94 1410.58 3976.36 1083.25 36243.8 878.323 150.725 403.148 202.861 36744 35844.8 353.483 30.1325 323.35 899.139 12.7392 2893.11 727.598 35491.4 2231.64 1312.36 850.733 2.02857 137.986 461.625 1007.43
internal_count=1829628 1694690 53478 134938 69217 41861 27356 17763 1641212 32721 1404 7754 2544 65721 59380 1827 464 1363 6341 237 9593 31317 57553 21965 15811 11162 75 1167 4649 34107
is_linear=0
shrinkage=0.1


Tree=4
num_leaves=31
num_cat=0
split_feature=10 9 7 2 10 2 10 3 2 3 6 3 10 2 7 9 5 6 7 5 1 9 10 10 3 10 1 7 5 3
split_gain=106250 9407.96 2368.06 1935.77 2575.33 786.684 721.781 1729.59 651.754 769.948 442.602 337.395 393.334 299.824 291.895 268.45 268.474 247.521 234.564 259.576 467.969 232.935 204.339 201.595 170.319 166.79 146.085 229.558 196.892 158.015
threshold=0.67821088433265697 1.0000000180025095e-35 0.43650794029235845 0.53410854935646068 0.84389334917068493 0.2046049237251282 0.61125501990318309 0.86056843400001537 0.25586470961570745 0.47478812932968145 0.84924244880676281 0.71930795907974254 0.90577137470245372 0.66996699571609508 0.30384616553783422 0.576715648174286 7.5000000000000009 0.35043859481811529 0.080128207802772536 8.5000000000000018 1.0000000180025095e-35 0.50108224153518688 0.72773894667625438 0.81023570895195018 0.8544662892818452 0.98399898409843456 1.0000000180025095e-35 0.73214286565780651 2.5000000000000004 0.86056843400001537
decision_type=2 2 2 2 2 2 2 2 2 2 2 2 2 2 2 2 2 2 2 2 2 2 2 2 2 2 2 2 2 2
left_child=1 2 13 4 5 10 -3 -8 25 17 -2 12 -5 -1 -7 16 -9 -10 23 22 -21 -12 -20 -13 -11 -6 29 28 -28 -4
right_child=3 6 26 11 8 14 7 15 9 24 21 18 -14 -15 -16 -17 -18 -19 19 20 -22 -23 -24 -25 -26 -27 27 -29 -30 -31
leaf_value=-0.09666455253444535 -0.014960239138794559 -0.10029943917751878 0.090469689445900073 3.8561240124211516e-05 0.13902557859399226 -0.088219492152676771 -0.079591790553584452 0.46744900540539452 0.38917992553435221 0.18125672105139878 0.37956720444099085 0.34872805310113825 0.14463397517831153 0.051238137996048885 0.15589848897707273 0.14763240432196711 0.013892845077223593 -0.02995288758047018 0.23591455467513045 0.10520976675196331 0.19486277224638909 0.12971827796404461 0.16217363612561753 0.19035815639595399 0.076433160073129891 0.18626077956406434 -0.096476531110781721 0.14308565880224544 0.088085735989050729 0.21473684400590495
leaf_weight=640.12915235571563 239.79926750436425 31842.581443633884 141.94092967361212 273.64356156252325 1550.1851618625224 862.48915975540876 930.62687875330448 64.721528561785817 14.499824311584232 438.99562218226492 45.496504988521338 84.462760858237743 601.99055214226246 174.4031511284411 51.930054649710655 141.03997914493084 16.347285056486726 498.41854090616107 380.47432987391949 1995.0851036943495 822.14373889937997 207.49418220110238 30465.156533414498 1661.8031252622604 239.60734068788588 1443.7853742688894 65.098511544987559 1292.5636075809598 515.69773180782795 366.63254046067595
leaf_count=29317 6482 1595108 1603 4181 5927 32705 43397 667 272 2427 470 184 1673 4931 381 1079 299 14538 1280 5576 1391 2187 48331 2393 1228 3254 1473 8356 6062 1590
internal_value=0.0438737 -0.0816163 0.0821913 0.152326 0.0975628 -0.0194678 -0.0974854 -0.0197505 0.13691 0.0743577 0.0823826 0.160767 0.0994466 -0.0649964 -0.074356 0.230982 0.375991 -0.0181043 0.162283 0.160429 0.131373 0.17465 0.163083 0.198018 0.144245 0.161804 0.132524 0.119621 0.0673991 0.180054
internal_weight=78069.2 36191.8 3196.47 41877.5 5592.7 1407.21 32995.3 1152.74 4185.49 1191.52 492.79 36284.8 875.634 814.532 914.419 222.109 81.0688 512.918 35409.1 33662.9 2817.23 252.991 30845.6 1746.27 678.603 2993.97 2381.93 1873.36 580.796 508.573
internal_count=1828762 1693882 53332 134880 69871 42225 1640550 45442 27646 18465 9139 65009 5854 34248 33086 2045 966 14810 59155 56578 6967 2657 49611 2577 3655 9181 19084 15891 7535 3193
is_linear=0
shrinkage=0.1


Tree=5
num_leaves=31
num_cat=0
split_feature=10 9 2 10 4 12 12 2 10 2 3 12 12 12 7 7 10 12 11 12 11 10 9 7 10 7 10 3 1 7
split_gain=89515.2 8049.83 2026.61 2366.79 1697.21 823.207 544.753 529.049 514.264 1073.37 319.621 405.172 330.602 692.543 512.341 311.703 285.786 283.011 324.527 273.584 260.177 241.592 241.346 195.253 194.24 156.355 135.776 223.546 114.247 175.836
threshold=0.66811594367027294 1.0000000180025095e-35 0.54923510551452648 0.82618901133537304 0.78629976511001598 1.0000000180025095e-35 -1.0000000180025095e-35 0.17712418735027316 0.61125501990318309 0.7243877947330476 0.73942822217941295 1.0000000180025095e-35 -1.0000000180025095e-35 1.0000000180025095e-35 0.89444443583488475 0.087121214717626586 0.98399898409843456 1.0000000180025095e-35 0.25403225421905523 -1.0000000180025095e-35 0.43167701363563543 0.72773894667625438 0.4866060763597489 0.47727273404598242 0.81023570895195018 0.30384616553783422 0.98399898409843456 0.90947505831718456 1.0000000180025095e-35 0.73214286565780651
decision_type=2 2 2 2 2 2 2 2 2 2 2 2 2 2 2 2 2 2 2 2 2 2 2 2 2 2 2 2 2 2
left_child=1 4 3 7 -1 6 -5 20 -3 -10 11 15 26 14 -14 -4 -8 19 -19 -11 22 -15 -2 -17 -22 -9 27 -12 -6 -30
right_child=2 8 10 5 28 -7 16 25 9 17 12 -13 13 21 -16 23 -18 18 -20 -21 24 -23 -24 -25 -26 -27 -28 -29 29 -31
leaf_value=-0.083168404823989045 0.20110945740426028 -0.10001023762045927 0.24115575504537762 0.1386297800353806 0.13504739689891188 0.15309744161326383 2.8670241585083435e-05 -0.088455479160004111 -0.079876597883744488 0.3616798351938087 0.2510006346863724 0.14340620170684756 0.10117951431905664 0.25573946975304268 0.1634596280964149 -0.050771322104607108 0.13425577825103138 0.6037000034406963 0.16910961875788036 0.014130727420149326 0.49601935922553952 0.15370384118733857 -0.009826266873291363 0.13106860447726826 0.10130528404776801 0.094007751288563229 0.15837478300633154 0.17553554746324232 0.044811475287839547 0.10721927126498143
leaf_weight=628.0982885658741 66.605205360800028 28941.430201763287 54.84936492331326 644.75240176171064 666.30199616588652 2749.0854048728943 921.86671286262572 833.00265027210116 792.47024124860764 28.938687633723021 539.78674980252981 678.1217593178153 4833.2780947759748 234.36301991343498 1817.5951255299151 294.82701981253922 191.58595420047641 27.774539697915316 45.057310458272696 104.21699024550617 21.867198521271348 23497.586914967746 292.2369153779 73.83884827978909 29.003254599869251 49.769406817853451 1838.0398546606302 1438.8803146667778 660.1798888631165 1428.0769119560719
leaf_count=30581 1197 1596402 174 3296 5422 14203 12485 34216 39300 314 1360 1936 14018 467 2772 3972 544 110 74 1844 319 34705 7119 210 124 448 2677 2267 9027 8442
internal_value=0.0407455 -0.0810553 0.139495 0.0847121 0.0651693 0.11892 0.0654815 -0.0345821 -0.0975759 -0.0270152 0.148496 0.0954791 0.150204 0.146719 0.1182 0.0187394 0.0231244 0.176352 0.334841 0.0896635 0.0593296 0.154711 0.0293258 -0.0143512 0.270977 -0.0781685 0.177944 0.196123 0.0989935 0.0874897
internal_weight=74423.5 33322.5 41100.9 5799.78 3382.66 4507.29 1758.21 1292.48 29939.9 998.458 35301.2 1101.64 34199.5 30382.8 6650.87 423.515 1113.45 205.988 72.8319 133.156 409.713 23731.9 358.842 368.666 50.8705 882.772 3816.71 1978.67 2754.56 2088.26
internal_count=1830025 1691516 138509 73951 53472 30528 16325 43423 1638044 41642 64558 6292 58266 51962 16790 4356 13029 2342 184 2158 8759 35172 8316 4182 443 34664 6304 3627 22891 17469
is_linear=0
shrinkage=0.1


Tree=6
num_leaves=31
num_cat=0
split_feature=9 9 14 12 4 2 14 4 12 14 12 12 7 7 5 4 12 9 2 3 5 2 3 1 3 12 7 9 9 14
split_gain=59946.3 5891.64 4776.57 3854.71 3689.53 2436.93 1439.86 1362.84 783.516 670.327 476.976 879.476 453.128 560.617 366.171 399.286 303.699 264.38 245.87 239.258 241.341 216.146 172.749 161.501 151.301 142.829 137.173 129.907 199.529 116.428
threshold=0.53861853480339061 1.0000000180025095e-35 0.73530876636505138 1.0000000180025095e-35 0.73401361703872692 0.22318007797002795 0.61957910656929027 0.70659971237182628 1.0000000180025095e-35 0.71746304631233226 1.0000000180025095e-35 -1.0000000180025095e-35 0.89444443583488475 0.060661764815449722 5.5000000000000009 0.078689370304346098 -1.0000000180025095e-35 0.75075757503509533 0.68801230192184459 0.18047619611024859 3.5000000000000004 0.2046049237251282 0.86056843400001537 1.0000000180025095e-35 0.44806650280952459 -1.0000000180025095e-35 0.78888890147209179 0.31264810264110571 0.27701576054096227 0.67197212576866161
decision_type=2 2 2 2 2 2 2 2 2 2 2 2 2 2 2 2 2 2 2 2 2 2 2 2 2 2 2 2 2 2
left_child=1 7 5 9 18 14 -7 -1 25 19 11 -4 13 -13 -2 -16 -11 -17 21 20 -3 -5 -9 -24 -10 -8 -25 28 -6 -21
right_child=2 3 10 4 27 6 8 22 24 16 -12 12 -14 -15 15 17 -18 -19 -20 29 -22 -23 23 26 -26 -27 -28 -29 -30 -31
leaf_value=-0.096459976511925963 0.12628465503846317 0.099753627586842974 0.15869080877315003 -0.013639614065533101 2.4381140830792662 -0.079189969359853063 0.061526487703935866 0.016389832784468521 0.041012671019125403 0.11126987360127771 0.14501700912559326 0.23591096880839857 0.1421408775196551 0.074533798069048571 -0.066718207121189976 0.01671751767356287 -0.035900436463167797 0.13302361559554157 0.16116270922621279 -0.099390768295551976 -0.074042633270915689 -0.089583052022740584 0.14123247233607014 0.051316808891717608 0.14497155401377068 -0.038359482612349685 0.10208193990254283 0.17205390523033826 0.44946584098483094 -0.07876367126917791
leaf_weight=493.2860192079097 2347.8133005835116 122.45167382061481 3596.7862437535077 550.02161793597043 0.59059520065784354 1734.5922631565481 183.43494546413422 346.65031756274402 180.27876852825284 174.538389287889 22329.200554043055 225.61138965561986 1675.4704315531999 4696.0022205095738 214.26998515985906 324.90142110921443 713.08289068751037 490.5105452388525 49.272702749818563 20646.046113004908 229.93480216525495 1176.2281483113766 523.46019306220114 965.68044783547521 626.54251064918935 651.92705228738487 1185.9814995080233 1093.2221656963229 3.4623631667345762 3154.4961889330298
leaf_count=26784 10108 3793 7104 24703 26 84957 3302 8425 3419 3186 35805 494 5325 20307 4616 9566 29923 2524 670 1245550 11666 68782 2603 9504 3932 18923 6011 3709 107 173315
internal_value=0.0385772 -0.0643579 0.120942 -0.0797223 0.029991 0.0444191 -0.0156538 0.0576524 0.0514578 -0.0923093 0.136835 0.118911 0.0972229 0.0819315 0.104479 0.0547599 -0.00696144 0.0866814 -0.0590988 -0.0954458 -0.0136497 -0.0653858 0.0828104 0.0914173 0.121743 -0.0164258 0.0792982 0.174149 0.739251 -0.0966569
internal_weight=70705.7 31428.4 39277.3 27913.3 2872.8 6754.27 3376.78 3515.06 1642.18 25040.6 32523.1 10193.9 6597.08 4921.61 3377.5 1029.68 887.621 815.412 1775.52 24152.9 352.386 1726.25 3021.77 2675.12 806.821 835.362 2151.66 1097.28 4.05296 23800.5
internal_count=1829139 1618757 210382 1565430 97997 141347 114533 53327 29576 1467433 69035 33230 26126 20801 26814 16706 33109 12090 94155 1434324 15459 93485 26543 18118 7351 22225 15515 3842 133 1418865
is_linear=0
shrinkage=0.1


Tree=7
num_leaves=31
num_cat=0
split_feature=10 9 2 10 7 2 12 12 7 7 12 2 10 7 12 14 6 7 10 1 2 12 10 14 2 9 2 3 6 3
split_gain=65140.3 6909.59 1935.69 1739.4 1112.06 646.504 509.96 802.118 640.328 559.746 450.678 355.446 346.137 907.504 474.308 420.367 282.466 218.916 184.086 179.426 176.123 152.846 150.846 314.312 133.738 131.726 129.385 259.642 123.658 93.1329
threshold=0.65682536363601696 1.0000000180025095e-35 0.53410854935646068 0.86132478713989269 0.36931818723678594 0.2046049237251282 1.0000000180025095e-35 -1.0000000180025095e-35 0.89444443583488475 0.080128207802772536 1.0000000180025095e-35 0.17712418735027316 0.58417022228240978 0.47727273404598242 1.0000000180025095e-35 0.7421950399875642 0.86425063014030468 0.47727273404598242 0.95055618882179271 1.0000000180025095e-35 0.77015754580497753 1.0000000180025095e-35 0.81023570895195018 0.78097790479660045 0.66996699571609508 0.54950004816055309 0.26272648572921758 0.44289954006671911 0.86285266280174266 0.6629742980003358
decision_type=2 2 2 2 2 2 2 2 2 2 2 2 2 2 2 2 2 2 2 2 2 2 2 2 2 2 2 2 2 2
left_child=1 4 3 5 24 16 7 -4 9 -9 11 28 -3 20 19 -16 -2 -7 -13 -15 -14 -22 23 29 -1 -18 -12 -28 -5 -8
right_child=2 12 6 10 -6 17 22 8 -10 -11 26 18 13 14 15 -17 25 -19 -20 -21 21 -23 -24 -25 -26 -27 27 -29 -30 -31
leaf_value=-0.096784223088882182 -0.012384497922321082 -0.099944369706376976 0.14951293353478476 0.044301475116871707 0.075338313939854587 -0.082532782493341325 0.038983888887882019 0.21540575112280025 0.14619518168516521 0.067826233591042104 0.14279076000122853 -0.045414067983291617 -0.092727261740196576 0.29748543601343325 0.78945731489102744 0.21046510171586996 0.20497489007283073 0.16911975663286583 0.073643276399694646 0.0011753912175703964 0.037600638287049404 0.63450126622368974 0.13675651764497157 0.13917865897571557 0.013143597352606598 0.074678021250414603 0.0027137039189528409 0.1339598632706015 0.12129798580904777 0.25782035342564452
leaf_weight=479.22120539098978 351.34574177488685 23629.065006335266 3764.607004897669 305.5817523598671 3017.9156768657267 911.2478786688298 20.515736605972052 270.7599076423794 1675.7652133740485 5058.3702443186194 1815.4266168177128 364.46413819864392 953.44555955566466 24.115907944738865 17.400838335976005 44.885453045368195 108.81652888655663 35.931103205308318 201.76514031551778 133.91987775173038 16.816515208221976 5.7590963169932357 20951.841344587505 891.73422609269619 143.90691572800279 270.37817817926407 221.56346679292619 471.48057295382023 657.11851949989796 373.49641849845648
leaf_count=28143 8730 1568320 7460 1481 21865 41615 526 588 2821 18414 4760 8222 57004 710 73 87 983 90 2239 3218 676 28 34668 1442 3530 2273 5382 2213 1195 971
internal_value=0.0364197 -0.0784195 0.120843 0.0671118 0.050226 -0.0184694 0.130147 0.112286 0.0922786 0.0753244 0.102675 0.0598796 -0.0972874 -0.0448102 0.138504 0.372217 0.0522144 -0.0729864 -0.00299023 0.0463916 -0.0861907 0.189872 0.138797 0.172044 -0.0713972 0.112069 0.128758 0.092001 0.0968576 0.246426
internal_weight=67188.7 28466.5 38722.2 5715.12 3641.04 1677.72 33007.1 10769.5 7004.9 5329.13 4037.4 1528.93 24825.4 1196.34 220.322 62.2863 730.54 947.179 566.229 158.036 976.021 22.5756 22237.6 1285.75 623.128 379.195 2508.47 693.044 962.7 394.012
internal_count=1829727 1683654 146073 79183 53538 53691 66890 29283 21823 19002 25492 13137 1630116 61796 4088 160 11986 41705 10461 3928 57708 704 37607 2939 31673 3256 12355 7595 2676 1497
is_linear=0
shrinkage=0.1


Tree=8
num_leaves=31
num_cat=0
split_feature=10 9 3 10 4 10 3 12 5 12 3 12 12 2 12 12 2 10 12 11 2 11 1 3 1 6 5 2 2 5
split_gain=55754.1 6355.2 1653.12 1442.72 906.659 645.332 976.999 599.481 505.581 425.473 264.098 245.728 253.24 238.965 234.944 446.611 420.915 390.217 178.079 143.55 110.537 107.342 104.373 94.3187 95.3388 83.2287 124.531 93.222 80.2533 80.1279
threshold=0.67821088433265697 1.0000000180025095e-35 0.85566902160644542 0.84389334917068493 0.70659971237182628 0.59160795807838451 0.85566902160644542 1.0000000180025095e-35 4.5000000000000009 -1.0000000180025095e-35 0.73371213674545299 1.0000000180025095e-35 -1.0000000180025095e-35 0.17712418735027316 1.0000000180025095e-35 -1.0000000180025095e-35 0.95713412761688244 0.97309362888336193 1.0000000180025095e-35 0.71714287996292125 0.70801281929016124 0.26794873178005224 1.0000000180025095e-35 0.85760369896888744 1.0000000180025095e-35 0.42163743078708654 3.5000000000000004 0.10933997482061387 0.80982521176338207 7.5000000000000009
decision_type=2 2 2 2 2 2 2 2 2 2 2 2 2 2 2 2 2 2 2 2 2 2 2 2 2 2 2 2 2 2
left_child=1 4 3 8 28 -3 -7 9 10 -5 13 12 -8 -2 15 -4 17 -17 -10 -11 -20 -13 -12 29 -25 27 -27 -9 -1 -6
right_child=2 5 14 7 23 6 11 25 18 19 22 21 -14 -15 -16 16 -18 -19 20 -21 -22 -23 -24 24 -26 26 -28 -29 -30 -31
leaf_value=-0.096513676037159088 0.084799018664489911 -0.099443953804137619 0.14494342591940873 0.11495556552644309 0.045774844199323657 -0.076675497876659351 0.25331373779380029 -0.052717906769094471 -0.073915999949332373 0.020302875502872408 0.15507890012743908 0.34487436172279445 0.0010497921796171201 -0.037521318312803496 0.13431827261580431 0.064831322682657247 0.14166376402488898 0.14192217707648988 -0.0092489293155234679 0.078150442315514546 0.15129917283249592 0.14396323554676255 -0.12467819322177297 0.10407524173189969 0.059099063388468209 0.12881746624730375 0.097823933214233605 0.187812193162125 1.2487529900927239 -0.055814691849847865
leaf_weight=411.77381271123886 319.83101223036647 21564.610233336687 3061.4763941578567 1068.3734341114759 245.71538272313774 975.15885952115059 52.690507029183209 17.209400802850723 667.88566653989255 1463.7831851672381 261.64835065044463 55.42277368158102 162.59005535300821 319.01643203757703 17655.605026081204 3231.6565131656826 1556.7259834036231 824.02321910858154 361.66004937142134 606.80838442966342 48.653382521122694 51.121918842196465 14.052278976887463 586.02524212002754 2407.6417721100152 3037.0767193827778 2261.8776450250298 252.94453653879464 0.44392963871359725 113.50476251728833
leaf_count=26786 2599 1576184 5198 4032 4752 60775 428 91 22162 13488 722 127 2833 11976 30488 8535 2638 1433 10514 2185 105 85 91 2655 15691 7443 9907 1244 13 3626
internal_value=0.0348686 -0.0754973 0.114227 0.0810848 0.0448872 -0.0953236 -0.0268155 0.0986498 0.00432788 0.0637015 0.0590188 0.124265 0.0627921 0.0237168 0.127697 0.11422 0.0974611 0.0804945 -0.042062 0.0372557 0.00978824 0.248474 0.14082 0.0620935 0.0679034 0.118348 0.115588 0.17249 -0.0950649 0.013675
internal_weight=63657 26626.7 37030.3 10700.8 3765.1 22861.6 1296.98 8708.07 1992.75 3138.97 914.548 321.825 215.281 638.847 26329.5 8673.88 5612.41 4055.68 1078.2 2070.59 410.313 106.545 275.701 3352.89 2993.67 5569.11 5298.95 270.154 412.218 359.22
internal_count=1828806 1693955 134851 86559 53523 1640432 64248 38390 48169 19705 15388 3473 3261 14575 48292 17804 12606 9968 32781 15673 10619 212 813 26724 18346 18685 17350 1335 26799 8378
is_linear=0
shrinkage=0.1


Tree=9
num_leaves=31
num_cat=0
split_feature=11 9 2 11 11 2 4 12 12 7 7 2 5 12 12 7 7 14 9 12 12 14 12 6 14 4 3 7 11 7
split_gain=44872.1 5320.64 1884.27 1383.8 1291.47 1243.37 753.047 614.528 624.793 534.633 484.538 450.928 338.057 327.045 286.417 253.9 219.543 173.2 163.085 157.195 152.515 140.998 129.225 108.913 106.278 98.2853 90.0813 79.3319 78.8485 72.7136
threshold=0.2419017776846886 1.0000000180025095e-35 0.54923510551452648 0.13840996474027636 0.43874999880790716 0.6911335587501527 0.70659971237182628 1.0000000180025095e-35 -1.0000000180025095e-35 0.89444443583488475 0.080128207802772536 0.2046049237251282 3.5000000000000004 1.0000000180025095e-35 1.0000000180025095e-35 0.47727273404598242 0.47727273404598242 0.7421950399875642 0.56015563011169445 -1.0000000180025095e-35 1.0000000180025095e-35 0.29413244128227239 -1.0000000180025095e-35 0.47114317119121557 0.4307666420936585 0.095811817795038237 0.7019641399383546 0.093073595315217986 0.35857143998146063 0.13809524476528171
decision_type=2 2 2 2 2 2 2 2 2 2 2 2 2 2 2 2 2 2 2 2 2 2 2 2 2 2 2 2 2 2
left_child=1 6 4 17 11 16 -1 8 26 10 -10 18 29 19 22 -13 21 -3 25 -7 -19 -5 -14 -16 -8 -2 27 -4 -20 -6
right_child=2 3 7 5 12 13 24 -9 9 -11 -12 15 14 -15 23 -17 -18 20 28 -21 -22 -23 -24 -25 -26 -27 -28 -29 -30 -31
leaf_value=-0.094357266079799912 0.046301644682023371 -0.097819803194299448 0.29519627335279724 0.010558326430813034 0.10722204000089196 0.15215644727177488 0.0036799758153288641 0.12698845918618892 0.19640714682032556 0.13243850201863569 0.055981742601856344 -0.076024510046060798 0.06650350208651544 0.18672925150793898 0.13190406119631604 0.14356189028619942 0.1074725489680553 -0.048058000877999461 -0.029575807249494979 0.015832754043799923 0.16800203389569371 -0.089588999902301361 -0.020901444107681064 0.067101376202487573 0.060360985793471746 0.17272857551804532 0.13353142898944845 -0.030480799890077837 0.050699150468647418 0.16399813886889736
leaf_weight=378.00088844262064 129.13459394127131 18935.678565842099 8.6513654161244613 160.55544580984861 1685.9539443291724 108.55971859581769 370.44997480884194 19372.791326340288 258.87746040057391 1423.7012981940061 4833.7828750181943 919.18193605076522 253.10243417322636 248.34507694747299 362.79294078424573 55.856254609301686 67.80704771541059 260.17512729950249 269.25112585350871 383.01457090582699 37.362944001331925 1130.1442226516083 509.97123020235449 909.63434808701277 3090.8979034870863 117.38781355880201 3313.2276370022446 55.218926748260856 224.27956485562027 260.41344443708658
leaf_count=26896 2266 1519691 26 7962 6844 1418 8442 37019 549 2891 17074 44796 1768 771 1906 128 1083 12688 6630 8192 80 77214 7074 6911 18142 1571 6564 631 2102 917
internal_value=0.033096 -0.0687122 0.106391 -0.0882174 0.0537734 -0.0111085 0.0396593 0.116633 0.0963558 0.0782648 0.06312 -0.0187737 0.0850212 0.0931933 0.0565289 -0.0634452 -0.0679171 -0.0966303 0.040082 0.0459386 -0.0209266 -0.0771313 0.00808973 0.0855778 0.0542947 0.106503 0.131264 0.0136328 0.00690426 0.114818
internal_weight=60134.2 25171 34963.2 21331.6 5696.96 2098.43 3839.35 29266.3 9893.46 6516.36 5092.66 1715.09 3981.87 739.919 2035.5 975.038 1358.51 19233.2 740.053 491.574 297.538 1290.7 763.074 1272.43 3461.35 246.522 3377.1 63.8703 493.531 1946.37
internal_count=1830246 1682579 147667 1629099 82913 96640 53480 64754 27735 20514 17623 57493 25420 10381 17659 44924 86259 1532459 12569 9610 12768 85176 8842 8817 26584 3837 7221 657 8732 7761
is_linear=0
shrinkage=0.1


Tree=10
num_leaves=31
num_cat=0
split_feature=10 9 3 12 10 4 10 2 12 12 2 10 12 10 4 12 14 10 9 5 4 11 9 2 10 11 5 3 4 5
split_gain=41463.6 5393.4 1756.54 1167.43 680.46 624.897 462.941 602.029 370.537 433.758 424.139 319.526 315.947 297.664 262.629 225.493 151.186 144.732 135.189 114.843 128.894 112.337 109.423 87.5178 80.2849 78.3508 70.9274 69.7299 100.8 90.8879
threshold=0.66811594367027294 1.0000000180025095e-35 0.85566902160644542 1.0000000180025095e-35 0.82618901133537304 0.70659971237182628 0.59160795807838451 0.680425524711609 1.0000000180025095e-35 -1.0000000180025095e-35 0.9529346525669099 0.97309362888336193 -1.0000000180025095e-35 0.76609560847282421 0.73401361703872692 1.0000000180025095e-35 0.34307768940925604 0.99773755669593822 0.35811682045459753 5.5000000000000009 0.072948999702930464 0.46410256624221807 0.31121593713760382 0.81872946023941051 0.81023570895195018 0.18834459781646731 3.5000000000000004 0.88454905152320873 0.89825496077537548 1.5000000000000002
decision_type=2 2 2 2 2 2 2 2 2 2 2 2 2 2 2 2 2 2 2 2 2 2 2 2 2 2 2 2 2 2
left_child=1 5 3 4 16 -1 -3 22 9 -4 11 -11 -6 14 21 18 26 -14 -9 24 -21 -5 -8 -18 -15 -17 -2 -7 29 -29
right_child=2 6 8 13 12 27 7 15 -10 10 -12 -13 17 19 -16 25 23 -19 -20 20 -22 -23 -24 -25 -26 -27 -28 28 -30 -31
leaf_value=-0.094401420405222078 0.16057149621643452 -0.098887352235542667 0.13110957589954048 -0.035328350514660135 0.092532026823751307 0.010163205681296673 0.55639043094942386 0.89772047466025195 0.12553680539409118 0.051785485340953369 0.12934276925723043 0.12388760287861696 0.018770547014150721 0.19321848457275792 0.20274052528649344 0.41523894853132526 -0.065202955153835992 0.11184600405371113 0.024658655726600313 -0.05809739901844007 0.085572493303399277 0.31894620031356213 -0.080927499247539697 0.10397460774705894 0.10808883293632776 0.17536642138090375 -0.017647038388641026 0.040867208173433832 0.050150688638112 0.37504371663249392
leaf_weight=344.62302056420594 47.68378243688494 17848.086483047344 2799.3423971198499 317.53146361839026 1089.6918700169772 456.68104483932257 2.7035005521029225 1.7882439540699113 15396.116453796625 3187.3541525807232 1424.3870414569974 761.45800924301147 1994.0146439149976 114.19543631654233 59.71008238568902 16.730225131846964 853.788574045524 182.34687865898013 216.4071268197149 64.581870909780264 1887.5495052384213 9.2099947817623598 766.83869187347591 31.713943349197507 3707.0039372388273 73.177572397515178 42.000425858423114 14.689153648912905 3061.4196440055966 18.250675857067108
leaf_count=26886 456 1577114 5251 11536 4415 9327 80 35 30396 8494 2704 1400 16770 1175 202 93 30991 460 4529 461 11243 183 55444 129 10775 268 1258 174 16854 150
internal_value=0.0312598 -0.0729884 0.101295 0.067065 0.0266899 0.0341626 -0.0950443 -0.0313949 0.116402 0.0991917 0.0825631 0.0656891 0.048577 0.0948647 0.00989848 0.0867293 -0.0466132 0.0265689 0.0318139 0.100552 0.0808195 -0.0253423 -0.0786885 -0.0591439 0.110633 0.220002 0.0771092 0.0466395 0.0520229 0.226021
internal_weight=56791.1 22821.4 33969.7 10401 4241.24 3895.66 18925.7 1077.65 23568.7 8172.54 5373.2 3948.81 3266.05 6159.78 386.452 308.103 975.187 2176.36 218.195 5773.33 1952.13 326.741 769.542 885.503 3821.2 89.9078 89.6842 3551.04 3094.36 32.9398
internal_count=1829253 1690954 138299 90054 54479 53391 1637563 60449 48245 17849 12598 9894 21645 35575 11921 4925 32834 17230 4564 23654 11704 11719 55524 31120 11950 361 1714 26505 17178 324
is_linear=0
shrinkage=0.1


Tree=11
num_leaves=31
num_cat=0
split_feature=10 10 3 12 10 4 12 12 7 7 10 7 12 14 12 10 2 5 5 12 10 7 12 10 2 12 2 14 5 7
split_gain=35709.5 5094.41 1840.89 1020.07 622.029 515.413 443.471 405.13 439.073 564.01 289.881 624.825 363.524 306.928 265.818 249.797 205.489 134.28 131.312 118.788 117.562 110.791 103.504 83.6488 73.8087 85.6874 73.3217 68.0441 61.5453 56.7169
threshold=0.65682536363601696 1.0000000180025095e-35 0.85566902160644542 1.0000000180025095e-35 0.82618901133537304 0.70659971237182628 1.0000000180025095e-35 -1.0000000180025095e-35 0.89444443583488475 0.78888890147209179 0.55891487002372753 0.47727273404598242 1.0000000180025095e-35 0.69418638944625866 -1.0000000180025095e-35 0.76609560847282421 0.65771448612213146 4.5000000000000009 4.5000000000000009 -1.0000000180025095e-35 0.99773755669593822 0.38750000298023229 -1.0000000180025095e-35 0.95055618882179271 0.77015754580497753 1.0000000180025095e-35 0.53410854935646068 0.2296947315335274 5.5000000000000009 0.68333333730697643
decision_type=2 2 2 2 2 2 2 2 2 2 2 2 2 2 2 2 2 2 2 2 2 2 2 2 2 2 2 2 2 2
left_child=1 5 3 4 17 -1 7 -4 9 -9 -3 24 19 -14 28 16 21 22 -17 -13 -16 -5 -2 -20 27 -26 -7 -12 -6 -28
right_child=2 10 6 15 14 26 -8 8 -10 -11 11 12 13 -15 20 18 -18 -19 23 -21 -22 -23 -24 -25 25 -27 29 -29 -30 -31
leaf_value=-0.092647072300000605 0.086517695538034872 -0.099243309995413753 0.12469305954917481 -0.029423131016377987 0.10124624030165946 -0.082609957018862923 0.12193802995150603 0.076106636554349086 0.12595445020847254 -0.027983391362305533 0.20611938583790637 0.16089101064077127 0.90063849099866311 0.2123170618200596 0.017274090394447727 0.10509891629954547 0.16997221497138676 -0.076108890973182353 0.048764939310107114 -0.016436949214708434 0.10177054226197123 0.28715462145860271 -0.029976638913394416 0.088402726229186074 -0.017420440534392009 0.40406413009387832 0.028545557998488166 -0.094201620009453507 0.050289505346901034 0.053745493771151204
leaf_weight=314.21799879241735 100.1727574467659 15747.381469715387 2629.9381346516311 336.82081464119256 733.13546643778682 47.506384426727891 14380.550320148468 3385.7876952327788 1355.5917294993997 615.13246605545282 7.6029889648780218 47.819767078384757 7.3471199367195359 54.776125582866371 2008.2150972001255 3325.1528345234692 68.904477812349796 592.31071944907308 835.03305070474744 179.86238504946232 179.36803583428264 11.429702948778866 319.61087048053741 1469.0374811589718 24.036809382028881 6.0342902820557347 1619.9978840295225 977.33459299989045 350.26511953026056 1990.5442539080977
leaf_count=26888 2042 1537522 5251 13906 2176 1464 30536 8184 2843 1873 325 881 41 153 16787 10485 252 25967 6630 6703 480 28 9808 6503 1264 35 16465 83178 2249 8690
internal_value=0.0299415 -0.071732 0.0953196 0.0604033 0.0230657 0.0302574 0.111445 0.0925499 0.0767683 0.060103 -0.0954902 -0.0501953 0.0793097 0.293723 0.0442639 0.0868521 0.0121864 -0.0454446 0.0923853 0.020807 0.0242023 -0.0190329 -0.00217765 0.0740373 -0.0871715 0.0671578 0.0408147 -0.0918834 0.0847718 0.0424386
internal_weight=53720.9 21024.5 32696.5 10329.5 4283.08 3972.27 22367 7986.45 5356.51 4000.92 17052.2 1304.81 289.805 62.1232 3270.98 6046.38 417.155 1012.09 5629.22 227.682 2187.58 348.251 419.784 2304.07 1015.01 30.0711 3658.05 984.938 1083.4 3610.54
internal_count=1829609 1683609 146000 97313 59509 53507 48687 18151 12900 10057 1630102 92580 7778 194 21692 37804 14186 37817 23618 7584 17267 13934 11850 13133 84802 1299 26619 83503 4425 25155
is_linear=0
shrinkage=0.1


Tree=12
num_leaves=31
num_cat=0
split_feature=10 9 3 10 5 7 10 7 9 10 11 5 1 7 10 11 9 10 1 2 11 11 10 7 1 5 2 14 5 10
split_gain=30840.1 4654.06 1801.15 874.259 561.973 441.667 303.249 519.357 299.981 286.256 263.534 261.617 632.886 567.623 371.256 181.769 213.895 135.658 129.96 126.13 120.619 136.525 112.674 106.002 332.195 2272.84 79.6993 80.5938 74.2249 72.6978
threshold=0.65682536363601696 1.0000000180025095e-35 0.85566902160644542 0.95055618882179271 5.5000000000000009 0.30384616553783422 0.55891487002372753 0.47727273404598242 0.40546767413616186 0.58417022228240978 0.47913043200969702 4.5000000000000009 1.0000000180025095e-35 0.68333333730697643 0.99773755669593822 0.43167701363563543 0.52316638827323925 0.81023570895195018 1.0000000180025095e-35 0.51191151142120372 0.93541666865348827 0.55902779102325451 0.74099972844123851 0.89444443583488475 1.0000000180025095e-35 2.5000000000000004 0.77015754580497753 0.2296947315335274 3.5000000000000004 0.72773894667625438
decision_type=2 2 2 2 2 2 2 2 2 2 2 2 2 2 2 2 2 2 2 2 2 2 2 2 2 2 2 2 2 2
left_child=1 5 3 4 15 -1 -3 26 9 -9 -6 23 13 -13 -15 16 -2 -17 -10 -12 21 -5 -14 24 29 -26 27 -8 -23 -4
right_child=2 6 11 20 10 -7 7 8 18 -11 19 12 22 14 -16 17 -18 -19 -20 -21 -22 28 -24 -25 25 -27 -28 -29 -30 -31
leaf_value=-0.085223432891764914 0.10236963068038037 -0.098950962945247189 0.20171349958743934 0.11995097158783317 -0.04425329710351289 0.03576806757203365 0.19811906178202551 1.2333597270059442 0.1819137461967314 0.25749730282542332 -0.0071765738717692474 0.089170184471382724 -0.0014523342085893615 -0.044674024971486252 0.10639680976330575 0.18816985713396259 0.0029270924649257967 0.067742765284710724 0.0091275848962099806 0.065905790844234036 0.10693918627257581 0.081486532497241318 0.13051451484226395 0.12192414992942142 -0.20140499483626695 0.10365885248797957 0.0748835547895286 -0.09207685851052505 0.048233722909792595 0.11971548312201506
leaf_weight=328.55890769418329 277.59718211647123 14286.508383640088 110.26708415523171 543.46797345764935 1173.9347481345758 3691.6413500113413 9.6738280253484827 3.8196214139461544 54.231336215510964 14.110155140981076 511.13020749855787 1468.7523731850088 66.891004411503673 721.59393178299069 210.01672312617302 98.83924013748765 979.55880899634212 1744.639446481131 220.60609972290695 438.96538206003606 1734.3133060820401 1353.2176034040749 1973.9482003375888 7008.9022184982896 261.40013539791107 3716.6768170818686 30.695899688638747 893.0505027025938 1332.0044424962252 5558.2212967984378
leaf_count=27549 3852 1537601 249 1985 39408 25949 311 254 1113 202 6598 3695 326 2402 484 819 19613 7548 6287 1592 5474 4055 4193 15939 1102 8250 1308 83312 6587 12075
internal_value=0.0285842 -0.0700056 0.0901404 0.0556117 0.0270604 0.0258798 -0.0948549 -0.0471305 0.0690765 0.465388 -0.0125649 0.106815 0.0852493 0.0504413 -0.0106175 0.054205 0.0248854 0.0741995 0.043222 0.0265891 0.0856683 0.0742425 0.126189 0.112565 0.105765 0.0836131 -0.0835788 -0.088967 0.0649915 0.121311
internal_weight=50817.2 19532.9 31284.3 10187.7 5224.67 4020.2 15512.7 1226.19 292.767 17.9298 2124.03 21096.7 4441.2 2400.36 931.611 3100.63 1257.16 1843.48 274.837 950.096 4963 3228.69 2040.84 16655.5 9646.57 3978.08 933.42 902.724 2685.22 5668.49
internal_count=1830132 1683886 146246 97531 79430 53498 1630388 92787 7856 456 47598 48715 11100 6581 2886 31832 23465 8367 7400 8190 18101 12627 4519 37615 21676 9352 84931 83623 10642 12324
is_linear=0
shrinkage=0.1


Tree=13
num_leaves=31
num_cat=0
split_feature=10 9 3 12 12 12 2 10 4 10 4 12 10 5 10 12 10 3 14 9 11 2 14 6 6 5 3 2 2 1
split_gain=26335.5 4366.41 1764.54 856.947 630.557 448.913 447.129 427.264 366.267 349.667 481.454 318.35 313.136 248.959 206.949 201.213 170.934 126.796 122.024 121.221 119.073 109.967 90.9836 127.748 75.3168 58.8796 57.6366 57.2872 56.7447 74.0577
threshold=0.65682536363601696 1.0000000180025095e-35 0.85566902160644542 1.0000000180025095e-35 1.0000000180025095e-35 -1.0000000180025095e-35 0.95713412761688244 0.82618901133537304 0.70659971237182628 0.55891487002372753 0.86729559302330028 1.0000000180025095e-35 0.97309362888336193 4.5000000000000009 0.76609560847282421 -1.0000000180025095e-35 0.59160795807838451 0.71930795907974254 0.34307768940925604 0.38349066674709326 0.44722221791744238 0.47395551204681402 0.2296947315335274 0.92052632570266735 0.80810147523880016 5.5000000000000009 0.75030863285064708 0.72046512365341198 0.5388936996459962 1.0000000180025095e-35
decision_type=2 2 2 2 2 2 2 2 2 2 2 2 2 2 2 2 2 2 2 2 2 2 2 2 2 2 2 2 2 2
left_child=1 8 3 7 5 -4 12 18 -1 -3 22 19 -7 24 -15 25 -13 -17 -2 -12 -20 -16 23 -11 -5 -9 -26 -24 -10 -30
right_child=2 9 4 13 -6 6 -8 15 28 10 11 16 -14 14 21 17 -18 -19 20 -21 -22 -23 27 -25 26 -27 -28 -29 29 -31
leaf_value=-0.089788865759875158 0.062094594840601772 -0.098676804936597612 0.11531887987148055 0.14761355970706957 0.11605687821167561 0.033028624755272927 0.11683608564742659 0.086410796982938465 -0.076729510210031049 -0.066950797759408584 0.3126992403301545 0.61872865232795382 0.10642391120911346 -0.042189819484341723 0.040196654320124044 -0.0062808839213753052 0.18731362398611182 0.041545402104193344 -0.064723399983840746 -0.0046254659405314744 0.071724539979793792 0.084065177815262793 -0.08992734998372337 0.61646977301815542 0.078969400806845683 0.036263723764130347 0.10737152203590371 0.027070912019985245 0.057920690052885443 0.025048236815742808
leaf_weight=266.09090668801218 101.47610324434936 12963.692358484492 2354.6621834263206 241.42452010512352 12375.558868937194 3208.8164622914046 1167.1772004216909 707.16705245710909 47.771439855918288 7.0211566239595395 12.700744491070507 10.980189665220676 709.89751340448856 213.30260969791561 1217.468788228929 1148.5738376528025 56.146578723564744 1071.4512177146971 798.58048270829022 230.85394628718495 69.523626659996808 1076.8409891091287 807.95676484517753 4.480563061311841 1910.3385024508461 350.03276173397899 1141.382658675313 44.136459928937256 902.2028473932296 2851.1880228184164
leaf_count=26812 2087 1537497 5246 891 30515 8747 2684 2173 1539 251 271 66 1423 9625 10387 13191 137 4036 34774 7326 913 2901 82415 70 11510 2214 2606 2094 7310 17676
internal_value=0.0271249 -0.067676 0.0849165 0.0507797 0.102225 0.0792197 0.0625065 0.016648 0.0236317 -0.0939436 -0.0416904 0.065065 0.0463246 0.075768 0.0520271 0.0339007 0.257882 0.0168015 -0.0416667 0.0119222 -0.0537957 0.0607865 -0.080096 0.19928 0.0938458 0.0698074 0.0895922 -0.0838671 0.0315714 0.0329498
internal_weight=48068.9 18205.2 29863.7 10047.6 19816.1 7440.55 5085.89 4246.81 4067.25 14138 1174.28 310.681 3918.71 5800.76 2507.61 3277.22 67.1268 2220.03 969.58 243.555 868.104 2294.31 863.595 11.5017 3293.15 1057.2 3051.72 852.093 3801.16 3753.39
internal_count=1829387 1683464 145923 97308 48615 18100 12854 59388 53337 1630127 92630 7800 10170 37920 22913 21614 203 17227 37774 7597 35687 13288 84830 321 15007 4387 14116 84509 26525 24986
is_linear=0
shrinkage=0.1


Tree=14
num_leaves=31
num_cat=0
split_feature=10 9 2 12 4 10 7 7 12 2 7 4 6 12 5 4 5 10 14 5 6 7 12 5 10 7 2 7 14 2
split_gain=22836.7 3926.83 1439.01 1027.18 810.509 692.61 579.812 587.315 528.542 471.501 440.93 312.623 217.941 199.037 198.196 219.66 139.024 116.027 115.682 116.437 112.329 100.338 98.5329 96.9453 96.1134 78.3947 65.8843 64.1866 70.4526 93.8019
threshold=0.68665710091590892 1.0000000180025095e-35 0.52565789222717296 1.0000000180025095e-35 0.26138716936111456 0.58753529191017162 0.89444443583488475 0.080128207802772536 -1.0000000180025095e-35 0.66996699571609508 0.30384616553783422 0.70064935088157665 0.47114317119121557 1.0000000180025095e-35 2.5000000000000004 0.078689370304346098 17.500000000000004 0.96113961935043346 0.29413244128227239 2.5000000000000004 0.72046512365341198 0.47727273404598242 -1.0000000180025095e-35 5.5000000000000009 0.99773755669593822 0.087121214717626586 0.47395551204681402 0.43650794029235845 0.35134412348270422 0.62258651852607738
decision_type=2 2 2 2 2 2 2 2 2 2 2 2 2 2 2 2 2 2 2 2 2 2 2 2 2 2 2 2 2 2
left_child=1 11 4 6 14 -3 7 -4 -9 18 12 -1 16 22 -2 20 -6 -17 19 -7 -16 -20 -11 -5 25 -25 -14 -13 29 -29
right_child=2 5 3 23 10 9 -8 8 -10 13 -12 27 26 -15 15 17 -18 -19 21 -21 -22 -23 -24 24 -26 -27 -28 28 -30 -31
leaf_value=-0.089702659039448046 0.092339456607804182 -0.097671088973218134 0.16816572284770659 0.11313807535200454 0.1278244180495135 0.26663313534621652 0.11726652003007371 0.091845316903181318 0.029648822099794178 0.11511893923915098 0.090791064539270133 -0.016986789176935271 -0.069154865514333294 0.17284784491946481 -0.098782900817114327 0.032935830052444236 -0.020654639055888289 0.08553523182937027 -0.086338707815283799 -0.030154144255555727 0.02692194441399743 0.093647228899439938 -0.010537192196268537 0.13561747837951502 0.11559703074964774 0.066954001578891961 -0.00029735595051504581 0.81864841572601221 0.031134235120569866 -0.10784221710807758
leaf_weight=239.74698649626225 1349.7393443007022 12109.334928044118 421.68431387282908 11457.122323634103 107.11479819752276 19.643679489381611 1778.2635862454772 1877.9112649867311 5015.1752713415772 84.883451150264591 296.43053189478815 293.76977690216154 1074.9141957554966 121.93814294692129 148.47678200155497 944.45467319060117 153.32743181474507 754.30826950073242 653.94295995496213 40.417721203994006 136.3841565977782 32.513446882367134 235.64311525784433 190.15376267582178 993.84268348664045 1324.2936707027256 159.58686057757586 2.5910670645534983 3590.5438773259521 1.8897790648043153
leaf_count=26448 4622 1572682 902 30438 1579 693 4637 4947 17132 869 925 7695 35316 512 2280 11414 3104 2436 63025 2860 851 496 4960 419 2502 3959 3110 31 19143 31
internal_value=0.0259144 -0.0640708 0.0815562 0.0922088 0.0336252 -0.09052 0.0660522 0.0536017 0.0465933 -0.0176886 -0.0206237 0.0211237 -0.042716 0.0641078 0.062779 0.0426649 0.0404119 0.0562917 -0.0661698 0.0669131 -0.0385986 -0.0778138 0.0227397 0.10924 0.0914329 0.0755754 -0.0602535 0.0279562 0.0316288 0.427905
internal_weight=45610 17426.9 28183.2 23058.4 5124.74 13298.3 9093.03 7314.77 6893.09 1188.98 1791.37 4128.54 1494.94 442.465 3333.36 1983.62 260.442 1698.76 746.518 60.0614 284.861 686.456 320.527 13965.4 2508.29 1514.45 1234.5 3888.79 3595.02 4.48085
internal_count=1830018 1699445 130573 64936 65637 1646097 27618 22981 22079 73415 44034 53348 43109 6341 21603 16981 4683 13850 67074 3553 3131 63521 5829 37318 6880 4378 38426 26900 19205 62
is_linear=0
shrinkage=0.1


Tree=15
num_leaves=31
num_cat=0
split_feature=10 10 3 12 12 12 2 10 10 10 3 12 4 10 5 10 12 12 5 10 6 3 2 3 11 5 2 5 5 3
split_gain=19479.5 3970.03 1726.19 770.542 687.837 415.647 415.022 308.26 287.313 277.906 458.112 428.687 274.702 244.313 194.598 205.513 151.899 138.65 122.738 99.9993 90.4914 82.7699 69.1292 55.5468 54.3512 49.1938 48.0109 47.1529 46.8144 113.748
threshold=0.65012314915657055 1.0000000180025095e-35 0.85566902160644542 1.0000000180025095e-35 1.0000000180025095e-35 -1.0000000180025095e-35 0.95713412761688244 0.84389334917068493 0.97309362888336193 0.53361582756042492 0.85566902160644542 1.0000000180025095e-35 0.70064935088157665 0.57202136516571056 3.5000000000000004 0.76609560847282421 -1.0000000180025095e-35 -1.0000000180025095e-35 4.5000000000000009 0.99773755669593822 0.84045451879501354 0.68771553039550792 0.47395551204681402 0.77807807922363292 0.46410256624221807 5.5000000000000009 0.89943820238113414 5.5000000000000009 8.5000000000000018 0.94804319739341747
decision_type=2 2 2 2 2 2 2 2 2 2 2 2 2 2 2 2 2 2 2 2 2 2 2 2 2 2 2 2 2 2
left_child=1 12 4 5 7 28 8 18 -7 -3 -11 17 26 -13 20 24 27 -12 21 -18 -6 -2 -17 -22 -16 -5 -1 -9 -4 -30
right_child=2 9 3 25 14 6 -8 16 -10 10 11 13 -14 -15 15 22 19 -19 -20 -21 23 -23 -24 -25 -26 -27 -28 -29 29 -31
leaf_value=-0.089940869869576667 -0.025481489864724396 -0.098862026526846281 0.11074069324225506 0.1144352791480001 0.15249456944330747 0.025297649200642831 0.109360495911202 0.076405287426482921 0.097377528103602562 -0.084882208562875802 0.13867708550920541 0.78770474903475352 0.026288505464254271 0.21113295209800409 -0.049265708472331832 0.040491287315141226 0.0060559872970433878 -0.038465454369108316 -0.064988022287651229 0.087779716882713396 0.069779793963650208 0.059893312191441173 0.073250194428460869 0.10263773807612005 0.19675423320151142 0.095703166866418721 1.5286388394073613 0.029941909708021127 0.10296196180777047 -0.069948371008872204
leaf_weight=219.55230588279665 360.29742347449064 10390.566866470966 1906.7439517006278 8970.3939001634717 184.29882295709103 3196.0411109048873 1024.3874367959797 635.39190382510424 668.70608411729336 940.63788974005729 55.686532274354249 8.5639174366369826 3949.3301070714369 51.812183443456888 237.94559585861862 1413.0519134327769 1910.8565416112542 213.92374812345952 590.65636213682592 162.45665973797441 1685.4228914259002 165.8187290886417 1183.8682628404349 740.55246439576149 9.3320202492177469 1661.6596504971385 0.18341460824012656 332.82753496430814 154.86497356370091 50.435972914099693
leaf_count=26505 12425 1498134 4822 25838 648 8854 2688 2014 1415 114590 1386 63 26920 145 11536 11382 15014 11861 29151 476 10152 1060 3482 1921 152 4802 1 1972 339 158
internal_value=0.0247018 -0.0635202 0.0759599 0.0945444 0.0418693 0.0687839 0.0527694 0.011233 0.0377694 -0.0934636 -0.0493179 0.0520593 0.0202337 0.292916 0.0652254 0.0471305 0.0277312 -0.00187763 -0.0336999 0.0124595 0.0849419 0.00142652 0.0554252 0.07981 -0.0399812 0.111508 -0.0885898 0.0604334 0.105855 0.0604833
internal_weight=43076.3 15830.3 27246 17633.2 9612.78 7001.18 4889.13 4158.31 3864.75 11661.2 1270.62 329.986 4169.07 60.3761 5454.47 2844.2 3041.53 269.61 1116.77 2073.31 2610.27 526.116 2596.92 2425.98 247.278 10632.1 219.736 968.219 2112.04 205.301
internal_count=1829906 1679605 150301 48916 101385 18276 12957 62112 10269 1626179 128045 13455 53426 208 39273 26552 19476 13247 42636 15490 12721 13485 14864 12073 11688 30640 26506 3986 5319 497
is_linear=0
shrinkage=0.1


Tree=16
num_leaves=31
num_cat=0
split_feature=11 12 3 7 12 11 11 12 14 7 7 3 5 1 11 12 2 14 7 3 7 7 2 7 12 4 2 5 14 3
split_gain=15471 2155.6 1821.68 902.862 787.074 597.852 587.174 377.017 358.225 350.736 428.503 323.141 305.436 310.819 204.215 199.656 189.5 194.204 172.885 859.356 225.157 164.387 132.304 126.802 122.057 544.377 140.231 113.406 124.033 94.3484
threshold=0.21807064861059192 -1.0000000180025095e-35 0.85566902160644542 0.43650794029235845 1.0000000180025095e-35 0.38675214350223547 0.12060606107115747 -1.0000000180025095e-35 0.5000143051147462 0.89444443583488475 0.78888890147209179 0.87019926309585582 3.5000000000000004 1.0000000180025095e-35 0.080540537834167494 1.0000000180025095e-35 0.598850578069687 0.34307768940925604 0.060661764815449722 0.53803458809852611 0.17156863212585452 0.47727273404598242 0.77629500627517711 0.080128207802772536 1.0000000180025095e-35 0.84273937344551098 0.71516755223274242 2.5000000000000004 0.29413244128227239 0.75030863285064708
decision_type=2 2 2 2 2 2 2 2 2 2 2 2 2 2 2 2 2 2 2 2 2 2 2 2 2 2 2 2 2 2
left_child=1 3 5 22 7 16 24 -4 -5 10 -9 27 13 -7 -10 -13 17 -2 19 -14 -20 -19 -1 -18 -3 -26 -27 28 -8 -25
right_child=2 6 4 8 -6 12 11 9 14 -11 -12 15 18 -15 -16 -17 23 21 20 -21 -22 -23 -24 29 25 26 -28 -29 -30 -31
leaf_value=-0.090715692671921741 0.036565451839992609 -0.097181370491928376 0.10169591469131894 0.026790673857438226 0.10941633061418553 0.072895069651674291 0.15944056948095811 0.050147694979249736 -0.098258159463610037 0.10487368102413981 -0.043163486577198915 0.016443048480021965 0.012094344134534959 -0.19500848752588898 0.036494762980324454 0.18428002067074559 0.14735362781050881 -0.062569449296678473 -0.10499242126968547 0.14989700014955268 0.01634357140727925 0.14271048607873416 -0.011506937953483532 -0.056646039954406292 -0.08756440114355063 0.66557235906989631 0.17149612826927077 -0.077092369971269406 -0.034965323883724378 0.046226149340382411
leaf_weight=1167.2807811484672 299.85433827759698 7968.7216467997059 1932.2066713152453 3697.6814016881399 9667.9830835172907 3529.9421716649085 44.83847085153684 3153.6398533657193 392.8310013031587 908.13333985302597 583.13923132512718 263.99430893501267 1877.8251432669349 43.844077348709106 157.57519312249497 96.890393782407045 86.789016047958285 1012.065634148661 173.63924868404865 596.22723028482869 1282.5929722925648 40.573890279978514 257.37067717825994 128.85770330298692 430.11641999287531 6.3401392502710214 61.15242191683501 539.65875404514372 122.42469055019319 289.34337916551158
leaf_count=161396 6976 1245422 5456 19317 30337 14820 1731 8937 62086 3214 1935 6342 20651 193 8470 318 284 62282 2557 1486 5019 119 14610 3095 65062 277 826 62679 11921 2008
internal_value=0.0235677 -0.0563261 0.0710138 -0.00751613 0.0912613 0.0358782 -0.0853676 0.0645745 0.0155871 0.0491326 0.0355861 -0.015489 0.0484511 0.0696084 -0.0596799 0.061504 -0.0149154 -0.0344325 0.0292129 0.0453037 0.00187562 -0.054657 -0.0764062 0.0373564 -0.0941809 -0.0461319 0.217909 -0.0547941 0.0171493 0.0145288
internal_weight=40813.5 15206.9 25606.7 5672.74 16245.1 9361.55 9534.14 6577.12 4248.09 4644.91 3736.78 1067.81 7504.07 3573.79 550.406 360.885 1857.48 1352.49 3930.28 2474.05 1456.23 1052.64 1424.65 504.99 8466.33 497.609 67.4926 706.922 167.263 418.201
internal_count=1829826 1660457 169369 265879 49879 119490 1394578 19542 89873 14086 10872 82991 44726 15013 70556 6660 74764 69377 29713 22137 7576 62401 176006 5387 1311587 66165 1103 76331 13652 5103
is_linear=0
shrinkage=0.1


Tree=17
num_leaves=31
num_cat=0
split_feature=10 9 3 12 12 7 7 10 7 10 12 12 1 11 4 3 4 7 7 9 10 3 7 10 11 5 7 3 9 14
split_gain=14715.4 3277.82 1540.45 857.674 524.116 453.47 457.351 316.87 314.771 261.145 256.035 229.535 222.124 202.156 193.289 186.555 523.993 246.104 280.678 141.55 140.197 117.842 97.4472 93.3735 84.0412 71.78 66.5561 60.6101 56.7492 56.6446
threshold=0.65682536363601696 1.0000000180025095e-35 0.85566902160644542 1.0000000180025095e-35 1.0000000180025095e-35 0.89444443583488475 0.76388889551162731 0.54909998178482067 0.47727273404598242 0.97309362888336193 -1.0000000180025095e-35 1.0000000180025095e-35 1.0000000180025095e-35 0.45804196596145635 0.70064935088157665 0.53618401288986217 0.2736185491085053 0.069047622382640853 0.17156863212585452 0.85775598883628856 0.94208887219429027 0.59186315536499035 0.18465909361839297 0.76609560847282421 0.29520697891712194 5.5000000000000009 0.080128207802772536 0.8676242232322694 0.39541453123092657 0.24540840834379199
decision_type=2 2 2 2 2 2 2 2 2 2 2 2 2 2 2 2 2 2 2 2 2 2 2 2 2 2 2 2 2 2
left_child=1 14 4 5 10 6 9 -3 27 -4 25 24 -8 20 -1 16 23 21 -19 -15 -12 -17 -18 -6 -10 -2 -27 29 -29 -9
right_child=2 7 3 -5 15 -7 12 8 11 -11 13 -13 -14 19 -16 17 22 18 -20 -21 -22 -23 -24 -25 -26 26 -28 28 -30 -31
leaf_value=-0.086227547961821735 0.066214911295206583 -0.098067574343363328 0.044365787953114605 0.10733211220189268 -0.0055893723440448339 0.10834229109385143 -0.079571461146743294 0.091360681013014852 -0.015844215942984168 0.10190505151010903 -0.049003648072753057 0.21640348987008498 0.030266504255561311 0.046772462283086513 0.018357051284329604 0.30769813241697336 -0.048877714905329037 -0.10078471134322807 0.067446124865075299 -0.010333962597178073 0.11524371179490388 0.11958120062644709 0.12422412480909484 0.070342640502026141 0.18880100430450339 0.044966183753221992 -0.036188811405607826 1.235986386247492 0.090936600112809587 -0.085158376071931469
leaf_weight=184.85618376452476 764.75123892258853 8757.8534985124134 3335.2993616331369 8977.3572572246194 177.73750262986869 1491.9606376737356 385.70210584998131 18.672415804583579 236.79275610856712 1033.0961015671492 1047.7892101486214 61.517566080670804 352.27480641379952 747.67811941262335 4012.1075474554673 35.25212796125561 615.87643503583968 104.94016556255519 1804.8363924995065 1034.7560140667483 54.68072228319943 601.31305505055934 34.33417628146708 1822.9215305764228 21.925410619005561 277.20648191589862 159.02813076926395 0.44661402935162087 14.01721811108291 688.29185451520607
leaf_count=26517 4701 1522946 8611 30552 5930 4793 1375 1045 9508 2557 36410 207 905 5206 26927 207 15463 1437 5707 6879 286 1679 257 7242 121 4449 1651 18 502 96018
internal_value=0.0218188 -0.060196 0.0679964 0.0872143 0.0357516 0.0598431 0.0456728 -0.091866 -0.0397257 0.0579734 0.00895314 0.0427821 -0.0271401 -0.00719825 0.0137506 0.0568197 0.0382509 0.0761507 0.058202 0.0136205 -0.0408572 0.129999 -0.0397371 0.0635969 0.00149871 0.0477506 0.0153814 -0.0763502 0.126293 -0.0804961
internal_weight=38855.3 13996.5 24858.8 15575.7 9283.1 6598.33 5106.37 9799.52 1041.66 4368.4 4085.89 320.236 737.977 2884.9 4196.96 5197.21 2650.87 2546.34 1909.78 1782.43 1102.47 636.565 650.211 2000.66 258.718 1200.99 436.235 721.428 14.4638 706.964
internal_count=1830106 1683809 146297 48793 97504 18241 13448 1630365 107419 11168 59582 9836 2280 48781 53444 37922 28892 9030 7144 12085 36696 1886 15720 13172 9629 10801 6100 97583 520 97063
is_linear=0
shrinkage=0.1


Tree=18
num_leaves=31
num_cat=0
split_feature=10 10 3 12 12 7 12 10 2 12 7 10 2 5 10 12 2 2 7 11 10 14 12 3 3 5 5 14 10 7
split_gain=12487.3 3183.16 1475.98 874.076 500.353 395.231 367.316 312.625 334.794 341.394 276.705 215.725 189.842 179.809 154.53 121.005 112.039 224.453 216.909 100.627 99.0823 71.4254 66.6047 63.8347 73.4474 62.5 61.8384 59.2221 58.7522 55.196
threshold=0.65682536363601696 1.0000000180025095e-35 0.85566902160644542 1.0000000180025095e-35 1.0000000180025095e-35 0.89444443583488475 -1.0000000180025095e-35 0.53361582756042492 0.598850578069687 1.0000000180025095e-35 0.78888890147209179 0.82618901133537304 0.57735043764114391 3.5000000000000004 0.54292181134223949 -1.0000000180025095e-35 0.4654348641633988 0.27424120903015142 0.087121214717626586 0.29520697891712194 0.98399898409843456 0.30778077244758612 -1.0000000180025095e-35 0.77807807922363292 0.25760369002819067 7.5000000000000009 5.5000000000000009 0.2296947315335274 0.69624939560890209 0.78888890147209179
decision_type=2 2 2 2 2 2 2 2 2 2 2 2 2 2 2 2 2 2 2 2 2 2 2 2 2 2 2 2 2 2
left_child=1 12 4 5 11 6 26 -3 27 19 -8 21 -1 23 -11 -13 17 -15 -18 -10 -17 -2 -23 24 -6 -5 -4 -9 -7 -14
right_child=2 7 3 25 13 28 10 8 9 14 -12 15 29 16 -16 20 18 -19 -20 -21 -22 22 -24 -25 -26 -27 -28 -29 -30 -31
leaf_value=-0.079078416242693406 0.064358200028762483 -0.098072575326175346 0.10464243967230887 0.10895439656008621 0.082619226082523756 0.0044710079843045423 0.039510907498159407 0.11063918154322688 -0.030703735100314284 1.1621995445478246 -0.034718086244596422 0.047300835619630173 0.0092837310667833496 0.043538392359447023 0.18737395385463934 -0.00304698908230552 0.12408898584652316 -0.03912117985845405 0.02966089151405369 0.1800531611759284 0.060781640176200719 0.0067293930784931974 -0.062266784738631259 0.099137179894234789 0.040660520497516471 0.083148815670196718 0.056450455856800752 -0.090207424385697912 0.10826312217563511 0.033051756084561117
leaf_weight=206.92585975769907 62.800618831068277 7801.6145648802631 882.19365858286619 7140.0269485339522 895.99363366700709 56.899780936539173 3192.9227228928357 15.008515609428285 341.12138219969347 1.658791173249482 595.92050374299288 990.86103340052068 2357.2465021931566 1081.8565065599978 82.626930063124746 1896.0785924047232 358.26598275918514 471.74668796593323 757.82713549165055 24.265899288933724 278.98499542847276 181.56511622760445 609.87081514392048 694.45112903043628 780.68892966490239 1080.5789861753583 381.36402095854282 672.72139399219304 1313.6678136438131 1668.7422555536032
leaf_count=23293 999 1498134 2417 26459 3391 176 8233 497 23712 128 1874 4413 23895 9462 1447 16273 1297 11495 3262 199 870 6107 30760 2129 6881 3957 978 106383 4574 6117
internal_value=0.0209602 -0.0571038 0.0643381 0.0839666 0.0326161 0.0563268 0.0434069 -0.090932 -0.0419539 0.0251415 0.027836 0.00630255 0.0143342 0.0536017 0.206559 0.0183354 0.0358025 0.0184391 0.0599723 -0.0167071 0.00514 -0.0382928 -0.0464382 0.0736422 0.0630826 0.105562 0.0900972 -0.0858243 0.103954 0.0191354
internal_weight=36876.5 13171.9 23704.6 14643.6 9060.99 6422.97 5052.4 8939.02 1137.4 449.673 3788.84 4020.16 4232.91 5040.83 84.2857 3165.92 2669.7 1553.6 1116.09 365.387 2175.06 854.237 791.436 2371.13 1676.68 8220.61 1263.56 687.73 1370.57 4025.99
internal_count=1829812 1683805 146007 48668 97339 18252 13502 1630500 132366 25486 10107 59422 53305 37917 1575 21556 25516 20957 4559 23911 17143 37866 36867 12401 10272 30416 3395 106880 4750 30012
is_linear=0
shrinkage=0.1


Tree=19
num_leaves=31
num_cat=0
split_feature=11 9 11 3 12 2 12 7 11 7 5 11 7 3 4 1 2 1 14 3 11 3 12 5 4 7 12 5 3 2
split_gain=10109.3 1940.65 1435.24 1263.75 706.421 506.566 423.255 329.716 324.021 283.066 281.931 189.352 160.941 688.852 171.192 157.006 152.45 143.607 132.645 126.114 125.045 166.037 306.115 106.403 92.7082 80.2613 76.4626 69.1769 60.6873 150.761
threshold=0.26794873178005224 1.0000000180025095e-35 0.12060606107115747 0.85566902160644542 1.0000000180025095e-35 0.60736888647079479 1.0000000180025095e-35 0.89444443583488475 0.87083333730697643 0.76388889551162731 5.5000000000000009 0.71714287996292125 0.057189542800188072 0.56012821197509777 0.77015754580497753 1.0000000180025095e-35 0.65771448612213146 1.0000000180025095e-35 0.29413244128227239 0.7454303801059724 0.0745370388031006 0.85760369896888744 1.0000000180025095e-35 4.5000000000000009 0.078689370304346098 0.30384616553783422 -1.0000000180025095e-35 5.5000000000000009 0.51381558179855358 0.29818989336490637
decision_type=2 2 2 2 2 2 2 2 2 2 2 2 2 2 2 2 2 2 2 2 2 2 2 2 2 2 2 2 2 2
left_child=1 16 20 8 7 18 26 9 10 11 17 -5 13 -12 -14 -11 -1 19 24 -2 -3 -22 -23 -19 -4 -20 -7 -6 29 -10
right_child=3 2 5 4 27 6 -8 -9 28 15 12 -13 14 -15 -16 -17 -18 23 25 -21 21 22 -24 -25 -26 -27 -28 -29 -30 -31
leaf_value=-0.054578240695417696 0.028969683374844499 -0.099293698586729817 -0.086941668265290595 0.040921566833026501 0.10746169679078386 0.058461664805769337 0.12954901650455777 0.10511002099936617 0.072797267983833625 -0.063857767396680684 -0.015254652190032317 0.091754882571141005 -0.082607083052048794 0.14689256584847168 0.0040502581928534903 0.034354463707053633 0.015608260885842887 -0.13330576161964672 -0.080934433008707729 0.066618453883401138 -0.092376877621914336 -0.047158102331835171 0.20672850026530332 0.22518630196593914 0.072800554168676451 0.027462086895518347 -0.011331217209937877 0.081067568976293247 0.090600069072513612 -0.038212377853604651
leaf_weight=336.1793046570383 2521.0398384178989 5928.6049779946916 52.085508354473859 2800.5571265742183 6132.2210961058736 197.20391969243065 363.00517491623759 1090.8137796316296 669.90728877484798 341.75250592082739 1385.2809011312202 992.45984900742769 428.91378145013005 323.11517719598487 486.59124322189018 310.81067419797182 3895.4834878593683 71.9273975729011 793.04811407020316 1375.0187090504915 901.64834856567904 473.30925783654675 52.786821596324444 9.3562467992305738 120.11405421607196 74.746925014536828 769.46504620974883 1184.8582870364189 855.61524145305157 149.67327911779284
leaf_count=29819 25819 1259379 4467 7378 24932 5037 2752 4302 2290 1209 30951 2590 7067 941 2148 808 23633 327 104607 4171 180802 68132 315 22 6555 2984 17449 4645 2707 1612
internal_value=0.0195454 -0.0464976 -0.071093 0.0631711 0.0827954 -0.00340949 0.0374805 0.0558443 0.0326942 0.0437559 0.0227267 0.0542223 -0.00271704 0.0154128 -0.0365487 -0.0170801 0.0100324 0.0395123 -0.055689 0.0422569 -0.0928956 -0.0663279 -0.0216839 -0.0920411 0.024483 -0.0715978 0.00290678 0.103188 0.0719718 0.0525245
internal_weight=35087.6 13957.7 9726.02 21129.9 12853.5 2369.67 1329.67 5536.39 8276.44 4445.58 6601.24 3793.02 2623.9 1708.4 915.505 652.563 4231.66 3977.34 1039.99 3896.06 7356.35 1427.74 526.096 81.2836 172.2 867.795 966.669 7317.08 1675.2 819.581
internal_count=1829850 1705931 1652479 123919 45864 143851 25238 16287 78055 11985 71446 9968 41107 31892 9215 2017 53452 30339 118613 29990 1508628 249249 68447 349 11022 107591 22486 29577 6609 3902
is_linear=0
shrinkage=0.1


Tree=20
num_leaves=31
num_cat=0
split_feature=10 9 3 10 7 9 10 10 3 5 7 9 1 7 11 3 7 3 2 9 11 11 3 1 7 7 7 2 5 2
split_gain=9323.84 2790.14 1376.18 492.563 499.077 392.368 382.126 219.167 251.984 213.245 197.693 165.606 145.594 140.464 131.687 143.786 97.3483 480.492 104.713 91.4447 83.1596 146.778 79.3917 71.7251 79.7902 70.4131 63.9749 61.8149 56.9458 47.959
threshold=0.64418154954910289 1.0000000180025095e-35 0.85566902160644542 0.98399898409843456 0.89444443583488475 0.91974705457687389 0.96113961935043346 0.53361582756042492 0.85760369896888744 6.5000000000000009 0.76388889551162731 0.98122024536132824 1.0000000180025095e-35 0.30384616553783422 0.71714287996292125 0.72397372126579296 0.057189542800188072 0.63850376009941112 0.81530213356018078 0.4590801745653153 0.61721614003181469 0.90692642331123363 0.51381558179855358 1.0000000180025095e-35 0.47727273404598242 0.63068181276321422 0.47727273404598242 0.6789083480834962 2.5000000000000004 0.66996699571609508
decision_type=2 2 2 2 2 2 2 2 2 2 2 2 2 2 2 2 2 2 2 2 2 2 2 2 2 2 2 2 2 2
left_child=1 13 6 4 5 10 9 -3 26 14 -4 -7 -10 29 15 -2 17 -11 -18 -14 -8 28 -23 25 -25 -15 -9 -28 -22 -1
right_child=2 7 3 -5 -6 11 20 8 12 16 -12 -13 19 23 -16 -17 18 -19 -20 -21 21 22 -24 24 -26 -27 27 -29 -30 -31
leaf_value=-0.096871380275466434 9.5826141304009252e-05 -0.097418203155358374 0.070371520754625369 0.10559473296036165 0.1042838014238144 -0.0083856228959613196 0.091919032400449463 -0.087172119983248531 0.17581594828051594 -0.026734853975167477 0.011477546962044449 0.11180823117274862 0.13173857057003616 0.024556407049894851 0.078646191389230638 0.046235942382895419 -0.058772077389649673 0.15934916829384316 0.10743598145297389 -0.032356389668148494 0.049845302002958627 0.046078588588952307 0.093456502800780078 -0.10420068398843732 0.0096232733088049641 0.09115846349631862 0.3298715868111699 -0.019105102614054539 0.012719587399173123 0.023648591883475182
leaf_weight=156.79236248834059 1857.1160469120368 6443.7232061657123 4443.5353457285091 4287.1227608919144 2296.8018205016851 1249.729674808681 445.19532393291593 605.41784488642588 56.794631864409894 997.03514687577263 653.83218662440777 126.21009214967489 41.383894296362996 744.80196118401363 391.422577586025 1061.4174293535762 628.63229150185362 161.19541960768402 40.337086077779531 189.30778187373653 658.64963173866272 707.0506481602788 707.7110790386796 62.845995428971946 3071.897188808769 201.73137134313583 6.8754280833527472 19.391240704338998 1108.4670071899891 41.826057862490416
leaf_count=26037 36049 1497240 14426 17976 9516 4432 1879 109002 1494 36581 2302 360 1939 7597 1258 3827 11160 429 155 9656 2535 3501 2347 1877 16067 459 398 1194 5922 1414
internal_value=0.0186847 -0.053579 0.0572408 0.0778152 0.0642356 0.0500261 0.0265885 -0.090902 -0.0452213 0.00904311 0.0628173 0.00263933 0.0323909 0.0106294 0.0241808 0.0168761 -0.0183787 -0.000836822 -0.0487502 -0.00291931 0.0514387 0.0457748 0.0697786 0.0146259 0.00734131 0.0387511 -0.0805434 0.0722412 0.0265573 -0.0714917
internal_weight=33464.3 11642.8 21821.5 13057.2 8770.11 6473.31 8764.23 7362.89 919.171 5137.16 5097.37 1375.94 287.486 4279.89 3309.96 2918.53 1827.2 1158.23 668.969 230.692 3627.07 3181.88 1414.76 4081.28 3134.74 946.533 631.685 26.2667 1767.12 198.618
internal_count=1829029 1674374 154655 49012 31036 21520 105643 1620923 123683 89459 16728 4792 13089 53451 41134 39876 48325 37010 11315 11595 16184 14305 5848 26000 17944 8056 110594 1592 8457 27451
is_linear=0
shrinkage=0.1


Tree=21
num_leaves=31
num_cat=0
split_feature=11 9 11 3 12 2 12 12 7 12 2 2 7 7 7 12 6 14 4 11 7 12 3 7 3 6 7 6 5 2
split_gain=7353.33 1754.44 1194.16 1141.44 715.769 345.086 330.797 313.63 311.678 248.373 198.134 322.62 193.181 156.601 158.386 148.345 147.241 136.218 131.985 127.169 153.628 231.025 101.481 391.287 170.753 84.654 84.0379 83.8959 77.0803 70.5193
threshold=0.26794873178005224 1.0000000180025095e-35 0.12060606107115747 0.88454905152320873 1.0000000180025095e-35 0.6291005313396455 1.0000000180025095e-35 1.0000000180025095e-35 0.89444443583488475 -1.0000000180025095e-35 0.48313754796981817 0.22318007797002795 0.78888890147209179 0.080128207802772536 0.17156863212585452 -1.0000000180025095e-35 0.42163743078708654 0.29413244128227239 0.70659971237182628 0.061553031206130988 0.58571431040763866 1.0000000180025095e-35 0.7019641399383546 0.057189542800188072 0.18047619611024859 0.97467949986457836 0.30384616553783422 0.89699381589889537 8.5000000000000018 0.050641026347875602
decision_type=2 2 2 2 2 2 2 2 2 2 2 2 2 2 2 2 2 2 2 2 2 2 2 2 2 2 2 2 2 2
left_child=1 18 19 7 8 17 25 15 9 28 11 29 -11 -12 -15 -2 -13 27 -1 -3 -21 -22 24 -24 -17 -7 -19 -4 -5 -9
right_child=3 2 5 4 -6 6 -8 10 -10 12 13 16 -14 14 -16 22 -18 26 -20 20 21 -23 23 -25 -26 -27 -28 -29 -30 -31
leaf_value=-0.084070270074101464 0.038569769420593175 -0.099336943569173802 -0.036831301308282667 0.093976513058925945 0.10148379018478107 -0.021063766192545175 0.11994902207382344 -0.074994626144805288 0.10084056478014525 0.033876062367269935 0.115662385106232 0.067843810749111957 -0.034145123787958261 -0.096254760405121598 0.059415378016516855 0.016170858300446254 -0.038196683280308744 -0.079394352043278174 0.013288572263083179 -0.086294095084314737 -0.038309375993823155 0.2114979986091825 0.15345098334510177 -0.0048942387375811042 -0.058131419071645797 0.04321848572488151 0.020819125242706845 0.10188420688634924 0.01398136560528928 0.057213519748349699
leaf_weight=144.09697257168591 1163.3710694662295 4749.2643065974116 90.795561499428004 775.68561273440719 5874.8304389119148 633.8909945958294 302.78496123244986 41.390940944198519 934.3805824816227 2343.244438316673 523.77228168118745 157.9817823166959 508.0408777538687 67.901336468756199 1745.6302622449584 557.25738267367706 765.09326409781352 712.09922261349857 4134.0393346948549 957.94450176903047 356.10506533645093 41.316364897415042 176.30443406663835 1358.9186893422157 695.05958543112502 302.68811408244073 94.82314821658656 83.87992352899164 142.595533978194 1596.8461727858521
leaf_count=26865 8401 1225862 8438 2492 27765 15568 2297 627 4343 5975 2221 1711 1622 1001 6660 3487 16993 106273 26510 226300 55915 289 344 6626 23853 5125 3648 2620 428 9141
internal_value=0.0174483 -0.0420381 -0.0687829 0.0560389 0.0782081 -0.00599391 0.0290862 0.0295376 0.0491388 0.0363232 0.0464444 0.0272326 0.0217561 0.0674975 0.0535869 0.00857541 -0.0200481 -0.050286 0.0100093 -0.0916265 -0.064609 -0.0123391 -0.00394264 0.0132901 -0.0250683 -0.000288721 -0.0676181 0.0297805 0.0815544 0.0538732
internal_weight=32032 12603.7 8325.59 19428.3 10578.8 2220.96 1239.36 8849.53 4703.95 3769.57 4898.62 2561.31 2851.29 2337.3 1813.53 3950.91 923.075 981.598 4278.14 6104.63 1355.37 397.421 2787.54 1535.22 1252.32 936.579 806.922 174.675 918.281 1638.24
internal_count=1829400 1705710 1652335 123690 42625 143969 22990 81065 14860 10517 38354 28472 7597 9882 7661 42711 18704 120979 53375 1508366 282504 56204 34310 6970 27340 20693 109921 11058 2920 9768
is_linear=0
shrinkage=0.1


Tree=22
num_leaves=31
num_cat=0
split_feature=10 9 12 3 10 7 10 9 4 12 11 10 9 7 2 11 3 2 7 7 14 2 4 6 11 7 9 7 10 3
split_gain=6999.51 2011.09 1081.42 774.826 705.61 581.284 416.948 558.795 332.802 329.66 303.932 154.934 131.539 117.482 107.134 110.101 99.6376 351.555 186.435 176.618 79.2916 82.8392 63.2893 58.7308 57.5911 107.346 161.836 56.2075 53.9916 39.9952
threshold=0.70617502927780162 1.0000000180025095e-35 1.0000000180025095e-35 0.85566902160644542 0.53361582756042492 0.89444443583488475 0.97309362888336193 0.91974705457687389 0.73401361703872692 1.0000000180025095e-35 0.57518798112869274 0.95055618882179271 0.41189093887805944 0.30384616553783422 0.8874824345111848 0.67424243688583385 0.53618401288986217 0.26272648572921758 0.080128207802772536 0.17156863212585452 0.33338193595409399 0.70396453142166149 0.078689370304346098 0.80993431806564342 0.21807064861059192 0.38750000298023229 0.44948974251747137 0.18465909361839297 0.55891487002372753 0.59186315536499035
decision_type=2 2 2 2 2 2 2 2 2 2 2 2 2 2 2 2 2 2 2 2 2 2 2 2 2 2 2 2 2 2
left_child=1 13 5 16 24 6 7 10 20 12 -2 -9 -10 -1 15 -8 17 22 29 -20 23 -22 -4 -6 -3 -26 -27 -19 -11 -18
right_child=2 4 3 -5 8 -7 14 11 9 28 -12 -13 -14 -15 -16 -17 18 27 19 -21 21 -23 -24 -25 25 26 -28 -29 -30 -31
leaf_value=-0.072501242913678682 0.004292409076463141 -0.097434833854618361 0.00085359185025366501 0.099181062680980481 -0.073723171978866867 0.10168918343805798 0.10900513162673836 -0.10112668416007986 0.14783708084990863 0.37684179993455913 0.054510821173972782 -0.026010556860065755 -0.024059863817819382 0.01128121287309606 0.10270633426625489 0.032604272768849966 0.20668597740796441 -0.042225466816906074 -0.096775100550911847 0.051806067270509196 -0.084398770713137061 0.083253052453651333 0.059260045127543709 0.049601183407364524 -0.1004702762006488 1.7164566007110229 0.21673621397013221 0.094562439082656408 0.13520108673150419 0.1067916947210848
leaf_weight=174.49129334790632 3496.6080385437235 5316.9929183293134 210.17435226496309 5865.8592260107398 64.133764418773353 960.82380577921867 234.16431861929595 447.40527849271894 48.811093453550711 9.7982214079238457 1839.0397831331939 710.8750721514225 505.93024071631953 4097.9523575273342 495.51873055845499 969.8737999163568 44.429129234515131 583.81092713400722 84.583441679831594 1477.3945414777845 680.8855789473746 30.806121934438124 1582.0920561193489 97.054190403083339 11.566325152060019 0.82532166223972936 5.6137790894135833 31.669456643052399 164.26898692920804 409.43246471229941
leaf_count=27484 37933 1494513 1385 30229 9210 4566 784 2839 1502 125 7024 2830 19440 25878 1498 3640 172 13099 1003 5277 117749 1282 7731 6488 2673 86 529 189 784 1652
internal_value=0.016824 -0.0461124 0.0531063 0.0753509 -0.0793548 0.0281034 0.0194742 0.00793381 -0.0211465 0.028739 0.0216012 -0.0550254 -0.00893484 0.00785945 0.0635695 0.0474629 0.0437511 0.0300186 0.0601532 0.0437602 -0.0627983 -0.0771418 0.0524109 0.000532659 -0.0968302 0.0817124 0.408961 -0.0351871 0.148803 0.11657
internal_weight=30652.9 11209.1 19443.8 10289.4 6936.69 9154.31 8193.49 6493.93 1601.69 728.809 5335.65 1158.28 554.741 4272.44 1699.56 1204.04 4423.59 2407.75 2015.84 1561.98 872.88 711.692 1792.27 161.188 5335 18.0054 6.4391 615.48 174.067 453.862
internal_count=1829594 1707743 121851 60737 1654381 61114 56548 50626 156580 21851 44957 5669 20942 53362 5922 4424 30508 22404 8104 6280 134729 119031 9116 15698 1497801 3288 615 13288 909 1824
is_linear=0
shrinkage=0.1


Tree=23
num_leaves=31
num_cat=0
split_feature=10 9 2 12 4 10 9 10 11 2 12 2 2 11 4 7 11 10 10 11 6 1 6 9 7 1 6 1 12 7
split_gain=5847.85 2161.59 1066.86 806.089 572.831 344.144 359.221 300.761 286.084 195.324 155.26 134.038 123.822 116.94 103.079 102.142 89.8527 120.097 77.1892 71.847 67.3364 121.704 266.308 67.2433 52.9599 70.3372 104.079 68.2765 45.8859 41.368
threshold=0.65682536363601696 1.0000000180025095e-35 0.93957647681236278 1.0000000180025095e-35 0.79784947633743297 0.97309362888336193 0.91974705457687389 0.53361582756042492 0.57518798112869274 0.58380147814750682 1.0000000180025095e-35 0.75809821486473095 0.2046049237251282 0.71714287996292125 0.64051282405853283 0.087121214717626586 0.67424243688583385 0.98399898409843456 0.99773755669593822 0.57518798112869274 0.99019607901573192 1.0000000180025095e-35 0.92940199375152599 0.41797162592411047 0.78888890147209179 1.0000000180025095e-35 0.91240409016609203 1.0000000180025095e-35 1.0000000180025095e-35 0.63068181276321422
decision_type=2 2 2 2 2 2 2 2 2 2 2 2 2 2 2 2 2 2 2 2 2 2 2 2 2 2 2 2 2 2
left_child=1 14 3 5 11 6 8 -3 -2 -9 23 12 -5 -8 -1 -12 -7 -18 19 -6 21 -4 28 -11 25 29 -27 -26 -23 -16
right_child=2 7 20 4 18 16 13 9 -10 10 15 -13 -14 -15 24 -17 17 -19 -20 -21 -22 22 -24 -25 27 26 -28 -29 -30 -31
leaf_value=-0.09430014432991192 -0.00061103335548995808 -0.096257722822228831 0.099897227068265704 0.046344585533657612 0.090370642104697183 0.10408467583508635 -0.066050707322778554 -0.078229062461024873 0.048544997201198918 0.10767275095082025 0.59676827551981348 0.099075644137538513 0.0080994320507452727 0.010653239951002921 0.012581212887027925 0.10706738124885534 -0.018396358588657159 0.06021226882731482 0.1027490866076847 0.055503554881539297 0.10346377908855733 0.0083677908614279411 -0.30345888098864771 -0.031370204854696368 0.12090124070142763 -0.0055136780430864217 -0.10355935500045224 0.01909183968529285 0.1070687021987262 0.069898182912274828
leaf_weight=97.467642246279866 3728.9033099580556 4848.3852837504819 409.15417966619134 1579.6703941011801 1294.9969189800322 320.95844339206815 833.71869184914976 475.34116515587084 1734.7816028725356 39.153398842317984 4.483091798843815 269.78727266192436 1824.0040256595239 260.97522208094597 809.19867771491408 85.335610234644264 242.37813649326563 980.90483047440648 1620.5685044415295 1087.0943881496787 2933.6113192476332 122.28107635676861 24.431401208043098 311.51040865527466 68.584694743156433 1391.7154713911004 117.40272554242983 1664.8951741009951 76.612257227301598 149.12672132253647
leaf_count=22299 54039 1497984 1857 9295 6239 1079 4501 105527 6893 2056 38 1284 24677 980 12758 1720 865 3777 8505 5610 15560 347 115 23032 124 9827 2015 6038 422 358
internal_value=0.0155231 -0.0463066 0.047685 0.0365207 0.0597426 0.0145212 0.00452078 -0.08633 0.0149966 -0.0337727 0.0142018 0.0312272 0.0258493 -0.0477645 0.00736542 0.13151 0.0569927 0.044637 0.0859127 0.0744587 0.0970833 0.0674891 0.00811407 -0.0158454 0.00972421 0.000313185 -0.0131412 0.0231199 0.0463867 0.0215004
internal_weight=29407.4 10062.6 19344.8 15778.7 7676.12 8102.62 6558.38 5764.21 5463.68 915.824 440.483 3673.46 3403.67 1094.69 4298.39 89.8187 1544.24 1223.28 4002.66 2382.09 3566.09 632.479 223.325 350.664 4200.92 2467.44 1509.12 1733.48 198.893 958.325
internal_count=1829821 1683776 146045 127744 55610 72134 66413 1630357 60932 132373 26846 35256 33972 5481 53419 1758 5721 4642 20354 11849 18301 2741 884 25088 31120 24958 11842 6162 769 13116
is_linear=0
shrinkage=0.1


Tree=24
num_leaves=31
num_cat=0
split_feature=10 9 7 12 10 3 10 9 3 11 12 9 2 3 5 14 12 5 10 7 6 6 7 3 5 2 1 7 7 11
split_gain=5014.56 1788.38 993.747 723.149 645.018 508.943 280.139 304.344 275.744 265.24 240.79 192.628 117.58 117.399 115.944 93.6294 85.1371 84.6733 88.3424 70.2065 67.9663 66.6888 63.3552 58.247 55.3711 55.0156 41.5806 67.2179 62.432 40.5119
threshold=0.70617502927780162 0.22801800817251208 0.89444443583488475 1.0000000180025095e-35 0.53361582756042492 0.85566902160644542 0.98399898409843456 0.90582165122032177 0.7019641399383546 0.57518798112869274 1.0000000180025095e-35 0.98122024536132824 0.57735043764114391 0.8676242232322694 3.5000000000000004 0.33338193595409399 -1.0000000180025095e-35 5.5000000000000009 0.99773755669593822 0.074175827205181136 0.79516318440437328 0.84045451879501354 0.47727273404598242 0.8544662892818452 8.5000000000000018 0.050641026347875602 1.0000000180025095e-35 0.47727273404598242 0.63068181276321422 0.22902098298072818
decision_type=2 2 2 2 2 2 2 2 2 2 2 2 2 2 2 2 2 2 2 2 2 2 2 2 2 2 2 2 2 2
left_child=1 12 3 6 29 14 7 9 15 -2 16 -9 -1 23 21 20 -10 -7 -19 -12 -6 -5 -17 -8 -15 -16 28 -28 -14 -3
right_child=2 4 -4 5 8 17 13 11 10 -11 19 -13 26 24 25 22 -18 18 -20 -21 -22 -23 -24 -25 -26 -27 27 -29 -30 -31
leaf_value=-0.07702735518702214 0.0045878330912445852 -0.097016111577186426 0.10334244109060001 0.12292837450388078 -0.090252095188382286 0.099096769643954474 0.039702480443248374 -0.036494551372237984 0.05127030607235146 0.052993325385771839 0.38582840885540448 0.10254526703473199 0.015592793047188991 0.10437340944052098 -0.11249309239681107 -0.088876752753473384 -0.033242520054073008 0.035476756241557363 0.10447183762659701 0.10326349526838396 0.048676291766649359 0.049792803619721313 0.46758807498746391 -0.070281931153702792 0.0071328561066050858 0.023457890149749305 -0.10376793636519832 0.0070966079625336756 0.076920053668575905 0.10285053270030563
leaf_weight=158.42831920529716 3456.5212208721787 4377.8686549053527 2613.4276618584991 134.15867056604475 53.537866740953177 2366.0898213088512 542.45878718793392 1629.4141499232501 160.76533683785237 1683.2849364103749 9.2394261080771667 106.13161816820502 782.98492381442338 511.09074525535107 30.154357123188674 536.81509444653057 461.02829405409284 495.38058219105005 296.74985040351748 182.01871520886198 102.88425002456643 1764.617329900153 2.053834830177947 52.842270962893963 66.135787673294544 2311.4930528285913 55.666963601950556 3112.7959700443316 210.65725627169013 10.16503904131241
leaf_count=26011 37790 1490463 15807 626 8769 14385 2250 7854 4383 6165 32 268 13076 1871 356 106183 27869 2766 1736 2462 6887 9882 69 217 257 19718 2038 17874 504 1399
internal_value=0.0146403 -0.0413483 0.0463142 0.0366655 -0.0771618 0.059232 0.0159195 0.00821476 -0.0207489 0.0204406 0.0187903 -0.027992 0.00752759 0.061098 0.0365972 -0.0669848 -0.0113916 0.0896227 0.0613239 0.116914 0.00112592 0.0549602 -0.0867559 0.0299396 0.0932321 0.0217072 0.0107461 0.00514882 0.0285945 -0.0965531
internal_weight=28276.9 10216.9 18060 15446.5 5896.38 7398.64 8047.88 6875.35 1508.34 5139.81 813.052 1735.55 4320.53 1172.53 4240.42 695.291 621.794 3158.22 792.13 191.258 156.422 1898.78 538.869 595.301 577.227 2341.65 4162.11 3168.46 993.642 4388.03
internal_count=1829967 1708019 121948 106141 1648516 49469 56672 52077 156654 43955 34746 8122 59503 4595 30582 121908 32252 18887 4502 2494 15656 10508 106252 2467 2128 20074 33492 19912 13580 1491862
is_linear=0
shrinkage=0.1


Tree=25
num_leaves=31
num_cat=0
split_feature=10 9 7 12 10 3 12 10 9 7 12 2 5 1 11 2 9 7 3 5 2 7 5 11 7 12 5 7 1 5
split_gain=4299.05 1631.3 977.807 657.713 550.337 542.215 288.533 209.978 262.664 200.914 178.299 112.025 107.007 99.4117 84.6893 84.5219 82.313 78.5995 76.1589 70.1697 68.1057 67.6454 66.8354 44.0158 68.1923 915.033 43.8821 43.5505 49.496 88.8785
threshold=0.69624939560890209 0.22801800817251208 0.89444443583488475 1.0000000180025095e-35 0.53361582756042492 0.8676242232322694 -1.0000000180025095e-35 0.97309362888336193 0.91974705457687389 0.47727273404598242 1.0000000180025095e-35 0.8263767957687379 5.5000000000000009 1.0000000180025095e-35 0.67424243688583385 0.5388936996459962 0.41076254844665533 0.069047622382640853 0.73371213674545299 5.5000000000000009 0.61257407069206249 0.78888890147209179 8.5000000000000018 0.12060606107115747 0.89444443583488475 1.0000000180025095e-35 2.5000000000000004 0.78888890147209179 1.0000000180025095e-35 2.5000000000000004
decision_type=2 2 2 2 2 2 2 2 2 2 2 2 2 2 2 2 2 2 2 2 2 2 2 2 2 2 2 2 2 2
left_child=1 15 3 6 23 12 11 8 -8 16 13 26 18 -11 -9 -1 20 -14 -5 -7 -6 -21 -13 -3 -25 -26 -2 28 -17 -30
right_child=2 4 -4 5 9 19 7 14 -10 10 -12 22 17 -15 -16 27 -18 -19 -20 21 -22 -23 -24 24 25 -27 -28 -29 29 -31
leaf_value=-0.081086014182107841 0.057119233108430145 -0.097395836899110008 0.10242102748334053 0.034327295706199655 0.0095078555336264355 0.099597768274550955 0.0072319505818883856 0.10654532113802367 -0.048688903623226393 0.088533925797769308 0.13727238166814476 0.086229634263837174 0.027514774283344159 -0.028558131768373126 0.032058850883867451 0.017099297179521852 -0.06433657669432967 -0.020288965656848332 0.07055843125022257 0.07538384740489143 0.29283326573399959 -0.014796505925961363 -0.041593292380138265 -0.060115406340748113 0.067187710506760506 6.4621192227375559 0.01708052651533614 0.020095119427032918 -0.099352869325384716 -0.0051387954618231022
leaf_weight=109.14906226214953 395.83661612588912 3858.2755836709403 2415.3929345794022 1659.8675004439428 59.479030702495947 2079.0405679009855 4146.6438629105687 198.53860692679882 1053.3091070130467 92.094875801820308 113.25907507259399 682.97452935576439 1322.9963350039907 340.91131499945186 660.29211528040469 966.11729433829896 691.66426624730229 464.78446180606261 891.92696531489491 637.36081170663238 9.8957896574866009 95.663742896169424 43.512294411659241 118.37219409015961 10.672246178612109 0.22854263987392265 887.39370578667149 1751.7274944263045 107.93212024332024 1385.2061610256787
leaf_count=21381 2021 1456090 15882 11489 9019 13742 39500 563 5337 2062 425 2501 14169 12620 2185 17948 127216 2827 4104 3768 747 599 136 34561 1647 11 7144 6903 2458 10797
internal_value=0.0139851 -0.039807 0.0433128 0.0339325 -0.0770131 0.0560127 0.0143614 0.00347024 -0.00409545 -0.0207074 0.0255646 0.0471956 0.0338475 -0.00365415 0.0492781 0.00579357 -0.053921 0.0150868 0.0469911 0.090218 0.0499221 0.0636148 0.0785738 -0.0954727 -0.0380751 0.201262 0.0294312 0.00804549 -0.000537451 -0.0119491
internal_weight=27250.5 9614.99 17635.5 15220.1 5294.85 7151.64 8068.5 6058.78 5199.95 1307.3 546.265 2009.72 4339.58 433.006 858.831 4320.13 761.039 1787.78 2551.79 2812.07 69.3748 733.025 726.487 3987.55 129.273 10.9008 1283.23 4210.98 2459.26 1493.14
internal_count=1829852 1703885 125967 110085 1644398 50698 59387 47585 44837 152089 15107 11802 32589 14682 2748 59487 136982 16996 15593 18109 9766 4367 2637 1492309 36219 1658 9165 38106 31203 13255
is_linear=0
shrinkage=0.1


Tree=26
num_leaves=31
num_cat=0
split_feature=10 9 10 7 12 4 5 12 10 9 4 1 9 2 4 7 5 5 7 4 1 4 14 6 5 2 1 7 7 4
split_gain=3738.52 1246.52 915.606 881.898 558.887 407.465 342.345 261.106 180.603 316.732 128.855 179.896 103.777 93.6899 243.263 182.086 92.0635 91.0513 107.783 87.0244 81.7553 71.7736 71.5843 39.0061 54.9525 48.2856 36.7357 61.4091 56.0441 37.4382
threshold=0.75373467803001415 0.22801800817251208 0.54909998178482067 0.89444443583488475 1.0000000180025095e-35 0.88067796826362621 4.5000000000000009 -1.0000000180025095e-35 0.95055618882179271 0.91974705457687389 0.73401361703872692 1.0000000180025095e-35 0.91974705457687389 0.45748709142208105 0.2736185491085053 0.093073595315217986 8.5000000000000018 8.5000000000000018 0.78888890147209179 0.88493064045906078 1.0000000180025095e-35 0.70064935088157665 0.33338193595409399 0.32392686605453497 20.500000000000004 0.58380147814750682 1.0000000180025095e-35 0.89444443583488475 0.47727273404598242 0.83935481309890758
decision_type=2 2 2 2 2 2 2 2 2 2 2 2 2 2 2 2 2 2 2 2 2 2 2 2 2 2 2 2 2 2
left_child=1 21 -3 4 7 13 10 16 9 -9 22 -12 -10 14 -6 -15 19 -7 -19 -2 -18 -1 -4 24 -8 -25 27 -23 -28 -30
right_child=3 2 6 -5 5 17 23 8 12 -11 11 -13 -14 15 -16 -17 20 18 -20 -21 -22 26 -24 25 -26 -27 28 -29 29 -31
leaf_value=-0.073957317192823113 0.036440005776323718 -0.095043654974696426 0.044779196459710228 0.10240567338253588 0.040298755693569915 0.092993322699522818 0.25936425621564108 0.0013944010974891192 0.059101298960286777 -0.091835491473355679 0.11803455162290227 0.013485314663357222 0.011286041284195875 0.1066571378750516 -0.034592429456898069 0.032643692287252064 -0.012702491235630387 0.058913025173996873 -0.1112279302681593 0.085588961313314962 0.11101908402282107 0.01929597778210353 -0.044210961537789001 -0.084627696406184505 -0.03995733473485634 -0.034017835130571168 -0.10324458574362834 0.15226918837015155 0.23393825340560928 0.0033432966450380867
leaf_weight=111.08074598177336 780.49535889551044 3723.3442443723325 126.30872052465566 2132.3709506876767 1694.16893509496 2232.9903186261654 8.9605405416805315 3285.6402842728421 710.71540564484894 409.85967703908682 250.72252048854716 479.02817603340372 1256.2018071003258 450.5982572613284 582.97189514851198 1267.1288365023211 355.60966584458947 368.86210453137755 41.413703873753548 669.09339872375131 62.849993959069252 985.88819615612738 317.89224340557121 481.16801202087663 19.441119069932029 309.95078911166638 49.625937808305025 35.99808233580552 7.0565424871165296 3136.3205386812333
leaf_count=29383 4093 1516408 4652 15640 7759 15599 1086 26568 2285 2788 2577 8278 4602 2523 9517 5904 2595 2087 272 2581 166 9905 36520 82594 3046 9974 2133 55 150 18025
internal_value=0.0128808 -0.0351137 -0.0657607 0.0424494 0.033426 0.0545797 -0.0110668 0.0147789 0.00408369 -0.00894552 0.0235576 0.0494056 0.0285634 0.0344266 0.0211258 0.0520591 0.0471983 0.0850378 0.0417388 0.0591259 0.00587971 0.00538669 -0.0189066 -0.0606657 0.0544767 -0.0647994 0.00747776 0.0239802 0.00219631 0.00386096
internal_weight=26343.8 10042.8 5716.82 16301 14168.6 6638.13 1993.47 7530.47 5662.42 3695.5 1173.95 729.751 1966.92 3994.87 2277.14 1717.73 1868.05 2643.27 410.276 1449.59 418.46 4325.97 444.201 819.52 28.4017 791.119 4214.89 1021.89 3193 3143.38
internal_count=1829765 1724786 1665135 104979 89339 43661 148727 45678 36243 29356 52027 10855 6887 25703 17276 8427 9435 17958 2359 6674 2761 59651 41172 96700 4132 92568 30268 9960 20308 18175
is_linear=0
shrinkage=0.1


Tree=27
num_leaves=31
num_cat=0
split_feature=10 10 10 7 10 3 5 5 1 7 12 3 12 3 12 7 2 3 2 5 12 4 11 5 12 4 2 6 5 6
split_gain=3068.01 1065.42 908.41 857.806 535.131 309.518 271.24 268.157 497.625 458.063 228.671 258.868 140.705 140.648 172.992 132.257 125.924 131.971 107.444 67.2025 96.5036 65.708 56.6566 63.9095 48.6056 341.563 48.2561 47.5948 47.4768 33.5671
threshold=0.75373467803001415 1.0000000180025095e-35 0.54909998178482067 0.89444443583488475 0.98399898409843456 0.7454303801059724 4.5000000000000009 8.5000000000000018 1.0000000180025095e-35 0.73214286565780651 1.0000000180025095e-35 0.87019926309585582 -1.0000000180025095e-35 0.7019641399383546 1.0000000180025095e-35 0.47727273404598242 0.17712418735027316 0.51381558179855358 0.17712418735027316 8.5000000000000018 1.0000000180025095e-35 0.70659971237182628 0.2788888961076737 1.0000000180025095e-35 1.0000000180025095e-35 0.83225107192993175 0.61938297748565685 0.71563342213630687 2.5000000000000004 0.57735043764114391
decision_type=2 2 2 2 2 2 2 2 2 2 2 2 2 2 2 2 2 2 2 2 2 2 2 2 2 2 2 2 2 2
left_child=1 21 22 4 7 16 13 10 9 -9 12 -12 -2 18 -15 -10 28 -18 -4 -7 -21 -1 24 -24 -3 -26 -8 -28 -6 -23
right_child=3 2 6 -5 5 19 26 8 15 -11 11 -13 -14 14 -16 -17 17 -19 -20 20 -22 29 23 -25 25 -27 27 -29 -30 -31
leaf_value=-0.076164515383215836 0.048829893988116956 -0.096944814209765806 0.025005980757637849 0.10132147852418422 0.088711318179533274 0.093203992884090689 -0.072010360487065536 -0.010764365917519284 -0.17975037174683337 -0.15005841579361479 0.02429180257921049 0.088033576812538081 0.0059462141181777194 0.017707807477937352 0.12298665175227408 0.13268950850531766 -0.023614938908188013 0.054063914045053285 -0.078388671986644412 -0.032160084043823985 0.07891695593888165 -0.034921340190919054 1.209733920408925 0.064814377324931741 -0.083548722354615149 0.39866349458495831 0.02459532720520255 -0.057961696598022416 0.037653830184546572 0.0082946796776246137
leaf_weight=98.750676159281284 942.95202166913077 3194.7342142111156 204.60011792322621 1932.7579575665295 320.12737239152193 1881.1178629696369 506.88513282034546 1673.0533303287812 14.324133779853581 274.86619339138269 1552.8749781493098 1080.4245315287262 4056.8818800901063 559.25824594707228 216.50022991094738 250.14508616924286 601.37375193089247 343.71976381167769 197.54222597111948 109.32736288011074 274.85463846847415 188.15544566791505 0.68461680877953712 1.6937177623622117 197.01737567503005 15.872498766984789 128.18479415238835 153.39895500009879 422.46317370608449 4014.5191001091152
leaf_count=26981 4300 1442124 7168 15546 1129 11949 89100 19645 86 1260 10050 8050 21974 10642 1028 746 5323 1311 33393 442 1582 3119 18 167 80461 1113 3163 4436 1243 23469
internal_value=0.0116732 -0.0326292 -0.0623071 0.0389279 0.0301884 0.0612677 -0.00817673 0.01771 -0.0129446 -0.0304198 0.026595 0.0504446 0.0140339 0.0222099 0.0470892 0.115767 0.0288488 0.00463598 -0.025784 0.0854202 0.0473076 0.00446531 -0.0935213 0.394386 -0.0938618 -0.0475963 -0.0535715 -0.0203794 0.0596645 0.00635988
internal_weight=25409.1 9677.8 5376.37 15731.3 13798.5 3952.98 1966.37 9845.52 2212.39 1947.92 7633.13 2633.3 4999.83 1177.9 775.758 264.469 1687.68 945.094 402.142 2265.3 384.182 4301.43 3410 2.37833 3407.62 212.89 788.469 281.584 742.591 4202.67
internal_count=1831018 1726382 1672813 104636 89090 22979 148930 66111 21737 20905 44374 18100 26274 52231 11670 832 9006 6634 40561 13973 2024 53569 1523883 185 1523698 81574 96699 7599 2372 26588
is_linear=0
shrinkage=0.1


Tree=28
num_leaves=31
num_cat=0
split_feature=10 9 7 10 10 7 3 7 5 4 7 5 9 4 5 3 12 4 7 12 3 3 12 5 7 1 1 10 9 14
split_gain=2601.41 1249.1 847.612 597.459 516.416 301.756 216.778 451.525 293.402 215.449 193.312 161.616 134.445 98.0361 76.0177 68.6196 61.6056 59.5455 45.9283 47.476 44.0513 35.032 27.271 57.6163 25.7004 40.1312 32.0956 23.9753 90.6214 163.411
threshold=0.70617502927780162 0.22801800817251208 0.89444443583488475 0.53361582756042492 0.98399898409843456 0.47727273404598242 0.73371213674545299 0.057189542800188072 8.5000000000000018 0.25586470961570745 0.47727273404598242 4.5000000000000009 0.42586620151996618 0.078689370304346098 2.5000000000000004 0.7019641399383546 1.0000000180025095e-35 0.64051282405853283 0.36931818723678594 1.0000000180025095e-35 0.51158317923545849 0.18047619611024859 1.0000000180025095e-35 8.5000000000000018 0.78888890147209179 1.0000000180025095e-35 1.0000000180025095e-35 0.47769485414028173 0.32793442904949194 0.25811287760734564
decision_type=2 2 2 2 2 2 2 2 2 2 2 2 2 2 2 2 2 2 2 2 2 2 2 2 2 2 2 2 2 2
left_child=1 16 4 27 6 14 9 -8 -9 13 -11 12 -5 -2 21 -14 17 -1 -13 -20 -16 -6 23 -7 26 -26 -19 -3 29 -29
right_child=2 3 -4 11 5 22 7 8 -10 10 -12 18 15 -15 20 -17 -18 24 19 -21 -22 -23 -24 -25 25 -27 -28 28 -30 -31
leaf_value=-0.084082123528287575 -0.039040855543969376 -0.098461910554595466 0.098978803208316368 0.11739613509576506 0.085591210509893545 0.084017697142694331 0.12866750384008707 0.029506403069215755 -0.023406091432168038 -0.046893210947108126 0.078208673121595546 -0.076188134951438502 -0.048834874632294412 0.025849635431920256 0.0057001142377352274 0.018967174935198564 0.61584232860636856 0.013889988656455644 -0.040227715534400126 0.094878751985853563 0.044179288595834643 0.039992611751586124 0.097690637753652873 -0.0088366757707654311 0.092217767335026221 0.01272716301080566 -0.0092919789657188705 2.3778701471202845 -0.07623833346408819 0.1862915863250848
leaf_weight=73.893817999633029 272.04278212366626 2707.5112889346201 1845.0316753387451 107.87184255803004 293.53857178241014 463.78100933507085 398.71953597292304 5328.3092456203885 1304.5377984442748 1294.5801347559318 136.54629993066192 380.21898938110098 219.34045394556597 1614.8975830557756 891.81024171411991 467.2229788757395 1.6512333364225913 991.56660450343043 123.9498613558244 32.915737084578723 446.45463670045137 395.48596883192658 1193.3251909501851 78.074919730424881 65.980422975728288 1697.1663960581645 1501.7721073991852 0.36317153344862063 288.44890836230479 5.3847062562126666
leaf_count=24756 2742 1361018 15954 5527 1107 2077 1410 21667 7353 37127 372 94404 37852 12456 5544 13519 63 14402 5414 140 2211 2736 9071 303 137 6738 13504 128 128215 2344
internal_value=0.0112857 -0.0328232 0.0352383 -0.0707851 0.0269049 0.0586319 0.0153709 0.0253126 0.0190997 -0.00569735 -0.034957 -0.0150334 0.0136124 0.0164943 0.0324316 -0.00269394 0.00514928 0.00491642 -0.0574051 -0.0118778 0.018537 0.0594185 0.0892429 0.0706385 0.00646146 0.0157019 -7.28284e-05 -0.0955159 -0.0684038 0.324763
internal_weight=24622.4 8665.26 15957.1 4333.23 14112.1 3762.47 10349.6 7031.57 6632.85 3318.07 1431.13 1331.52 794.435 1886.94 2027.29 686.563 4332.03 4330.38 537.085 156.866 1338.26 689.025 1735.18 541.856 4256.49 1763.15 2493.34 3001.71 294.197 5.74788
internal_count=1830291 1708161 122130 1648561 106176 23049 83127 30430 29020 52697 37499 156856 56898 15198 11598 51371 59600 59537 99958 5554 7755 3843 11451 2380 34781 6875 27906 1491705 130687 2472
is_linear=0
shrinkage=0.1


Tree=29
num_leaves=31
num_cat=0
split_feature=10 10 7 10 10 7 5 12 2 12 11 2 2 4 12 5 2 11 2 1 4 12 2 7 7 4 14 1 7 2
split_gain=2226.74 949.62 781.84 768.981 417.49 306.013 204.621 196.552 243.213 128.71 106.343 79.8735 104.85 77.4725 153.49 65.4562 63.5111 60.7959 57.9815 54.4738 48.6927 59.4537 48.0114 69.72 44.5364 72.1754 42.529 43.7832 45.0023 42.3677
threshold=0.75373467803001415 1.0000000180025095e-35 0.89444443583488475 0.53361582756042492 0.98399898409843456 0.47727273404598242 4.5000000000000009 1.0000000180025095e-35 0.86240702867507946 -1.0000000180025095e-35 0.71714287996292125 0.75147059559822094 0.17712418735027316 0.73401361703872692 1.0000000180025095e-35 5.5000000000000009 0.65771448612213146 0.21807064861059192 0.17712418735027316 1.0000000180025095e-35 0.83225107192993175 1.0000000180025095e-35 0.61938297748565685 0.080128207802772536 0.47727273404598242 0.7897985875606538 0.39054468274116522 1.0000000180025095e-35 0.58571431040763866 0.6911335587501527
decision_type=2 2 2 2 2 2 2 2 2 2 2 2 2 2 2 2 2 2 2 2 2 2 2 2 2 2 2 2 2 2
left_child=1 16 4 17 7 11 13 9 19 29 -11 12 -6 18 -15 -10 24 -3 -5 -9 -19 -22 -8 -24 -1 -26 -18 -28 -29 -2
right_child=2 3 -4 6 5 -7 22 8 15 10 -12 -13 -14 14 -16 -17 26 20 -20 -21 21 -23 23 -25 25 -27 27 28 -30 -31
leaf_value=-0.086427013689305054 0.01389547055310226 -0.095092916863960944 0.099851630157896332 0.01844377325218979 0.050796499824378262 0.087759314801301808 -0.071877608599378306 0.015811624568678771 0.093151872212698383 -0.0078960738311557605 0.032692922198374108 0.078344741089161105 0.00010437764812662892 0.0073603485426643432 0.11162773463285364 -0.016040241745964544 -0.067543668632452605 -0.1003709041887918 -0.054233869429324399 0.068453530122242742 0.15349255656302926 0.92005569424757239 0.16950195787920705 -0.032925387206018168 0.20187723182872119 -0.03002260271823326 0.029350022925119575 -0.043595231505149053 0.0069933224665748766 0.05173976340455072
leaf_weight=123.81844316446222 541.3949206401594 2733.063988310867 1617.4910184759647 210.33514486183412 688.41682022809982 1606.1709135435522 475.96424263063818 2331.0724945650436 703.14713757298887 4363.0702429371886 757.56952769495547 280.80349566042423 1001.7934807054698 567.43718925560825 187.94530963618308 59.548818998038769 72.989853758364916 6.9989951637107906 229.59184714360163 214.67619541659951 8.1201426968909765 1.1557850064709789 18.153154107742012 271.25545768602751 15.258790411055086 111.43946244567633 868.29545110370964 187.02532709296793 2941.5256960988045 652.18702342733741
leaf_count=28542 4382 1494667 15621 7840 2356 11468 101901 17241 6003 31989 2504 2015 7113 13978 950 415 2692 2659 39774 1504 618 12 346 8891 191 1010 4389 3573 13041 2074
internal_value=0.0103765 -0.0287655 0.0342315 -0.0598233 0.0261905 0.0553591 -0.011976 0.0153472 0.0350913 0.00500188 -0.00189116 0.0289563 0.0207511 0.0138744 0.0333029 0.0846265 0.00509346 -0.0939454 -0.0194857 0.0202508 0.0987576 0.249007 -0.0523475 -0.0202281 -0.0437758 -0.00209395 0.00810158 0.00948301 0.00396913 0.034574
internal_weight=23847.7 9030.37 14817.3 4710.02 13199.9 3577.18 1960.68 9622.67 3308.44 6314.22 5120.64 1971.01 1690.21 1195.31 755.382 762.696 4320.35 2749.34 439.927 2545.75 16.2749 9.27593 765.373 289.409 250.517 126.698 4069.84 3996.85 3128.55 1193.58
internal_count=1829759 1725074 104685 1671636 89064 22952 173680 66112 25163 40949 34493 11484 9469 62542 14928 6418 53438 1497956 47614 18745 3289 630 111138 9237 29743 1201 23695 21003 16614 6456
is_linear=0
shrinkage=0.1


Tree=30
num_leaves=31
num_cat=0
split_feature=11 9 2 11 3 12 7 2 7 2 12 5 5 2 2 4 5 11 12 5 1 5 4 4 9 12 3 2 11 7
split_gain=1738.13 762.03 721.276 681.366 313.174 404.078 326.697 229.275 224.948 197.472 292.203 171.816 155.791 151.429 123.345 115.718 136.305 101.543 98.7077 82.1901 111.005 207.356 80.427 76.1331 73.2654 67.6262 60.1177 51.0721 48.8402 44.8839
threshold=0.26794873178005224 0.22801800817251208 0.93957647681236278 0.065591398626565947 0.7454303801059724 1.0000000180025095e-35 0.057189542800188072 0.22318007797002795 0.47727273404598242 0.57919329404830944 1.0000000180025095e-35 5.5000000000000009 8.5000000000000018 0.2046049237251282 0.64051282405853283 0.078689370304346098 8.5000000000000018 0.89736840128898632 -1.0000000180025095e-35 1.0000000180025095e-35 1.0000000180025095e-35 3.5000000000000004 0.64549729228019725 0.095811817795038237 0.44074714183807379 1.0000000180025095e-35 0.87585616111755382 0.57735043764114391 0.053342817351222045 0.30384616553783422
decision_type=2 2 2 2 2 2 2 2 2 2 2 2 2 2 2 2 2 2 2 2 2 2 2 2 2 2 2 2 2 2
left_child=1 27 4 -3 7 6 -6 15 22 13 18 26 -8 23 -10 16 -2 -13 -11 -4 -21 25 -9 -5 -12 -22 -7 -1 -29 -15
right_child=2 3 19 9 5 11 12 8 14 10 24 17 -14 29 -16 -17 -18 -19 -20 20 21 -23 -24 -25 -26 -27 -28 28 -30 -31
leaf_value=-0.060004016330222204 0.019384146743162214 -0.097849447577730772 0.098298847560766844 -0.042467254129836041 0.13321706883547396 0.059202981404808244 0.020285474144224543 -0.021600031756217747 0.11298445121238827 0.043375491157054719 0.22007541190169164 0.013362377195941548 -0.025018937838499289 -0.092862898983525413 -0.064002847522837525 0.031868234575899212 -0.10987757633584803 0.086265871451137677 -0.030230956951181394 0.089403995662112379 -0.19143429204690679 0.077887804983783393 -0.071831396677778894 0.055263633818354724 0.075984038941626975 0.093527664049578699 0.096394395587119375 0.0057133462392522372 0.39579103047222752 0.00075680472175861037
leaf_weight=120.55672589084134 210.50814174348488 2014.2659603710053 1516.2642838694155 183.01549665722996 228.46353244548663 700.74462446104735 3573.1805064063519 1705.1862258962356 177.15002242289484 221.79372860712465 42.016763961641118 776.87384619400837 963.76038274285384 560.60742464079522 50.630501708947122 2107.7518892895896 133.19356431253254 253.36029932647943 1020.2548535203096 257.40202716365457 57.769393980503082 97.008191324770451 392.03463714406826 141.21226273500361 220.33856514014769 9.730804003775118 1144.4689330011606 4190.6765551364515 3.2122433179756618 56.358309835544787
leaf_count=26126 1218 1228926 14701 24255 593 4298 12039 45158 536 16407 1575 5158 5382 231908 204 13324 2207 1876 114367 1806 236 491 2948 16856 3702 95 11307 33372 38 8438
internal_value=0.00926863 -0.025795 0.0307001 -0.0547806 0.0218444 0.0344007 0.0165372 0.00175823 -0.0207388 -0.0193078 0.00316817 0.0640053 0.0106617 -0.0552333 0.0736441 0.0230948 -0.0307082 0.0312912 -0.017087 0.0874362 0.0483979 -0.0157633 -0.0309898 9.78854e-05 0.0990606 -0.150354 0.0822705 0.00416746 0.00601212 -0.084311
internal_weight=23129.8 8774.31 14355.5 4459.86 12417.3 7640.85 4765.4 4776.45 2325 2445.6 1504.4 2875.45 4536.94 941.193 227.781 2451.45 343.702 1030.23 1242.05 1938.17 421.91 164.508 2097.22 324.228 262.355 67.5002 1845.21 4314.45 4193.89 616.966
internal_count=1829547 1705970 123577 1646434 106248 40653 18014 65595 48846 417508 136051 22639 17421 281457 740 16749 3425 7034 130774 17329 2628 822 48106 41111 5277 331 15605 59536 33410 240346
is_linear=0
shrinkage=0.1


Tree=31
num_leaves=31
num_cat=0
split_feature=10 9 7 10 10 2 9 2 2 7 12 2 4 9 2 4 6 9 11 7 4 10 2 12 4 11 11 2 11 10
split_gain=1591.38 718.703 717.511 716.174 339.574 277.459 263.255 190.011 160.076 250.035 151.118 111.087 108.247 103.436 100.933 100.209 89.2744 88.6135 109.055 57.0773 54.4061 53.934 52.6555 72.3662 50.2622 46.5121 31.1397 29.1594 23.9384 51.6501
threshold=0.75373467803001415 0.22801800817251208 0.89444443583488475 0.49909746646881109 0.98399898409843456 0.54261502623558056 0.90582165122032177 0.58380147814750682 0.57735043764114391 0.093073595315217986 1.0000000180025095e-35 0.17712418735027316 0.26138716936111456 0.46188034117221838 0.2046049237251282 0.27953489124774938 0.48181217908859258 0.98122024536132824 0.62828946113586437 0.30384616553783422 0.083920188248157515 0.51751318573951732 0.83910790085792553 1.0000000180025095e-35 0.70064935088157665 0.74456521868705761 0.053342817351222045 0.80982521176338207 0.21807064861059192 0.42631272971630102
decision_type=2 2 2 2 2 2 2 2 2 2 2 2 2 2 2 2 2 2 2 2 2 2 2 2 2 2 2 2 2 2
left_child=1 24 4 28 6 14 8 11 12 -10 13 15 -2 -9 20 -5 -16 18 -8 -13 -6 -12 23 -7 27 -19 -26 -1 -3 -30
right_child=2 3 -4 7 5 22 17 10 9 -11 21 19 -14 -15 16 -17 -18 25 -20 -21 -22 -23 -24 -25 26 -27 -28 -29 29 -31
leaf_value=-0.082593459755858356 0.016681082121110698 -0.096316090217498249 0.098353853863756877 -0.0066470765525467393 -0.013708423696155082 0.015649925987966277 0.025655467720901881 0.067446144333413366 0.12359529604343492 0.026622508338810809 0.57241083501769752 -0.088348956902839199 -0.027807105182273112 -0.021958406645325654 0.046501055394333579 1.196900536937213 -0.032149148490124353 0.097244322025684921 -0.03274331827540311 0.027254391219014153 0.056500166465121654 0.07524751929314169 0.09167724745267293 0.075935969866617617 0.0041138542909948941 -0.019156425778387359 0.2892868433812727 0.43840614494637054 1.9864952124943949 0.064133215667496871
leaf_weight=79.144417719682679 1511.6859953231178 2126.1361643151613 1357.7310376893729 341.33180796960369 136.80685599148273 282.02149070799351 389.8273780727759 157.233763948665 283.06156484596431 4382.9503592271358 2.1999761334154746 466.56908338086214 856.97174401348457 731.13964809197932 199.9640746563673 0.69320627895649423 518.63570704683661 98.935694612562656 1779.2920958511531 47.012793913367204 571.25960713624954 267.75724872667342 922.22983092628419 677.31608191132545 4240.4985931398114 52.568509945645928 3.8325679604895404 1.0890286793000985 0.14364155451767047 5.17994928592816
leaf_count=29359 10372 1412711 15582 31955 514 1282 2077 13705 1102 19367 398 155693 22684 41975 1043 127 4943 430 9895 4445 1986 3242 8646 4606 30159 231 39 72 16 799
internal_value=0.00859353 -0.0256307 0.0292677 -0.0553831 0.0218605 0.0493978 0.0121228 -0.0126227 0.0217575 0.0325053 0.0137763 -0.0483619 0.000585418 -0.00613464 0.0161395 -0.00420776 -0.0102632 -0.0170837 -0.0222481 -0.0777667 0.042935 0.0792991 0.0746153 0.0582134 0.00288911 0.0568559 0.00437136 -0.0755218 -0.0957858 0.116003
internal_weight=22491.2 8469.96 14021.3 4145.4 12663.5 3308.23 9355.29 2013.94 7034.67 4666.01 1158.33 855.607 2368.66 888.373 1426.67 342.025 718.6 2320.62 2169.12 513.582 708.066 269.957 1881.57 959.338 4324.56 151.504 4244.33 80.2334 2131.46 5.32359
internal_count=1829455 1724695 104760 1665066 89178 23020 66158 251540 53525 20469 59320 192220 33056 55680 8486 32082 5986 12633 11972 160138 2500 3640 14534 5888 59629 661 30198 29431 1413526 815
is_linear=0
shrinkage=0.1


Tree=32
num_leaves=31
num_cat=0
split_feature=10 9 2 12 3 10 3 9 12 11 9 1 3 5 5 2 1 10 4 5 5 1 5 1 2 5 10 9 5 5
split_gain=1308.79 1120.71 696.056 396.532 429.527 218.042 134.95 128.396 126.668 117.468 180.18 130.18 99.3791 84.0272 80.2919 70.8543 67.0533 65.0639 62.5085 55.2302 51.7875 77.1955 95.4977 48.6134 47.2709 46.9045 36.0604 34.1326 35.1542 32.2867
threshold=0.63775950670242321 1.0000000180025095e-35 0.94609123468399059 1.0000000180025095e-35 0.8676242232322694 0.49909746646881109 0.85760369896888744 0.44124551117420202 -1.0000000180025095e-35 0.71714287996292125 0.98122024536132824 1.0000000180025095e-35 0.76028168201446544 5.5000000000000009 2.5000000000000004 0.22318007797002795 1.0000000180025095e-35 0.99773755669593822 0.072948999702930464 5.5000000000000009 1.0000000180025095e-35 1.0000000180025095e-35 2.5000000000000004 1.0000000180025095e-35 0.53410854935646068 3.5000000000000004 0.74099972844123851 0.32735316455364233 4.5000000000000009 3.5000000000000004
decision_type=2 2 2 2 2 2 2 2 2 2 2 2 2 2 2 2 2 2 2 2 2 2 2 2 2 2 2 2 2 2
left_child=1 24 3 8 14 -3 27 25 12 10 -10 -11 15 -6 16 -2 -5 -15 -16 -14 26 -22 -23 -9 -1 -8 -4 28 -7 -24
right_child=2 5 20 4 13 6 7 23 9 11 -12 -13 19 17 18 -17 -18 -19 -20 -21 21 22 29 -25 -26 -27 -28 -29 -30 -31
leaf_value=-0.080114155151100777 0.025431385954819544 -0.095490910635896084 0.042862068379851265 0.040241020158254252 0.094360688024411679 0.2924749282192966 0.22561939758303928 0.0785209794352308 -0.014744058188798989 0.0035175357543965075 0.10063074651601321 0.082848174578854072 0.065027639482189536 0.02570333348948127 -0.067771595967613826 -0.038019308531549438 -0.47464817050266711 0.099819075969562909 0.012236209521488678 0.018676065068660989 0.082087169744418237 -0.24325914899991155 -0.061292268187609127 -0.035509201182472992 0.0055266912673120954 0.050080171419690657 0.098649336952749356 -0.071815177528808533 -0.10213370146829051 0.077045822683845258
leaf_weight=65.44290087162517 392.51947455632035 1953.3752669172827 127.4383186744526 1330.3176390079316 1160.5798523854464 5.2508874200284463 34.677068695425987 46.470450146240182 4617.4192462223582 726.7246510842815 139.44596071913838 289.16010649502277 606.00106526259333 402.87036575004458 101.54544486524537 319.03764347732067 2.5340740308165541 167.77111996896565 2545.8806839419995 446.45660228910856 188.51546350866556 17.149525932967663 28.653149707242846 191.25967355561443 4253.546677067643 27.131357437116094 1276.0855125635862 413.47331191401463 3.960275012999773 41.028475431725383
leaf_count=18508 3008 1419934 578 10510 13014 578 2644 2796 61249 2871 501 808 2928 2848 1719 7516 18 1783 30733 2098 1496 73 149 22014 34889 2957 14663 165593 1053 203
internal_value=0.00841846 -0.0272764 0.0251444 0.0174573 0.0373309 -0.0781328 -0.0311848 0.0201643 0.00239669 -0.0047697 -0.0113619 0.0260981 0.0258488 0.0789125 0.019245 -0.00301771 0.0392621 0.0474937 0.00916741 0.0453651 0.0858047 0.0461519 -0.0318656 -0.0132191 0.00422903 0.148565 0.0935839 -0.0675738 0.122816 0.0201611
internal_weight=21921.7 6994.59 14927.1 13248.3 5711.5 2675.6 722.223 299.539 7536.76 5772.75 4756.87 1015.88 1764.01 1731.22 3980.28 711.557 1332.85 570.641 2647.43 1052.46 1678.87 275.347 86.8312 237.73 4318.99 61.8084 1403.52 422.684 9.21116 69.6816
internal_count=1829732 1670966 158766 141604 60625 1617569 197635 30411 80979 65429 61750 3679 15550 17645 42980 10524 10528 4631 32452 5026 17162 1921 425 24810 53397 5601 15241 167224 1631 352
is_linear=0
shrinkage=0.1


Tree=33
num_leaves=31
num_cat=0
split_feature=14 2 7 11 2 9 11 4 3 7 6 9 7 6 11 4 6 2 4 14 6 6 1 5 2 11 9 4 7 2
split_gain=1114.74 372.773 346.939 311.479 303.499 492.18 589.632 278.731 266.981 298.628 212.098 163.301 141.638 124.229 111.851 95.5935 125.413 84.774 76.1466 70.8608 177.845 67.3054 61.0483 58.4886 48.4703 48.2159 60.6725 48.1646 41.769 37.281
threshold=0.71746304631233226 0.94609123468399059 0.060661764815449722 0.95346319675445568 0.2046049237251282 1.0000000180025095e-35 0.0745370388031006 0.77871939539909374 0.55565279722213756 1.0000000180025095e-35 0.42163743078708654 0.91974705457687389 0.47727273404598242 0.91366460919380199 0.2788888961076737 0.092665474861860289 0.72046512365341198 0.45748709142208105 0.55351883172988903 0.28209707140922552 0.8989795744419099 0.9759001135826112 1.0000000180025095e-35 2.5000000000000004 0.069265365600585951 0.41801074147224432 0.38476052880287176 0.10596491396427156 0.27922078967094427 0.8874824345111848
decision_type=2 2 2 2 2 2 2 2 2 2 2 2 2 2 2 2 2 2 2 2 2 2 2 2 2 2 2 2 2 2
left_child=4 2 17 7 13 28 19 12 10 -10 -8 -9 -4 15 -3 16 -1 -2 -5 20 -7 22 -16 -24 -17 26 -15 -28 29 -6
right_child=1 14 3 18 5 6 8 11 9 -11 -12 -13 -14 25 21 24 -18 -19 -20 -21 -22 -23 23 -25 -26 -27 27 -29 -30 -31
leaf_value=-0.084564951435769184 -0.0056087930209536016 0.016672822175799299 -0.066812879152335497 -0.096844000731029251 -0.070437195827185911 -0.10013099402564876 0.03855359126049062 0.02804094283766433 0.14101890791671057 -0.0048394491796781985 -0.062429658492571011 -0.0080145393326950757 0.041025177514464543 0.13696653240868681 0.073309533951505412 0.6865444568394603 0.0029473607571001629 0.11128872444142993 0.086857194237427326 -0.096778826607589741 8.1969819964478372 0.096862483844674593 -0.21835029416627913 0.0063875317666616076 0.019526178950066836 0.062184811743239699 -0.019507491670761861 0.082517179451974107 0.0029252844724284343 0.29063445717098157
leaf_weight=254.0286918861093 70.553565189242363 272.7887767192442 622.36056083405856 23.34023692458868 103.63142310490366 0.090482025756499662 243.71115860622376 4479.41456313862 158.19820623507258 1245.3923235076945 1418.920159762376 1745.7142653744668 151.43182770023122 36.250832792837173 156.31370558217168 1.0906896971864615 460.83412147324998 513.94341679185163 678.96417458727956 1526.1467563846381 0.036157052032649517 1132.4067056234926 14.298439458012579 60.915823757648468 945.66951745934784 594.94514067284763 242.1700908789644 57.201560005312786 4171.0052077163709 2.9407120980322352
leaf_count=17794 410 27028 8526 189 26471 71 14739 37181 6603 148171 197897 8951 514 1686 1413 30 11832 3013 6747 1232957 24 14306 59 326 25534 2253 6823 1331 26990 22
internal_value=0.00697743 0.0315166 0.022902 0.0172647 -0.0142652 -0.0230618 -0.0457956 0.0108941 -0.0205154 0.0116002 -0.0476274 0.0179299 -0.0457089 0.0158353 0.075127 -0.000547393 -0.0281504 0.0971782 0.0807521 -0.0965825 2.2688 0.086818 0.0376901 -0.0363358 0.0202946 0.0450883 0.0147819 -1.34269e-05 0.00134575 -0.0604739
internal_weight=21384.7 9922.45 8285.72 7701.23 11462.3 8870.07 4592.5 6998.92 3066.22 1403.59 1662.63 6225.13 773.792 2592.19 1636.72 1661.62 714.863 584.497 702.304 1526.27 0.126639 1363.93 231.528 75.2143 946.76 930.568 335.622 299.372 4277.58 106.572
internal_count=1829891 108663 65531 62108 1721228 1653945 1600462 55172 367410 154774 212636 46132 9040 67283 43132 55190 29626 3423 6936 1233052 95 16104 1798 385 25564 12093 9840 8154 53483 26493
is_linear=0
shrinkage=0.1


Tree=34
num_leaves=31
num_cat=0
split_feature=10 7 10 10 10 3 5 7 3 1 5 14 5 7 3 1 2 5 2 3 6 6 2 5 11 5 3 7 1 6
split_gain=1038.98 581.85 569.052 598.158 268.977 244.302 164.322 113.819 182.723 182.199 376.148 141.963 135.959 70.5386 63.4615 135.488 87.9714 48.9618 42.8458 41.2252 39.3779 34.8817 40.2257 33.0101 26.3335 25.8049 58.758 22.5274 49.4228 30.4647
threshold=0.75373467803001415 0.89444443583488475 1.0000000180025095e-35 0.49909746646881109 0.98399898409843456 0.85566902160644542 4.5000000000000009 0.78888890147209179 0.89512962102890026 1.0000000180025095e-35 5.5000000000000009 0.91661253571510326 5.5000000000000009 0.057189542800188072 0.7019641399383546 1.0000000180025095e-35 0.17712418735027316 2.5000000000000004 0.51649147272109996 0.51158317923545849 0.84409722685813915 0.32392686605453497 0.61938297748565685 20.500000000000004 0.21807064861059192 8.5000000000000018 0.93582704663276683 0.68333333730697643 1.0000000180025095e-35 0.77003204822540294
decision_type=2 2 2 2 2 2 2 2 2 2 2 2 2 2 2 2 2 2 2 2 2 2 2 2 2 2 2 2 2 2
left_child=2 4 18 24 7 17 14 8 13 10 -9 -10 -11 -2 16 -16 -5 20 -1 -19 -6 23 -23 -8 -4 -7 -27 -20 -29 -30
right_child=1 -3 3 6 5 25 21 9 11 12 -12 -13 -14 -15 15 -17 -18 19 27 -21 -22 22 -24 -25 -26 26 -28 28 29 -31
leaf_value=-0.090400202250965095 0.013370017148038439 0.095189826279637235 -0.096636530598398496 0.018770040561823569 0.20567260843872737 0.090788630510434828 0.19564011174161738 0.094789184878684971 0.046452894467885412 -0.016643391817500623 -0.1418434772560781 -0.00063648022490683516 0.12723405939307672 -0.0096055806455458675 0.081141085746002539 -0.0053572762056913409 -0.076757264074275369 -0.00074893519805737491 -0.0044531281482282853 0.03588448819562963 0.042541048685802524 -0.074872525600956197 -0.026147740773887315 -0.028809189149278852 0.099231464080676471 0.07598983133744 -0.084851139344593707 0.076520667992898916 -0.0283031163480124 0.010834597304822967
leaf_weight=49.044930802541785 2570.5128976255655 1060.0139592438936 1632.7338366671465 220.19740975415334 15.163487046957014 857.26787319593132 10.844051446416417 90.768540650606155 2109.4364287145436 234.63355479948223 258.43892009183764 919.19792238995433 91.209893643856049 2782.9848200506531 285.49359868944157 495.16840656858403 171.47255703422707 844.05296425521374 1914.2479947065003 482.96291306428611 612.40792896598577 415.28953592746984 286.20506966591347 16.557414138456807 6.893045683973468 120.20608930289745 28.004386778920889 107.10762204229832 220.54665668308735 2025.1064645722508
leaf_count=16382 32574 15585 1417541 9491 56 9812 1733 394 9659 1012 1220 4271 289 16577 7835 26138 54207 5505 28409 2530 3710 132846 15025 4496 812 1025 227 216 1048 7463
internal_value=0.00689958 0.0241677 -0.0218419 -0.0515544 0.017903 0.0440728 -0.0133856 0.00935014 0.0125314 -0.0301519 -0.0803362 0.0321612 0.0236307 0.00142629 0.00979574 0.0262758 -0.0230517 0.0234678 0.00253401 0.0125837 0.0464827 -0.0506696 -0.0549931 0.060016 -0.0958131 0.0841275 0.0455989 0.0036022 0.0101562 0.00699086
internal_weight=20934.2 13077.3 7856.91 3540.85 12017.2 2960.07 1901.23 9057.18 8382.13 675.051 349.207 3028.63 325.843 5353.5 1172.33 780.662 391.67 1954.59 4316.05 1327.02 627.571 728.896 701.495 27.4015 1639.63 1005.48 148.21 4267.01 2352.76 2245.65
internal_count=1828088 104446 1723642 1670124 88861 22865 251771 65996 63081 2915 1614 13930 1301 49151 97671 33973 63698 11801 53518 8035 3766 154100 147871 6229 1418353 11064 1252 37136 8727 8511
is_linear=0
shrinkage=0.1


Tree=35
num_leaves=31
num_cat=0
split_feature=12 4 10 9 10 7 5 9 9 10 11 1 12 11 10 6 7 1 4 10 9 10 1 14 11 6 7 1 4 10
split_gain=893.781 664.358 325.022 707.567 353.077 165.95 138.345 99.3126 95.7675 200.972 136.731 126.269 122.562 99.5242 87.3231 86.6859 86.2766 98.8403 85.4432 79.9609 68.5197 65.4289 180.027 182.635 58.4866 63.0334 54.85 90.8438 50.8199 43.7464
threshold=1.0000000180025095e-35 0.88067796826362621 0.75373467803001415 1.0000000180025095e-35 0.48940658569335943 0.89444443583488475 5.5000000000000009 0.36030440032482153 0.91974705457687389 0.96788921952247631 0.57518798112869274 1.0000000180025095e-35 -1.0000000180025095e-35 0.71714287996292125 0.99773755669593822 0.87138131260871898 0.78888890147209179 1.0000000180025095e-35 0.94609123468399059 0.62658634781837474 0.98122024536132824 0.53361582756042492 1.0000000180025095e-35 0.64828142523765575 0.15504807978868487 0.36032786965370184 0.43650794029235845 1.0000000180025095e-35 0.84273937344551098 0.99773755669593822
decision_type=2 2 2 2 2 2 2 2 2 2 2 2 2 2 2 2 2 2 2 2 2 2 2 2 2 2 2 2 2 2
left_child=2 19 3 -1 -5 8 21 15 10 13 12 -12 -4 -10 16 -6 -8 -18 -9 28 -11 22 23 -3 25 -21 27 -26 -2 -28
right_child=1 6 5 4 7 -7 14 18 9 20 11 -13 -14 -15 -16 -17 17 -19 -20 24 -22 -23 -24 -25 26 -27 29 -29 -30 -31
leaf_value=0.0019867821332475856 -0.058465777853795434 -0.10286508873489371 0.035135251433534014 -0.098506231188776328 -0.043636939782496782 0.078125683051774225 0.034794956105289175 -0.053887610617285919 -0.072255199877878137 -0.0046670527796810425 0.016573489979457012 0.074077551415165463 -0.01324808564262598 0.011024979859443831 0.10219062238669081 0.23323833682984901 -0.17371929612408174 0.066412414981426596 -0.00087207524312599171 1.4498672495615561 0.048882443051815355 0.091980941631325225 0.22391122142562103 3.0344799514799057 0.010828648175373452 0.15936360935925317 0.0247994332291115 -0.34570506447378513 0.24557868203647393 0.089616233662686576
leaf_weight=4295.2371741115348 191.70932261797134 0.30339502682909181 676.33321751281619 1388.2608023827197 19.409649005858228 314.95091156847775 372.49658909672871 709.9361691295635 621.21086332667619 730.15305063128471 1468.1067903181538 516.09145963191986 2317.7606721599586 186.60249226726592 156.13337722606957 27.090435950085521 45.848324412479997 27.37570322630927 531.6565877442481 0.38570145412814127 355.18658714182675 1763.3225252199918 7.8447309266775846 0.47769774124026299 3250.9571612279397 20.237196402973495 307.22346327453852 7.1622576192021361 5.6597292891237876 157.51491507515311
leaf_count=53470 105537 46 4837 1342414 4291 4391 2896 166856 3865 3257 7292 1452 22512 759 1866 2046 322 225 28960 24 1629 24962 412 25 42139 663 1571 51 185 1101
internal_value=0.00617649 0.0374628 -0.00777764 -0.0231608 -0.0635197 0.00714569 0.0792554 -0.0258125 0.00389234 -0.0152516 0.0111724 0.0315303 -0.00231882 -0.0530177 0.0378326 0.117668 0.0152884 -0.0839431 -0.0311861 0.0122887 0.0128575 0.0933249 0.368067 1.81586 0.0155595 0.183499 0.0146292 0.0100449 -0.049747 0.0467679
internal_weight=20472.6 6314.65 14158 6971.59 2676.35 7186.4 2373.8 1288.09 6871.45 1893.15 4978.29 1984.2 2994.09 807.813 601.854 46.5001 445.721 73.224 1241.59 3940.85 1085.34 1771.95 8.62582 0.781093 3743.48 20.6229 3722.86 3258.12 197.369 464.738
internal_count=1830056 182025 1648031 1598037 1544567 49994 30754 202153 45603 9510 36093 8744 27349 4624 5309 6337 3443 547 195816 151271 4886 25445 483 71 45549 687 44862 42190 105722 2672
is_linear=0
shrinkage=0.1


Tree=36
num_leaves=31
num_cat=0
split_feature=10 9 2 12 3 10 3 2 12 9 6 2 5 11 6 6 4 5 6 1 5 10 10 6 6 4 10 2 4 9
split_gain=772.492 753.296 486.004 247.625 346.814 183.93 97.4211 178.039 99.6015 95.5501 94.7919 85.5915 83.7187 70.1819 64.4145 62.357 60.9112 58.8916 81.2194 56.3578 60.5957 55.3684 53.0495 51.6775 51.6639 39.0277 38.1858 38.0425 35.6082 30.5124
threshold=0.63775950670242321 1.0000000180025095e-35 0.94609123468399059 1.0000000180025095e-35 0.86642158031463634 0.47426755726337438 0.7019641399383546 0.25586470961570745 -1.0000000180025095e-35 0.42128865420818334 0.83935481309890758 0.73375529050827037 5.5000000000000009 0.2788888961076737 0.97646731138229381 0.86285266280174266 0.94609123468399059 3.5000000000000004 0.84045451879501354 1.0000000180025095e-35 3.5000000000000004 0.99773755669593822 0.67821088433265697 0.29289318621158605 0.42163743078708654 0.72627374529838573 0.98399898409843456 0.47395551204681402 0.68614074587821972 0.59529346227645885
decision_type=2 2 2 2 2 2 2 2 2 2 2 2 2 2 2 2 2 2 2 2 2 2 2 2 2 2 2 2 2 2
left_child=1 28 3 6 17 29 7 15 27 10 -7 -10 -6 25 19 -2 -12 18 -5 -4 -21 -14 -16 -15 -19 -11 -9 -8 -1 -3
right_child=2 5 14 4 12 9 8 26 11 13 16 -13 21 23 22 -17 -18 24 -20 20 -22 -23 -24 -25 -26 -27 -28 -29 -30 -31
leaf_value=-0.079304024642889381 -0.017954089338851741 -0.096886313132657775 0.067521042539392603 0.11262844081756254 0.09014232794172046 -0.057549651862605938 -0.11856863142392222 -0.065445351485175926 0.026918095989130454 -0.087568909395528 0.044765689418044707 -0.0063929755780026149 0.02020869834285921 1.1010209545982526 -0.017080680023463354 0.029130117691210683 0.22528762606907479 0.036923382978791323 0.022347573457904071 -0.10761156041479787 0.061578219765602626 0.09690635265942206 0.092843989399600757 0.075721141371012768 -0.0038586213341878293 -0.034998869125107822 -0.0027827104641280961 0.038165061394164014 0.0013508456720240098 0.92832976778821141
leaf_weight=55.453859141445719 538.80197975854389 1280.8436616843683 147.5551074706018 106.79238921659999 903.40403635054827 56.786713987356052 15.726243452867491 645.36881025973707 999.61331993364729 263.24075664253905 50.756673221650999 3377.9633207004517 378.71090819314122 0.49921912630088527 45.910271782893687 588.49798496253788 29.586446246597916 374.84787363442592 1489.502122214064 48.821753358468413 37.373456122353673 125.25363386049867 1003.9942573383451 32.152773885754868 1813.3473972802749 304.66086544998689 114.50304179638624 1014.4960927660577 4240.6556723536924 0.29036491399165143
leaf_count=25457 10651 1353307 1446 698 13138 27912 343 41676 7353 162297 13071 11529 2877 121 229 3662 3453 3540 13187 230 205 1809 15144 2894 25390 53597 852 4994 27974 82
internal_value=0.00559359 -0.0233663 0.0188741 0.0128507 0.0295432 -0.0737498 0.000970589 -0.0185917 0.00779728 -0.0339721 0.0413445 0.00121356 0.0719258 -0.0511698 0.0774673 0.00662585 0.111243 0.0137821 0.0283874 0.0299922 -0.0342524 0.0392709 0.0880372 0.091397 0.00312752 -0.0593668 -0.0560029 0.0357725 0.000309759 -0.096654
internal_weight=20085.4 6314.93 13770.5 12486.8 5191.86 2018.82 7294.97 1887.17 5407.8 737.683 137.13 4377.58 1407.37 600.554 1283.65 1127.3 80.3431 3784.49 1596.29 233.75 86.1952 503.965 1049.9 32.652 2188.2 567.902 759.872 1030.22 4296.11 1281.13
internal_count=1829118 1670165 158953 141699 60639 1616734 81060 56841 24219 263345 44436 18882 17824 218909 17254 14313 16524 42815 13885 1881 435 4686 15373 3015 28930 215894 42528 5337 53431 1353389
is_linear=0
shrinkage=0.1


Tree=37
num_leaves=31
num_cat=0
split_feature=12 3 2 10 7 4 10 10 3 2 7 9 3 10 3 14 6 6 4 6 10 1 7 10 4 3 7 6 2 7
split_gain=640.257 654.023 258.762 323.287 240.996 212.423 128.175 125.547 112.007 96.4035 115.128 86.2162 81.2401 80.0803 67.7992 71.7657 67.3943 61.2583 57.5363 52.7966 441.464 52.4365 74.1554 61.3185 48.4799 96.8907 123.511 85.6018 46.1102 121.572
threshold=1.0000000180025095e-35 0.87585616111755382 0.57735043764114391 0.615800440311432 0.069047622382640853 0.78319624066352855 0.65012314915657055 0.98399898409843456 0.87585616111755382 0.25586470961570745 0.47727273404598242 0.91974705457687389 0.94804319739341747 0.90577137470245372 0.86056843400001537 0.4307666420936585 0.92940199375152599 0.81530213356018078 0.078689370304346098 0.45049019157886511 0.50917509198188793 1.0000000180025095e-35 0.73214286565780651 0.99773755669593822 0.13079115748405459 0.53803458809852611 0.080128207802772536 0.4470884650945664 0.48528139293193823 0.080128207802772536
decision_type=2 2 2 2 2 2 2 2 2 2 2 2 2 2 2 2 2 2 2 2 2 2 2 2 2 2 2 2 2 2
left_child=2 13 3 -1 6 14 19 11 -9 16 -11 -7 -12 28 -6 -16 18 21 -5 20 -4 22 -3 -24 -15 27 -27 -26 -2 -30
right_child=1 17 4 9 5 7 -8 8 -10 10 12 -13 -14 24 15 -17 -18 -19 -20 -21 -22 -23 23 -25 25 26 -28 -29 29 -31
leaf_value=-0.093500133204174857 -0.021323861396283922 0.059461337194262526 -0.10008604877503219 -0.074880796306111136 -0.061352321462384313 0.0019053340031729962 0.11782218304744781 -0.045566830154378513 0.077159728541760217 -0.056270107874744492 0.083320059299597446 -0.027902564170644791 -0.13729787858291914 0.043889318685626351 2.7723808666658094 0.13971904885626593 0.041767476945421753 0.092518071474919805 0.00026635309328925711 -0.066790215122656871 16.447402891481527 0.082060900324631189 -0.08748006806184512 0.098017551397897057 0.037093138786784351 0.097196815948789067 0.014181220895761466 -0.034538979092377124 0.13019691215469351 -0.005559506506045208
leaf_weight=697.42201167537132 1003.2041691379272 204.13351605588105 0.14563310862285916 120.58493777364492 667.01939489867073 8552.3196346694021 247.61744921118952 93.430045308545232 364.42781030386686 689.62262375163846 104.76371540641412 1094.5297693787143 19.854520315304399 642.83817879110575 0.10430708527564903 14.161860960710326 344.08105487038847 1297.9309540542308 657.06111553183291 47.878869498323184 0.018129496602341533 334.59811439458281 78.192897064611316 23.080358946695924 234.27637187577784 227.80243615992367 840.35883770883083 579.45584266260266 78.42483958764933 415.19157232786529
leaf_count=684448 118418 2117 172 2739 183174 664746 784 502 3377 50240 323 4244 134 2430 1 848 2195 22588 11277 37359 7 4402 541 364 999 1723 5033 6275 2076 15148
internal_value=0.00494478 0.0323113 -0.00694656 -0.0351237 -0.000250689 -0.00269226 0.0888202 0.000951703 0.0521163 -0.0140939 -0.0402856 -0.00147666 0.0481706 0.00931461 -0.0567388 0.158968 0.00491823 0.0800334 -0.0113863 -0.0606593 1.73182 0.0547143 0.0247539 -0.0452048 0.0201799 0.012081 0.0318856 -0.0139158 -0.00901229 0.0160092
internal_weight=19674.5 5959.49 13715 2633.39 11081.7 10786 295.66 10104.7 457.858 1935.97 814.241 9646.85 124.618 4021.55 681.286 14.2662 1121.73 1937.94 777.646 48.0426 0.163763 640.005 305.407 101.273 2524.73 1881.89 1068.16 813.732 1496.82 493.616
internal_count=1828684 182114 1646570 751356 895214 856892 38322 672869 3879 66908 50697 668990 457 152102 184023 849 16211 30012 14016 37538 179 7424 3022 905 16460 14030 6756 7274 135642 17224
is_linear=0
shrinkage=0.1


Tree=38
num_leaves=31
num_cat=0
split_feature=12 3 3 11 11 9 5 5 3 9 9 11 11 5 1 9 5 6 6 7 1 7 14 6 5 5 4 2 14 6
split_gain=541.134 568.071 243.882 313.233 178.182 151.309 125.492 102.496 103.733 100.431 121.77 155.272 79.3648 67.705 148.595 59.8715 54.8423 92.6143 52.9965 52.4359 47.6083 74.8031 46.9205 46.2523 76.5876 58.6772 66.559 48.8517 45.0468 44.717
threshold=1.0000000180025095e-35 0.8676242232322694 0.85566902160644542 0.19292803853750232 0.75595238804817211 1.0000000180025095e-35 5.5000000000000009 8.5000000000000018 0.92334401607513439 0.98122024536132824 0.91974705457687389 0.53452381491661083 0.64495798945426952 2.5000000000000004 1.0000000180025095e-35 0.39291979372501379 2.5000000000000004 0.87138131260871898 0.83503401279449474 0.78888890147209179 1.0000000180025095e-35 0.84523808956146251 0.63676723837852489 0.42163743078708654 15.500000000000002 17.500000000000004 0.21778655797243121 0.46247655153274542 0.27026444673538214 0.87138131260871898
decision_type=2 2 2 2 2 2 2 2 2 2 2 2 2 2 2 2 2 2 2 2 2 2 2 2 2 2 2 2 2 2
left_child=2 16 3 5 9 -1 22 -6 -9 10 11 -4 -12 14 29 -15 17 -2 -17 -8 21 -21 -3 25 -25 26 -18 -26 -7 -5
right_child=1 6 4 13 7 28 19 8 -10 -11 12 -13 -14 15 -16 18 23 -19 -20 20 -22 -23 -24 24 27 -27 -28 -29 -30 -31
leaf_value=-0.017613071582949478 0.14099375075066009 0.4696376942191049 -0.0028949183869604392 0.14783933901586302 0.080504826833941334 0.020862413843791835 0.048860771058241416 0.038897645740899808 -0.18160184631000248 0.089425600908675268 0.031645159960049192 0.038860529283905904 -0.054705405294776688 0.228233114273168 -0.15531558745913876 -0.010379379837337308 0.0085477870920265056 0.020133259126642308 -0.046343263959040155 -0.14854213782511608 0.071071923655101982 0.088877992935481459 0.091047605913678442 0.00086665749411290636 -0.10688121294643958 0.0048519548865170493 0.14828109002901504 0.010798699938125413 -0.093627269499333102 0.015782988971369049
leaf_weight=445.26753175899103 66.942900482972618 3.2814439416397354 6499.9296426663641 26.250519984692801 437.78619992174208 35.807353206793778 368.15351743949577 65.344938028603792 31.678662396967411 124.73715751990676 128.8690064959228 1031.9597085062414 611.50778929144144 9.7961434400058334 51.205178949749097 1607.4335256525083 61.92212068970548 1198.9876132606878 549.92493051668862 47.216805838048458 29.524184400681406 18.458116635680199 1367.2266009363811 2112.775161638041 112.73470102198189 261.93739465763792 75.837033148971386 51.340479923412204 853.88203616773353 1106.4009805450914
leaf_count=35114 660 77 587661 263 3069 8637 4080 232 149 851 480 4000 2348 717 442 52663 1135 29049 10624 306 327 191 25560 95778 11941 9879 1821 1314 925597 14943
internal_value=0.00511546 0.0307629 -0.00576358 -0.0242395 0.0039296 -0.0652022 0.0767437 0.0598956 -0.0330965 0.000365098 -0.000977842 0.00282608 -0.0396753 -0.00792103 0.0113107 -0.0184268 0.00937474 0.0265244 -0.0195468 0.0317543 -0.0343997 -0.0818146 0.0919541 0.00126344 -0.00424435 0.0326383 0.0854716 -0.0700582 -0.0890194 0.0188435
internal_weight=19394.1 5776.34 13617.8 4685.97 8931.81 1334.96 1833.86 534.81 97.0236 8397 8272.27 7531.89 740.377 3351.01 1183.86 2167.15 3942.48 1265.93 2157.36 463.353 95.1991 65.6749 1370.51 2676.55 2276.85 399.697 137.759 164.075 889.689 1132.65
internal_count=1829908 182118 1647790 1049000 598790 969348 30541 3450 381 595340 594489 591661 2828 79652 15648 64004 151577 29709 63287 4904 824 497 25637 121868 109033 12835 2956 13255 934234 15206
is_linear=0
shrinkage=0.1


Tree=39
num_leaves=31
num_cat=0
split_feature=10 2 7 10 2 9 7 3 3 9 1 5 4 5 7 3 2 4 7 6 1 10 2 9 8 4 5 7 14 4
split_gain=548.821 208.137 200.191 400.025 203.929 121.371 112.962 303.015 266.139 111.594 97.8284 188.406 226.105 101.465 208.643 84.5257 80.0564 144.645 79.1836 67.4807 66.318 60.8874 179.971 178.831 56.2661 50.1894 44.1247 41.7391 36.1394 54.7129
threshold=0.95055618882179271 0.92805382609367382 0.47727273404598242 0.61125501990318309 0.80982521176338207 0.93360882997512828 0.060661764815449722 0.56012821197509777 0.3464102596044541 1.0000000180025095e-35 1.0000000180025095e-35 3.5000000000000004 0.99425286054611217 5.5000000000000009 0.68333333730697643 0.80967995524406444 0.63224515318870556 0.88067796826362621 0.47727273404598242 0.65261757373809826 1.0000000180025095e-35 0.66811594367027294 0.94804319739341747 0.22801800817251208 1.0000000180025095e-35 0.13079115748405459 4.5000000000000009 0.4083333313465119 0.25811287760734564 0.17192118614912036
decision_type=2 2 2 2 2 2 2 2 2 2 2 2 2 2 2 2 2 2 2 2 2 2 2 2 2 2 2 2 2 2
left_child=2 10 3 9 6 16 7 -5 -8 -1 13 12 -12 15 19 25 17 -4 -13 -15 27 23 -23 -18 -16 -2 -19 -6 29 -11
right_child=1 -3 5 4 20 -7 8 -9 -10 28 11 18 -14 14 24 -17 21 26 -20 -21 -22 22 -24 -25 -26 -27 -28 -29 -30 -31
leaf_value=-0.021562584943844592 0.044154106034284109 0.080755717857147358 0.11711262571400712 -0.012960207042630784 0.084801650782534876 -0.070626607846971182 0.87701204201243221 0.11728315353075117 -0.046619589627493879 0.0083904305326263154 -0.21533255933210677 -0.2500957850500099 0.055937742312002547 0.027922021951258754 -0.11189096639243173 0.058707948754713524 0.0040446826221932058 0.066482885082316437 0.079808606748760141 -0.015114689526861359 -0.15375821808057158 0.0033186267291153756 0.068522600162111855 -0.046468031588733909 0.096248571982034681 0.002767034155610304 -0.035995840349695968 -0.055301205686981103 -0.093903291463020566 1.9456779633190007
leaf_weight=321.54140075715259 440.69120652973652 739.2448305785656 172.10634384461446 2102.4487001961097 313.67379099549726 220.91460688784719 3.1304032542975611 195.21541077736765 910.96980064350646 29.770897072216034 52.544600538909435 7.3553054276853791 73.995536895468831 958.27735567092896 184.85580843314528 749.83233397826552 3892.2998667107895 58.625474332890008 669.98551386781037 587.8255526041612 13.132656004745511 3109.6918443157338 490.00872797705233 854.79828069527866 13.969338411465285 874.3619372555986 148.30127444287064 22.810535388533026 870.6614757688003 0.14649860432837059
leaf_count=34201 1981 12642 7530 78489 1558 1313 95 1072 28124 14623 243 46 1224 5873 986 6830 20619 3326 5399 4012 170 14378 6209 536856 212 5894 13100 119 1021322 39
internal_value=0.00433387 0.0314941 -0.00625493 -0.0227685 -0.00582835 0.0025743 -0.0137234 -0.0018944 -0.0434565 -0.072134 0.0236009 0.0553013 -0.0567047 0.0169121 -0.00084068 0.031914 0.00442755 0.0493761 0.0762261 0.0115595 0.0666997 0.00238641 0.0121945 -0.00505102 -0.0972672 0.0166364 -0.00696207 0.075304 -0.0901899 0.0178769
internal_weight=19083.2 5352.94 13730.2 4783.5 3561.38 8946.75 3211.76 2297.66 914.1 1222.12 4613.69 803.881 126.54 3809.81 1744.93 2064.89 8725.83 379.033 677.341 1546.1 349.617 8346.8 3599.7 4747.1 198.825 1315.05 206.927 336.484 900.579 29.9174
internal_count=1828485 45342 1783143 1179812 109627 603331 107780 79561 28219 1070185 32700 6912 1467 25788 11083 14705 602018 23956 5445 9885 1847 578062 20587 557475 1198 7875 16426 1677 1035984 14662
is_linear=0
shrinkage=0.1


Tree=40
num_leaves=31
num_cat=0
split_feature=10 7 3 10 12 9 11 9 11 12 5 9 11 11 7 5 1 11 9 11 1 9 11 11 9 12 3 5 6 4
split_gain=472.671 204.7 179.418 318.505 282.991 174.098 153.026 115.056 123.84 157.612 134.039 104.967 119.187 103.14 106.102 99.0952 66.8815 75.8297 66.3765 82.9801 82.3405 56.608 37.8703 41.9857 36.2192 34.7701 46.2122 31.1145 81.7559 30.9474
threshold=0.95055618882179271 0.89444443583488475 0.88454905152320873 0.63182720541954052 1.0000000180025095e-35 0.22801800817251208 0.43167701363563543 0.91974705457687389 0.55902779102325451 -1.0000000180025095e-35 8.5000000000000018 0.56015563011169445 0.71714287996292125 0.97916665673255932 0.36931818723678594 7.5000000000000009 1.0000000180025095e-35 0.67424243688583385 0.93360882997512828 0.67424243688583385 1.0000000180025095e-35 0.85775598883628856 0.64495798945426952 0.71714287996292125 0.93360882997512828 1.0000000180025095e-35 0.75030863285064708 5.5000000000000009 0.77459675073623668 0.078689370304346098
decision_type=2 2 2 2 2 2 2 2 2 2 2 2 2 2 2 2 2 2 2 2 2 2 2 2 2 2 2 2 2 2
left_child=2 6 3 5 7 27 -2 8 9 -4 -10 29 21 18 -15 -6 17 -17 20 -20 -8 -13 -9 -24 -14 -7 -27 28 -1 -5
right_child=1 -3 4 11 15 25 13 22 10 -11 -12 12 24 14 -16 16 -18 -19 19 -21 -22 -23 23 -25 -26 26 -28 -29 -30 -31
leaf_value=0.22880635567179575 0.085998254713397101 0.099466579162503593 0.007178722935554287 -0.043331206414600559 0.088174155239275631 -0.095012155312503579 0.01390889838026298 -0.0037298188970859626 0.064580950980947419 -0.027337067747925339 -0.050417534747285248 -0.011260790507839407 0.054534134077608723 0.023697229925847465 0.089805812522724279 -0.022017603761428927 0.063120283208028649 -0.29115182338675599 0.027999400461007545 -0.020409264892125179 0.072224989812607596 -0.043172701068493802 -0.11418138434825256 0.017928572793197831 -0.075243814563209346 -0.067704567241745853 0.073872138810143997 -0.047735361769650084 -0.0080918649578880647 0.035413335657794948
leaf_weight=15.186455169052349 366.35004792176187 386.72269655298442 4128.0291205812828 53.971659090835601 505.01098539133091 752.10603130726304 1471.8719272976741 64.547379054129124 520.09890458267182 1946.9527386235422 125.88825580477715 2665.2509654319147 303.60495778080076 742.39458194095641 360.74950975645334 82.686530994717032 93.576679081423208 11.986520264297722 525.98352771997452 1083.6011344641447 289.79452677443624 702.35198552440852 150.51200848910958 28.63272562623024 23.144210170954466 145.71070004213834 27.389110498246737 195.04341873095836 357.6293993461295 663.11859519931022
leaf_count=1342 2345 9766 82264 1716 8992 982490 10179 260 2063 459959 403 67534 1362 4990 6191 547 1120 98 2906 6659 2259 6782 636 103 170 101843 5564 21855 16954 19892
internal_value=0.00390812 0.0294551 -0.00593866 -0.0190373 0.00416085 -0.0589598 0.023862 -0.00190412 0.0005433 -0.00388314 0.0421704 -0.00552547 -0.0123215 0.0187745 0.045316 0.065091 0.0031667 -0.0560926 0.0100895 -0.00459018 0.0235019 -0.0179164 -0.0694035 -0.0930662 0.0453417 -0.085712 -0.0453033 -0.0153728 0.00155806 0.0294866
internal_weight=18789.9 5227.47 13562.4 5904.51 7657.92 1493.07 4840.75 6964.66 6720.97 6074.98 645.987 4411.44 3694.35 4474.4 1103.14 693.261 188.25 94.6731 3371.25 1609.58 1761.67 3367.6 243.692 179.145 326.749 925.206 173.1 567.859 372.816 717.09
internal_count=1829244 45295 1783949 1227504 556445 1130048 35529 545688 544689 542223 2466 97456 75848 33184 11181 10757 1765 645 22003 9565 12438 74316 999 739 1532 1089897 107407 40151 18296 21608
is_linear=0
shrinkage=0.1


Tree=41
num_leaves=31
num_cat=0
split_feature=12 3 2 10 7 3 5 7 5 10 12 10 10 7 3 4 5 6 7 3 10 4 6 5 3 3 6 10 11 7
split_gain=364.203 490.058 151.771 232.039 197.444 119.738 110.421 100.912 92.4436 85.6266 76.2217 323.274 97.9101 71.7189 109.167 62.7685 59.3933 84.2239 72.0894 222.426 85.4388 80.0201 71.4727 76.5845 58.8209 76.8813 51.0255 46.6736 51.3389 52.2965
threshold=1.0000000180025095e-35 0.8676242232322694 0.61620295047760021 0.59621357917785656 0.069047622382640853 0.77807807922363292 5.5000000000000009 0.47727273404598242 4.5000000000000009 0.615800440311432 -1.0000000180025095e-35 0.49909746646881109 0.52559423446655285 0.47727273404598242 0.18047619611024859 0.77581480145454418 4.5000000000000009 0.76253134012222301 0.051315790042281158 0.53618401288986217 0.69624939560890209 0.30245855450630194 0.76253134012222301 9.5000000000000018 0.77807807922363292 0.18047619611024859 0.42980295419692999 0.99773755669593822 0.67424243688583385 0.78888890147209179
decision_type=2 2 2 2 2 2 2 2 2 2 2 2 2 2 2 2 2 2 2 2 2 2 2 2 2 2 2 2 2 2
left_child=2 16 3 7 9 -6 -3 -1 13 -4 12 -12 -7 14 -5 -9 17 -2 19 21 -21 -18 23 -20 25 -19 -10 28 -8 -30
right_child=1 6 4 8 5 10 27 15 26 -11 11 -13 -14 -15 -16 -17 18 24 22 20 -22 -23 -24 -25 -26 -27 -28 -29 29 -31
leaf_value=-0.09841855823084085 0.16113983212606925 0.0895131864908085 -0.058292665470585453 0.026621638410079387 -0.049064699964014351 0.0023065191269287066 0.037253128650324784 0.21367040299885948 0.011344161847738574 0.11223069267031904 -0.094851961265110238 -0.00068342124797866964 0.03812531562330089 0.085722966304525569 -0.047573991160031186 -0.018819523387058348 0.003200101579436464 0.030644142784376556 0.034368895937821893 0.61072095805477211 0.10027129183199812 -0.060098905531259031 -0.10092913040912946 -0.055777201268993951 0.050773396725097175 -0.015704217378968485 -0.041933839194355046 0.094215955453704717 -0.0077387093003452208 -0.1826422009401989
leaf_weight=511.08388968203144 40.823180166247766 1117.2082922152476 34.192627471638843 586.35902585659642 514.05746719997842 4164.7330981743871 255.89298504346516 13.786431666929273 226.6697130325083 212.16818678868003 399.46167846838944 4171.3769037083839 934.35200440866174 114.21662027481943 299.64595422986895 73.651506068708841 1025.027444057574 690.09471281484002 168.8298367477837 3.3412548826308912 176.15868961950764 248.03982572967652 133.57145422307076 213.32011792197591 381.87148938584141 743.46074736106675 868.59246883296873 91.209574150852859 72.90140868537128 22.332109648734331
leaf_count=736766 600 25659 36536 3766 106519 100096 2285 2505 7553 787 511804 47411 7976 383 20536 16759 47286 11415 3591 774 1182 34762 5654 7783 3260 35081 48110 1775 695 178
internal_value=0.00362348 0.0255248 -0.00536122 -0.0265207 0.000103975 -0.00203595 0.0727701 -0.0814347 -0.010836 0.0885636 0.000464116 -0.00891314 0.00886992 0.011143 0.00152875 0.0178374 0.00625942 0.0190917 -0.00584246 0.00556085 0.109773 -0.00913285 -0.0379607 -0.0159516 0.0158975 0.00660727 -0.0309077 0.0304819 0.0139262 -0.0487533
internal_weight=18508.4 5384.08 13124.3 2694.01 10430.3 10184 1559.54 598.522 2095.48 246.361 9669.92 4570.84 5099.09 1000.22 886.005 87.4379 3824.54 1856.25 1968.29 1452.57 179.5 1273.07 515.721 382.15 1815.43 1433.56 1095.26 442.336 351.127 95.2335
internal_count=1829487 181980 1647507 836378 811129 773806 30592 756030 80348 37323 667287 559215 108072 24685 24302 19264 151388 50356 101032 84004 1956 82048 17028 11374 49756 46496 55663 4933 3158 873
is_linear=0
shrinkage=0.1


Tree=42
num_leaves=31
num_cat=0
split_feature=10 3 10 9 2 10 9 11 9 10 9 11 11 3 14 11 7 5 1 5 2 10 5 2 5 1 5 12 1 4
split_gain=331.174 176.981 135.998 516.336 168.914 146.107 142.182 131.873 110.154 91.7958 79.969 69.2526 91.7798 57.2591 60.3092 57.0068 53.1599 44.728 44.9977 50.8273 44.6875 42.9637 37.8083 37.5809 45.7968 36.1723 33.2205 34.9682 46.7261 30.5794
threshold=0.96788921952247631 0.88748916983604442 0.61125501990318309 1.0000000180025095e-35 0.94609123468399059 0.45748157799243933 0.93360882997512828 0.76696833968162548 0.38641852140426641 0.98399898409843456 0.55269768834114086 0.68585526943206798 0.93541666865348827 0.51381558179855358 0.61243200302124035 0.60555556416511547 0.47727273404598242 1.0000000180025095e-35 1.0000000180025095e-35 3.5000000000000004 0.62258651852607738 0.74099972844123851 1.5000000000000002 0.8521554470062257 3.5000000000000004 1.0000000180025095e-35 5.5000000000000009 1.0000000180025095e-35 1.0000000180025095e-35 0.083920188248157515
decision_type=2 2 2 2 2 2 2 2 2 2 2 2 2 2 2 2 2 2 2 2 2 2 2 2 2 2 2 2 2 2
left_child=2 11 3 -1 6 -5 7 10 20 15 -4 -2 22 14 -14 -3 -10 21 -19 -20 -7 -6 25 -8 -25 -13 -11 28 -28 -24
right_child=1 9 4 5 17 8 23 -9 16 26 -12 12 13 -15 -16 -17 -18 18 19 -21 -22 -23 29 24 -26 -27 27 -29 -30 -31
leaf_value=0.0017377956731600788 0.046800262011537475 0.094629936429130687 0.026235120064851531 -0.095939048985398484 0.019967327506291342 0.00060074789667961879 -0.02379186259431354 0.062536709781530767 -0.079617867441095683 0.093633604961074909 -0.0027269107252991401 0.027673540564587429 0.047681631592274398 0.062848427976317248 -0.020492968143038963 0.013301550242131879 -0.010424391634184245 0.056451873301651224 -0.13337933106641336 0.053299877463248525 0.16515857272008291 0.08634959441489215 -0.093006456894519265 -0.12289367753172714 -0.038532771655149553 -0.19425562503916333 -0.075225458092270256 0.085360834575699637 0.075719131968407072 -0.017762268881286014
leaf_weight=4285.338299973635 524.78346591629088 106.53118216525763 1133.8054554701666 815.27187649323605 133.3272535870783 29.724381906671624 420.63452480593696 377.43745915405452 226.82761300832135 587.58805846236646 5990.8890395862982 246.7232520300895 234.35666013509035 334.96222662646323 290.73333308845758 451.31864276342094 217.50212659104727 72.904507887549698 37.050715242512524 24.053600419312716 37.099422397266608 362.81503213942051 57.857207395136356 105.82669328711927 164.19131863117218 7.5695669800043097 43.164494790136814 95.914611076936126 39.071494463831186 812.48470692522824
leaf_count=53383 3146 1661 29051 1295298 829 21635 3233 1833 212952 14194 98263 1500 1121 2777 2181 2890 56269 653 169 121 10034 6840 247 549 758 38 241 1886 292 5377
internal_value=0.00397107 0.0300997 -0.00296725 -0.015138 0.00477389 -0.0696595 0.000936524 0.00493361 -0.0277445 0.059687 0.00188203 0.0144943 0.00595206 0.0305428 0.00993452 0.0288326 -0.0457472 0.0546646 0.00340164 -0.0598934 0.0919604 0.0685108 -0.0128534 -0.0424814 -0.0715959 0.0210673 0.0821648 0.0443374 -0.00350952 -0.0227642
internal_weight=18267.8 3833.06 14434.7 5611.76 8822.94 1326.43 8192.78 7502.13 511.154 1323.59 7124.69 2509.47 1984.69 860.052 525.09 557.85 444.33 630.151 134.009 61.1043 66.8238 496.142 1124.63 690.653 270.018 254.293 765.739 178.151 82.236 870.342
internal_count=1829421 37551 1791870 1649571 142299 1596188 133687 129147 300890 21164 127314 16387 13241 6079 3302 4551 269221 8612 943 290 31669 7669 7162 4540 1307 1538 16613 2419 533 5624
is_linear=0
shrinkage=0.1


Tree=43
num_leaves=31
num_cat=0
split_feature=10 7 11 2 12 12 10 9 2 7 1 5 7 5 4 11 4 3 10 4 11 7 2 9 11 11 2 1 3 7
split_gain=302.123 179.859 127.749 196.219 175.953 188.174 197.829 170.7 168.514 163.994 150.9 225.07 232.879 136.254 335.104 114.906 101.447 84.1465 82.4524 80.0409 78.6158 86.4547 77.1041 67.6194 61.4483 70.3441 54.6389 63.8777 51.8327 50.0321
threshold=0.95055618882179271 0.89444443583488475 0.43874999880790716 0.60736888647079479 1.0000000180025095e-35 -1.0000000180025095e-35 0.48940658569335943 0.8894205391407014 0.2046049237251282 0.47727273404598242 1.0000000180025095e-35 5.5000000000000009 0.63068181276321422 3.5000000000000004 0.99425286054611217 0.43167701363563543 0.75905716419219982 0.87019926309585582 0.52559423446655285 0.10063291341066362 0.93933823704719555 0.36931818723678594 0.087434306740760817 0.44489428400993353 0.62828946113586437 0.71714287996292125 0.92805382609367382 1.0000000180025095e-35 0.75030863285064708 0.47727273404598242
decision_type=2 2 2 2 2 2 2 2 2 2 2 2 2 2 2 2 2 2 2 2 2 2 2 2 2 2 2 2 2 2
left_child=2 15 3 8 5 18 -7 10 19 -10 11 17 -13 14 -12 -2 -11 -4 -5 -1 26 -22 -21 -6 -9 -26 27 -17 -25 -15
right_child=1 -3 7 4 23 6 -8 24 9 16 13 12 -14 29 -16 20 -18 -19 -20 22 21 -23 -24 28 25 -27 -28 -29 -30 -31
leaf_value=-0.027386337303975324 0.075472733175499976 0.098930876917524724 0.021153127978711467 -0.00042403894487856179 0.15987800301746213 -0.097000833658140939 -0.017588043476359592 0.012856515067974326 -0.078951562918974275 0.19573762359873925 -0.22959338407908467 -0.0033796706931448124 -0.12744147943813811 -0.13572773503308525 0.072153720675753971 -0.0031403264807362678 -0.0080835719022542014 0.078946122524678433 0.046972433916110952 1.0153951887630468 0.020877014129747573 0.085117767393750182 0.035048077899658629 -0.039768303689220297 -0.061422696862841998 0.011103197075926562 0.050078279933004788 0.034472219945774658 0.058907755066677503 0.089412296525922849
leaf_weight=533.97047767174081 340.98867345321923 304.39430178143084 1048.1131494282745 4242.5551587787049 56.423681080748793 388.84321123489644 1623.2100883632083 285.49556782608852 991.17553397771189 29.694032791303471 51.671796152368188 749.72969522024505 189.56121841445565 10.0502897426486 127.90792498737574 2463.7790636504069 137.48285816825228 331.65179888252169 401.79910667403601 0.80448337126290326 725.14111016411334 294.60193848144263 290.88873647165019 63.680730288906489 507.61733383219689 181.56895068380982 278.07077870704234 552.8443210227415 324.46273908292642 552.04724196530879
leaf_count=40625 2377 9774 6436 127833 3389 621723 55233 2254 853215 1911 233 7626 912 53 2898 15514 16546 2378 5484 96 5098 6233 20124 2141 4655 1125 2736 3783 3969 2572
internal_value=0.00343379 0.0244585 -0.00451406 -0.0110904 -0.00332221 -0.00739028 -0.0329351 0.0102914 -0.0388936 -0.0634988 0.0218977 0.00934074 -0.028417 0.0611603 -0.0146702 0.0195892 0.0281192 0.0350447 0.00367639 -0.0043741 0.0151725 0.0394361 0.0377519 0.0575882 -0.0261549 -0.0423155 0.00766263 0.00375277 0.0427185 0.0853868
internal_weight=18080.2 4959.82 13120.4 9084.99 7100.97 6656.41 2012.05 4035.41 1984.02 1158.35 3060.73 2319.06 939.291 741.677 179.58 4655.43 167.177 1379.76 4644.35 825.664 4314.44 1019.74 291.693 444.567 974.682 689.186 3294.69 3016.62 388.143 562.098
internal_count=1828946 45515 1783431 1752289 819772 810273 676956 31142 932517 871672 23108 17352 8538 5756 3131 35741 18457 8814 133317 60845 33364 11331 20220 9499 8034 5780 22033 19297 6110 2625
is_linear=0
shrinkage=0.1


Tree=44
num_leaves=31
num_cat=0
split_feature=10 7 4 10 12 5 11 9 11 9 12 10 2 11 7 9 3 2 9 11 1 2 10 11 1 11 4 9 11 7
split_gain=217.967 176.077 106.557 240.761 122.917 98.0139 89.5392 83.6959 121.664 78.6711 75.9894 224.181 81.3914 73.0712 85.3053 62.3676 59.4927 59.6766 59.2622 89.6079 77.8864 56.6399 55.2536 53.7244 51.3698 77.355 49.3628 38.348 38.0869 32.8903
threshold=0.95055618882179271 0.89444443583488475 0.81016731262207042 0.59160795807838451 1.0000000180025095e-35 4.5000000000000009 0.43167701363563543 0.55610176920890819 0.43874999880790716 1.0000000180025095e-35 -1.0000000180025095e-35 0.49909746646881109 0.7897985875606538 0.97916665673255932 0.36931818723678594 0.73423838615417492 0.87585616111755382 0.77849927544593822 0.94602686166763317 0.67424243688583385 1.0000000180025095e-35 0.80982521176338207 0.52559423446655285 0.1012820526957512 1.0000000180025095e-35 0.45804196596145635 0.44575163722038275 1.0000000180025095e-35 0.15504807978868487 0.47727273404598242
decision_type=2 2 2 2 2 2 2 2 2 2 2 2 2 2 2 2 2 2 2 2 2 2 2 2 2 2 2 2 2 2
left_child=2 6 3 9 10 16 26 28 21 -1 22 -12 -13 18 -15 -10 17 -6 20 -20 -8 -9 27 -24 25 -7 -2 -4 -5 -26
right_child=1 -3 4 7 5 24 13 8 15 -11 11 12 -14 14 -16 -17 -18 -19 19 -21 -22 -23 23 -25 29 -27 -28 -29 -30 -31
leaf_value=-0.010316158085119903 0.009043804284685172 0.098571863429182532 0.0033625799372732582 0.10659803703855895 0.070285827561961625 0.042017587721593919 0.0079962109288635886 -0.043848068808162187 0.040083188721970586 -0.089902889705959887 -0.094272125686732669 0.024063495196153015 -0.01433678936354273 0.018378832243980677 0.084775942754573855 -0.0070325570482213454 0.086796632168291379 -0.054529658572280718 0.023501087309080945 -0.029628770406896023 0.063672621952718791 0.089993274115594532 0.21352000308598088 0.028970277508623628 -0.25538691152624898 -0.079039996580251196 0.093258962201885232 -0.073504085940861344 0.019493002126629994 0.060821435724281496
leaf_weight=162.41194797225762 101.16682756319642 276.07689253427088 4139.0694208969362 55.271521465328988 83.301631363341585 86.310251049988437 1591.2867967756465 1041.6942321139504 364.69609703146853 527.94978303752941 310.08370164586813 730.81971219705883 2255.3442332702689 710.19531617406756 265.96215212810785 1223.449855374638 370.77593160129618 70.917053270386532 496.2284479578957 881.09750463068485 298.36882684193552 32.608307205140591 16.180447786697187 628.14294649858493 3.3927650713012545 135.88939970359206 223.07396666053683 65.937182473106077 546.89264188822563 107.99994125124067
leaf_count=31423 644 9730 21978 9111 548 730 11306 73913 3168 944054 520602 10508 32424 4987 6188 12498 8545 648 2841 5332 2600 213 582 4597 143 863 1730 80286 26316 1389
internal_value=0.00292071 0.0210201 -0.00384391 -0.017526 0.00216579 0.0381534 0.0163325 -0.00617995 -0.0137947 -0.0711796 -0.0016275 -0.0133426 -0.00493888 0.012462 0.0364693 0.00378693 0.0650863 0.0128898 0.00528875 -0.0104869 0.0167873 -0.0397856 0.00633564 0.0336047 -0.00423243 -0.0320169 0.0669829 0.00215726 0.0274882 0.0511905
internal_weight=17802.6 4843.46 12959.1 3954.97 9004.16 858.587 4567.38 3264.61 2662.45 690.362 8145.58 3296.25 2986.16 4243.14 976.157 1588.15 524.995 154.219 3266.98 1377.33 1889.66 1074.3 4849.33 644.323 333.592 222.2 324.241 4205.01 602.164 111.393
internal_count=1829897 45358 1784539 1100696 683843 12866 35628 125219 89792 975477 670977 563534 42932 33254 11175 15666 9741 1196 22079 8173 13906 74126 107443 5179 3125 1593 2374 102264 35427 1532
is_linear=0
shrinkage=0.1


Tree=45
num_leaves=31
num_cat=0
split_feature=11 7 5 1 7 6 2 2 7 7 1 7 5 2 9 11 2 5 11 4 9 7 4 6 11 7 5 11 6 5
split_gain=175.998 292.568 152.358 290.159 329.417 142.941 132.486 126.75 111.725 108.723 90.0664 129.173 197.525 121.838 89.0051 114.686 88.6418 78.6842 76.0646 65.2592 63.4046 60.0942 60.0108 53.2773 49.8594 45.5076 40.8564 39.8664 39.8433 86.3678
threshold=0.35857143998146063 0.89444443583488475 8.5000000000000018 1.0000000180025095e-35 0.63068181276321422 0.7245689630508424 0.60495716333389293 0.2046049237251282 0.30384616553783422 0.47727273404598242 1.0000000180025095e-35 0.63068181276321422 2.5000000000000004 0.80982521176338207 0.76961538195610057 0.71714287996292125 0.082333002239465727 2.5000000000000004 0.048199767246842391 0.94791102409362804 0.30317392945289617 0.61250001192092907 0.10063291341066362 0.92052632570266735 0.94281044602394115 0.093073595315217986 7.5000000000000009 0.47913043200969702 0.39433813095092779 11.500000000000002
decision_type=2 2 2 2 2 2 2 2 2 2 2 2 2 2 2 2 2 2 2 2 2 2 2 2 2 2 2 2 2 2
left_child=6 2 5 4 16 -2 7 22 28 -5 17 12 -12 -14 27 -16 -4 18 23 25 -20 -21 -1 -8 -6 -19 -10 -7 29 -9
right_child=1 -3 3 9 24 14 10 8 26 -11 11 -13 13 -15 15 -17 -18 19 20 21 -22 -23 -24 -25 -26 -27 -28 -29 -30 -31
leaf_value=-0.023692924694800013 0.057789951482983729 0.091677428565898389 -0.089728483432168882 -0.1676054610197702 -0.11763715263756343 0.012692811073435881 0.13027093944375856 1.5359988088233989 0.043139713269807041 0.1154642374530986 -0.13436735701345418 -0.0033356950498397379 -0.060942137019894344 0.041719969241733774 -0.010117038053115588 0.022446624642272203 -0.0017439243025654486 0.066986660885910557 0.55139697897864193 0.089744391653826666 0.065077729287340097 0.0024875047594356417 0.042968059539459778 0.0042492472636412688 0.10299040163847527 -0.032962769027527088 -0.045069443025559326 0.044240242520287167 -0.088985037642805631 -0.0049862849522954193
leaf_weight=395.66019936706289 709.99830038601067 433.50065684039146 122.51184097817168 14.540452292189 354.96950872242451 712.90768144791946 35.733833694539499 0.36659955777577025 112.69056635006564 202.99422235228121 199.47320730463252 3788.7207084649126 261.47291728353593 207.21499943058006 2661.6560362153687 1821.8231259090826 1752.1010620410088 49.546974534168839 2.6988073297543442 110.80332477513002 403.60913262641407 274.37023037776817 205.02787946688477 548.13195965474006 10.547358538955448 565.20668359272531 98.323009732033825 914.29793622717261 588.75385512784851 46.139575207605958
leaf_count=39374 5937 14320 1064 89 1774 8578 13738 298 34556 1114 79291 382256 83331 24871 19212 16430 19290 18007 178 4281 18960 4851 19323 62951 217 129359 34418 5895 746594 39022
internal_value=0.00236563 0.0113797 0.00762807 -0.0137196 -0.024427 0.0153202 -0.00872432 -0.03607 -0.0610053 0.0965433 -0.00258686 -0.010485 -0.0510242 -0.0155535 0.0103856 0.00311493 -0.00749399 0.0151012 0.035083 -0.00468566 0.068308 0.0275888 -0.000940084 0.011962 -0.111271 -0.0249072 0.00203814 0.0304188 -0.0819464 0.00716101
internal_weight=17605.8 9711.85 9278.35 2457.66 2240.13 6820.68 7893.94 1446.96 846.274 217.535 6446.98 4456.88 668.161 468.688 6110.68 4483.48 1874.61 1990.1 990.174 999.927 406.308 385.174 600.688 583.866 365.517 614.754 211.014 1627.21 635.26 46.5062
internal_count=1829579 93920 79600 23548 22345 56052 1735659 913585 854888 1203 822074 569749 187493 108202 50115 35642 20354 252325 95827 156498 19138 9132 58697 76689 1991 147366 68974 14473 785914 39320
is_linear=0
shrinkage=0.1


Tree=46
num_leaves=31
num_cat=0
split_feature=12 3 5 12 10 10 3 7 2 5 6 1 4 10 6 4 5 10 2 9 3 1 3 9 9 2 3 10 9 7
split_gain=200.071 295.22 105.189 91.7728 420.933 49.5322 48.2488 177.734 101.521 42.6885 101.48 45.3899 44.3062 42.4498 39.2511 59.7373 58.056 38.7717 82.8573 71.9929 37.0091 72.7376 29.1476 24.1408 83.5164 22.1263 75.4105 18.7812 62.6924 147.035
threshold=1.0000000180025095e-35 0.88912528753280651 7.5000000000000009 -1.0000000180025095e-35 0.55891487002372753 0.99773755669593822 0.68410527706146251 1.0000000180025095e-35 0.25586470961570745 2.5000000000000004 0.86616915464401256 1.0000000180025095e-35 0.072948999702930464 0.99773755669593822 0.4470884650945664 0.13079115748405459 13.500000000000002 0.57634520530700695 0.8874824345111848 1.0000000180025095e-35 0.94804319739341747 1.0000000180025095e-35 0.75030863285064708 0.93360882997512828 0.98122024536132824 0.27953489124774938 0.50438454747200023 0.48015747964382177 0.36030440032482153 0.78888890147209179
decision_type=2 2 2 2 2 2 2 2 2 2 2 2 2 2 2 2 2 2 2 2 2 2 2 2 2 2 2 2 2 2
left_child=3 9 -3 17 27 6 8 -8 -6 10 25 22 -11 20 16 -16 -14 19 23 -1 -4 -22 -12 -19 -25 -2 -27 -5 29 -29
right_child=1 2 13 4 5 -7 7 -9 -10 12 11 -13 14 -15 15 -17 -18 18 -20 -21 21 -23 -24 24 -26 26 -28 28 -30 -31
leaf_value=0.0026467161507275818 0.067411517423009576 0.083347374546837966 0.036145834653481666 -0.097905469694050118 0.00076513682576538676 0.051483217348318636 0.10680140352754069 -0.0042202676007935249 -0.062143846151589757 -0.065632342203198454 0.0078321975507500263 -0.32440975435977354 0.11201392724017714 0.099537838484143229 0.022750669506614644 -0.014676435882687237 0.013045386933604373 0.013052966009768924 0.065322971998169083 -0.071282287780620041 -0.10789683306059328 0.040266829328191464 0.043879745735442753 -0.082385888680602717 0.05327245781010697 0.4701930578614299 0.1218032676284373 -0.010820089035622616 -0.074970056907365426 0.95978775149611362
leaf_weight=4247.9871297742939 16.090421122964472 827.99179704103153 142.52664508158341 510.77250807944802 646.83818758418784 159.1833630669862 149.01848702684947 4456.3552891713334 425.12008855695603 100.79303681646707 850.08950616815127 3.8993939427309661 71.368300664995331 51.664520538412035 603.61004839563975 1453.0377023101319 349.71959383960348 1134.3672255103011 305.95209726691246 135.93772090250422 69.464596182107925 63.353072189260274 304.71639101603068 108.71947944164276 77.897273894399405 8.3398134693270531 24.362761951517314 7.3691678482355183 110.12645023367804 1.9801279639941638
leaf_count=53471 170 25067 1365 1137025 16611 934 821 35037 61786 7876 26665 83 1184 1363 17508 83498 12446 19478 3485 204948 387 889 3322 689 536 146 128 5274 106641 520
internal_value=0.00309569 0.0201268 0.064382 -0.00364847 -0.0119168 -0.00353294 -0.0050755 -0.000627881 -0.0241835 0.00662587 0.0221428 0.0161939 -0.000640557 0.0163614 0.00200328 -0.00369187 0.0298191 0.00524694 0.0184306 0.000354309 0.000754553 -0.0372238 0.017344 0.00756988 -0.0257596 0.163414 0.21065 -0.0895565 -0.0538638 0.194749
internal_weight=17418.7 4941.03 1155 12477.6 6466.76 5836.52 5677.33 4605.37 1071.96 3786.03 1207.5 1158.71 2578.53 327.009 2477.74 2056.65 421.088 6010.86 1626.94 4383.92 275.344 132.818 1154.81 1320.98 186.617 48.793 32.7026 630.248 119.476 9.3493
internal_count=1829353 182097 29071 1647256 1364649 115189 114255 35858 78397 153026 30514 30070 122512 4004 114636 101006 13630 282607 24188 258419 2641 1276 29987 20703 1225 444 274 1249460 112435 5794
is_linear=0
shrinkage=0.1


Tree=47
num_leaves=31
num_cat=0
split_feature=10 3 11 3 7 2 7 9 10 7 10 9 11 10 6 11 11 2 2 5 5 9 2 14 5 6 12 7 2 12
split_gain=160.274 139.097 85.8898 84.6471 197.09 185.055 145.259 89.0894 74.2723 64.8957 63.94 60.0035 59.0467 57.2727 196.66 53.1053 50.7321 48.7935 45.8358 38.6988 37.5405 37.3658 31.725 50.1567 27.993 36.3566 27.5471 31.419 26.0482 23.7198
threshold=0.96788921952247631 0.89732906222343456 0.76696833968162548 0.7019641399383546 1.0000000180025095e-35 0.22318007797002795 0.240384615957737 0.90582165122032177 0.98399898409843456 0.47727273404598242 0.62658634781837474 0.94602686166763317 0.70294117927551281 0.64418154954910289 0.43613053858280187 0.93541666865348827 0.68585526943206798 0.58885449171066295 0.076436221599578871 7.5000000000000009 5.5000000000000009 0.59529346227645885 0.4976190477609635 0.61339515447616588 6.5000000000000009 0.71010184288024913 1.0000000180025095e-35 0.78888890147209179 0.57735043764114391 1.0000000180025095e-35
decision_type=2 2 2 2 2 2 2 2 2 2 2 2 2 2 2 2 2 2 2 2 2 2 2 2 2 2 2 2 2 2
left_child=2 12 3 5 13 18 28 -8 16 10 -7 29 -2 14 -5 24 -3 -11 20 -10 -1 -20 23 -17 25 -14 27 -21 -6 -4
right_child=1 8 11 4 6 9 7 -9 19 17 -12 -13 15 -15 -16 22 -18 -19 21 26 -22 -23 -24 -25 -26 -27 -28 -29 -30 -31
leaf_value=-0.00085523604617498126 0.036849418607142498 0.05801221894372819 0.071388309075491804 -2.7541768491573091 -0.1016503649747766 -0.094822281480798201 0.0026596781506364035 -0.030104442399243165 0.09009053660289415 0.12524618109784594 -0.040418269872620399 -0.063769724284130053 0.13721150553303776 0.10653404824780884 -0.012459387595621749 0.042402286097899693 -0.0061432764082829947 -0.071556565526176411 0.032043743575604022 0.022217885712041672 -0.08864851494201359 -0.0023629375405057095 0.04823744391234739 -0.018883031185872534 -0.034180197673439681 -0.005555167411806782 0.078005965625649321 -0.13657164008538936 -0.032170480795720137 0.022754643599443663
leaf_weight=102.41673280135728 552.88333426509053 226.17953783087432 248.84180022776127 0.26369812090342648 162.5455554399523 283.11787846247898 8962.0501121903944 914.60011391807348 439.57741296011955 36.406247197417542 911.64182639983483 50.363089828751981 18.338609950616956 216.17010857071728 33.188948497961974 223.24473510682583 270.87027923855931 19.264057238615351 472.44628856531926 53.226631162688136 92.871714286622591 950.98016164230648 256.92079191934317 332.34467227384448 436.85574234556407 652.54021088778973 58.884574604220688 16.269786287099123 80.771339908795198 167.98368764482439
leaf_count=2552 3426 2702 987 550 200268 591183 790278 5404 14335 1033 66892 312 86 1222 37564 1127 1708 1779 42385 385 14115 11782 2782 2358 2819 4289 1529 92 22668 1500
internal_value=0.00208972 0.0210646 -0.00280857 -0.00429567 -8.95825e-05 -0.0194972 -0.00225481 -0.000374353 0.0512793 -0.0483926 -0.0533102 0.0393314 0.00805317 0.0876911 -0.0340716 -0.00023794 0.0230503 0.0571449 0.00282404 0.0759839 -0.0426064 0.00905691 0.0191796 0.00574239 -0.0144805 -0.00165261 0.0276828 -0.0149563 -0.0785859 0.0517886
internal_weight=17244.1 3538.14 13705.9 13238.7 10369.6 2869.14 10120 9876.65 1065.01 1250.43 1194.76 467.189 2473.13 249.623 33.4526 1920.24 497.05 55.6703 1618.71 567.958 195.288 1423.43 812.51 555.589 1107.73 670.879 128.381 69.4964 243.317 416.825
internal_count=1830112 37638 1792474 1789675 1057954 731721 1018618 795682 20751 660887 658075 2799 16887 39336 38114 13461 4410 2812 70834 16341 16667 54167 6267 3485 7194 4375 2006 477 222936 2487
is_linear=0
shrinkage=0.1


Tree=48
num_leaves=31
num_cat=0
split_feature=12 3 5 12 10 11 10 14 10 5 10 11 1 2 3 7 4 7 3 10 3 7 6 5 7 2 10 10 2 11
split_gain=147.123 267.441 102.822 67.4264 366.847 55.5936 118.55 65.1414 65.0008 44.0061 41.1796 49.5793 77.3876 37.6033 36.592 194.917 100.486 97.4817 77.4281 54.6646 69.026 52.4204 49.3163 58.8528 40.2286 37.3305 35.5876 66.898 55.7123 35.502
threshold=1.0000000180025095e-35 0.8676242232322694 5.5000000000000009 -1.0000000180025095e-35 0.48940658569335943 0.45804196596145635 0.94208887219429027 0.34307768940925604 0.8919891119003297 8.5000000000000018 0.99773755669593822 0.67424243688583385 1.0000000180025095e-35 0.95945203304290783 0.51158317923545849 0.051315790042281158 0.27953489124774938 0.17156863212585452 0.61654967069625866 0.69624939560890209 0.58361786603927623 0.11805555596947671 0.4470884650945664 12.500000000000002 0.13809524476528171 0.23606811463832858 0.59621357917785656 1.0000000180025095e-35 0.8874824345111848 0.25403225421905523
decision_type=2 2 2 2 2 2 2 2 2 2 2 2 2 2 2 2 2 2 2 2 2 2 2 2 2 2 2 2 2 2
left_child=3 14 -3 26 -5 6 7 -6 9 -7 11 -4 -13 -10 16 19 21 -17 -19 20 -16 -2 23 -18 -24 -21 27 -1 -28 -8
right_child=1 2 10 4 5 8 29 -9 13 -11 -12 12 -14 -15 15 17 22 18 -20 25 -22 -23 24 -25 -26 -27 28 -29 -30 -31
leaf_value=0.00029462800536776614 0.0054086409224874338 0.079529293282695118 0.026630692340617226 -0.098226415392431154 0.047219171371751183 0.051547352601686761 0.11961599827070582 -0.028076891720484533 -0.0047416463073483607 -0.024051750085787187 0.094202619414189379 -0.14490699900977866 0.039266768721972378 0.061989264947981564 -0.10224770820534464 -0.09848285948946317 0.34418802973349089 0.097020788978925576 -0.0017488346579480622 -0.24200924257739587 0.5077477619558739 0.38970977824849129 -0.065632403238721326 0.0083627494782934058 0.035530738971037548 0.089453898676622901 0.0069710568157446036 -0.071166830596295153 0.056403216447967489 0.027877148052582391
leaf_weight=4265.468387236644 1687.5264879103634 755.53130452288315 231.53352091350826 458.45936977904421 121.74849576051929 389.90309914364479 63.605897874571383 2042.0110588128646 2914.6462583746761 95.945264913141727 56.928055610042065 49.60389506444335 42.244773730635643 86.964168403297663 2.5925918799475749 96.858914163487498 5.7726931592915198 86.448533086309908 969.20633928925963 3.4454471031203857 6.521031546893937 3.5568952437315593 405.7245791592286 54.350735935702687 43.52591800846858 245.54068015469238 1311.1645822969731 135.15018785972461 275.99049683939666 125.25179712241516
leaf_count=53485 56110 25838 2294 1155097 8479 1935 219 180224 15729 1047 1790 344 531 1544 1477 10306 193 1639 11893 33 285 9 59035 3950 4445 2175 18399 207575 3388 567
internal_value=0.000908735 0.0158606 0.0581828 -0.00486805 -0.012091 -0.00532922 -0.0172083 -0.0238402 0.00268432 0.0366181 0.0157754 0.00196907 -0.0601983 -0.00280828 0.00254847 0.0151211 -0.0055113 -0.00246992 0.0063395 0.0936719 0.33422 0.00621695 -0.0444482 0.0406067 -0.0558311 0.0848671 0.00272981 -0.00190007 0.0155668 0.0587741
internal_weight=17033.2 4746.91 1135.84 12286.3 6298.54 5840.08 2352.62 2163.76 3487.46 485.848 380.31 323.382 91.8487 3001.61 3611.07 1410.61 2200.46 1152.51 1055.65 258.1 9.11362 1691.08 509.374 60.1234 449.25 248.986 5987.77 4400.62 1587.16 188.858
internal_count=1830035 182347 30797 1647688 1364841 209744 189489 188703 20255 2982 4959 3169 875 17273 151550 27808 123742 23838 13532 3970 1762 56119 67623 4143 63480 2208 282847 261060 21787 786
is_linear=0
shrinkage=0.1


Tree=49
num_leaves=31
num_cat=0
split_feature=12 3 5 3 7 2 4 7 10 6 3 9 10 9 9 11 2 6 10 11 1 4 9 10 10 6 2 3 3 7
split_gain=142.418 217.942 101.192 79.6697 191.166 188.93 109.964 109.166 87.0677 548.468 3508.08 74.9745 53.974 44.3622 77.2032 69.5035 43.432 42.9467 34.1026 44.0872 59.6607 31.4739 28.8876 28.7349 28.0421 27.6748 27.669 24.2224 69.751 168.609
threshold=1.0000000180025095e-35 0.8676242232322694 5.5000000000000009 0.67316719889640819 1.0000000180025095e-35 0.26272648572921758 0.6832355558872224 0.13809524476528171 0.615800440311432 0.43613053858280187 0.82402884960174572 0.85775598883628856 0.94208887219429027 0.98122024536132824 0.93360882997512828 0.77097901701927196 0.80982521176338207 0.9529346525669099 0.99773755669593822 0.71714287996292125 1.0000000180025095e-35 0.045983087271451957 0.75075757503509533 0.96113961935043346 0.98399898409843456 0.85857143998146068 0.050641026347875602 0.18047619611024859 0.51381558179855358 0.051315790042281158
decision_type=2 2 2 2 2 2 2 2 2 2 2 2 2 2 2 2 2 2 2 2 2 2 2 2 2 2 2 2 2 2
left_child=3 21 -3 5 8 7 16 17 9 10 -5 -9 -7 14 -8 -15 24 26 19 23 -21 -2 25 -4 -6 -14 -1 -23 -29 -30
right_child=1 2 18 4 6 12 13 11 -10 -11 -12 -13 22 15 -16 -17 -18 -19 -20 20 -22 27 -24 -25 -26 -27 -28 28 29 -31
leaf_value=-0.12958568391626457 -0.10711670672223979 0.078022227749035375 0.0004107871743287226 -0.10011576076160533 -0.076976811972668063 -0.08138416161930391 0.00012287261268177229 0.18903398109102035 0.10983690313307078 -0.055045066470499886 -50.908886181176968 1.0731696671986473 0.16735578590910724 0.089899326507847599 -0.030504371033995212 -0.026321725175391466 0.27301839154585672 0.038489792955968764 0.089415797762089855 -0.15582482013718799 0.035037080809546498 0.017224287062152854 -0.032949041924566484 0.076340735196669285 -0.24169033241529841 -0.068644540857556349 -0.0075521099754214012 -0.019684978839789074 0.089670704828856557 -0.0017788269814520035
leaf_weight=18.990754295577062 25.177733151125722 700.42721975268796 189.49423332904553 0.1012522004803057 166.42027310520643 511.89276524935849 8869.6937360628799 2.5952937799447673 207.58557972906419 25.128313422188512 0.015695687563493266 1.5213693836703894 14.85592281445861 128.29243621043861 907.22055066097528 85.915518555790186 3.4113932710606596 228.37996061315062 51.265592711977661 36.874123087152839 29.463967185467482 1127.0130193041405 161.45546314399689 67.627999726682901 11.020439580082892 7.4660895196720949 858.0818599803315 1069.4545510489843 244.5148220627525 1149.0433491602307
leaf_count=2343 2542 25652 1922 500 220538 531822 800612 790 855 37952 165 9 223 924 4228 755 180 3279 1771 228 391 30388 2300 631 47 80 39875 90839 3867 23649
internal_value=0.00124399 0.0160552 0.0555827 -0.00444557 -0.00108093 -0.0238382 -0.00313165 0.00177756 0.0885114 -0.0868431 -6.91921 0.515778 -0.0646945 -0.00173278 -0.00271909 0.0432848 -0.0804119 -0.00013656 0.0136393 0.00162938 -0.0710538 0.00429982 -0.0182073 0.0203818 -0.0872068 0.0884203 -0.0101944 0.00508121 -0.000475159 0.014267
internal_weight=16900.4 4690.36 1075.15 12210 10404.8 1805.24 10172 1109.57 232.831 25.2453 0.116948 4.11666 695.67 9991.12 9776.91 214.208 180.852 1105.45 374.726 323.46 66.3381 3615.2 183.777 257.122 177.441 22.322 877.073 3590.03 2463.01 1393.56
internal_count=1829357 181880 30595 1647477 1066756 580721 1027284 46296 39472 38617 665 799 534425 806519 804840 1679 220765 45497 4943 3172 619 151285 2603 2553 220585 303 42218 148743 118355 27516
is_linear=0
shrinkage=0.1


Tree=50
num_leaves=31
num_cat=0
split_feature=10 7 11 3 12 11 10 10 11 10 7 11 11 11 11 11 10 7 6 2 2 12 12 1 7 7 6 2 12 1
split_gain=131.67 96.4134 87.4305 70.7221 128.791 73.4458 68.8924 99.4624 61.8279 58.268 129.517 57.3167 50.4005 49.3398 47.2634 43.8409 36.1605 32.7732 29.0065 26.7271 39.7881 25.6926 24.9998 24.8517 58.9941 32.9502 22.7228 21.9762 39.2424 20.0357
threshold=0.96788921952247631 0.89444443583488475 0.71714287996292125 0.88454905152320873 1.0000000180025095e-35 0.71008405089378368 0.62658634781837474 1.0000000180025095e-35 0.67424243688583385 0.99773755669593822 0.47727273404598242 0.68990385532379161 0.83666664361953746 0.75595238804817211 0.14495798945426944 0.048199767246842391 0.97309362888336193 0.73214286565780651 0.82426470518112194 0.48313754796981817 0.312876507639885 1.0000000180025095e-35 1.0000000180025095e-35 1.0000000180025095e-35 0.68333333730697643 0.47727273404598242 0.84698995947837841 0.6789083480834962 1.0000000180025095e-35 1.0000000180025095e-35
decision_type=2 2 2 2 2 2 2 2 2 2 2 2 2 2 2 2 2 2 2 2 2 2 2 2 2 2 2 2 2 2
left_child=2 8 3 6 5 11 7 29 19 12 13 -5 -10 -11 22 -9 -14 -16 -6 20 -2 -12 -8 24 27 -25 -26 -4 -29 -1
right_child=1 -3 23 4 18 -7 14 15 9 10 21 -13 16 -15 17 -17 -18 -19 -20 -21 -22 -23 -24 25 26 -27 -28 28 -30 -31
leaf_value=0.0017670929488053787 0.036439150541325301 0.098074841871316834 0.043703656464100377 -0.0023385544184856321 0.024863868060366733 -0.081109532483439939 0.039152863727339525 -0.10207899728069181 -0.0020132349668532412 -0.04772447328164961 0.034016293353016237 0.085257982862193979 0.045682896817875615 0.010328235662177023 -0.0092450041744367197 -0.042664492179258579 -0.086379959868549322 -0.12364518707331669 0.072912144353627015 0.055993078900852471 -0.055216694553661898 0.084965519590341487 0.18116039873467846 -0.22134336500289609 -0.10462600617670376 0.064150329284966459 0.05126450700717039 0.02782181647405492 -0.060770222481962288 -0.047925666359052613
leaf_weight=436.25784247746924 218.36739885434508 146.9142455952242 352.99263485521078 6638.9693541837914 243.08135433547432 117.48079283349216 46.310789629817009 226.00469761365639 712.1489345729351 171.20487607363611 156.48230640776455 75.547682080417871 24.704077711328864 1010.6428043371998 4064.3937377123511 275.68389032722007 129.00014712754637 25.197074323892593 260.06609297497198 448.05728836916387 60.479926461353898 269.33088728226721 16.92851078719832 4.1282260119915 49.905073653906584 195.00413698703051 11.505988791584967 199.92534413933754 66.674078210256994 99.674765805131756
leaf_count=33304 1089 8385 1869 546649 3155 521 5092 747816 4031 1801 1536 289 107 7427 96747 341553 759 165 8421 3684 816 8022 562 21 235 1715 85 655 731 2862
internal_value=0.00112133 0.0188629 -0.00330864 -0.00544937 0.000871497 -0.00272444 -0.014382 -0.0374302 0.0152267 0.00769193 0.0189557 -0.00135297 -0.0132219 0.0019186 -0.00862324 -0.06943 -0.0651542 -0.00994985 0.049699 0.0408661 0.0165597 0.0662422 0.0771668 0.027157 0.0180705 0.0582317 -0.0754183 0.0273366 0.00566576 -0.00747495
internal_weight=16753.1 3347.33 13405.7 12525.6 7335.15 6832 5190.45 1037.62 3200.42 2473.51 1607.66 6714.52 865.853 1181.85 4152.83 501.689 153.704 4089.59 503.147 726.905 278.847 425.813 63.2393 880.135 681.003 199.132 61.4111 619.592 266.599 535.933
internal_count=1830104 37657 1792447 1787136 559035 547459 1228101 1125535 29272 23683 18786 546938 4897 9228 102566 1089369 866 96912 11576 5589 1905 9558 5654 5311 3575 1736 320 3255 1386 36166
is_linear=0
shrinkage=0.1


Tree=51
num_leaves=31
num_cat=0
split_feature=11 7 10 12 10 5 1 7 6 7 5 1 1 4 12 14 10 3 11 3 2 10 6 12 14 4 5 14 1 14
split_gain=107.842 200.498 112.533 100.638 200.085 78.0747 222.959 247.685 111.625 102.905 94.9605 178.962 144.04 74.3165 61.1883 69.3064 53.1686 48.5086 39.6398 34.8162 33.8555 39.4898 26.5086 26.4723 40.7643 25.9295 18.7891 18.7686 18.4347 15.0113
threshold=0.35857143998146063 0.89444443583488475 0.95055618882179271 -1.0000000180025095e-35 0.48015747964382177 8.5000000000000018 1.0000000180025095e-35 0.63068181276321422 0.74388790130615245 0.47727273404598242 4.5000000000000009 1.0000000180025095e-35 1.0000000180025095e-35 0.078689370304346098 1.0000000180025095e-35 0.49274888634681707 0.87737199664115917 0.42604579031467443 0.44722221791744238 0.8544662892818452 0.5388936996459962 0.75373467803001415 0.65821567177772533 1.0000000180025095e-35 0.75004032254219066 0.81661397218704235 15.500000000000002 0.42083421349525457 1.0000000180025095e-35 0.53644257783889782
decision_type=2 2 2 2 2 2 2 2 2 2 2 2 2 2 2 2 2 2 2 2 2 2 2 2 2 2 2 2 2 2
left_child=2 5 3 20 23 8 7 13 17 25 11 -10 -12 -7 16 -16 -6 22 -9 -19 -1 28 -2 -5 -25 -8 -11 -4 -22 -29
right_child=1 -3 27 4 14 6 9 18 10 26 12 -13 -14 -15 15 -17 -18 19 -20 -21 21 -23 -24 24 -26 -27 -28 29 -30 -31
leaf_value=-0.043499180727228706 0.052854298126502525 0.087012920674583327 0.01403326322355912 -0.096805657716082058 -0.014050936822149862 -0.093885312456067072 0.096593563110894939 -0.023378665721259861 0.023069174340958121 0.13440761339309792 -0.036723796492393393 -0.026029096204962965 0.054557263886467068 4.3091167176221676e-05 -0.020251922394584052 0.043364114620955407 -0.058647965997222433 0.095789090941447066 -0.11240909969445508 0.043723657541799021 0.010778555912133529 0.058350161176999461 -0.027315055822803039 -0.0096377902284939844 -1.4238502036141334 -0.23458891335147758 0.06726908996176921 0.28690251078806334 -0.0041766002309158055 0.10382340583235228
leaf_weight=177.58812033910544 61.50390002259519 312.75050606112927 24.080548513680696 376.86159976412819 1182.6445244483384 88.579237160505727 2.9801555648446074 60.604028962552547 3488.2063616890227 121.05196367204189 928.59562137059402 943.10050058271736 212.41469149943441 1717.4547747390461 339.52998609680799 345.53730173848453 345.40260043274611 170.2950136505533 286.07584490254521 522.49167442694306 1092.5431487913847 117.00536141265184 125.21373860107269 45.237095951291849 0.20474455691873927 11.435559979639946 63.575091313570738 4.7371947970241299 3356.3426766212506 82.035206202417612
leaf_count=108288 783 14357 91 1137325 194169 947 15 276 30894 766 8462 7569 1339 19462 54511 20622 2352 1248 1643 3386 76534 726 2446 52669 6 77 364 40 87634 595
internal_value=0.00102638 0.00833079 -0.00786435 -0.00936674 -0.0250345 0.00553558 -0.0100625 -0.0194251 0.0112212 0.0911972 0.00599557 0.0126198 -0.0197306 -0.00456375 -0.0129983 0.011835 -0.0241317 0.0443297 -0.0968455 0.0565219 -0.000661902 0.00100423 -0.000907653 -0.0881116 -0.0160097 -0.166124 0.111289 0.092142 -0.000503961 0.113818
internal_weight=16606.1 9116.33 7489.75 7378.9 2635.42 8803.58 2351.76 2152.71 6451.82 199.043 5572.32 4431.31 1141.01 1806.03 2213.11 685.067 1528.05 879.504 346.68 692.787 4743.48 4565.89 186.718 422.303 45.4418 14.4157 184.627 110.853 4448.89 86.7724
internal_count=1829596 94034 1735562 1734836 1461654 79677 23550 22328 56127 1222 48264 38463 9801 20409 271654 75133 196521 7863 1919 4634 273182 164894 3229 1190000 52675 92 1130 726 164168 635
is_linear=0
shrinkage=0.1


Tree=52
num_leaves=31
num_cat=0
split_feature=3 10 10 9 4 6 1 9 9 11 10 11 14 6 7 11 7 7 1 14 7 9 10 9 6 4 3 1 11 9
split_gain=92.8112 175.273 102.437 76.6552 63.0925 66.9458 85.1072 69.625 48.0426 53.8929 54.5136 42.292 51.9933 39.6248 38.2452 35.324 75.6877 102.267 72.574 76.3715 69.5613 34.3115 31.9397 31.8699 31.7562 25.8708 40.9391 24.6084 23.3921 58.4211
threshold=0.88748916983604442 0.98399898409843456 0.63182720541954052 0.30517394840717321 0.89825496077537548 0.81322672963142406 1.0000000180025095e-35 1.0000000180025095e-35 0.54950004816055309 0.35857143998146063 0.93515834212303173 0.057983193546533592 0.58583554625511181 0.30839161574840551 0.73214286565780651 0.26794873178005224 0.89444443583488475 0.68333333730697643 1.0000000180025095e-35 0.61161690950393688 0.89444443583488475 0.78865191340446483 0.45910002291202551 0.41277122497558599 0.96490147709846508 0.62418830394744884 0.59417229890823375 1.0000000180025095e-35 0.11269841343164445 0.48923951387405401
decision_type=2 2 2 2 2 2 2 2 2 2 2 2 2 2 2 2 2 2 2 2 2 2 2 2 2 2 2 2 2 2
left_child=2 4 3 11 5 7 -7 -2 28 10 13 25 24 -10 21 18 17 -17 20 -20 -6 -11 -5 -24 -13 -1 -27 -3 29 -4
right_child=1 27 8 22 15 6 -8 -9 9 14 -12 12 -14 -15 -16 16 -18 -19 19 -21 -22 -23 23 -25 -26 26 -28 -29 -30 -31
leaf_value=-0.098842139130485118 0.47181502054907187 0.044827306009711014 -0.0012893685416244724 -0.098522464803602591 0.017994505073299166 0.066503561964517607 -0.16918660721170753 0.11617829727127441 0.11410992159158657 0.011261891362220307 0.053398237590778212 0.042743078364209902 1.2795569869148304 -0.043207355259522927 -0.11729706947010619 0.02372423241648124 0.063252134797117929 -0.014003910834923743 -0.00074670739707076081 -0.036195990399497689 0.14327750702166145 -0.006244334145574567 0.030256244285905794 -0.062125377726216402 0.52105229370689055 1.4378279436492609 -0.01113280363233281 0.091349426570608086 0.018660213846532419 0.31922842723042172
leaf_weight=35.42721128183257 7.1729110451415208 222.1688890485093 15.218306543771179 194.81382097099231 758.02905465249205 116.4157110035303 17.642728177394019 23.673169503206736 16.412417838524561 1562.9647875886876 69.969334699679166 6.0303364411665807 0.43215574501664367 654.37224988953676 28.56042642891407 1626.6584672792815 261.19819125835784 1286.8209512429312 3103.7657324781176 755.71132897608913 47.070275926176691 3946.571910772007 46.642563238216098 187.29793362491 1.8031119388615477 0.19506682483188242 535.09250328734925 232.88806732371449 693.96396713965805 9.0796389635652286
leaf_count=81568 61 6450 1197 737655 36214 9358 3267 1468 1113 20935 458 3379 17 43839 201 9754 8559 6623 43176 443126 439 31242 42157 210432 261 386 57238 10174 18021 518
internal_value=0.000963063 0.00826677 -0.00675521 -0.0365635 0.0048346 0.0660488 0.0354856 0.198878 -0.00246217 -0.00526473 -0.0305967 -0.0128296 0.21175 -0.0393582 -0.00187643 0.00354692 0.0116837 0.00706053 -0.00199093 -0.00768791 0.0253192 -0.00127811 -0.0686133 -0.0437065 0.152841 -0.0160821 -0.0106048 0.0686363 0.022037 0.118481
internal_weight=16464.1 8459.22 8004.85 1007.73 8004.16 164.905 134.058 30.8461 6997.11 6278.85 740.754 578.98 8.2656 670.785 5538.1 7839.25 3174.68 2913.48 4664.58 3859.48 805.099 5509.54 428.754 233.94 7.83345 570.715 535.288 455.057 718.262 24.2979
internal_count=1829286 578669 1250617 1133093 562045 14154 12625 1529 117524 97788 45410 142849 3657 44952 52378 547891 24936 16377 522955 486302 36653 52177 990244 252589 3640 139192 57624 16624 19736 1715
is_linear=0
shrinkage=0.1


Tree=53
num_leaves=31
num_cat=0
split_feature=10 2 9 11 11 4 10 9 1 10 7 7 2 9 12 5 1 2 10 7 5 2 7 6 6 3 2 2 1 5
split_gain=71.3836 89.5471 74.6291 97.2875 61.0668 58.7743 95.6398 53.9427 52.252 62.5669 87.4509 57.8172 51.9473 46.3502 42.841 52.9168 39.9322 38.9068 36.7149 32.2998 34.7214 53.385 23.8473 29.1188 24.5663 23.2965 20.3099 24.4291 18.919 18.0938
threshold=0.96788921952247631 0.89699381589889537 0.93360882997512828 0.76696833968162548 0.67424243688583385 0.81016731262207042 0.59160795807838451 0.43341544270515447 1.0000000180025095e-35 0.99773755669593822 0.38750000298023229 0.47727273404598242 0.48749218881130224 1.0000000180025095e-35 1.0000000180025095e-35 4.5000000000000009 1.0000000180025095e-35 0.77015754580497753 0.98399898409843456 0.36931818723678594 3.5000000000000004 0.95713412761688244 0.47727273404598242 0.84409722685813915 0.61602565646171581 0.091217257082462325 0.57919329404830944 0.27424120903015142 1.0000000180025095e-35 10.500000000000002
decision_type=2 2 2 2 2 2 2 2 2 2 2 2 2 2 2 2 2 2 2 2 2 2 2 2 2 2 2 2 2 2
left_child=2 4 3 5 26 6 13 -8 9 10 -6 -10 -11 -1 16 -16 -7 22 -3 -19 21 -21 24 -24 29 -26 27 -2 -22 -4
right_child=1 18 17 -5 8 14 7 -9 11 12 -12 -13 -14 -15 15 -17 -18 19 -20 20 28 -23 23 -25 25 -27 -28 -29 -30 -31
leaf_value=-0.0092398307802449009 0.039584282272483312 0.027234072604395722 0.16248946893727645 0.051479765595641575 0.0044540123380710931 0.010873537594093638 0.05762849813895185 -0.0085827753262696631 -0.23605447081158124 -0.0069761190931547775 -0.071936551172594163 0.062145866171631238 0.03317201071868723 -0.077836984070678114 0.050357949066243718 -0.0036416996149160222 -0.0040598198109191635 0.044329887694543713 0.086295836238648532 -0.12244090926969536 -0.069501845448663599 0.060992962415333064 -0.012847622754101923 0.090466542182228993 0.04693701620978806 -0.078786393321600146 0.054147958991166548 -0.019653383804489683 -0.012823763496779906 0.001275884836494095
leaf_weight=146.59775110554256 189.49237370304763 201.26800944656134 8.1901598870754224 361.03208721149713 324.58327700011432 2732.4246274166071 128.43103570875246 2934.7640448491911 6.7453914508223525 877.48726957663894 278.39387684874237 180.1306953728199 509.35127906827256 300.22607617649919 407.79872029402759 326.98167338420171 5195.2505633420515 31.676020016893744 220.62805083720013 126.47165513783693 103.95067962445319 18.141589640639722 63.578026331961155 47.784210413694382 17.768637076020241 86.431628380902112 316.55927088391036 110.0452290493995 135.87202588375658 46.421988280024379
leaf_count=31361 786 2755 73 2226 1842 110215 6437 118302 44 6377 1418 3364 6312 943574 10406 3230 560704 172 10858 710 589 566 306 236 56 1287 2518 1272 622 560
internal_value=0.00181413 0.015179 -0.00143583 0.000322333 0.00869205 -0.00119498 -0.0121111 -0.00580673 0.000825037 -0.0039231 -0.0308154 0.0513822 0.00776929 -0.055331 0.00322824 0.0263278 0.00108725 -0.0335447 0.0581201 -0.0527304 -0.0607278 -0.0994293 -0.00399571 0.0314833 -0.0288742 -0.0573475 0.0364865 0.0178213 -0.0373908 0.025453
internal_weight=16434.5 3214.68 13219.8 12533.5 2792.79 12172.5 3510.02 3063.2 2176.69 1989.82 602.977 186.876 1386.84 446.824 8662.46 734.78 7927.68 686.287 421.896 416.112 384.436 144.613 270.175 111.362 158.812 104.2 616.097 299.538 239.823 54.6121
internal_count=1829178 37546 1791632 1786455 23933 1784229 1099674 124739 19357 15949 3260 3408 12689 974935 684555 13636 670919 5177 13613 2659 2487 1276 2518 542 1976 1343 4576 2058 1211 633
is_linear=0
shrinkage=0.1


Tree=54
num_leaves=31
num_cat=0
split_feature=10 9 11 2 3 12 11 5 3 1 5 11 1 5 5 4 11 5 4 2 3 10 11 12 9 2 3 2 11 10
split_gain=64.8755 73.0708 92.7948 72.8118 61.8179 57.1181 51.7489 49.7027 45.6903 45.3463 52.6311 57.0544 41.8435 36.9911 35.6943 44.587 32.2015 28.8522 36.186 29.5475 28.1718 27.5253 40.1981 49.8968 24.3781 19.0485 19.0052 33.9753 15.4651 34.532
threshold=0.96788921952247631 0.93360882997512828 0.71714287996292125 0.92805382609367382 0.88454905152320873 1.0000000180025095e-35 0.67424243688583385 9.5000000000000018 0.84019228816032421 1.0000000180025095e-35 1.5000000000000002 0.94590643048286449 1.0000000180025095e-35 4.5000000000000009 3.5000000000000004 0.99425286054611217 0.62828946113586437 8.5000000000000018 0.71010184288024913 0.092665474861860289 0.7019641399383546 0.96113961935043346 0.71714287996292125 1.0000000180025095e-35 0.8894205391407014 0.57919329404830944 0.87183493375778209 0.76253134012222301 0.56385868787765514 0.97309362888336193
decision_type=2 2 2 2 2 2 2 2 2 2 2 2 2 2 2 2 2 2 2 2 2 2 2 2 2 2 2 2 2 2
left_child=1 2 4 6 7 12 25 20 -9 10 -8 -12 -6 -7 15 -11 -3 26 19 -19 -1 22 23 -18 -20 -2 27 -4 -27 -30
right_child=3 16 17 -5 5 13 9 8 -10 14 11 -13 -14 -15 -16 -17 21 18 24 -21 -22 -23 -24 -25 -26 28 -28 -29 29 -31
leaf_value=-0.013842680760483506 0.016383828984077982 0.013930640808343839 0.049664581428662952 0.066467940375018006 0.015740849929935567 0.067398200036796696 0.029623384643915854 -0.014820234516465301 -0.059557100987993911 -0.20273955312992414 -0.024758102336840775 0.013624809154122605 -0.0027163130283562424 0.0080485005087610577 0.057956726781570295 0.040528170290411038 -0.10406884200459668 -0.075494597196829202 0.0053451876778946774 0.075354211977665578 0.0033263557219478605 -0.013416112185955405 -0.012468747201116223 0.016980832967049886 -0.10414980664355718 0.085654082731290659 0.072168316111294359 -0.029582133599480077 -0.0031461415721417705 0.06983164009603933
leaf_weight=1904.0433842585162 304.84227455966175 118.13995184376836 253.17045329418033 248.04764946270734 1646.7732961404836 226.87878232821822 421.92956039542332 667.3012807548821 347.01014576818852 12.493512965738775 1006.4339019879699 629.49483351409435 4833.3147634056804 195.5185638088733 215.86597887054086 18.980390467680991 199.99901482509449 16.111424282193184 41.934807442128658 66.911378914490342 1918.8234363362399 196.20368590019643 119.21617380343378 41.039765090681612 39.473304737359285 92.361575616523623 196.9253238607198 68.803214048966765 114.69647518265992 149.16444117669016
leaf_count=583826 2084 861 1180 10782 50441 8612 4367 155587 252467 63 6925 5815 494797 2168 3773 838 1820 67 172 414 233465 1316 731 478 195 1217 1904 321 533 1359
internal_value=0.00169077 -0.00143341 0.000307139 0.0144211 -0.00177801 0.00429667 0.0100688 -0.0104463 -0.0301253 0.00299563 -0.00186683 -0.00998861 0.00197417 0.0399265 0.0434511 -0.0560365 -0.0334863 0.0361301 -0.000372551 0.0460805 -0.00522497 -0.0435532 -0.0599666 -0.0834587 -0.0477469 0.0347336 0.0476972 0.0327302 0.0504367 0.0381093
internal_weight=16311.9 13097.6 12423 3214.31 11739.7 6902.49 2966.26 4837.18 1014.31 2305.2 2057.86 1635.93 6480.09 422.397 247.34 31.4739 674.599 683.33 164.431 83.0228 3822.87 556.459 360.255 241.039 81.4081 661.065 518.899 321.974 356.222 263.861
internal_count=1828578 1790822 1785616 37756 1781363 556018 26974 1225345 408054 21781 17107 12740 545238 10780 4674 901 5206 4253 848 481 817291 4345 3029 2298 367 5193 3405 1501 3109 1892
is_linear=0
shrinkage=0.1


Tree=55
num_leaves=31
num_cat=0
split_feature=5 1 7 10 1 7 5 3 6 4 10 5 10 6 2 7 5 14 7 6 10 5 4 3 11 3 4 6 7 4
split_gain=52.2474 312.885 264.23 244.251 131.394 200.237 789.055 192.021 132.255 121.294 119.707 119.098 115.535 104.687 142.055 103.67 103.326 97.9852 97.3799 92.4688 75.3982 67.5632 58.844 100.994 58.0546 55.0717 53.8366 52.1011 49.2006 48.807
threshold=5.5000000000000009 1.0000000180025095e-35 0.68333333730697643 0.82618901133537304 1.0000000180025095e-35 0.63068181276321422 3.5000000000000004 0.90325224399566661 0.80673459172248851 0.94791102409362804 0.98399898409843456 2.5000000000000004 0.43083177506923681 0.65261757373809826 0.097167581319808974 0.89444443583488475 7.5000000000000009 0.43401736021041876 0.47727273404598242 0.87138131260871898 0.68665710091590892 13.500000000000002 0.13079115748405459 0.7454303801059724 0.3514705896377564 0.91695404052734386 0.93127068877220165 0.97332859039306652 0.58571431040763866 0.99425286054611217
decision_type=2 2 2 2 2 2 2 2 2 2 2 2 2 2 2 2 2 2 2 2 2 2 2 2 2 2 2 2 2 2
left_child=4 2 13 16 7 6 20 8 29 24 26 19 27 14 -2 25 17 -3 -5 -10 -6 -16 -15 -24 -8 -4 -7 -9 -18 -1
right_child=1 3 15 18 5 10 9 12 11 -11 -12 -13 -14 22 21 -17 28 -19 -20 -21 -22 -23 23 -25 -26 -27 -28 -29 -30 -31
leaf_value=0.063711774060677448 -0.087850717616238819 0.94316418165770899 -0.027462418129144073 -0.14797015813709868 -0.10127861476493515 -0.13300401186296154 0.023019371010616504 0.064406019699609199 0.12160279831188284 -0.059620788967250309 0.095284210205873993 -0.021269733253653004 0.074206086677823899 0.0018536689191510627 0.032270267430144148 0.090726442332823787 -0.057986570071091828 0.15851109063442176 0.095544326417812075 0.010317153480823328 -0.19991928871183018 -0.0057556744222688229 -0.081261306406728337 -0.018163895745537586 0.10508466507626169 -0.11101810163806991 0.00013604520855305945 -0.011992936359822383 0.0074246750937996629 -0.088068457083464877
leaf_weight=450.79330133334224 152.15362731422556 1.9990720776841024 97.213139549916377 16.950718473643064 117.54595467359468 30.600646016537212 175.32647097369772 125.09075432494865 76.836623036506353 104.47806938708527 133.73941712360829 1550.2734546573047 774.67994396956055 421.50976789799461 904.45070856366328 31.819300165807363 152.59870547041646 7.8058877312287223 526.24194880481809 2641.8021368914342 227.40257427189499 966.61974694983564 410.07735882156703 665.10235698331962 169.57733860332519 418.31928266337491 4048.0263044413878 311.6594565907144 466.60057985354797 22.230909941950813
leaf_count=61696 14544 28 870 111 83393 3216 20408 5124 4033 43692 8745 204363 14240 16997 149901 311 49028 634 3210 240077 1119 206977 231244 49691 1305 3062 360041 13683 35491 2258
internal_value=0.00151835 -0.00669546 -0.0198144 0.0388243 0.00544496 -0.00649456 -0.0525477 0.0154859 0.00640846 0.034774 0.00218973 0.000849285 0.0510181 -0.00976343 0.00506939 -0.08445 -0.00359544 0.318489 0.0879453 0.0134624 -0.166306 0.0126256 -0.0298144 -0.0422295 0.0633681 -0.0952621 -0.000862862 0.00988869 -0.00869561 0.0565785
internal_weight=16199.5 5239.46 4067.27 1172.2 10960.1 5006.7 794.33 5953.37 4741.94 449.382 4212.37 4268.91 1211.43 3519.91 2023.22 547.352 629.004 9.80496 543.193 2718.64 344.949 1871.07 1496.69 1075.18 344.904 515.532 4078.63 436.75 619.199 473.024
internal_count=1829492 762099 673597 88502 1067393 521919 149917 545474 512427 65405 372002 448473 33047 669354 371422 4243 85181 662 3321 244110 84512 356878 297932 280935 21713 3932 363257 18807 84519 63954
is_linear=0
shrinkage=0.1


Tree=56
num_leaves=31
num_cat=0
split_feature=10 7 9 11 9 11 11 2 2 7 7 3 1 4 11 9 11 14 10 7 2 6 5 2 4 7 9 11 12 9
split_gain=54.9558 80.2793 71.2207 80.2726 99.2152 68.7601 63.8997 59.4371 93.2802 109.804 85.8485 67.5252 46.768 71.1534 40.1248 27.079 25.1634 24.8563 24.7103 74.4781 39.7062 39.1272 31.1037 29.4551 24.675 22.7487 20.6941 19.6012 39.8479 11.9946
threshold=0.96113961935043346 0.89444443583488475 0.93360882997512828 0.56385868787765514 0.85775598883628856 0.55902779102325451 0.76696833968162548 0.598850578069687 0.22318007797002795 0.30384616553783422 0.069047622382640853 0.76028168201446544 1.0000000180025095e-35 0.97894504666328441 0.54692083597183239 0.65720993280410778 0.62828946113586437 0.56916990876197826 0.98399898409843456 0.47727273404598242 0.17712418735027316 0.65261757373809826 5.5000000000000009 0.087434306740760817 0.83438816666603099 0.89444443583488475 0.98122024536132824 0.71714287996292125 1.0000000180025095e-35 0.94602686166763317
decision_type=2 2 2 2 2 2 2 2 2 2 2 2 2 2 2 2 2 2 2 2 2 2 2 2 2 2 2 2 2 2
left_child=2 5 3 7 12 24 25 8 14 -10 17 -12 13 -5 -1 -14 -4 -9 21 20 -20 23 -21 -7 -2 -6 -23 28 -18 -29
right_child=1 -3 16 4 6 18 -8 10 9 -11 11 -13 15 -15 -16 -17 27 -19 19 22 -22 26 -24 -25 -26 -27 -28 29 -30 -31
leaf_value=0.0021875308539574269 0.032077414542969772 0.096970727159021136 0.0031134359816526232 0.036029403688445524 -0.020456250168996829 -0.14597319268384681 0.047509255642210861 0.25949391250736759 -0.064211592390233579 0.012513177382497635 -0.047617366480005113 -0.00035408967196508701 -0.0078125394729678319 -0.041960856475307201 -0.12298432787731327 0.085442053194898823 -0.0902231690775816 0.06661238365336429 0.023569237665987307 0.061134267640622131 -0.011863391150098938 -0.020621203247629664 0.0077999257812963983 0.04003721342029689 0.088531269141348942 0.090744816731272659 0.028876817003736462 0.014991203629548078 0.014336459162641844 -0.049096765286772259
leaf_weight=1112.5908663480213 226.04248798452318 106.87806265987456 99.563571238424629 829.05086743365973 844.44030404649675 8.8934325203299505 179.71308380551636 7.0292608765348623 683.04346278522644 256.60434525298479 315.45644959089987 7240.3178607655573 36.101114380173385 136.198765556328 26.212766464799643 226.49923155177385 191.9242340051569 134.93844054399233 467.80518126487732 344.96131554804742 976.31149427127093 863.28815066767856 160.0891687432304 199.04377760831267 117.75656380550936 18.806339564733207 93.623941645026207 52.721493472810835 44.992840050719678 65.466363585088402
leaf_count=69139 1457 9159 759 5298 6424 53 1145 5834 786476 62101 121943 690308 333 783 148 2326 1836 32079 2154 8808 9039 4610 2615 1076 1778 916 557 335 491 394
internal_value=0.000659416 0.0116121 -0.00246361 -0.000997291 0.0159398 0.00897375 -0.00673992 -0.00493143 -0.0199371 -0.0432592 -0.000879778 -0.00232735 0.0352044 0.0250248 -0.000693651 0.0726218 -0.0413154 0.0761625 0.00428821 0.0111746 -0.000385394 -0.00723486 0.0442285 0.0320816 0.0514137 -0.0180337 -0.0157783 -0.0537723 -0.0703663 -0.0205083
internal_weight=16066.4 3564.69 12501.7 12047 2270.81 3457.82 1042.96 9776.19 2078.45 939.648 7697.74 7555.77 1227.85 965.25 1138.8 262.6 454.669 141.968 3114.02 1949.17 1444.12 1164.85 505.05 207.937 343.799 863.247 956.912 355.105 236.917 118.188
internal_count=1830374 41306 1789068 1785253 17225 32147 8485 1768028 917864 848577 850164 812251 8740 6081 69287 2659 3815 37913 28912 22616 11193 6296 11423 1129 3235 7340 5167 3056 2327 729
is_linear=0
shrinkage=0.1


Tree=57
num_leaves=31
num_cat=0
split_feature=5 1 7 10 1 4 5 12 3 6 2 7 3 6 7 5 10 6 6 10 4 3 5 7 5 6 11 9 7 4
split_gain=45.0624 217.225 189.807 170.785 167.834 207.841 907.527 166.18 163.167 143.513 123.375 187.015 113.022 103.785 89.0825 76.3533 68.0974 103.939 88.9159 67.0827 63.5377 77.8673 62.215 65.9074 53.3597 53.2158 50.8829 44.6242 43.7294 112.585
threshold=4.5000000000000009 1.0000000180025095e-35 0.68333333730697643 0.81023570895195018 1.0000000180025095e-35 0.99425286054611217 3.5000000000000004 1.0000000180025095e-35 0.8291795849800111 0.83935481309890758 0.72834226489067089 0.47727273404598242 0.86056843400001537 0.79516318440437328 0.89444443583488475 2.5000000000000004 0.46583126485347753 0.97958335280418407 0.88989898562431347 0.68665710091590892 0.3536857813596726 0.34205263853073126 6.5000000000000009 0.47727273404598242 5.5000000000000009 0.65261757373809826 0.35504202544689184 0.52657252550125133 0.47727273404598242 0.84273937344551098
decision_type=2 2 2 2 2 2 2 2 2 2 2 2 2 2 2 2 2 2 2 2 2 2 2 2 2 2 2 2 2 2
left_child=4 2 13 28 8 6 19 -7 9 20 11 -11 -8 24 27 -12 -10 18 -18 -6 -1 -22 -5 -24 -2 -26 -14 -4 -3 -30
right_child=1 3 14 22 5 7 12 -9 16 10 15 -13 26 -15 -16 -17 17 -19 -20 -21 21 -23 23 -25 25 -27 -28 -29 29 -31
leaf_value=-2.3285125096638402e-05 0.046443728341093768 -0.10471084122963921 -0.004393256864412479 0.0039878419821026854 -0.10135981797175214 -0.0047404471086338155 -0.114073128556929 0.082611862534059194 0.011473700108529225 -0.0091476944509180664 -0.032947640847556081 0.064719117273059373 0.037845209199377214 -0.045125838213967581 0.090677298986702001 -0.13858476286300228 0.073764620793291963 0.089177894335521035 0.010949935120765694 -0.19150114836941848 1.5621269924288468 0.090174612736735535 -0.12712326339661942 0.087804682257169753 0.0049931898915456987 -0.021916158012361367 0.11765418225018814 -0.089616024156769142 0.40294836001044249 -0.002017768905181406
leaf_weight=108.218438706288 216.52259839896487 40.648885638263891 70.333353964029811 128.50266586616635 119.73457073229656 3692.2238357101451 34.382609327018145 231.43759134295397 638.1341913643264 1966.6009802210901 300.01925225259038 415.09497210817062 163.95138390589273 653.12340409999888 32.82908233490889 88.635984690379701 341.72089654904266 473.60980561914039 661.73290788481245 265.90149088576436 0.35993589332792808 237.50375219034322 14.683436896651981 503.68228624202311 2005.2832894261346 1160.0547459900845 155.79873262438923 485.96961361065041 6.9327531989547415 702.83158275962342
leaf_count=6857 30346 25683 1756 873 87286 375203 7176 14584 60408 300305 16223 9482 13274 91962 359 5096 4803 8394 8614 1332 34 43690 106 3224 371447 255731 1419 2716 357 80160
internal_value=0.000888752 -0.00593219 -0.016373 0.0286202 0.00503947 -0.00875471 -0.0573743 0.000412038 0.0173355 0.00278612 -0.0047986 0.00372622 0.058207 -0.00863146 -0.069395 -0.057039 0.0387718 0.0505654 0.0323411 -0.163514 0.063501 0.092402 0.0662755 0.0817165 -0.00158347 -0.00486873 0.0767323 -0.0788413 -0.0038392 0.00193781
internal_weight=15916.5 6021.4 4624.12 1397.28 9895.06 4663.43 739.769 3923.66 5231.63 3116.43 2770.35 2381.7 354.133 4034.98 589.132 388.655 2115.2 1477.06 1003.45 385.636 346.082 237.864 646.868 518.366 3381.86 3165.34 319.75 556.303 750.413 709.764
internal_count=1828900 864720 754317 110403 964180 500274 110487 389787 463906 381687 331106 309787 21869 749486 4831 21319 82219 21811 13417 88618 50581 43724 4203 3330 657524 627178 14693 4472 106200 80517
is_linear=0
shrinkage=0.1


Tree=58
num_leaves=31
num_cat=0
split_feature=6 1 4 10 14 6 14 14 2 10 9 11 1 5 5 3 2 2 4 4 2 3 3 1 14 4 4 9 4 10
split_gain=42.4768 129.766 487.393 106.18 94.3967 90.8656 83.6207 52.1708 48.3392 47.4251 95.1402 134.867 72.3148 526.072 115.182 107.877 73.9738 65.5411 49.0523 39.1779 37.6194 87.6158 66.2627 65.3654 35.6479 34.4221 34.0277 33.2201 31.249 29.6534
threshold=0.9740215837955476 1.0000000180025095e-35 0.99425286054611217 0.79461127519607555 0.69285970926284801 0.96490147709846508 0.65874657034873974 0.65793165564537059 0.91366460919380199 0.75373467803001415 0.22801800817251208 0.057983193546533592 1.0000000180025095e-35 3.5000000000000004 1.5000000000000002 0.94804319739341747 0.91266208887100231 0.94609123468399059 0.94609123468399059 0.86526826024055492 0.80217391252517711 0.80967995524406444 0.87585616111755382 1.0000000180025095e-35 0.68147486448287975 0.8589511811733247 0.99425286054611217 0.44124551117420202 0.95713412761688244 0.68665710091590892
decision_type=2 2 2 2 2 2 2 2 2 2 2 2 2 2 2 2 2 2 2 2 2 2 2 2 2 2 2 2 2 2
left_child=5 4 29 -4 8 9 7 -7 -2 10 17 -12 14 26 18 -15 -16 -1 -11 -6 21 -8 25 -24 -5 -22 -14 -13 -19 -3
right_child=1 2 3 24 19 6 20 -9 -10 12 11 27 13 15 16 -17 -18 28 -20 -21 22 -23 23 -25 -26 -27 -28 -29 -30 -31
leaf_value=0.00060450006475526105 0.032485915911764425 -0.098080433272312265 0.0033850067555449659 -0.84452426326524344 0.026340524225388403 -0.0056731509599772601 -0.13085679009529425 0.95844454534739487 -0.020868723246485924 0.04443504151864619 -0.096876084912844912 0.024029654320496828 -0.17990848189224426 0.081470372051955509 -0.00677444431892217 0.024164595763992859 0.063217711221982692 0.22471884306450193 -0.12920052944586821 0.08205866469067033 -0.11748172469264134 0.040254160231201604 -0.0050202133131037781 -0.18184180198319669 0.081582271898384656 -0.30868778590537033 -0.095731012535652638 -0.023342398666632225 0.04890397865530461 -0.17740620634121218
leaf_weight=2175.5518088425588 422.52941497936263 72.251393501923303 1840.2167270878272 0.41649096878245373 181.47321968746837 257.77574384500622 59.508613509620773 0.56248909336863917 283.9011865624343 618.77760306419805 251.33120771645372 177.74133605338648 81.177703766152263 491.07615555543453 5749.830863431911 992.2303651580587 155.07320964336395 18.478435885976069 16.709137786179781 414.30456322495593 15.819688812072853 60.193284880340798 53.069238155090716 34.495634663107921 202.08028168743476 23.257025711151073 117.57653003185987 885.64033620723694 22.321010026207659 135.5035481210798
leaf_count=47756 54092 56528 176090 8 1101 28022 511 55 12812 5260 955353 134004 420 3597 57701 8050 2098 50 374 8517 118 403 867 1576 13598 169 810 258642 86 720
internal_value=0.00101669 0.0106446 -0.00389343 0.010948 0.0357692 -0.00177368 -0.0433228 -0.00357394 0.0110437 1.03831e-05 -0.00968284 -0.0309953 0.00417306 0.0226655 -0.000582833 0.0431367 -0.00493633 0.00295944 0.0398696 0.065087 -0.085007 -0.044812 -0.122999 -0.074678 0.0796775 -0.231281 -0.130112 -0.0154243 0.128532 -0.149819
internal_weight=15810.9 3552.68 2250.47 2042.71 1302.21 12258.2 504.682 258.338 706.431 11753.5 3531.06 1314.71 8222.45 1682.06 6540.39 1483.31 5904.9 2216.35 635.487 595.778 246.343 119.702 126.642 87.5649 202.497 39.0767 198.754 1063.38 40.7994 207.755
internal_count=1829388 323466 246944 189696 76522 1505922 31721 28077 66904 1474201 1395891 1347999 78310 12877 65433 11647 59799 47892 5634 9618 3644 914 2730 2443 13606 287 1230 392646 136 57248
is_linear=0
shrinkage=0.1


Tree=59
num_leaves=31
num_cat=0
split_feature=2 12 1 14 3 2 2 6 2 11 2 6 5 5 3 2 2 10 3 5 6 10 9 11 10 9 2 3 5 5
split_gain=46.9592 36.0715 82.8359 35.016 60.7141 87.3876 53.5145 42.1915 36.7005 34.4342 32.9941 31.0525 95.0141 58.9813 55.357 39.5594 38.5605 30.588 28.9315 32.3799 37.9044 27.2632 36.1792 24.2736 36.8376 34.4464 23.3634 22.2886 15.97 8.68535
threshold=0.050641026347875602 1.0000000180025095e-35 1.0000000180025095e-35 0.36905318498611456 0.6789083480834962 0.25586470961570745 0.47395551204681402 0.20483683049678805 0.70396453142166149 0.43167701363563543 0.087434306740760817 0.65261757373809826 7.5000000000000009 6.5000000000000009 0.77807807922363292 0.12599206715822223 0.097167581319808974 0.72773894667625438 0.87585616111755382 11.500000000000002 0.80810147523880016 0.66811594367027294 0.48155707120895391 0.32795698940753942 0.74099972844123851 0.50108224153518688 0.35111427307128912 0.82168036699295055 7.5000000000000009 1.5000000000000002
decision_type=2 2 2 2 2 2 2 2 2 2 2 2 2 2 2 2 2 2 2 2 2 2 2 2 2 2 2 2 2 2
left_child=29 3 11 7 5 9 27 10 -8 -5 -2 12 26 14 -13 -15 -14 -7 19 20 -4 22 -20 25 -25 -9 -3 -6 -23 -1
right_child=1 2 18 4 6 17 8 23 -10 -11 -12 13 16 15 -16 -17 -18 -19 21 -21 -22 28 -24 24 -26 -27 -28 -29 -30 -31
leaf_value=0.021502056426188736 2.6557653133184926 0.20384633083734294 0.075067524112976403 -0.043941426840954437 0.072633275213951978 -0.095472171175842391 0.017107957562270491 0.032267412094113768 -0.0017850196837710761 0.0098667522986869132 -0.10056802312790106 -0.0034131517767231005 -0.061678668956730034 0.0069765651318623445 0.032622128926442708 -0.04928099412206928 0.016963578065962787 -0.039960943555810986 0.080675993403443225 -0.24576535064238814 -0.18818472948018328 0.088597932749334224 -0.10142201816437704 0.29341300201359705 0.050483204336206747 -0.054222684639660082 0.075850996110718327 -0.089987134748463551 0.035701422820786206 -0.11269372783372099
leaf_weight=5.4312204178422681 0.10873667409941745 30.578214507520897 22.431658633402552 147.5775567384735 9.3284361919395433 126.85318050832575 1168.4635806698716 169.12972112396164 8564.3612016411789 612.68308414588682 0.072307095600990579 1589.6312368802028 66.718798005749704 189.12078177495277 582.51850051269867 368.62590302966419 951.98602999048308 456.39733833784703 21.803954105591401 5.8924787581781848 7.2330994531512252 211.67285926477052 21.838513016235083 6.5824413018999612 120.71987647050992 63.275669966635178 26.724737879732857 87.3300683691632 78.147203748114407 43.061082211032044
leaf_count=98 23 991 330 15366 1843 484491 234898 54375 679245 3420 51 64281 5417 7669 13651 22422 44888 22280 668 87 159 15675 170 152 644 5369 496 142964 1981 5514
internal_value=0.00059137 0.000894698 0.00885939 -0.00198853 -0.00297746 -0.0229165 -0.000252155 0.0287133 0.000483156 -0.000578191 1.55491 0.00447327 0.0188608 -0.00119766 0.00625065 -0.0302052 0.011813 -0.0520343 0.0540959 -0.0316514 0.0108792 0.0632392 -0.0104451 0.0279452 0.0630444 0.00871925 0.144152 -0.0742928 0.0743349 -0.0976636
internal_weight=15756.3 15707.8 4174.92 11532.9 11173 1343.51 9829.48 359.889 9732.82 760.261 0.181044 3805.9 1076.01 2729.9 2172.15 557.747 1018.7 583.251 369.02 35.5572 29.6648 333.463 43.6425 359.708 127.302 232.405 57.303 96.6585 289.82 48.4923
internal_count=1829618 1824006 178885 1645121 1584507 525557 1058950 60614 914143 18786 74 159815 51792 108023 77932 30091 50305 506771 19070 576 489 18494 838 60540 796 59744 1487 144807 17656 5612
is_linear=0
shrinkage=0.1


Tree=60
num_leaves=31
num_cat=0
split_feature=12 7 3 2 7 3 2 10 7 7 10 14 9 12 10 5 1 4 6 1 1 3 7 3 7 3 2 6 4 9
split_gain=41.4973 81.0122 34.98 102.626 116.947 78.1613 56.6541 56.0466 50.0562 52.5355 51.4127 43.1161 33.3741 30.5989 226.527 34.0001 256.108 217.86 31.8652 243.723 81.8766 30.8177 22.166 91.5867 43.1125 46.3517 34.9298 24.1718 23.9036 22.6228
threshold=1.0000000180025095e-35 0.86607143282890331 0.78765246272087108 0.64326766133308422 0.10263158008456232 0.55419176816940319 0.22318007797002795 0.81023570895195018 0.051315790042281158 0.18465909361839297 0.99773755669593822 0.50661227107048046 0.41277122497558599 -1.0000000180025095e-35 0.48940658569335943 1.0000000180025095e-35 1.0000000180025095e-35 0.99425286054611217 0.90990260243415844 1.0000000180025095e-35 1.0000000180025095e-35 0.71930795907974254 1.0000000180025095e-35 0.54303351044654857 0.21825397014617923 0.29061582684516912 0.23606811463832858 0.36882591247558599 0.083920188248157515 0.94602686166763317
decision_type=2 2 2 2 2 2 2 2 2 2 2 2 2 2 2 2 2 2 2 2 2 2 2 2 2 2 2 2 2 2
left_child=13 2 3 5 -5 6 -2 -6 12 -10 -11 -7 -4 22 -15 16 21 -18 20 -20 -17 -16 23 26 25 -24 28 -28 -1 -26
right_child=1 -3 8 4 7 11 -8 -9 9 10 -12 -13 -14 14 15 18 17 -19 19 -21 -22 -23 24 -25 29 -27 27 -29 -30 -31
leaf_value=-0.032398256530557494 0.011776576082729048 0.087262238662875274 0.72885843208648926 0.10365663750823675 -0.0013868482429137958 0.46332954772950397 -0.021701052270861932 -0.12317128091040366 -0.088943630383245209 0.0090772015945940338 0.060884006928388947 0.049303422575831403 0.092822596769206789 -0.094573383623904189 0.016515573354758079 -0.013354113305397333 -0.15308721754624699 0.010389095449358047 -0.0024193442062525631 -0.15106857370678134 0.017424523900804321 0.082797813226311204 0.53483353265804279 0.12424702375812142 0.0030841621128190602 -0.073184364903175911 0.12581004085966449 -0.062192921715243155 0.032365406878477984 -0.051502696602916398
leaf_weight=70.713645648370402 1419.0769706054707 129.86879724124447 0.83424777627806079 35.933946640929207 50.618451793096028 2.5351916470099232 785.20462496169785 149.09655152820051 46.090872577653499 914.88377530759317 242.28583590197377 319.99271677495562 74.303985199745512 282.78635926740935 88.558798297512112 2308.5155585146294 123.64342135103652 239.28754603274865 821.52219846217486 127.40471546977642 1381.5279469828092 337.38909643777879 1.2705337742227119 75.771333137335205 5066.7131805112876 95.274029661770328 7.4057440081669474 89.33226737062796 293.66080262913601 77.077398285269737
leaf_count=2931 40617 11753 31 436 2649 1796 87817 980 4654 14748 9030 6237 1538 1154717 5496 136775 3765 12289 23133 2019 23364 2782 7 6393 151135 95638 738 18776 6382 1026
internal_value=0.000976885 0.00952061 0.00702208 0.000692733 -0.0624226 0.00657884 -0.000148755 -0.0923046 0.020699 0.0157542 0.0199244 0.0525578 0.0998844 -0.00212496 -0.00731595 -0.00276991 0.0164226 -0.0453041 -0.00603369 -0.0223773 -0.00183079 0.0690171 0.00300621 0.0223581 0.00102357 -0.0651828 0.00561541 -0.0478004 0.0197968 0.0022662
internal_weight=15658.6 4170.73 4040.86 2762.46 235.649 2526.81 2204.28 199.715 1278.4 1203.26 1157.17 322.528 75.1382 11487.9 5710.64 5427.85 788.879 362.931 4638.97 948.927 3690.04 425.948 5777.22 536.884 5240.34 96.5446 461.112 96.738 364.374 5143.79
internal_count=1829652 182286 170533 140532 4065 136467 128434 3629 30001 28432 23778 8033 1569 1647366 1364340 209623 24332 16054 185291 25152 160139 8278 283026 35220 247806 95645 28827 19514 9313 152161
is_linear=0
shrinkage=0.1


Tree=61
num_leaves=31
num_cat=0
split_feature=2 10 1 0 6 12 7 7 10 9 1 9 11 6 7 7 4 11 9 11 7 2 6 9 2 2 9 2 9 2
split_gain=38.1756 51.8532 54.1614 105.05 120.903 53.4049 41.5688 49.5799 50.5439 56.6604 46.7497 40.9567 130.586 39.4161 39.7967 32.5246 29.8074 29.4475 25.9607 22.7152 20.7831 20.7055 23.4323 21.9499 20.451 29.6857 36.587 25.2806 19.9976 19.0471
threshold=0.93405798077583324 0.66811594367027294 1.0000000180025095e-35 1.0000000180025095e-35 0.92940199375152599 -1.0000000180025095e-35 0.89444443583488475 0.81666666269302379 0.75373467803001415 0.718378245830536 1.0000000180025095e-35 0.26697389781475073 0.057983193546533592 0.97014260292053234 0.58571431040763866 0.68333333730697643 0.95861870050430309 0.11651583760976793 0.98122024536132824 0.2788888961076737 0.61250001192092907 0.96684980392456066 0.93813776969909679 0.87194395065307628 0.77015754580497753 0.77629500627517711 0.40631225705146795 0.70801281929016124 0.75075757503509533 0.70064935088157665
decision_type=2 2 2 2 2 2 2 2 2 2 2 2 2 2 2 2 2 2 2 2 2 2 2 2 2 2 2 2 2 2
left_child=6 5 21 4 16 13 7 8 11 17 -8 -1 -13 15 -15 20 -4 -10 -11 28 -2 -3 23 -23 27 26 -26 29 -7 -12
right_child=1 2 3 -5 -6 19 10 -9 9 18 24 12 -14 14 -16 -17 -18 -19 -20 -21 -22 22 -24 -25 25 -27 -28 -29 -30 -31
leaf_value=-0.0030049196478962288 0.076179668198862349 0.084164440838936927 0.083608763583874784 0.062101879900043247 -0.18527063056487836 -0.061207179665072824 0.10337132043349057 -0.056029546517428967 0.11014022937479151 -0.0043471213739048539 0.025656290183850978 -0.095986709711268159 -0.011505807102411518 -0.050860672316992317 0.0084149393802848433 0.015343515906531525 -0.019807895728337195 0.01571802073145679 0.013136560702387536 0.078458052587260352 0.20327300018597821 -0.96281622744253603 0.022340762727110407 -0.056647897905078029 0.12128921965818401 0.034538756824467963 0.78841568720307231 -0.054199064626419005 0.65951542492527571 0.29299790961134653
leaf_weight=2273.7073926751209 56.681781746068737 216.37353367358446 35.167625841684639 219.21266147866845 43.480872802436352 160.7107465720037 76.662154440709855 168.13774997947621 33.575565967475995 5642.2749492560979 40.10809476414579 217.37027585171563 1156.1755525391809 122.01430114096729 1579.5341952164599 90.145375969092129 134.31707036821172 2030.2569378967164 999.76435141102411 12.893853554036466 16.6449810154445 0.46918073389679082 47.221151088830084 0.62126804515719414 2.8720831667305893 88.797528494847938 1.1517335500684565 69.354295507364441 0.38590764999389549 2.8546720563899717
leaf_count=82788 1187 3972 416 12714 216 165646 1846 3355 333 48651 4420 1008156 421064 1285 25884 1327 944 21949 11077 83 116 22 1056 26 126 6429 94 4439 1 285
internal_value=0.00105324 0.0117756 0.0353248 0.0135073 -0.0365127 0.00372733 -0.00123802 -0.00209283 -0.0013587 0.00278151 0.0367441 -0.0112413 -0.0248753 0.00867045 0.00416442 0.0555729 0.00165079 0.0172541 -0.00171547 -0.0492585 0.10503 0.0709484 0.0117576 -0.446539 0.0118449 0.0465772 0.31224 -0.0168585 -0.0594807 0.0434199
internal_weight=15538.9 2735.87 696.863 432.178 212.966 2039.01 12803.1 12521.3 12353.1 8705.87 281.801 3647.25 1373.55 1865.02 1701.55 163.472 169.485 2063.83 6642.04 173.991 73.3268 264.685 48.3116 1.09045 205.138 92.8213 4.02382 112.317 161.097 42.9628
internal_count=1829907 214895 19366 14290 1576 195529 1615012 1597373 1594018 82010 17639 1512008 1429220 29799 27169 2630 1360 22282 59728 165730 1303 5076 1104 48 15793 6649 220 9144 165647 4705
is_linear=0
shrinkage=0.1


Tree=62
num_leaves=31
num_cat=0
split_feature=6 5 5 6 6 7 1 5 1 7 10 1 12 12 4 6 6 7 5 14 7 4 4 4 14 10 2 5 6 14
split_gain=29.5885 65.9681 29.6181 52.7787 45.1945 30.4342 29.5343 26.9419 157.647 178.387 157.874 80.1587 113.559 104.807 90.29 93.6359 76.5707 70.7122 66.679 53.3259 49.2625 36.2929 25.1812 24.023 28.9511 24.8401 23.0675 19.8578 19.2988 21.9571
threshold=0.42163743078708654 18.500000000000004 20.500000000000004 0.24357284605503085 0.36032786965370184 0.087121214717626586 1.0000000180025095e-35 5.5000000000000009 1.0000000180025095e-35 0.73214286565780651 0.78065484762191784 1.0000000180025095e-35 1.0000000180025095e-35 -1.0000000180025095e-35 0.99425286054611217 0.80673459172248851 0.65261757373809826 0.89444443583488475 7.5000000000000009 0.47456176578998571 0.47727273404598242 0.90070420503616344 0.24588394165039065 0.21778655797243121 0.65961989760398876 0.72773894667625438 0.64326766133308422 30.500000000000004 0.27055180072784429 0.48732051253318792
decision_type=2 2 2 2 2 2 2 2 2 2 2 2 2 2 2 2 2 2 2 2 2 2 2 2 2 2 2 2 2 2
left_child=2 7 3 22 27 23 -7 11 9 16 18 14 13 -13 15 -2 -9 -11 -10 -16 -12 -14 -1 24 -5 -25 -3 28 29 -4
right_child=1 26 4 5 -6 6 -8 8 10 17 20 12 21 -15 19 -17 -18 -19 -20 -21 -22 -23 -24 25 -26 -27 -28 -29 -30 -31
leaf_value=-0.16334831671632066 0.051920500741743959 -0.10095289064219781 -0.068043815259722307 0.050704386997895645 -0.09395062315719227 -0.044062182196562501 0.084208123690661885 0.010469127564988563 0.22674842961729846 -0.080305403906051537 -0.10419761280510974 0.0006351093360669242 -0.11616721108554723 -0.031466598769989078 -0.11809551027642323 0.0038578859694689618 -0.023195836558626677 0.094302085325240217 -0.013438415295979188 0.074554638860959074 0.075162429651377038 0.071754396809292825 0.033388696325007731 0.24989908159490015 -0.11182575535204192 0.083535024538523531 0.0011675596701870153 -0.063855188725797291 -0.00695766800257068 0.078020842227200002
leaf_weight=17.913393884638939 441.66957379922678 87.894868208844855 11.801961232575193 102.05683511614916 46.369949671100585 55.36710718809627 26.562008721935854 1267.4792087829046 11.800896973436464 485.19587887672242 15.836093300953506 2993.6938354754238 10.797883779101538 1540.3173163007086 15.146415963768957 4928.9394297276303 1446.8813421506493 24.358002727036364 562.0295304992178 279.61126587355102 463.72566143795848 213.06056296231691 10.216219747962894 9.6173605050698807 12.278202505782245 134.37286233413033 29.558053070970345 27.332231700434932 83.864010184436665 80.420029331611659
leaf_count=503 61524 41037 2635 3620 15827 18511 4252 258207 655 3750 120 72113 241 433763 76 476294 297953 305 79894 7067 3256 16065 2503 6621 55 1449 811 4696 12469 3186
internal_value=0.00028693 -0.000607305 0.0217223 0.0397467 -0.00485972 0.0506299 -0.00247603 -1.09055e-05 -0.00669378 -0.0176677 0.0268919 0.0027315 -0.00683784 -0.0102706 0.010768 0.00781047 -0.00747588 -0.0719587 -0.00849894 0.0646551 0.0692396 0.0626899 -0.0918966 0.0674728 0.0332506 0.0946468 -0.0752534 0.0154489 0.0277585 0.0593285
internal_weight=15436.2 14818 618.172 368.384 249.788 340.254 81.9291 14700.5 4277.31 3223.91 1053.39 10423.2 4757.87 4534.01 5665.37 5370.61 2714.36 509.554 573.83 294.758 479.562 223.858 28.1296 258.325 114.335 143.99 117.453 203.418 176.086 92.222
internal_count=1829458 1753131 76327 37514 38813 34508 22763 1711283 644140 560215 83925 1067143 522182 505876 544961 537818 556160 4055 80549 7143 3376 16306 3006 11745 3675 8070 41848 22986 18290 5821
is_linear=0
shrinkage=0.1


Tree=63
num_leaves=31
num_cat=0
split_feature=2 3 2 7 6 7 7 3 6 3 2 6 6 9 6 3 4 6 8 11 4 4 6 11 6 4 11 6 6 6
split_gain=25.5607 28.3227 104.943 305.921 158.351 144.405 109.338 255.14 68.6748 51.866 48.8134 64.1632 75.8806 73.1051 47.4376 43.2583 45.3621 43.0132 42.2317 30.7289 22.3388 15.9066 15.898 15.6143 14.5139 15.4679 14.4317 13.1183 9.5044 43.5165
threshold=0.050641026347875602 0.18047619611024859 0.45035210251808172 0.051315790042281158 0.48181217908859258 0.18465909361839297 0.13809524476528171 0.35401520133018499 0.5604878067970277 0.42783451080322271 0.10212950780987741 0.65261757373809826 0.87138131260871898 0.41797162592411047 0.32392686605453497 0.54261502623558056 0.49295215308666235 0.66954022645950328 1.0000000180025095e-35 0.12060606107115747 0.20169491320848468 0.11374663189053537 0.30839161574840551 0.57518798112869274 0.6195238232612611 0.10063291341066362 0.43874999880790716 0.54316771030426036 0.78192934393882763 0.78647416830062877
decision_type=2 2 2 2 2 2 2 2 2 2 2 2 2 2 2 2 2 2 2 2 2 2 2 2 2 2 2 2 2 2
left_child=28 8 4 15 9 14 17 -8 21 23 24 13 -13 -12 -5 16 -4 -6 -7 -17 -11 -2 -23 -3 25 -10 -26 -24 -1 -30
right_child=1 2 3 5 6 18 7 -9 10 20 11 12 -14 -15 -16 19 -18 -19 -20 -21 -22 22 27 -25 26 -27 -28 -29 29 -31
leaf_value=-0.10346526483828807 -0.1092902963646683 0.0089113859739612025 -0.033353826226556207 1.5107031601805572 -0.032735856635547005 4.2125558017098716e-05 0.49598157306235446 -0.0066753017744541942 -0.074211601593857965 -0.1292314163586282 0.72473093777618403 -0.019777737279392707 0.060481210229696561 0.12555260121981013 -0.088436497361090993 -0.0074013325097164661 0.16536738140542107 -0.079402490279670015 0.045517413185981709 0.10235002355057982 -0.018554875492775333 0.6642100778515716 -0.081176774658590495 0.046880704879033133 -0.0063366613931126903 0.20509036991296259 0.015626433062478202 0.19058514161065165 0.78039999170733365 -0.044202441684508376
leaf_weight=32.139192013512002 55.184957581561321 175.65588250794008 54.111613090825813 0.18568343842343793 308.96299949656532 10980.967065647514 10.994414977591076 123.85278338733769 33.458183543843916 20.664177974580525 2.1334592738858182 188.14419716500561 315.06729903380619 44.699369944923092 190.4732073574778 27.40184090351886 14.582586827527846 547.52265975616319 208.0847854623571 369.69183825472282 155.25127175293437 0.38695570174604554 5.4116659392020647 282.48191490257159 488.41286865076108 2.107728178089018 772.17708082310855 2.6440873526735231 0.67157834021781937 13.600627587598863
leaf_count=5152 5937 26098 9513 112 77814 991016 551 113701 2955 653 321 6049 3628 936 292387 39258 1210 146327 9648 4351 58452 8 434 1561 28007 69 3327 76 44 407
internal_value=0.00079133 0.00101493 -0.000600836 0.00266866 -0.0244283 -0.000582634 -0.0493906 0.0343075 0.0124116 0.0146 0.015932 0.0408929 0.0304734 0.152848 -0.0868791 0.0821013 0.00883124 -0.0625683 0.000887838 0.0947765 -0.0315557 -0.0897336 0.038097 0.0323228 0.00533945 -0.0576594 0.00711688 0.00802187 -0.073309 -0.00540079
internal_weight=15427.1 15380.7 13470.9 11845.5 1625.39 11379.7 991.333 134.847 1909.83 634.053 1846.2 550.044 503.211 46.8328 190.659 465.788 68.6942 856.486 11189.1 397.094 175.915 63.6277 8.44271 458.138 1296.16 35.5659 1260.59 8.05575 46.4114 14.2722
internal_count=1830002 1824399 1772652 1347495 425157 1293163 338393 114252 51747 86764 45292 10934 9677 1257 292499 54332 10723 224141 1000664 43609 59105 6455 518 27659 34358 3024 31334 510 5603 451
is_linear=0
shrinkage=0.1


Tree=64
num_leaves=31
num_cat=0
split_feature=4 3 3 2 7 7 10 10 2 11 9 5 10 5 5 11 7 3 5 3 2 10 11 11 5 4 2 5 14 11
split_gain=28.8574 44.1987 36.7929 95.0988 250.565 110.349 73.8962 56.6153 44.9613 50.6285 158.653 701.735 94.8716 46.4076 55.9165 43.0216 37.7322 166.331 60.9465 33.3522 59.081 22.3121 57.4835 31.8464 20.59 22.5031 21.3392 20.2027 19.5052 18.1427
threshold=0.078689370304346098 0.078091472387313857 0.18047619611024859 0.4712491780519486 0.054093567654490478 0.18465909361839297 0.81023570895195018 0.99773755669593822 0.097167581319808974 0.080540537834167494 0.29860436916351324 1.5000000000000002 0.50096523761749279 11.500000000000002 15.500000000000002 0.097167581319808974 0.13809524476528171 0.39158967137336737 5.5000000000000009 0.10029411688447 0.076436221599578871 0.66811594367027294 0.35857143998146063 0.35857143998146063 18.500000000000004 0.28743545711040502 0.069265365600585951 3.5000000000000004 0.58962914347648632 0.41421568393707281
decision_type=2 2 2 2 2 2 2 2 2 2 2 2 2 2 2 2 2 2 2 2 2 2 2 2 2 2 2 2 2 2
left_child=1 29 8 6 15 -6 24 -7 19 10 11 -10 -12 27 -15 -5 18 -18 -8 21 -21 22 -2 -23 26 -26 -4 -11 -3 -1
right_child=2 28 3 4 5 7 16 -9 9 13 12 -13 -14 14 -16 -17 17 -19 -20 20 -22 23 -24 -25 25 -27 -28 -29 -30 -31
leaf_value=-0.046009561845816276 0.072393388543737072 -0.10186395331783493 0.65872548758425897 -0.0768502709858771 -0.082164936016432766 -0.00050805521713986142 -0.053701673208491188 0.032702566806339518 15.117663632498065 0.035753500742687766 -0.10019674315836309 -0.1008006242102365 1.3220141232213731 0.14732347462832887 -0.053557143787589072 0.085416491128515667 0.32982407457988205 -0.0027964509695514151 -0.004214315931205222 0.93775523742974498 -0.082439239701666708 -0.037313591612974206 2.1554929998500159 0.012384739704793242 0.04710523549388787 -0.084702883434316686 -0.080509774676492216 0.00085339404384732187 0.12803541538012533 0.013877546184258713
leaf_weight=76.606373672511836 37.601237820845199 80.465294583314972 0.39110175392306601 17.034127162456571 161.48418886430591 10635.932053480108 353.58783390116878 539.33940775645897 0.039427416602847543 449.66851369026699 1.8208925425424243 0.13087116765382234 0.6317752449249382 62.752584895322798 17.783807510393672 400.42997741785803 16.891864163801074 136.69544484792277 840.24762853817083 0.57312892541813099 59.398290005061426 167.87490051658824 0.13294010632671316 555.88705372624099 29.598757640940676 23.031374375262203 250.98025725727985 262.80344792202231 3.8677962832152835 148.93485026992857
leaf_count=7638 12697 11015 10 38945 245313 963865 7761 17541 25 4917 3184 93 257 1423 941 10382 131 1762 14025 18 3787 2127 14 2497 11798 53371 407536 6200 10 678
internal_value=0.000649261 -0.0295574 0.00127233 -0.000446491 0.00271052 -9.1225e-05 -0.0229169 0.00109475 0.0155213 0.0324643 0.47108 3.42257 0.266146 0.0310135 0.102966 0.0787954 -0.0128692 0.0337859 -0.0188714 -0.00088885 -0.0726895 0.00476579 0.0797323 0.000857327 -0.0674513 -0.0105751 -0.0793596 0.0228802 -0.09132 -0.00646345
internal_weight=15332.6 309.874 15022.7 13405.6 11754.2 11336.8 1651.42 11175.3 1617.1 795.631 2.62297 0.170299 2.45267 793.008 80.5364 417.464 1347.42 153.587 1193.84 821.468 59.9714 761.496 37.7342 723.762 304.001 52.6301 251.371 712.472 84.3331 225.541
internal_count=1829961 19341 1810620 1772440 1276046 1226719 496394 981406 38180 17040 3559 118 3441 13481 2364 49327 23679 1893 21786 21140 3805 17335 12711 4624 472715 65169 407546 11117 11025 8316
is_linear=0
shrinkage=0.1


Tree=65
num_leaves=31
num_cat=0
split_feature=3 4 12 5 6 1 11 4 2 7 7 6 5 3 7 3 3 9 14 5 6 12 3 11 4 7 6 5 12 9
split_gain=31.3391 61.0891 51.275 47.739 40.4632 128.902 38.5961 74.4191 33.6925 223.414 173.221 130.565 127.433 88.6273 68.3773 190.119 184.407 29.9303 34.4528 36.5642 28.4317 28.1424 54.8545 27.0202 25.6732 23.3173 36.2073 218.78 31.5557 22.2648
threshold=0.89323708415031444 0.91024166345596325 1.0000000180025095e-35 7.5000000000000009 0.84409722685813915 1.0000000180025095e-35 0.13100686669349673 0.680425524711609 0.71209660172462474 0.47727273404598242 0.10263158008456232 0.79008570313453685 9.5000000000000018 0.80967995524406444 0.051315790042281158 0.37191607058048254 0.54261502623558056 0.98122024536132824 0.93700549006462108 8.5000000000000018 0.65419578552246105 1.0000000180025095e-35 0.88912528753280651 0.71714287996292125 0.68614074587821972 0.30384616553783422 0.53410854935646068 7.5000000000000009 1.0000000180025095e-35 0.3175536990165711
decision_type=2 2 2 2 2 2 2 2 2 2 2 2 2 2 2 2 2 2 2 2 2 2 2 2 2 2 2 2 2 2
left_child=6 4 17 -4 -2 -6 7 25 9 14 -10 12 -12 -13 16 -16 -8 18 23 -20 -11 -9 24 -3 -23 29 27 -27 -28 -1
right_child=1 2 3 -5 5 -7 8 21 10 20 11 13 -14 -15 15 -17 -18 -19 19 -21 -22 22 -24 -25 -26 26 28 -29 -30 -31
leaf_value=-0.15535612089853845 0.12715369687523259 0.00028792396957719792 0.054508945927612851 -0.0018421424938778676 0.06854053515941054 -0.14291758719272618 -0.0051677865734058243 -0.012380068044573152 0.091551018634197998 -0.017998871542743506 0.058852541222395187 -0.085549916770984599 -0.061444729213088717 -0.023881456206351487 0.27944275970015875 -0.036438182708000581 0.09097505278154272 0.058157413070506474 -0.01745876378466563 -0.11350542174180103 0.066039615129331861 1.1299118010937053 2.1538507975476486 0.035569082617146051 0.094299271681299854 8.6925536656353746 -0.028055529756239102 -0.10005414310469554 0.52974325343713513 -0.070564946065446346
leaf_weight=41.144089825524134 56.597190492379013 6016.8527349916549 352.48082597902976 262.14755842508748 163.74735541964765 34.987203220138326 3205.4960128829334 618.49053516957792 143.21300698016421 43.457066960749216 305.92445329463226 315.19217059548828 123.65057659236481 894.18693106714636 19.462282382155536 907.48888711974723 212.74061024601542 88.30721967946738 445.28483884455636 43.509084265679121 546.78711287479382 0.24378676620835626 0.13300339272245842 225.19625971047208 13.239390309317967 0.03411937459895753 8.2872893827225163 0.16589428112638416 1.1556232571456355 125.21413551308433
leaf_count=130307 2458 516351 23869 3933 8487 8689 131911 283278 2169 315 2453 2987 1309 6378 386 47602 2316 1261 3248 289 3010 250 9 1649 2470 102 26439 766 587 614174
internal_value=-2.71202e-05 0.00446287 0.00281095 0.0304744 0.0525575 0.0313133 -0.0046146 -0.0252622 -0.00213075 0.00212495 -0.0139163 -0.0231321 0.0242257 -0.0399537 -0.00571664 -0.0298059 0.00081585 0.000317562 -0.000441285 -0.0260082 0.0598522 -0.00924933 0.132959 0.00156077 0.113024 -0.0827725 0.0684093 1.39983 0.0402079 -0.0915357
internal_weight=15214.8 7689.11 7433.78 614.628 255.332 198.735 7525.71 808.108 6717.6 4935.43 1782.17 1638.95 429.575 1209.38 4345.19 926.951 3418.24 6819.15 6730.84 488.794 590.244 632.107 13.6162 6242.05 13.4832 176.001 9.64293 0.200014 9.44291 166.358
internal_count=1829452 570234 550600 27802 19634 17176 1259218 1058382 200836 185540 15296 13127 3762 9365 182215 47988 134227 522798 521537 3537 3325 286007 2729 518000 2720 772375 27894 868 27026 744481
is_linear=0
shrinkage=0.1


Tree=66
num_leaves=31
num_cat=0
split_feature=10 9 10 3 9 5 9 5 1 4 3 10 9 1 5 7 5 7 2 3 11 5 2 11 2 4 10 3 7 12
split_gain=31.1237 199.371 116.089 100.481 1917.97 8883.77 64.6292 57.6854 107.962 305.363 65.1288 48.2002 47.8874 41.9943 418.734 98.0597 136.957 70.3945 39.2877 37.2621 36.1705 33.5597 33.096 26.1237 21.738 22.7044 21.3677 18.7306 14.6077 14.5472
threshold=0.58753529191017162 1.0000000180025095e-35 0.45748157799243933 0.18047619611024859 0.29860436916351324 1.5000000000000002 0.44074714183807379 1.0000000180025095e-35 1.0000000180025095e-35 0.95713412761688244 0.8291795849800111 0.79461127519607555 0.51521766185760509 1.0000000180025095e-35 3.5000000000000004 0.68333333730697643 5.5000000000000009 0.47727273404598242 0.60107529163360607 0.90325224399566661 0.092329546809196486 1.5000000000000002 0.80217391252517711 0.18019481003284457 0.92031747102737438 0.078689370304346098 0.56263527274131786 0.94494947791099559 0.240384615957737 1.0000000180025095e-35
decision_type=2 2 2 2 2 2 2 2 2 2 2 2 2 2 2 2 2 2 2 2 2 2 2 2 2 2 2 2 2 2
left_child=1 -1 3 4 5 -3 18 8 10 -10 -2 20 24 15 21 19 -17 -16 -4 -14 -11 -15 -20 -8 25 -9 -25 -26 -12 -5
right_child=7 2 6 29 -6 -7 23 12 9 11 28 -13 13 14 17 16 -18 -19 22 -21 -22 -23 -24 26 27 -27 -28 -29 -30 -31
leaf_value=0.00061247014227581791 0.017437462234166413 -47.542335899816706 -0.042700410525019064 -0.10363882464518151 -0.10006346504129662 -0.10006519981737592 -0.077482295167415394 -0.044207265110048667 -0.15454301690968969 0.18356935848867842 -0.058843857308894298 0.073378881823073019 -0.0036455577475725202 -0.15935997666516807 -0.11965852994168591 0.041853878124581495 -0.070914427502294694 0.034496585424756102 0.1979200511458461 0.03126753634927712 -0.013348978917328946 -0.080950358292023225 0.046192577715356106 0.060822911052595623 -0.15872856693635914 0.034221895581105416 -0.06398056846590415 -0.0054703791156033871 0.078351388855626702 -0.027421959039039968
leaf_weight=4187.5929069481535 395.01780809627962 0.048438577504838487 30.769436273692008 273.68536360801909 4.984592957473069 0.21317231747525511 118.43466540824738 39.242435630003456 117.28099758486496 9.8706430862657708 7.9266977151855817 156.72115007252432 5837.8349760195852 99.950770634633955 30.24493694253033 141.01825296552852 455.80942539265379 1439.5915298287291 20.969515402379329 322.58857418689877 169.63224613084458 120.26658457238227 45.72350084494974 31.005913407709158 10.726805070182307 621.24334529885527 24.604588511145266 31.079816472483799 370.70922995684668 27.564741722926556
leaf_count=53334 6110 76 58373 1249924 11756 464 163124 2167 960 111 105 13602 125356 674 585 1583 2686 12777 12195 4103 1850 888 17528 15868 103 23250 10153 219 6233 33554
internal_value=-0.0002966 -0.00698652 -0.0620406 -0.104221 -0.538101 -8.88424 -0.0144247 0.00277579 0.0231346 -0.015606 0.0458438 0.0328577 4.52358e-05 -0.00204074 0.0120577 -0.0055669 -0.0442696 0.0313245 0.0507735 -0.00181734 -0.00252068 -0.116538 0.0938985 -0.0509347 0.0251358 0.0295621 0.00560424 -0.0447936 0.0754792 -0.0966649
internal_weight=15142.4 4765.6 578.004 306.496 5.2462 0.261611 271.508 10376.8 1227.16 453.505 773.654 336.224 9149.6 8447.31 1690.05 6757.25 596.828 1469.84 97.4625 6160.42 179.503 220.217 66.693 174.045 702.292 660.486 55.6105 41.8066 378.636 301.25
internal_count=1829711 1626349 1573015 1295774 12296 540 277241 203362 28971 16523 12448 15563 174391 148652 14924 133728 4269 13362 88096 129459 1961 1562 29723 189145 25739 25417 26021 322 6338 1283478
is_linear=0
shrinkage=0.1


Tree=67
num_leaves=31
num_cat=0
split_feature=2 11 2 2 7 7 6 3 7 3 3 5 6 2 6 6 6 11 9 6 14 4 4 5 5 4 2 7 12 11
split_gain=26.4352 39.6113 27.3546 65.5881 215.682 94.7544 84.2574 52.597 50.3401 94.1636 42.8842 42.6799 42.1738 40.6532 57.1591 36.428 68.2395 42.1978 1266.28 34.1437 33.6779 31.659 26.3645 22.4782 42.3167 24.134 22.2134 18.7505 19.1221 20.9721
threshold=0.93405798077583324 0.2788888961076737 0.17712418735027316 0.45035210251808172 0.051315790042281158 0.15587044507265094 0.48181217908859258 0.49949495494365698 0.13809524476528171 0.43351449072360998 0.8544662892818452 16.500000000000004 0.66954022645950328 0.10212950780987741 0.6195238232612611 0.86754387617111217 0.74239632487297069 0.092329546809196486 0.30317392945289617 0.29289318621158605 0.7143009901046754 0.75134408473968517 0.93127068877220165 1.0000000180025095e-35 3.5000000000000004 0.93582704663276683 0.12599206715822223 0.38750000298023229 -1.0000000180025095e-35 0.0745370388031006
decision_type=2 2 2 2 2 2 2 2 2 2 2 2 2 2 2 2 2 2 2 2 2 2 2 2 2 2 2 2 2 2
left_child=2 22 13 6 7 -6 10 -5 12 -10 11 -4 -8 14 -1 16 20 18 -17 -9 -15 -7 -2 -3 25 -25 -18 -24 -29 -30
right_child=1 23 3 4 5 21 8 19 9 -11 -12 -13 -14 15 -16 17 26 -19 -20 -21 -22 -23 27 24 -26 -27 -28 28 29 -31
leaf_value=-0.069934251856347038 0.12832609170766368 0.054489968585414543 0.057273102202269367 -0.04616536171769068 -0.10343124923754586 -0.021878047120816962 -0.021866055472199764 1.3294833310271148 0.15220146599817158 -0.035750896351751091 -0.092333288877440703 -0.0065322138491546852 -0.071211539488927347 0.038338352783840762 0.0043020880580029184 21.931540519143528 -0.038418824094954625 0.050369208835107815 0.21157694457873211 0.080124415415938621 -0.27527313908143203 -0.0014710844944279113 -0.073362857250438882 0.10956397553133362 0.058614021865466742 -0.033182928007073786 -0.16008623554109891 0.0064232396022838954 -0.081296389001108915 -0.0086869859130458381
leaf_weight=112.96463053912885 16.563841657480225 256.57485246798024 168.69931670304868 35.72190477423419 95.966270957349479 844.3242848285081 272.00377561138157 0.2188723561612268 35.699111530127993 105.22161922495434 38.537604707955325 276.93014580995805 476.81538103553248 273.35542742303187 1267.0354163566808 0.027233157277804731 97.818966250531957 310.24515074890223 1.8682197626476407 372.56913673786084 3.4676482658833256 7632.1639345419244 32.787581073382171 12.92837437102571 116.69468462700024 141.20242323796265 17.725199775202782 1821.4156792712165 49.548122050939128 201.76038328622235
leaf_count=13237 1308 14857 9243 7409 197437 338892 77198 18 13452 100512 49241 24763 145668 8461 32636 41 3139 2904 981 44889 19 542913 3595 433 1190 1923 576 29123 138059 24092
internal_value=-0.000316626 0.00875285 -0.00224834 -0.00435234 -0.0012395 -0.00462244 -0.0247004 0.0697505 -0.0429684 0.0118626 0.00887021 0.0176222 -0.0532871 0.00820334 -0.00177478 0.0277486 0.00746697 0.0532431 0.523641 0.0808579 0.0344099 -0.00350378 0.00265721 0.0332796 0.0131853 -0.0212094 -0.0570834 0.00166859 0.00285548 -0.0230027
internal_weight=15088.9 2649.48 12439.4 10354.9 8980.96 8572.45 1373.91 408.51 889.74 140.921 484.167 445.629 748.819 2084.51 1380 704.508 392.367 312.141 1.89545 372.788 276.823 8476.49 2122.08 527.4 270.825 154.131 115.544 2105.51 2072.72 251.309
internal_count=1828209 214580 1613629 1551635 1131558 1079242 420077 52316 336830 113964 83247 34006 222866 61994 45873 16121 12195 3926 1022 44907 8480 881805 196177 18403 3546 2356 3715 194869 191274 162151
is_linear=0
shrinkage=0.1


Tree=68
num_leaves=31
num_cat=0
split_feature=2 1 12 12 10 6 10 4 9 10 14 6 9 10 5 3 9 6 2 5 5 1 6 10 14 9 10 9 2 10
split_gain=25.1107 35.7577 37.9592 39.0361 37.0965 40.4626 35.4857 116.462 49.2083 35.4785 151.96 254.154 44.2561 143.843 31.1054 57.0154 30.1022 28.4987 74.4086 55.14 45.4976 126.376 52.8443 27.1505 26.0005 25.0372 49.0066 30.0879 29.3043 25.4842
threshold=0.93405798077583324 1.0000000180025095e-35 1.0000000180025095e-35 -1.0000000180025095e-35 0.57202136516571056 0.96922349929809581 0.61125501990318309 0.70659971237182628 0.56367146968841564 0.43765547871589666 0.2296947315335274 0.86996778845787059 0.26697389781475073 0.46384282410144811 3.5000000000000004 0.96051946282386791 0.41277122497558599 0.65261757373809826 0.097167581319808974 13.500000000000002 8.5000000000000018 1.0000000180025095e-35 0.74388790130615245 0.65012314915657055 0.78097790479660045 0.29647350311279302 0.47426755726337438 0.59529346227645885 0.72046512365341198 0.45748157799243933
decision_type=2 2 2 2 2 2 2 2 2 2 2 2 2 2 2 2 2 2 2 2 2 2 2 2 2 2 2 2 2 2
left_child=6 4 3 -3 5 -2 7 9 -8 10 11 -1 13 -11 15 -5 -14 18 -10 -20 22 -22 -19 24 -4 29 27 -27 -28 -9
right_child=1 2 23 14 -6 -7 8 25 17 12 -12 -13 16 -15 -16 -17 -18 20 19 -21 21 -23 -24 -25 -26 26 28 -29 -30 -31
leaf_value=-0.10004626172416281 0.094486503896569221 0.00652015540327874 -0.0095806125655119312 -0.11418943918187002 0.059804503490969212 -0.0098831624986205867 0.019393189063110858 -0.003499896567414658 -0.075251613960789457 -9.0691920145592242 -0.10507295107095001 -2.3820246518074537 0.039910353655635063 -0.60216248208979017 0.019847588946342212 -0.016993373254681164 -0.072670285634775164 0.025996036349863996 0.030221720027400645 -0.0052799222690611139 -0.041668852366080762 0.10526077663177057 -0.0057428969395690449 0.097418073290511331 -0.44976888550815652 -0.08673600094435098 0.077535437989514025 0.9413859355312294 -0.023903101822749268 0.34973323053136979
leaf_weight=1.2801422424320965 44.09677490631293 1640.2486509029695 11.342126673785968 84.496355710769421 246.02765317447484 235.63606460820301 1185.7897575532988 2363.9961665400624 100.23438229924068 0.022298677952447998 110.71558731978519 0.78879242633063906 33.895974353209539 0.20024381849624717 99.599454060895368 211.21518045033736 79.34889410870619 584.16132688266225 919.77776040614117 834.34963908599457 673.34017947080429 64.112936194520444 5143.3823529773363 64.653299869038165 1.521903822897001 116.0208548861483 38.54195044698281 0.28534460326773015 109.07803853502992 2.044202869074069
leaf_count=3471 2674 28941 196 9399 5249 10913 33264 70189 2945 116 604980 1644 60487 96 7819 139465 203422 8807 15043 18577 11524 476 69383 9769 27 460199 15214 22 34973 351
internal_value=-0.000711594 0.00814379 0.00233729 -0.000278235 0.0314807 0.00656956 -0.00260199 -0.0123761 0.000335044 -0.0812215 -0.12094 -0.970063 -0.0417416 -1.45056 -0.0284865 -0.0447661 -0.0389731 -0.00238139 0.00854697 0.0133354 -0.00551598 -0.028895 -0.00250579 0.0710193 -0.0616579 -0.00645344 -0.0356672 -0.0842136 0.00258138 -0.00319471
internal_weight=15000.2 2638.84 2113.08 2035.56 525.76 279.733 12361.4 2856.22 9505.15 226.252 112.785 2.06893 113.467 0.222542 395.311 295.712 113.245 8319.36 1854.36 1754.13 6465 737.453 5727.54 77.5173 12.864 2629.97 263.926 116.306 147.62 2366.04
internal_count=1829635 214452 195616 185624 18836 13587 1615183 1455164 160019 874216 610095 5115 264121 212 156683 148864 263909 126755 36565 33620 90190 12000 78190 9992 223 580948 510408 460221 50187 70540
is_linear=0
shrinkage=0.1


Tree=69
num_leaves=31
num_cat=0
split_feature=2 11 4 2 10 5 12 5 11 10 11 9 9 5 4 2 4 12 5 2 10 2 5 14 9 4 5 9 9 14
split_gain=23.0201 22.6273 40.2858 23.9928 36.1836 41.6583 36.2466 27.6009 21.28 63.6627 70.1313 52.9158 37.3575 22.7959 17.8829 17.9225 21.6235 19.6655 13.8663 12.4464 8.98512 7.39198 7.12687 5.36983 5.04618 3.64882 2.67104 3.94001 5.80971 1.56853
threshold=0.050641026347875602 0.95346319675445568 0.9859043061733247 0.94804319739341747 0.67821088433265697 3.5000000000000004 -1.0000000180025095e-35 1.0000000180025095e-35 0.26794873178005224 0.94208887219429027 0.23205128312110904 0.44074714183807379 0.82378187775611889 16.500000000000004 0.13079115748405459 0.44337606430053716 0.97467949986457836 -1.0000000180025095e-35 1.5000000000000002 1.0000000180025095e-35 0.79461127519607555 0.10212950780987741 6.5000000000000009 0.5112883746623994 0.87194395065307628 0.99425286054611217 5.5000000000000009 0.62525719404220592 0.69245734810829174 0.55269753932952892
decision_type=2 2 2 2 2 2 2 2 2 2 2 2 2 2 2 2 2 2 2 2 2 2 2 2 2 2 2 2 2 2
left_child=19 3 14 8 5 6 -5 20 9 10 -2 13 -13 -10 21 17 -17 -16 -9 24 -6 23 -11 -3 -1 -7 27 -21 -29 -23
right_child=1 2 -4 4 7 25 -8 18 11 22 -12 12 -14 -15 15 16 -18 -19 -20 26 -22 29 -24 -25 -26 -27 -28 28 -30 -31
leaf_value=0.17143484514346843 -0.0049707608911534924 0.072307462933060868 0.10161569113331281 0.0069887378072773162 0.030199306020241814 0.28349770074549457 -0.045087166953112989 -0.057090614767374315 0.074199737294952522 0.066154926698085773 -0.048534895483737676 0.0077108786914087089 -0.0061024699151949538 0.34815449136705601 0.13645793082816857 0.026008094656912284 -0.47348480663105069 -0.017445147013807821 0.021571573042088676 -0.1463031022959615 0.071133304729824862 0.044534851154959552 0.13574728569312125 0.015585904816432695 -0.049343418838841656 0.15285004984225825 -0.11431874063433259 0.12074191124478875 -0.071649644992405878 0.085795104028111441
leaf_weight=2.6131596563009216 3569.8280260700194 20.80833849683404 53.185632806271315 1681.3841188967635 80.174601088277996 4.6460878305515489 145.20010055099556 33.657998993527144 69.059995671821525 44.965341452974826 412.20309768372681 3634.2783856620372 4244.3833787054755 3.1771112595160949 8.5409475415945035 223.29960733570624 0.87007510080002148 297.44757524877787 67.051815023180097 3.2610104941977607 161.92377474321984 12.631935637444256 21.874117663595825 84.335342280566692 1.714497175067663 3.9595311627344927 24.128363325427927 2.2290574790677056 5.3051944489125162 34.047576110810041
leaf_count=67 1498795 101 6629 26528 867 35 147631 543 869 254 27105 59748 35011 114 51 4825 76 2319 746 323 10771 82 105 490 7 98 5156 36 29 188
internal_value=0.000483719 0.000685021 0.0177909 -0.000201981 0.00945396 0.00388323 0.00284908 0.0392763 -0.00195457 -0.00785576 -0.00948034 0.00105052 0.000269368 0.0862487 0.0112537 0.00258808 0.0240694 -0.0131493 -0.00471794 -0.0759977 0.0575774 0.0415135 0.08893 0.0268113 0.0839686 0.223385 -0.0958204 -0.0544749 -0.0147294 0.0746297
internal_weight=14952.2 14912.9 735.167 14177.8 2178 1835.19 1826.58 342.808 11999.8 4048.87 3982.03 7950.9 7878.66 72.2371 681.981 530.158 224.17 305.989 100.71 39.2513 242.098 151.823 66.8395 105.144 4.32766 8.60562 34.9236 10.7953 7.53425 46.6795
internal_count=1829599 1823981 14761 1809220 187219 174292 174159 12927 1622001 1526259 1525900 95742 94759 983 8132 7271 4901 2370 1289 5618 11638 861 359 591 74 133 5544 388 65 270
is_linear=0
shrinkage=0.1


Tree=70
num_leaves=31
num_cat=0
split_feature=5 1 10 1 3 3 12 2 2 4 4 3 11 12 2 2 5 10 2 5 4 2 3 4 10 11 11 3 2 10
split_gain=28.5531 118.521 102.632 76.4312 108.988 97.02 93.5269 89.6769 78.6505 80.7256 77.2804 75.9183 49.3786 57.0444 44.3135 43.4924 43.288 40.7124 111.445 35.094 40.8778 40.0951 100.182 35.039 34.3808 33.5406 31.4973 31.4583 30.6767 29.483
threshold=4.5000000000000009 1.0000000180025095e-35 0.81023570895195018 1.0000000180025095e-35 0.87841832637786876 0.79827535152435314 1.0000000180025095e-35 0.77629500627517711 0.69804355502128612 0.73401361703872692 0.9859043061733247 0.93127068877220165 0.78019323945045482 -1.0000000180025095e-35 0.8589511811733247 0.7243877947330476 5.5000000000000009 0.65012314915657055 0.65771448612213146 6.5000000000000009 0.95040982961654674 0.75147059559822094 0.94804319739341747 0.61143791675567638 0.50917509198188793 0.061553031206130988 0.43167701363563543 0.87019926309585582 0.70064935088157665 0.72773894667625438
decision_type=2 2 2 2 2 2 2 2 2 2 2 2 2 2 2 2 2 2 2 2 2 2 2 2 2 2 2 2 2 2
left_child=3 11 15 5 28 8 12 -7 9 25 27 14 13 -6 17 -3 -13 18 -2 20 -4 22 -21 29 -12 -1 -18 -9 -5 -10
right_child=1 2 19 4 6 7 -8 10 23 -11 24 16 -14 -15 -16 -17 26 -19 -20 21 -22 -23 -24 -25 -26 -27 -28 -29 -30 -31
leaf_value=-0.090537803315173415 -0.087741200667768637 -0.051902878504471867 0.16283411550071367 0.022924122773430616 0.000109891669170769 0.068326367428660634 0.071914332627173658 -0.0071444101446294503 0.54823296262492505 0.057343666139649078 0.018119370398468931 0.03598917146868387 0.090651060841584641 -0.025688441483086424 -0.093398204122897996 0.0083944432734707544 -0.02212579617207765 -0.0037044391525802955 0.02190314614470644 0.037461975180566938 -0.013456683088525243 0.084063608680087165 -0.37818000383859762 -0.051253274699127577 0.11526278727568168 0.0003635362377300195 -0.074381790901734385 0.021238807383704199 -0.11525207943135439 0.066112243825752953
leaf_weight=41.455062230451176 206.25344105849464 150.8293837750025 14.863211667165158 18.712587761556279 2821.4954979745976 424.41062592969661 158.00842737295898 609.12354711140392 1.5591276280080686 263.77645577489602 54.61159509360732 55.806245653977385 51.670789160300046 1231.0590962239426 60.6013284571236 578.1914688761608 174.19629272236489 3356.2103106496215 168.38071979095301 107.83329851506278 114.31837537093088 324.31506035849452 6.1285168156027785 332.62560377356186 109.44628302461933 1947.6454913886294 341.41820407519117 1087.9367184632865 113.65878757672181 6.8026048485189676
leaf_count=209164 633044 38932 83 5860 61158 9803 15532 36488 1047 11103 1757 723 1497 365817 1638 67277 2165 67653 47291 832 782 2460 37 24084 1952 120018 2153 48916 50291 85
internal_value=-0.000207145 -0.0058047 0.0207424 0.0032087 -0.00635718 0.0118242 -0.00358189 0.0268462 -0.00141216 0.00536234 0.017387 -0.0136935 -0.00648842 -0.00772696 -0.0085724 -0.00408066 -0.0476726 -0.00719455 -0.0384611 0.0526328 0.00682676 0.0661341 0.01511 -0.0461708 0.0829257 -0.00153095 -0.0567275 0.0110513 -0.0957189 0.156008
internal_weight=14933.3 5659.35 1296.48 9274 4394.61 4879.39 4262.23 2285.53 2593.86 2252.88 1861.12 4362.87 4104.23 4052.55 3791.45 729.021 571.421 3730.84 374.634 567.458 129.182 438.277 113.962 340.987 164.058 1989.1 515.614 1697.06 132.371 8.36173
internal_count=1829642 865070 110403 964572 500155 464417 444004 98916 365501 340285 89113 754667 428472 426975 749626 106209 5041 747988 680335 4194 865 3329 869 25216 3709 329182 4318 85404 56151 1132
is_linear=0
shrinkage=0.1


Tree=71
num_leaves=31
num_cat=0
split_feature=4 10 11 11 9 11 7 12 10 14 14 4 9 3 12 3 3 3 11 7 10 11 11 6 14 9 10 9 6 6
split_gain=18.527 17.6975 79.4124 39.7092 42.6989 96.308 36.517 31.3944 25.645 23.6592 34.7575 22.5543 19.4046 18.9201 28.074 18.939 17.8023 15.4942 13.7748 21.2438 9.47257 9.30866 8.43783 10.6447 8.50469 7.02234 5.57858 5.52398 4.69528 9.7899
threshold=0.045983087271451957 0.95055618882179271 0.43167701363563543 0.71714287996292125 0.84067201614379894 0.55902779102325451 0.89444443583488475 -1.0000000180025095e-35 0.78065484762191784 0.68823668360710155 0.70450973510742199 0.82426470518112194 0.90582165122032177 0.12880184501409533 1.0000000180025095e-35 0.51158317923545849 0.3464102596044541 1.0000000180025095e-35 0.74456521868705761 0.15587044507265094 0.94208887219429027 0.35857143998146063 0.81101191043853771 0.69309264421463024 0.48556375503540045 0.66821706295013439 0.96113961935043346 0.46384282410144811 0.73123827576637279 0.74239632487297069
decision_type=2 2 2 2 2 2 2 2 2 2 2 2 2 2 2 2 2 2 2 2 2 2 2 2 2 2 2 2 2 2
left_child=17 3 11 4 5 7 13 -2 -7 16 -11 21 22 14 -4 -15 -6 -1 20 -20 -14 27 23 -5 -24 -23 -8 -3 -13 -30
right_child=1 2 6 12 9 8 26 -9 -10 10 -12 28 18 15 -16 -17 -18 -19 19 -21 -22 25 24 -25 -26 -27 -28 -29 29 -31
leaf_value=0.088809184707382166 0.00082231674433181137 -0.00085584207109068672 -0.010444498546918656 0.07018470459872149 -0.032266896634607127 0.19212948077125461 -0.01528509090004453 -0.011525947817453806 0.030623166950155118 0.14342923770128041 -0.015738812333915737 0.12117445664968798 0.0035977131244407643 -0.016744661212641121 0.036597094522458823 0.001677740633521404 -0.093824349476879676 -0.12091990314541659 0.045963696320682465 -0.064588250154903382 0.12804881770244547 -0.015120029643975189 -0.027163826389558516 0.022583295340351375 0.10187615156106077 0.041352179662333538 0.094842910619953896 0.084945861985560464 -0.19643376756404407 0.0816076661135684
leaf_weight=4.2236891474740359 4877.8854662247777 9.4699632748961431 213.90528434328735 63.551600901409984 187.59561160905287 9.9618618125095946 5.0951328964438281 3562.7211553007819 751.87648601387627 13.877558118198065 1204.2115538970102 34.213054402265698 14.417616005521268 757.76510870736092 311.7732998598367 2117.220423997147 62.676648855442181 21.217991567021272 25.739932798780501 53.531085677910596 10.621931103523821 46.714493297040462 5.9524092711508265 180.13521921751089 35.983422097750008 41.654283222276717 47.302505758707412 36.133497818373144 1.2848476441577066 88.038959199795499
leaf_count=71 275558 39 971 334 2373 130 411 1481131 5893 245 8863 270 91 7627 1585 23032 2842 4329 229 410 59 379 39 1488 331 323 8530 194 26 1894
internal_value=-0.00083984 -0.000692987 0.00528312 -0.00269781 -0.00384319 -0.00131636 0.00128811 -0.0043898 0.032735 -0.0196792 -0.0139254 0.0588541 0.0286464 1.16125e-05 0.0174553 -0.00317788 -0.047683 -0.0861018 -0.00826743 -0.0286912 0.0563906 0.0304351 0.0421275 0.0349974 0.0835601 0.0114992 0.0841341 0.0671284 0.0896738 0.0776083
internal_weight=14796.8 14771.3 3710.57 11060.7 10670.8 9202.44 3453.06 8440.61 761.838 1468.36 1218.09 257.509 389.933 3400.66 525.679 2874.99 250.272 25.4417 104.311 79.271 25.0395 133.972 285.623 243.687 41.9358 88.3688 52.3976 45.6035 123.537 89.3238
internal_count=1829697 1825297 45281 1780016 1777035 1762712 42156 1756689 6023 14323 9108 3125 2981 33215 2556 30659 5215 4400 789 639 150 935 2192 1822 370 702 8941 233 2190 1920
is_linear=0
shrinkage=0.1


Tree=72
num_leaves=31
num_cat=0
split_feature=2 3 10 9 6 4 4 9 2 7 6 7 7 5 3 3 5 4 2 5 6 4 4 5 10 6 4 6 5 5
split_gain=20.0528 22.4695 401.794 3327.94 51724.8 193966 67.9974 75.9269 59.923 171.489 87.3885 81.1505 61.0775 83.8941 41.1791 40.5774 40.4714 39.7683 31.5361 30.7447 29.5731 28.2312 27.5088 51.3806 20.8094 18.0896 10.2117 8.03509 8.61974 5.4146
threshold=0.050641026347875602 0.18047619611024859 0.39711096882820135 0.29424497485160833 0.84698995947837841 0.095811817795038237 0.13079115748405459 0.36202995479106909 0.45035210251808172 0.051315790042281158 0.48181217908859258 0.15587044507265094 0.13809524476528171 5.5000000000000009 0.56012821197509777 0.8544662892818452 15.500000000000002 0.75134408473968517 0.87585616111755382 13.500000000000002 0.66954022645950328 0.51087471842765819 0.10596491396427156 11.500000000000002 0.67821088433265697 0.32392686605453497 0.77581480145454418 0.20483683049678805 19.500000000000004 8.5000000000000018
decision_type=2 2 2 2 2 2 2 2 2 2 2 2 2 2 2 2 2 2 2 2 2 2 2 2 2 2 2 2 2 2
left_child=29 2 3 4 -2 -6 -5 -8 10 14 15 25 20 -14 21 19 22 -13 -16 -3 -12 -10 24 -24 -4 -11 -17 -18 -29 -1
right_child=1 8 16 6 5 -7 7 -9 9 11 12 17 13 -15 18 26 27 -19 -20 -21 -22 -23 23 -25 -26 -27 -28 28 -30 -31
leaf_value=-0.03231883289612885 -0.10004974081824913 0.063109648994512213 0.059516859000488566 -0.10005200341350783 -0.10001610605314469 -1558.7538151737108 -14.630056659460587 -0.10004137307313832 -0.023956200381976947 0.52496548573324064 -0.025967051359541683 -0.020685717069444148 0.086448321428818087 -0.068862930644442155 0.092517363120964369 -0.13559901646132361 0.24471615472393241 0.0020598673967508231 -0.023585711596411804 0.0047398935801249778 -0.066845920064833433 0.11370954123225081 0.02638835023303401 0.149677516978656 0.0051385286742333183 -0.10110245858807439 -0.022058100926237303 -0.045722798414860912 -0.12721166896696237 -0.11175494767453423
leaf_weight=15.844824416823029 0.064766824723643979 112.20682112431894 74.376968736116623 0.71275233921128578 0.0035930964313592951 0.0010265105306595558 0.0068822848469380915 0.0075324924546293914 69.131397183397553 0.46404538056161371 290.12699118865487 832.1076976746881 82.011557220056545 60.390081817109774 287.93353792169489 22.33567214832442 0.79593878834566467 10083.414620182521 25.463791794856661 460.91918706276056 453.73717198233646 18.987731170906045 374.62254887148742 37.155103127020993 1307.356745070545 84.664334887417468 12.274239612612289 35.818103181205515 20.358830136668985 18.717323146414856
leaf_count=767 204 4300 25705 2704 75 44 20 22 10477 20 78027 339444 42974 71223 31175 42447 23 755772 11822 32984 146311 931 6933 929 8985 197237 6809 3382 2638 4876
internal_value=0.000743575 0.00092188 0.0112241 -2.23421 -23.1589 -346.444 -0.237571 -7.03735 -0.00055704 0.00191041 -0.0193885 -0.000432557 -0.0394161 0.0205835 0.0661025 0.00981775 0.0121907 0.000325935 0.0830839 0.0161675 -0.0509021 0.00570773 0.0148265 0.0375129 0.00806565 -0.0976897 -0.0953323 -0.0707847 -0.0752548 -0.0753379
internal_weight=14782 14747.4 1851.28 0.796554 0.0693864 0.00461961 0.727167 0.0144148 12896.2 11402.2 1494 11000.7 886.266 142.402 401.516 607.736 1850.48 10915.5 313.397 573.126 743.864 88.1191 1793.51 411.778 1381.73 85.1284 34.6099 56.9729 56.1769 34.5621
internal_count=1829260 1823617 51664 3069 323 119 2746 42 1771953 1346878 425075 1292473 338535 114197 54405 86540 48595 1095216 42997 37284 224338 11408 42552 7862 34690 197257 49256 6043 6020 5643
is_linear=0
shrinkage=0.1


Tree=73
num_leaves=31
num_cat=0
split_feature=6 5 6 4 3 4 6 7 3 14 5 7 6 11 9 11 11 4 3 14 11 4 3 11 11 11 6 5 5 10
split_gain=16.7512 52.8998 58.7817 45.7649 37.1064 36.6682 39.568 22.1041 25.0234 22.0387 20.3849 24.6708 20.0066 19.5794 38.5405 57.6456 54.3744 29.4376 19.5182 20.0182 25.3571 19.0008 21.1947 17.2829 22.558 21.8251 15.1895 33.1891 15.8862 14.2633
threshold=0.40862709283828741 14.500000000000002 0.47114317119121557 0.75134408473968517 0.8544662892818452 0.20169491320848468 0.46531677246093756 0.38750000298023229 0.85566902160644542 0.63396599888801586 18.500000000000004 0.73214286565780651 0.58160674571990978 0.95346319675445568 0.93360882997512828 0.74456521868705761 0.78759399056434642 0.9859043061733247 0.12880184501409533 0.32153749465942388 0.19292803853750232 0.20169491320848468 0.44806650280952459 0.57518798112869274 0.64852941036224376 0.37797619402408605 0.29289318621158605 17.500000000000004 9.5000000000000018 0.76609560847282421
decision_type=2 2 2 2 2 2 2 2 2 2 2 2 2 2 2 2 2 2 2 2 2 2 2 2 2 2 2 2 2 2
left_child=9 2 4 -3 5 -2 -7 8 29 18 -9 -12 -10 14 16 -16 -4 -15 -1 20 -20 22 -11 25 -25 -21 -23 28 -28 -5
right_child=1 3 13 7 -6 6 -8 10 12 21 11 -13 -14 17 15 -17 -18 -19 19 23 -22 26 -24 24 -26 -27 27 -29 -30 -31
leaf_value=-0.11447733768109943 0.014272298765704003 -0.060787929840256306 -0.00069360889819518063 -0.10362352336548473 0.00049819882134519275 0.13271075375205618 0.4380968341485007 -0.00025686939941531409 0.55854057895162479 -0.017412218594896233 -0.12522674760062497 0.095670391607565797 0.078718869862011598 0.011486720296565587 -0.0001056759710487373 -0.040375322000494443 0.03581669444750768 0.10060454220556565 -0.12074731113329842 0.054793416962943486 0.64485552795701651 0.051545876910612812 -0.16858727693534564 0.15738627559638904 0.045649706226243515 -0.01683405582810386 -0.092219576568120076 -0.05777072402373537 0.051527471588553267 0.078029624877630155
leaf_weight=8.423724517193703 25.742912128945122 271.22269499591312 11102.595857286169 5.2878378295645261 49.458080787103682 46.343474473352885 4.6702905158381318 189.17032934676536 1.8133460808385273 29.044300720095634 27.526929359439237 6.1935341214848441 1.6686239351693073 510.39814353326801 871.19701705570333 600.49854540894739 423.46785169513896 39.968415761366487 0.68016203529862096 82.409253899194596 1.1885818318987729 57.036871630083624 13.62430341914296 22.723737876862288 88.185806864406914 87.929399895132519 8.6297864094085508 72.671973361262644 70.458848307156586 23.677399768959731
leaf_count=2187 648 124001 1572785 6377 8126 2462 207 14454 53 98 1092 57 14 7420 7956 5630 5071 6417 680 48911 77 3566 77 102 375 1239 643 5514 3771 112
internal_value=-0.000421472 -0.00108059 0.000117091 -0.0321833 0.0680457 0.11157 0.160669 -0.00179914 0.0753154 0.0168159 -0.013025 -0.0846539 0.328601 -0.000515734 -0.001298 -0.016537 0.000647781 0.0179586 0.0355263 0.0399894 0.366201 -0.00487611 -0.0656832 0.0378219 0.0685429 0.0178191 0.00755006 -0.00898508 0.0358425 0.0448674
internal_weight=14743.9 14200.9 13674.3 526.561 126.215 76.7567 51.0138 255.338 32.4472 543.007 222.891 33.7205 3.48197 13548.1 12997.8 1471.7 11526.1 550.367 291.541 283.117 1.86874 251.466 42.6686 281.248 110.91 170.339 208.797 151.761 79.0886 28.9652
internal_count=1830122 1762882 1616722 146160 11443 3317 2669 22159 6556 67240 15603 1149 67 1605279 1591442 13586 1577856 13837 53571 51384 757 13669 175 50627 477 50150 13494 9928 4414 6489
is_linear=0
shrinkage=0.1


Tree=74
num_leaves=31
num_cat=0
split_feature=5 1 7 3 6 7 4 1 7 6 3 5 6 4 7 11 11 11 6 5 5 5 7 5 14 3 4 10 5 10
split_gain=19.0719 103.72 94.6482 156.209 95.7702 78.6772 102.107 78.2571 111.837 111.159 93.2265 81.0858 87.7497 76.0207 90.6019 65.529 64.2985 62.0104 57.3252 50.4491 43.8571 43.7624 41.0958 291.245 40.5749 38.012 137.181 36.4485 35.9376 40.2718
threshold=4.5000000000000009 1.0000000180025095e-35 1.0000000180025095e-35 0.61130267381668102 0.7731560766696931 0.47727273404598242 0.90443575382232677 1.0000000180025095e-35 0.58571431040763866 0.83935481309890758 0.89512962102890026 1.5000000000000002 0.93969696760177623 0.68614074587821972 0.63068181276321422 0.75595238804817211 0.32795698940753942 0.070197045803070082 0.87138131260871898 6.5000000000000009 2.5000000000000004 5.5000000000000009 0.73214286565780651 2.5000000000000004 0.63396599888801586 0.86056843400001537 0.92637759447097789 0.65682536363601696 7.5000000000000009 0.69624939560890209
decision_type=2 2 2 2 2 2 2 2 2 2 2 2 2 2 2 2 2 2 2 2 2 2 2 2 2 2 2 2 2 2
left_child=7 2 3 27 13 -3 28 9 18 20 11 12 -11 21 -15 22 -8 -12 25 -18 -1 -4 23 -10 -19 -9 -27 -2 29 -7
right_child=1 5 4 -5 -6 6 16 8 15 10 17 -13 -14 14 -16 -17 19 24 -20 -21 -22 -23 -24 -25 -26 26 -28 -29 -30 -31
leaf_value=0.16232216749495326 -0.082204493739335055 -0.10370152448086878 0.087042166588342185 0.097609581230478859 -0.058826539714615836 0.4122444619360125 -0.0029914375823686954 -0.12828183923002431 -0.14092709747087878 0.088584724866220432 0.0045136725100221676 -0.016638134213387671 0.0070145691960962807 0.014639307191838591 -0.035887110348824157 0.082624675474282996 -0.016524471641857164 0.67811376821846392 -0.12455935386134998 0.060901394785979474 0.048576138246229403 -0.077978002745769229 0.001120543331764028 -0.00040322553092370583 0.053905813489888314 0.1779126462951269 -0.068238766723581798 -0.0022418530381523691 0.070530000753505115 0.15522641908805382
leaf_weight=36.851291216474237 58.965436151379208 49.72937353773159 17.323046411566281 162.25581443896158 649.60321923332253 7.8246353137510587 663.2204681167932 31.162376093481726 172.99183853496652 145.17814185710949 430.23375856930215 1773.7987311957049 1439.9001532216848 897.57562795424019 586.9852657555457 86.443804944981821 106.89223026111722 1.0433123696711835 113.16757491311 395.633497340139 422.90278234700781 222.24392035163811 2845.6190175840529 1000.4310395138964 554.92886392935179 30.627980983066664 86.816273575619562 1713.6362048163719 36.419132684590295 27.601666569709778
leaf_count=1272 140222 25877 11127 10543 109129 404 76912 7030 24531 9564 22151 221321 137466 98039 6318 7855 781 107 63681 3090 58954 332918 248428 105048 13446 1033 43206 45748 3375 138
internal_value=-0.000679225 -0.00528004 -0.0127217 0.00369473 -0.026103 0.0196269 0.0245825 0.00212774 -0.00756089 0.010934 0.00598641 -0.00195061 0.0144856 -0.0137737 -0.00533849 -0.00352007 0.0174518 0.0330188 -0.0709343 0.0444321 0.0576934 -0.0660454 -0.00537292 -0.02112 0.0550772 -0.0300976 -0.00404558 -0.0049018 0.140285 0.211994
internal_weight=14768 5595.91 4308.59 1934.86 2373.73 1287.32 1237.59 9172.1 4367.26 4804.84 4345.08 3358.88 1585.08 1724.13 1484.56 4105.49 1165.75 986.206 261.774 502.526 459.754 239.567 4019.04 1173.42 555.972 148.607 117.444 1772.6 71.8454 35.4263
internal_count=1829714 864621 754044 196513 557531 110577 84700 965093 500812 464281 404055 368351 147030 448402 104357 385862 80783 35704 114950 3871 60226 344045 378007 129579 13553 51269 44239 185970 3917 542
is_linear=0
shrinkage=0.1


Tree=75
num_leaves=31
num_cat=0
split_feature=12 7 10 9 10 3 2 7 10 3 4 10 6 4 6 4 0 9 6 9 4 10 9 5 10 9 4 10 10 2
split_gain=21.1284 31.044 21.5284 43.5224 19.613 53.3182 51.2988 37.5497 31.0861 30.0735 28.4295 21.4549 42.4041 24.2599 26.5237 21.6933 19.606 19.3622 38.233 26.7738 26.6829 93.3357 38.8568 25.3312 22.8633 22.8014 21.0428 18.1545 23.515 23.7064
threshold=1.0000000180025095e-35 0.84523808956146251 0.60036632418632518 0.44781883060932165 0.81023570895195018 0.49044431746006018 0.24525599926710132 0.069047622382640853 0.79461127519607555 0.49157200753688818 0.57919329404830944 0.86132478713989269 0.90098038315773021 0.13079115748405459 0.68819445371627819 0.092665474861860289 1.0000000180025095e-35 0.98122024536132824 0.53681120276451122 0.91974705457687389 0.70659971237182628 0.59621357917785656 0.56367146968841564 7.5000000000000009 0.99773755669593822 1.0000000180025095e-35 0.71010184288024913 0.96113961935043346 0.91736221313476574 0.86240702867507946
decision_type=2 2 2 2 2 2 2 2 2 2 2 2 2 2 2 2 2 2 2 2 2 2 2 2 2 2 2 2 2 2
left_child=17 4 3 16 5 6 8 9 -2 -7 -9 12 -6 15 -15 -13 -3 19 -19 20 21 25 -23 -20 26 -1 -22 28 -21 -30
right_child=1 2 -4 -5 11 7 -8 10 -10 -11 -12 13 -14 14 -16 -17 -18 18 23 27 24 22 -24 -25 -26 -27 -28 -29 29 -31
leaf_value=0.00084109650519417333 0.00098548538010208753 0.21868702896960956 0.09001708160062688 -0.35636475716120314 4.042831047054493e-05 0.81635838178570064 -0.087271697360035969 -0.087628954454847197 0.098294893799338603 0.13198037683851666 0.047052724766065368 0.002782404122214407 -0.079475801135297688 0.013803741288431148 -0.0093925116889742328 0.040162258008925374 -0.070404428429696825 0.14776203019602482 0.032744847193689405 0.098962222145557999 0.13778737940374913 0.029362318517381903 -0.013928791737992019 -0.046211056886409752 0.065334980705283069 -0.11376700617442465 0.0009141521017331203 -0.0066049907398997246 -0.016396013809655215 -0.061857823559903075
leaf_weight=20.743788873081002 292.37069501747578 4.2634948615450394 68.747452544863336 3.423491141293197 243.42337022069842 0.65295355467242089 61.956415860041943 16.734468838935982 36.981397564522922 38.571687798139465 247.08676307759742 298.13865692541003 92.568244054913521 812.07860214402899 1254.3603853638051 323.96016219817102 5.2159993313252926 23.348051458597183 163.31411095755175 13.463783391518517 11.24820020644256 259.03740750425641 1038.7510886836026 54.0922239003703 55.81639595516026 106.39528167169649 7906.6450306038896 755.80630814516917 279.42111908388324 194.57540492713451
leaf_count=26886 39752 45 11540 50 3023 365 67388 9936 267 3099 11024 1387 1073 7585 24049 1507 133 101 1722 79 3632 22745 55184 329 1185 739612 786843 4819 2968 1013
internal_value=0.000357599 0.00677661 0.0677715 -0.0507534 0.00543742 0.0205941 -0.00379197 0.0520826 0.0119119 0.143373 0.0385097 0.00195784 -0.0218669 0.00493526 -0.000276743 0.0222481 0.0596173 -0.0018841 0.0261594 -0.00251854 -0.000694243 -0.0132985 -0.00528793 0.0131001 0.00155818 -0.0950677 0.00110859 -0.0163095 -0.0313564 -0.0350581
internal_weight=14683.2 3800.53 81.6504 12.903 3718.88 694.354 391.309 303.046 329.352 39.2246 263.821 3024.53 335.992 2688.54 2066.44 622.099 9.47949 10882.7 240.754 10641.9 9398.64 1424.93 1297.79 217.406 7973.71 127.139 7917.89 1243.27 487.46 473.997
internal_count=1829341 182223 11768 228 170455 131831 107407 24424 40019 3464 20960 38624 4096 34528 31634 2894 178 1647118 2152 1644966 1636087 844427 77929 2051 791660 766498 790475 8879 4060 3981
is_linear=0
shrinkage=0.1


Tree=76
num_leaves=31
num_cat=0
split_feature=3 10 4 6 2 6 5 4 5 4 3 2 4 2 3 3 3 2 4 4 4 2 2 14 11 5 5 6 5 10
split_gain=13.3337 42.718 33.9761 36.4428 24.1552 125.898 97.5411 89.9703 66.1957 65.0472 64.2112 54.1256 57.9019 51.1248 90.1438 93.7249 84.4002 50.8428 40.7271 31.7517 30.934 30.2113 28.6728 25.5476 24.6288 21.8713 52.6851 38.98 34.4723 36.294
threshold=0.89512962102890026 0.99773755669593822 0.91024166345596325 0.82807883620262157 0.75147059559822094 0.79008570313453685 9.5000000000000018 0.81892696022987377 7.5000000000000009 0.68614074587821972 0.8291795849800111 0.8263767957687379 0.84273937344551098 0.65485891699790966 0.8544662892818452 0.6789083480834962 0.79205974936485302 0.78830561041831981 0.82807883620262157 0.89039039611816417 0.60660174489021312 0.680425524711609 0.61257407069206249 0.39600384235382086 0.37268517911434179 10.500000000000002 12.500000000000002 0.63373982906341564 8.5000000000000018 0.76609560847282421
decision_type=2 2 2 2 2 2 2 2 2 2 2 2 2 2 2 2 2 2 2 2 2 2 2 2 2 2 2 2 2 2
left_child=4 2 3 -2 7 6 11 13 -9 -7 18 12 -6 14 15 -1 20 -12 -11 -13 -15 24 -16 -8 -10 28 -27 -28 -4 -30
right_child=1 -3 25 -5 5 9 23 8 21 10 17 19 -14 16 22 -17 -18 -19 -20 -21 -22 -23 -24 -25 -26 26 27 -29 29 -31
leaf_value=-0.0023089196850680479 0.13533067304539811 0.053893335709829043 0.00025600809753596976 0.022477106135086057 0.072799668588904493 0.074511429474082388 0.84517520669593138 0.053069320693042855 -0.044069737397928452 -0.043345670293711447 0.047989094087551872 0.072924969460863229 -0.035991993908060495 0.057036104308616345 -0.074913762896417935 0.056287832278089402 0.056448982822473619 -0.027371148170737072 -0.11355870288268284 0.18213365357614536 -0.060372472035341122 -0.048599847664357251 0.020720481736216125 -0.058603297617686137 0.054572022370433675 0.04835930791269652 0.0011585597431283642 -0.11783504421402045 0.047797920057512149 -0.050154411004388846
leaf_weight=3689.5601737413635 34.910212299473642 159.05811861809343 6130.7321383532544 158.65940452215 128.05271267032367 58.805708568575938 0.31383789237588544 498.37499301529169 36.815816690315842 223.87125361120707 100.27065373460209 64.381549607162015 79.167012583602627 23.79502902578696 207.88823541118927 294.77402760142013 83.467291598964948 835.38740954031528 130.92784951465728 45.393778446523356 394.27316153100566 113.14709230205335 36.917687518143794 91.927232550777262 81.003257190808654 298.36048447468784 264.31510909931239 30.729857304875623 44.73069872353517 245.10309436172247
leaf_count=710464 1688 14308 500412 13795 9799 15579 3 15401 17782 33615 2901 7858 5382 3746 253214 27860 8245 61315 6016 1346 55991 12035 9871 4534 373 10532 20991 882 2105 1294
internal_value=-0.000360744 0.00263229 0.00150105 0.0428302 -0.00341518 -0.0136083 0.0349763 -0.000132295 0.0325603 -0.0283442 -0.0330313 0.0613119 0.0312365 -0.0051726 -0.00159263 0.00202626 -0.0353603 -0.0192951 -0.0692557 0.118084 -0.05369 -0.0116938 -0.0604917 -0.0555283 0.0237487 0.000360456 0.0187286 -0.011235 -0.00133718 -0.0350372
internal_weight=14585.1 7366.6 7207.54 193.57 7218.52 1758.5 409.236 5460.02 729.341 1349.26 1290.46 316.995 207.22 4730.68 4229.14 3984.33 501.535 935.658 354.799 109.775 418.068 230.966 244.806 92.2411 117.819 7013.97 593.405 295.045 6420.57 289.834
internal_count=1829337 566007 551699 15483 1263330 148348 28922 1114982 45591 119426 103847 24385 15181 1069391 1001409 738324 67982 64216 39631 9204 59737 30190 263085 4537 18155 536216 32405 21873 503811 3399
is_linear=0
shrinkage=0.1


Tree=77
num_leaves=31
num_cat=0
split_feature=12 7 11 6 5 6 11 11 5 9 3 5 2 9 11 11 9 11 11 9 9 11 2 3 7 9 6 3 9 11
split_gain=15.958 39.2271 23.3774 27.1987 23.5197 52.0828 32.1842 23.3745 19.3356 32.7577 18.0772 20.4331 19.2442 14.3945 73.4461 35.5627 35.4166 55.4211 35.4535 29.2237 28.9996 55.0098 41.9073 28.2836 31.8118 27.3853 29.4198 26.7133 22.3769 20.5275
threshold=1.0000000180025095e-35 0.86607143282890331 0.26201373338699346 0.36032786965370184 2.5000000000000004 0.74388790130615245 0.21807064861059192 0.26794873178005224 13.500000000000002 0.40546767413616186 0.89943820238113414 7.5000000000000009 0.65240275859832775 0.8894205391407014 0.63961037993431102 0.64495798945426952 0.98122024536132824 0.77097901701927196 0.95119047164917003 0.9657517969608308 0.76961538195610057 0.35504202544689184 0.7243877947330476 0.6629742980003358 0.074175827205181136 0.65720993280410778 0.29289318621158605 0.93127068877220165 0.69245734810829174 0.73030304908752453
decision_type=2 2 2 2 2 2 2 2 2 2 2 2 2 2 2 2 2 2 2 2 2 2 2 2 2 2 2 2 2 2
left_child=13 2 3 8 5 -5 -6 -4 9 -2 12 -12 -9 14 20 19 29 -18 -19 -15 21 22 -1 -22 -25 27 -27 -16 -23 -17
right_child=1 -3 7 4 6 -7 -8 10 -10 -11 11 -13 -14 15 25 16 17 18 -20 -21 23 28 -24 24 -26 26 -28 -29 -30 -31
leaf_value=-0.022156930335750911 1.9202095038950215 0.079087448437327429 -0.097286656450932471 1.9483742598731528 -0.036833570616839145 0.059035774193607553 0.05063246094940807 0.0048495610610576239 0.12817307251211921 0.35371300558818114 0.046636358604537416 0.0025107779228466546 -0.014731302397681736 0.013129745202410729 0.0095746826652732264 -0.03182484847328939 0.074223776087098473 -0.063698893679078258 0.045324683367654828 0.12985758105167378 -0.050312774140214747 0.036331537793204749 0.00042867687541522253 0.11637489850836194 -0.012149226643560541 0.22999449518533238 0.034868160013900043 -0.11059502145329435 0.0055289367727139691 -0.007484521815042746
leaf_weight=985.65493534244888 0.14837194862780023 72.907845734385774 23.231775014079176 0.14610194967826728 94.480294633556753 109.07192717567131 75.836875675056945 2309.3196000002645 12.299853188045924 1.331077932132757 193.48052971693687 229.33157677296549 641.30669034039602 298.82524639018811 81.820614693686366 770.6460698149167 106.91112752258778 80.551116774324328 47.367453848477453 23.1064293961972 206.1746347109729 526.9453318551823 4933.9140356091975 19.649062446318567 968.50889316643588 7.8166022952646008 673.69014807720669 23.902611847966909 426.91985948511865 629.51637778989971
leaf_count=970625 38 11722 1868 6 77099 20148 10751 32035 5255 118 12309 3427 7155 1807 549 6029 1067 526 585 97 6402 6130 633531 119 4837 26 3974 249 6142 4853
internal_value=0.000841629 0.00645054 0.00501536 0.0321014 0.0253405 0.0615632 0.0021123 0.00267638 0.169256 0.510815 0.0033648 0.0227028 0.00059374 -0.00111045 0.000604848 -0.00887211 -0.0148539 0.0210844 -0.0233281 0.0215078 -0.00224004 0.00025913 -0.003332 -0.0166228 -0.00959358 0.0297601 0.0371062 -0.0175941 0.0225453 -0.0208814
internal_weight=14574.8 3762.89 3689.98 293.315 279.535 109.218 170.317 3396.67 13.7793 1.47945 3373.44 422.812 2950.63 10811.9 8855 1956.92 1634.99 234.83 127.919 321.932 8067.77 6873.43 5919.57 1194.33 988.158 787.23 681.507 105.723 953.865 1400.16
internal_count=1829479 181931 170209 113415 108004 20154 87850 56794 5411 156 54926 15736 39190 1647548 1632584 14964 13060 2178 1111 1904 1627786 1616428 1604156 11358 4956 4798 4000 798 12272 10882
is_linear=0
shrinkage=0.1


Tree=78
num_leaves=31
num_cat=0
split_feature=5 6 2 4 2 5 11 2 7 7 3 6 14 10 10 6 5 6 10 2 6 2 3 3 10 11 2 14 5 14
split_gain=13.8429 55.3207 66.4173 57.4286 77.6144 46.5502 49.9092 98.2952 45.0694 46.9712 44.6589 54.803 28.998 27.9752 88.8317 58.2703 68.7136 61.1847 71.0187 173.076 43.8358 69.6546 32.7097 39.8106 29.5891 27.792 24.7846 27.08 24.2781 22.8518
threshold=4.5000000000000009 0.7228132188320161 0.097167581319808974 0.095811817795038237 0.81872946023941051 8.5000000000000018 0.26794873178005224 0.71516755223274242 0.73214286565780651 0.5634920895099641 0.28460526466369634 0.61326980590820324 0.41322642564773565 0.48015747964382177 1.0000000180025095e-35 0.86159002780914318 2.5000000000000004 0.97530490159988414 0.48292520642280584 0.80217391252517711 0.96490147709846508 0.81530213356018078 0.44806650280952459 0.45035210251808172 0.81023570895195018 0.092329546809196486 0.22318007797002795 0.66903027892112743 7.5000000000000009 0.35134412348270422
decision_type=2 2 2 2 2 2 2 2 2 2 2 2 2 2 2 2 2 2 2 2 2 2 2 2 2 2 2 2 2 2
left_child=13 2 -2 -3 8 6 7 -4 9 -5 -7 -12 -6 14 -1 16 26 20 19 -19 24 -22 -18 -24 -17 -20 -15 -28 -10 -8
right_child=1 3 5 4 12 10 29 -9 28 -11 11 -13 -14 15 -16 17 22 18 25 -21 21 -23 23 -25 -26 -27 27 -29 -30 -31
leaf_value=-0.00084576828096533151 -0.054650352364444515 0.026473419179592669 -0.10215050219204427 -0.050160751488221335 0.40169792962491946 0.043483980503288139 0.42036108167841574 0.032743278888644707 -0.035128100653904967 0.011252551542293735 0.0070920359531857248 -0.028275490894208433 -0.0050989555115406975 -0.0041425263982007828 -0.074748868173697872 0.019278135675704633 -0.022767063082904802 4.1087262793882289 0.10615643316101159 0.30120311421565743 -0.012038743912968074 -0.10417016999749494 0.47567288260292107 0.026009090947476068 -0.0069303428730563476 0.017042150493860649 0.24479110241042581 0.0946980964847845 -0.16923751651833643 0.046701926851636412
leaf_weight=3383.9562005535086 179.21866698257008 279.13063929692771 75.596749736633228 638.39396152399968 1.7551197484135617 221.68113504919211 1.6420905670966011 189.25650606720956 19.798846142773982 154.72305239245907 1428.8806369863314 631.86360105690528 1098.5814575056502 11.149345970626198 170.85780263036168 546.37014155197085 151.99719668175749 0.14253641812683682 36.075938468296954 0.7350321251724381 315.66747370284429 110.88639983510075 1.9725830018651311 1053.9702424629249 2036.05361745751 1169.6385048993252 21.566841526066128 27.157090269523906 42.422353753150674 498.44505297033174
leaf_count=27692 19111 9236 69916 226299 21 8557 19 23287 227 4349 307260 145044 43567 136 759647 58408 10625 264 8929 603 8333 1431 79 27260 18375 42461 544 217 1744 6233
internal_value=0.000110048 -0.00386484 0.00451124 -0.0159581 -0.0220143 0.00799059 0.0293399 -0.00575929 -0.0446095 -0.0381801 0.000835514 -0.00375232 -0.00445008 0.0025119 -0.00439783 0.0069914 0.0257889 0.00133814 0.020363 0.919629 -0.00629079 -0.0359891 0.0206058 0.0268491 -0.00138535 0.0197085 0.130357 0.161134 -0.126564 0.0479289
internal_weight=14499.6 5461.39 3226.58 2234.81 1955.67 3047.37 764.94 264.853 855.338 793.117 2282.43 2060.74 1100.34 9038.2 3554.81 5483.38 1267.81 4215.57 1206.59 0.877569 3008.98 426.554 1207.94 1055.94 2582.42 1205.71 59.8733 48.7239 62.2212 500.087
internal_count=1829874 864870 579427 285443 276207 560316 99455 93203 232619 230648 460861 452304 43588 965004 787339 177665 38861 138804 52257 867 86547 9764 37964 27339 76783 51390 897 761 1971 6252
is_linear=0
shrinkage=0.1


Tree=79
num_leaves=31
num_cat=0
split_feature=4 3 2 7 6 7 7 3 3 6 6 6 14 4 6 6 6 11 11 9 3 9 2 11 6 6 11 4 14 14
split_gain=15.9228 15.689 47.6142 120.768 71.0831 62.0192 53.7428 69.1938 38.3535 33.343 27.0422 26.0717 26.5564 24.664 26.0828 34.5307 21.0984 28.4485 61.3211 20.3693 18.9955 18.3786 17.0689 14.3634 13.3171 12.9778 12.1833 11.8698 9.42651 7.43642
threshold=0.045983087271451957 0.18047619611024859 0.45035210251808172 0.051315790042281158 0.48181217908859258 0.15587044507265094 0.13809524476528171 0.36830143630504614 0.42237871885299688 0.66954022645950328 0.53681120276451122 0.53681120276451122 0.7421950399875642 0.10596491396427156 0.94665718078613292 0.7228132188320161 0.32392686605453497 0.22401433438062671 0.21807064861059192 0.28513357043266302 0.81455025076866161 0.30317392945289617 0.312876507639885 0.8441295623779298 0.32392686605453497 0.92052632570266735 0.18834459781646731 0.2290398105978966 0.6680923104286195 0.58305570483207714
decision_type=2 2 2 2 2 2 2 2 2 2 2 2 2 2 2 2 2 2 2 2 2 2 2 2 2 2 2 2 2 2
left_child=-1 10 4 11 8 24 9 -8 22 -6 16 28 -13 19 15 -15 17 18 -2 25 -7 -21 -3 -19 -5 -12 -16 -10 -4 -18
right_child=1 2 3 5 6 20 7 -9 27 -11 13 12 -14 14 26 -17 29 23 -20 21 -22 -23 -24 -25 -26 -27 -28 -29 -30 -31
leaf_value=-0.084338372848677345 0.3014912300699637 0.028340244463379124 0.21234383885035429 0.38184722528153547 -0.021437599085579739 -0.010080126200251909 0.19819737012523733 -0.0079097426697568342 -0.079251720044427765 -0.065849068747791992 -0.14509057758974983 0.019967007459447933 0.07815442200544602 0.071821693917878987 0.22049451153375099 -0.0038671459003762443 -0.11334358145117654 -0.13290011093149642 2.8424573092993932 -0.28396456605903114 0.0019758676678831135 0.0043475919814746659 -0.068597041598407696 0.23404812797191077 -0.097457297758721806 0.23856063233823474 0.066851128813927851 -0.017143799954226904 0.10306531150495096 0.14067774117461188
leaf_weight=22.092626093832223 1.4043308947996909 417.10964670368458 9.6828493023298261 0.58449040306734801 284.89767928924084 1521.3405558732575 19.009144193722065 113.80795263146895 39.173159876166096 415.73468670887758 1.0446829374754987 168.30464881480987 146.89082822442288 83.797663881243835 5.4311286229187763 214.73301387638705 32.242407628751529 3.5235502817959059 0.10186484197038215 2.2145106217901676 9272.1211953411967 1389.6461104099744 18.991543583219027 1.5298654139041898 70.388151807052026 5.6520693248239695 103.78578091261443 143.47759306398154 42.720818871079246 1.19517421722412
leaf_count=4409 423 21697 2767 21 78180 311395 1069 113141 1513 146386 191 48819 2430 2400 506 4679 5273 284 14 237 784184 38151 3906 3 197549 77 662 59707 383 2
internal_value=0.000492894 0.000621874 -0.000631776 0.00157125 -0.0176711 -0.000336094 -0.036734 0.0215889 0.00800633 -0.0477901 0.00923455 0.0579431 0.0470841 0.0110354 0.0326766 0.0173787 -0.0720954 0.0918838 0.473338 0.00472598 0.000276573 0.00388887 0.0241188 -0.0218106 -0.09351 0.178712 0.0744915 -0.0304641 0.123257 -0.104264
internal_weight=14552.6 14530.5 12684.2 11232 1452.2 10864.4 833.449 132.817 618.752 700.632 1846.3 367.599 315.195 1806.3 407.748 298.531 39.9972 6.55961 1.5062 1398.56 10793.5 1391.86 436.101 5.05342 70.9726 6.69675 109.217 182.651 52.4037 33.4376
internal_count=1830458 1826049 1773147 1347548 425599 1293149 338776 114210 86823 224566 52902 54399 51249 46903 8247 7079 5999 724 437 38656 1095579 38388 25603 287 197570 268 1168 61220 3150 5275
is_linear=0
shrinkage=0.1


Tree=80
num_leaves=31
num_cat=0
split_feature=14 2 7 7 3 3 4 7 7 3 14 5 14 6 3 7 2 7 2 5 6 5 5 10 10 6 5 4 10 6
split_gain=16.2681 20.7625 76.3246 79.1004 41.0951 38.9201 36.7108 49.9031 45.9505 39.2381 36.4649 34.0797 23.9853 21.2105 18.6094 19.4628 41.1552 49.6637 38.5024 56.5422 38.0644 23.2988 24.5504 22.2275 34.2931 18.1513 48.2668 35.4646 17.8013 17.6932
threshold=0.45348158478736883 0.45035210251808172 0.051315790042281158 0.17156863212585452 0.61654967069625866 0.73942822217941295 0.32466214895248419 0.11805555596947671 0.18465909361839297 0.71339285373687755 0.78097790479660045 4.5000000000000009 0.81402572989463817 0.47114317119121557 0.90325224399566661 0.5634920895099641 0.8263767957687379 0.4083333313465119 0.80217391252517711 8.5000000000000018 0.82426470518112194 13.500000000000002 12.500000000000002 0.76609560847282421 0.81023570895195018 0.42163743078708654 14.500000000000002 0.21778655797243121 0.82618901133537304 0.84262126684188854
decision_type=2 2 2 2 2 2 2 2 2 2 2 2 2 2 2 2 2 2 2 2 2 2 2 2 2 2 2 2 2 2
left_child=14 6 10 -4 11 -6 7 25 -8 -10 13 -5 -11 -3 15 16 23 -18 21 -20 -19 22 -17 29 -25 27 -27 -2 -15 -1
right_child=1 2 3 4 5 -7 8 -9 9 12 -12 -13 -14 28 -16 18 17 20 19 -21 -22 -23 -24 24 -26 26 -28 -29 -30 -31
leaf_value=-0.020716073905464819 -0.016139496197042896 0.13581993930088074 -0.084645707445120011 0.080134946662171691 -0.028317108008021747 0.0006182210834816919 -0.052575981256438725 0.18096322550659549 0.09155844915393957 -0.11046894722737484 0.09042834898523458 -0.055019324042615059 0.035206071366764263 -0.02019862877767685 0.11836063360635883 0.0057253506364778363 0.016196468916406675 0.27090839547806167 -0.086335231448850511 0.15668316107421543 0.08285295589626028 0.10411519887463344 -0.12763404918216861 0.060770237812538735 0.0093525766513041127 -0.005753225202341259 -0.085769277966009888 0.043657645822526125 0.038566435313183829 0.010836457479459043
leaf_weight=372.58238235474329 201.64792456641021 15.486973345773178 111.91529277322479 105.32469192817371 489.52782245939488 9223.0406719180537 349.62250094841511 14.561046817576424 46.421256079855098 23.138914235525803 122.41727032838389 22.672969548304536 22.095268878387287 86.997267301002836 15.205725928768514 247.07601443104795 72.618806670419872 16.406996224075556 99.533556934446096 10.592953033745287 31.290673029609025 22.594019841402769 14.621069103479384 154.71725911623798 802.60378295450937 1018.3387765574917 81.413600879999649 195.18630945338919 126.50695429579355 339.80955555364943
leaf_count=246195 2797 1026 193579 33499 94372 802042 144948 204 11879 32728 2307 21611 178 45704 116 1175 1082 80 535 48 588 83 93 2133 5026 25035 5243 6700 1297 147297
internal_value=0.000197724 -0.00122343 0.000568191 -0.00104904 -9.8307e-05 -0.000840162 -0.0106787 -0.00326879 -0.0360538 0.0269707 0.0463709 0.0561943 -0.0393119 0.0228181 0.00811631 0.00734891 0.0117797 0.0682657 -0.0127598 -0.0629595 0.14754 0.00668621 -0.00172547 0.00770941 0.0176624 -0.00506128 -0.0116767 0.0132722 0.0146212 -0.00566558
internal_weight=14456 12256.3 10303.9 9952.48 9840.57 9712.57 1952.43 1511.15 441.278 91.6554 351.408 127.998 45.2342 228.991 2199.65 2184.45 1790.03 120.316 394.418 110.127 47.6977 284.291 261.697 1669.71 957.321 1496.59 1099.75 396.834 213.504 712.392
internal_count=1829600 1425149 1195437 1145103 951524 896414 229712 39979 189733 44785 50334 55110 32906 48027 404451 404335 402401 1750 1934 583 668 1351 1268 400651 7159 39775 30278 9497 47001 393492
is_linear=0
shrinkage=0.1


end of trees

feature_importances:
addr_token_set=293
name_jaccard=289
name_ratio=253
name_wratio=232
name_len_diff=232
addr_jaccard=209
addr_ratio=187
number_exact=185
name_token_set=175
name_len_ratio=173
name_no_suf_exact=108
name_addr_mean=90
name_exact=2
addr_exact=2

parameters:
[boosting: gbdt]
[objective: binary]
[metric: binary_logloss]
[tree_learner: serial]
[device_type: cpu]
[data_sample_strategy: bagging]
[data: ]
[valid: ]
[num_iterations: 200]
[learning_rate: 0.1]
[num_leaves: 31]
[num_threads: 6]
[seed: 0]
[deterministic: 0]
[force_col_wise: 0]
[force_row_wise: 0]
[histogram_pool_size: -1]
[max_depth: 6]
[min_data_in_leaf: 20]
[min_sum_hessian_in_leaf: 0.001]
[bagging_fraction: 0.85]
[pos_bagging_fraction: 1]
[neg_bagging_fraction: 1]
[bagging_freq: 1]
[bagging_seed: 3]
[bagging_by_query: 0]
[feature_fraction: 0.85]
[feature_fraction_bynode: 1]
[feature_fraction_seed: 2]
[extra_trees: 0]
[extra_seed: 6]
[early_stopping_round: 0]
[early_stopping_min_delta: 0]
[first_metric_only: 0]
[max_delta_step: 0]
[lambda_l1: 0]
[lambda_l2: 0]
[linear_lambda: 0]
[min_gain_to_split: 0]
[drop_rate: 0.1]
[max_drop: 50]
[skip_drop: 0.5]
[xgboost_dart_mode: 0]
[uniform_drop: 0]
[drop_seed: 4]
[top_rate: 0.2]
[other_rate: 0.1]
[min_data_per_group: 100]
[max_cat_threshold: 32]
[cat_l2: 10]
[cat_smooth: 10]
[max_cat_to_onehot: 4]
[top_k: 20]
[monotone_constraints: ]
[monotone_constraints_method: basic]
[monotone_penalty: 0]
[feature_contri: ]
[forcedsplits_filename: ]
[refit_decay_rate: 0.9]
[cegb_tradeoff: 1]
[cegb_penalty_split: 0]
[cegb_penalty_feature_lazy: ]
[cegb_penalty_feature_coupled: ]
[path_smooth: 0]
[interaction_constraints: ]
[verbosity: -1]
[saved_feature_importance_type: 0]
[use_quantized_grad: 0]
[num_grad_quant_bins: 4]
[quant_train_renew_leaf: 0]
[stochastic_rounding: 1]
[linear_tree: 0]
[max_bin: 255]
[max_bin_by_feature: ]
[min_data_in_bin: 3]
[bin_construct_sample_cnt: 200000]
[data_random_seed: 1]
[is_enable_sparse: 1]
[enable_bundle: 1]
[use_missing: 1]
[zero_as_missing: 0]
[feature_pre_filter: 1]
[pre_partition: 0]
[two_round: 0]
[header: 0]
[label_column: ]
[weight_column: ]
[group_column: ]
[ignore_column: ]
[categorical_feature: ]
[forcedbins_filename: ]
[precise_float_parser: 0]
[parser_config_file: ]
[objective_seed: 5]
[num_class: 1]
[is_unbalance: 0]
[scale_pos_weight: 3]
[sigmoid: 1]
[boost_from_average: 1]
[reg_sqrt: 0]
[alpha: 0.9]
[fair_c: 1]
[poisson_max_delta_step: 0.7]
[tweedie_variance_power: 1.5]
[lambdarank_truncation_level: 30]
[lambdarank_norm: 1]
[label_gain: ]
[lambdarank_position_bias_regularization: 0]
[eval_at: ]
[multi_error_top_k: 1]
[auc_mu_weights: ]
[num_machines: 1]
[local_listen_port: 12400]
[time_out: 120]
[machine_list_filename: ]
[machines: ]
[gpu_platform_id: -1]
[gpu_device_id: -1]
[gpu_device_id_list: ]
[gpu_use_dp: 0]
[num_gpu: 1]

end of parameters

pandas_categorical:null
