tree
version=v4
num_class=1
num_tree_per_iteration=1
label_index=0
max_feature_idx=14
objective=binary sigmoid:1
feature_names=name_exact name_no_suf_exact name_ratio name_wratio name_token_set name_len_diff name_len_ratio name_jaccard addr_exact addr_ratio addr_token_set addr_jaccard number_exact postal_exact name_addr_mean
feature_infos=[0:1] [0:1] [0:1] [0:1] [0:1] [0:81] [0.0476190485060215:1] [0:1] [0:1] [0:1] [0:1] [0:1] [-1:1] [-1:1] [0.1111111119389534:0.98979592323303223]
tree_sizes=3449 3460 3414 3464 3464 3488 3522 3490 3510 3497 3513 3516 3500 3529 3518 3519 3536 3513 3528 3529 3504 3520 3549 3528 3516 3522 3523 3518 3532 3510 3550 3510 3549 3531 3502 3543 3540 3532 3536 3504 3546 3542 3533 3554 3544 3503 3530 3530 3526 3540 3550 3535 3533 3554 3496 3521 3522 3529 3560 3517 3499 3517 3519 3557 3498 3539 3498 3514 3524 3543 3519 3507 3509 3511 3514 3509 3543 3440 3542 3540 3495 3517 3502 3482 3549 3553 3538 3525 3490 3533 3547 3518 3495 3508 3527 3497 3515 3526 3535 3498 3498 3544 3519 3505 3483 3536 3500 3548 3539 3557 3513 3480 3537 3511 3550 3552 3504 3550 3477 3513

Tree=0
num_leaves=31
num_cat=0
split_feature=10 3 14 4 12 5 10 7 9 14 11 14 12 3 3 12 6 12 7 7 12 10 6 10 3 3 4 6 6 7
split_gain=3.72141e+06 477069 141641 76911.8 50720.2 35286.5 28231.2 100058 22399 38407.2 17001.8 15402.3 15282.5 14118.6 10047.5 8056.74 7837.05 7449.88 6826.19 6029.16 5799.62 5490.51 4843.17 3969.75 3622.92 7480.87 7981.35 3597.77 3569.93 3252.11
threshold=0.75484195351600658 0.6490655541419984 0.79069387912750255 0.20761494338512423 1.0000000180025095e-35 4.5000000000000009 0.64722883701324474 0.47727273404598242 1.0000000180025095e-35 0.45762771368026739 0.5313725769519807 0.69117903709411632 -1.0000000180025095e-35 0.92370063066482555 0.85536885261535656 -1.0000000180025095e-35 0.84698995947837841 1.0000000180025095e-35 0.069047622382640853 0.31666667759418493 1.0000000180025095e-35 0.97115117311477672 0.8760964870452882 0.60041153430938732 0.85536885261535656 0.85251155495643627 0.61435899138450634 0.97700846195220958 0.82404541969299328 0.5634920895099641
decision_type=2 2 2 2 2 2 2 2 2 2 2 2 2 2 2 2 2 2 2 2 2 2 2 2 2 2 2 2 2 2
left_child=2 3 6 10 5 13 8 14 9 29 16 19 -7 15 -8 -3 -2 -9 -14 21 23 -5 -11 -4 25 -6 -27 -15 -12 -1
right_child=1 4 20 11 24 12 7 17 -10 22 28 -13 18 27 -16 -17 -18 -19 -20 -21 -22 -23 -24 -25 -26 26 -28 -29 -30 -31
leaf_value=-3.5416961841437469 -2.8617640704182588 -0.42865805135184809 -3.4107101080204321 -3.4192174686384527 -0.28137454782896398 -0.75764694211491701 -3.4872756050871896 -1.4850575006215552 -3.5837830830755917 -2.7840317943773956 -1.2361242373660679 -1.8252789544953711 -0.22690022202590665 -0.66390304376853226 -0.69633639943649595 -1.5413593836467157 -1.175115614339036 -0.18636404840663667 -2.255603859804447 -1.2367098838674289 -0.17774334230542044 -2.1310456814438905 -2.0902024386170428 -1.09348981244786 -0.13317440282697035 -3.2412897735745245 -0.72240581592806352 -0.16947879907637287 -0.34425619552087383 -2.8140807317769081
leaf_weight=1064.9668645747006 76.430553026497364 98.255534810945392 8.2814142387360317 709.06733916886151 407.88842994347215 117.17626628652215 1081.6447137501091 98.111758319661021 51654.113441353664 170.83292557857931 77.810791103169322 75.740436628460884 17.741780862212181 218.65235101804137 13.054730050265787 192.68666231259704 43.074857799336314 80.341224905103445 254.59598349779844 13.629828153178094 95.955142287537456 34.707177862524986 244.73304972052574 68.92552356608212 2699.6549419071525 17.971819151192904 41.924661682918668 450.21566168032587 106.0481161698699 65.187382943928242
leaf_count=36680 2286 1345 278 23843 5183 1861 36862 2034 1793584 5021 1484 1742 219 3336 202 4067 804 970 6586 260 1153 869 6061 1249 31637 583 656 5385 1392 1929
internal_value=-3.29967 -0.85721 -3.55234 -2.68855 -0.396409 -0.909829 -3.56142 -3.09606 -3.57256 -3.19746 -1.32526 -3.18495 -1.71257 -0.584057 -3.45399 -1.16558 -2.25382 -0.900373 -2.12344 -3.32091 -0.696863 -3.35911 -2.37543 -1.34204 -0.177693 -0.434618 -1.47819 -0.331106 -0.721703 -3.49973
internal_weight=60299.4 5653.27 54646.1 1136.51 4516.76 1349.32 54473 1273.15 53199.8 1545.72 303.364 833.145 389.514 959.81 1094.7 290.942 119.505 178.453 272.338 757.404 173.162 743.775 415.566 77.2069 3167.44 467.785 59.8965 668.868 183.859 1130.15
internal_count=1979561 93538 1886023 32680 60858 22799 1883343 40068 1843275 49691 5966 26714 8666 14133 37064 5412 3090 3004 6805 24972 2680 24712 11082 1527 38059 6422 1239 8721 2876 38609
is_linear=0
shrinkage=1


Tree=1
num_leaves=31
num_cat=0
split_feature=11 9 7 14 11 11 7 3 1 3 4 4 4 3 7 7 3 14 7 3 5 3 6 12 7 5 11 12 3 3
split_gain=190343 13215.9 8321.57 6517.51 5413.65 3896.59 8655.11 1036.81 1028.49 1022.86 799.106 771.759 690.979 983.743 688.534 2122.18 988.461 640.535 531.22 507.653 500.166 481.879 477.374 425.154 7038.51 402.669 356.947 316.834 301.2 286.125
threshold=0.19292803853750232 1.0000000180025095e-35 0.47727273404598242 0.61042851209640514 0.39565217494964605 0.12060606107115747 0.43650794029235845 0.1352966129779816 1.0000000180025095e-35 0.66424605250358593 0.97332859039306652 0.26365442574024206 0.27334994077682501 0.53603380918502819 0.057189542800188072 0.18465909361839297 0.6490655541419984 0.76308831572532665 0.73214286565780651 0.86972236633300792 1.5000000000000002 0.4979898482561112 0.4014925360679627 1.0000000180025095e-35 0.47727273404598242 7.5000000000000009 0.63961037993431102 1.0000000180025095e-35 0.85536885261535656 0.90521115064620983
decision_type=2 2 2 2 2 2 2 2 2 2 2 2 2 2 2 2 2 2 2 2 2 2 2 2 2 2 2 2 2 2
left_child=1 2 19 4 7 17 28 25 10 -9 -4 -6 -5 22 16 -16 -15 23 20 -1 -10 26 -14 -3 -25 -2 -13 29 -7 -8
right_child=3 5 8 12 11 6 27 9 18 -11 -12 21 13 14 15 -17 -18 -19 -20 -21 -22 -23 -24 24 -26 -27 -28 -29 -30 -31
leaf_value=-0.088095243887480509 0.25649350545423366 -0.10009409102449851 0.40730776885175646 0.37617665333712003 0.24482326541086202 -0.083471249297418615 0.10459364139243615 -0.072240662859351185 -0.10860872412443044 0.19477201301232216 0.84845241928541659 -0.046487243222345702 0.39893482674530856 0.66746148315825538 -0.049492862936142162 0.22182610917981666 0.26627334252753926 0.1201308277682802 0.32101554084627815 0.24434617788434734 0.2244137383614212 0.33059676407379635 0.010189029260574996 -0.095880090453671379 0.63389862402750297 -0.04120116136382565 0.36606868367007372 0.34688823443419059 0.19441188338847351 0.27463295843881069
leaf_weight=891.82165054231882 167.73673891276121 41249.424252970144 182.48443933948874 290.61269199103117 1452.4445626232773 2574.5552070643753 137.16215798817575 1675.2043067440391 54.085482167080045 156.90535377152264 52.984741199761629 198.31512411311269 35.296670088544488 63.300373466685414 290.63523672521114 35657.857108546421 2060.2278550025076 135.62715274654329 785.2751393020153 48.428628426045179 271.43007956072688 53.862932315096259 300.66954283975065 2689.1137825902551 138.99030348844826 62.317115852609277 23.451966881752014 402.37451383844018 39.606037817895412 355.30296244286001
leaf_count=32512 2212 1563743 2510 1828 5503 94028 2556 57981 1043 1123 561 6250 473 390 5123 64250 3143 2051 7088 858 5122 344 6469 101783 1708 1918 479 841 553 4241
internal_value=0.0546744 -0.0775522 0.157303 0.210303 0.0851566 -0.0888048 0.0126252 -0.024247 0.316734 -0.0493732 0.506573 0.215711 0.22256 0.221398 0.222901 0.219633 0.278232 -0.0968548 0.276491 -0.0709725 0.169081 0.0623039 0.0510307 -0.0975225 -0.0600143 0.175854 -0.00285927 0.281059 -0.0792612 0.227273
internal_weight=92497.5 50008.7 2286.51 42488.8 3790.24 47722.2 3509 2062.16 1346.26 1832.11 235.469 1728.07 38698.6 38408 38072 35948.5 2123.53 44213.2 1110.79 940.25 325.516 275.63 335.966 44077.5 2828.1 230.054 221.767 894.84 2614.16 492.465
internal_count=1978684 1821198 49694 157486 75810 1771504 102219 63234 16324 59104 3071 12576 81676 79848 72906 69373 3533 1669285 13253 33370 6165 7073 6942 1667234 103491 4130 6729 7638 94581 6797
is_linear=0
shrinkage=0.1


Tree=2
num_leaves=31
num_cat=0
split_feature=10 9 3 3 10 10 7 14 12 2 10 7 12 14 7 3 9 7 10 3 7 3 7 7 6 1 2 2 12 6
split_gain=161685 11679.4 4846.53 4069.56 5273.74 1435.99 2896.57 7485.4 2611.95 1413.58 1171.38 6760.06 2514.73 4664.79 1078.07 924.841 724.22 631.932 2038.97 4557.45 1614.01 629.842 582.957 551.075 476.68 475.001 452.899 451.605 394.785 387.3
threshold=0.61441847681999218 1.0000000180025095e-35 0.85536885261535656 0.57801935076713573 0.82691356539726268 0.64722883701324474 0.47727273404598242 0.79069387912750255 1.0000000180025095e-35 0.270728349685669 0.56939375400543224 0.47727273404598242 1.0000000180025095e-35 0.79069387912750255 0.057189542800188072 0.21081871539354327 0.42586620151996618 0.057189542800188072 0.75484195351600658 0.85536885261535656 0.18465909361839297 0.6490655541419984 0.18465909361839297 0.10263158008456232 0.4014925360679627 1.0000000180025095e-35 0.7577352523803712 0.680425524711609 1.0000000180025095e-35 0.47114317119121557
decision_type=2 2 2 2 2 2 2 2 2 2 2 2 2 2 2 2 2 2 2 2 2 2 2 2 2 2 2 2 2 2
left_child=1 2 -1 4 15 6 14 8 -8 23 -3 26 16 -14 27 -2 -13 18 19 -7 -19 -20 24 29 -11 -4 -12 -5 -28 -6
right_child=3 10 25 5 9 17 7 -9 -10 22 11 12 13 -15 -16 -17 -18 20 21 -21 -22 -23 -24 -25 -26 -27 28 -29 -30 -31
leaf_value=-0.064431054628104459 0.12735270631099702 -0.098173807372841565 0.32755507022267483 0.6320239286862166 0.30076686125829827 1.7938362403767532 1.0883671096477483 0.15180148391828086 2.497165172486203 0.27153421135085193 -0.093051922246850272 0.92480417547251847 2.3737267745478685 0.19557521215998896 -0.030351256544087903 -0.07873801524729869 0.25063463936384517 -0.05455999066725762 0.47178272736136218 0.23482679744928139 0.19261463566969694 0.21449089161624532 0.35139876457491748 1.1906924973894666 -0.010846986380971084 0.19467480676932433 0.21587729927317026 2.4500777132927549 1.5250147940010823 0.19626858732791957
leaf_weight=914.69398869946599 257.8304132912308 41528.885095188394 333.80497067049146 3.2644348777830592 468.76400251500309 27.169816898182034 33.483190840110183 86.631444081664085 21.682481929659843 67.715062096714973 1006.2807923778892 20.139146294444799 20.703351523727179 18.725196540355682 102.15144287981093 1400.5863724444062 76.317069051787257 266.0573986582458 99.662410894408822 60.514595657587051 37405.746334424242 2098.4114515334368 59.331247607246041 5.8870370443910351 510.13377176225185 1385.9504491016269 14.98762994259596 2.3497695475816727 2.7218425907194606 1457.2547789718956
leaf_count=33975 4798 1729323 2507 100 2650 361 843 195 224 691 40955 583 216 25 3828 51198 1972 4538 285 92 66037 2924 356 38 12120 13204 519 36 41 4922
internal_value=0.0500974 -0.0827948 0.121549 0.185647 0.0923169 0.19546 0.43459 0.731591 1.64209 0.182055 -0.0954054 0.00371482 0.666438 1.33929 0.0437978 -0.0466975 0.391395 0.193967 0.245021 0.7179 0.190869 0.226157 0.0528932 0.224655 0.0222438 0.220467 -0.0842293 1.39295 0.417084 0.221702
internal_weight=89757.8 45323.2 2634.45 44434.6 4227.5 40207.1 249.563 141.797 55.1657 2569.09 42688.8 1159.88 135.885 39.4285 107.766 1658.42 96.4562 39957.6 2285.76 87.6844 37671.8 2198.07 637.18 1931.91 577.849 1719.76 1023.99 5.6142 17.7095 1926.02
internal_count=1979556 1823320 49686 156236 76773 79463 5226 1262 1067 20777 1773634 44311 2796 241 3964 55996 2555 74237 3662 453 70575 3209 13167 7610 12811 15711 41515 136 560 7572
is_linear=0
shrinkage=0.1


Tree=3
num_leaves=31
num_cat=0
split_feature=10 9 7 14 10 10 3 3 2 2 3 3 10 7 7 7 2 7 5 2 10 14 1 7 5 1 2 3 4 11
split_gain=130936 10229.7 3481.36 3166.51 2998.47 1277.14 3704.13 1170.2 628.723 528.855 597.151 371.668 529.232 706.074 928.255 337.657 286.641 284.312 273.383 261.072 249.445 272.543 222.389 245.096 322.88 211.472 207.723 341.083 218.518 187.094
threshold=0.62090381979942333 1.0000000180025095e-35 0.43650794029235845 0.63549479842185985 0.80814999341964733 0.5578589439392091 0.85536885261535656 0.69681817293167125 0.19433516263961795 0.25158227980136877 0.47559523582458502 0.86381819844245922 0.88251724839210521 0.057189542800188072 0.31666667759418493 0.13809524476528171 0.43353414535522466 0.47727273404598242 3.5000000000000004 0.74115687608718883 0.64722883701324474 0.79069387912750255 1.0000000180025095e-35 0.78888890147209179 2.5000000000000004 1.0000000180025095e-35 0.25866188108921057 0.53065094351768505 0.20761494338512423 0.053342817351222045
decision_type=2 2 2 2 2 2 2 2 2 2 2 2 2 2 2 2 2 2 2 2 2 2 2 2 2 2 2 2 2 2
left_child=1 2 19 4 7 29 17 8 18 -6 15 12 13 16 -15 -11 -5 -7 -2 -1 21 -13 -4 24 -24 -8 28 -28 -14 -3
right_child=3 5 22 11 9 6 25 -9 -10 10 -12 20 26 14 -16 -17 -18 -19 -20 -21 -22 -23 23 -25 -26 -27 27 -29 -30 -31
leaf_value=-0.092510531165429732 0.21930529199854118 -0.10170888824147845 0.23658563120633255 -0.063489944809118043 0.18650058047579354 -0.090063017077244623 0.4377406156287566 0.14603153241216205 -0.079706189511095135 -0.018813008841718454 0.17130089743431223 0.36797795792033011 0.18911435158372084 -0.04378463731203823 0.12471356227636565 0.41972347186625253 0.23897397998069683 0.19187170890850716 0.014751879475824223 0.063103152243444746 0.17813446480214554 0.13296823948915673 -0.10119665746598019 0.18908677422107065 0.13234662888813828 0.24382105425241396 0.054229302482142284 0.17419024212187198 0.37087746674098865 -0.084936173779980362
leaf_weight=718.97051961347461 98.133360169827938 28806.407066965476 424.80091960728168 33.517574159428477 1781.0396905466914 1358.4351732246578 70.814006229862571 388.31274760141969 1233.106555160135 379.53623826429248 431.61259385198355 140.99708685092628 180.81912869215012 421.16034940257668 1461.5363637842238 18.40920889005065 480.54713113978505 36.735601857304573 195.50084494799376 126.82971659116447 32581.80084566772 75.91752789914608 65.387102095410228 918.41518644988537 625.40924918279052 273.15860480815172 250.72542907297611 4335.2232493422925 104.29018549993634 8646.7476222515106
leaf_count=30100 1144 1321790 3084 567 6174 60009 660 2328 46571 10498 1752 634 374 6542 5119 310 999 575 5325 3149 50415 168 1116 4761 7438 3425 3358 8710 498 391292
internal_value=0.0459638 -0.0805802 0.101328 0.165356 0.0860676 -0.0939467 -0.0101753 -0.0089685 -0.0483914 0.155783 0.0898336 0.174312 0.153852 0.115382 0.0870204 0.00147397 0.219253 -0.0826395 0.0831142 -0.0691759 0.178846 0.285727 0.172229 0.15524 0.110241 0.283743 0.172781 0.167632 0.255602 -0.0978366
internal_weight=86664.3 42072.1 2879.81 44592.2 4525.65 39192.3 1739.14 1915.05 1526.74 2610.6 829.558 40066.5 7267.82 2396.76 1882.7 397.945 514.065 1395.17 293.634 845.8 32798.7 216.915 2034.01 1609.21 690.796 343.973 4871.06 4585.95 285.109 37453.2
internal_count=1978885 1827399 49648 151486 74102 1777751 64669 55368 53040 18734 12560 77384 26167 13227 11661 10808 1566 60584 6469 33249 51217 802 16399 13315 8554 4085 12940 12068 872 1713082
is_linear=0
shrinkage=0.1


Tree=4
num_leaves=31
num_cat=0
split_feature=10 9 3 10 4 10 3 2 7 10 2 4 7 9 11 10 5 14 6 5 3 11 7 9 11 7 2 14 1 1
split_gain=109690 8657.49 2828.79 3399.63 2306.05 1166.31 2747.77 670.501 528.97 342.065 276.055 865.635 244.066 227.482 286.527 272.094 219.034 217.848 208.785 228.532 181.018 173.414 2001.03 885.777 170.236 168.118 167.217 161.385 173.589 168.428
threshold=0.62090381979942333 1.0000000180025095e-35 0.73100960254669201 0.84384033083915722 0.79743590950965892 0.55391839146614086 0.85536885261535656 0.19433516263961795 0.47727273404598242 0.92768564820289623 0.52851876616477977 0.77032968401908886 0.47727273404598242 0.47138307988643652 0.16064515709877017 0.56939375400543224 11.500000000000002 0.41662809252738958 0.48181217908859258 6.5000000000000009 0.85251155495643627 0.15075758099555972 0.47727273404598242 0.37022455036640173 0.35857143998146063 0.47727273404598242 0.096006143838167204 0.44417591392993933 1.0000000180025095e-35 1.0000000180025095e-35
decision_type=2 2 2 2 2 2 2 2 2 2 2 2 2 2 2 2 2 2 2 2 2 2 2 2 2 2 2 2 2 2
left_child=1 4 3 7 -1 21 12 16 24 17 11 20 -7 15 -15 -8 -2 -5 26 -20 -4 -3 -23 -24 -9 -19 -11 29 -29 -6
right_child=2 5 10 9 27 6 13 8 -10 18 -12 -13 -14 14 -16 -17 -18 25 19 -21 -22 22 23 -25 -26 -27 -28 28 -30 -31
leaf_value=-0.083363819580282592 0.13822143940151307 -0.098441027266277126 0.19001263771270643 0.19781409889378335 0.1122180883586148 -0.089470052374474224 0.67370170729362999 -0.078435356992116831 0.18856068346118257 -0.027967191782703345 0.1619903134296565 0.1678546204930115 0.14897947919812052 0.033123151695317508 0.25139118911277664 0.25935906976807871 -0.019255089318237838 0.076203385385799557 0.16729781169794888 0.074752696828902551 -0.073808883884022472 -0.098092044887095747 1.6654217054479052 0.39758924523842665 0.0056742172986476991 0.19099842481780066 0.22618950993457121 0.1944598086183198 0.12242390396790587 -0.062412309904256225
leaf_weight=661.13954329304397 305.3994807600975 33348.825913382694 29.193736884742975 216.43344638682902 154.80607848614454 1342.2400657981634 17.753655355423689 1219.7072789110243 89.323007151484489 27.032667517662048 37490.143822491169 668.24770963378251 44.343491267412901 110.68717453256249 131.70828362554312 147.72520219534636 124.2617866396904 1122.3517349455506 1263.7690153121948 338.25217274948955 238.30522067844868 589.93659945949912 6.276869921013712 45.141203610226512 299.77979702875018 143.93648515641689 610.6282614339143 413.98849796131253 1742.7059674933553 85.863581059500575
leaf_count=29635 3585 1677458 46 867 2830 64734 476 45813 181 96 64493 1180 625 2209 886 953 3459 11452 3925 2404 4250 28570 151 1421 7337 253 1972 1908 12392 2725
internal_value=0.0430896 -0.0795003 0.150854 0.085508 0.0819849 -0.0933024 -0.0147303 -0.0183001 -0.0479388 0.142356 0.160651 0.107002 -0.0818443 0.213426 0.151722 0.303812 0.0926779 0.105099 0.16702 0.147758 -0.0450165 -0.0974505 -0.0459446 0.55236 -0.0618414 0.0892519 0.215415 0.127584 0.136252 0.0499153
internal_weight=83029.9 38843.1 44186.8 5760.88 3058.5 35784.6 1794.46 2038.47 1608.81 3722.4 38425.9 935.747 1386.58 407.874 242.395 165.479 429.661 1482.72 2239.68 1602.02 267.499 33990.2 641.355 51.4181 1519.49 1266.29 637.661 2397.36 2156.69 240.67
internal_count=1978286 1826973 151313 81344 49490 1777483 69883 60375 53331 20969 69969 5476 65359 4524 3095 1429 7044 12572 8397 6329 4296 1707600 30142 1572 53150 11705 2068 19855 14300 5555
is_linear=0
shrinkage=0.1


Tree=5
num_leaves=31
num_cat=0
split_feature=10 9 3 10 4 10 3 12 2 7 3 12 7 4 12 12 12 12 12 7 11 2 9 2 3 11 7 11 7 11
split_gain=92052.9 7950.48 2532.45 2727.75 1821.33 1160.51 2137.93 648.755 511.865 398.18 363.193 616.779 716.094 519.716 277.962 275.239 237.966 319.945 230.726 7005.84 2326.04 635.959 192.798 191.943 326.86 311.077 176.086 175.347 206.21 156.378
threshold=0.62090381979942333 1.0000000180025095e-35 0.73100960254669201 0.84384033083915722 0.79743590950965892 0.5578589439392091 0.85536885261535656 1.0000000180025095e-35 0.21132376790046695 0.47727273404598242 0.86743059754371654 1.0000000180025095e-35 0.057189542800188072 0.7454303801059724 -1.0000000180025095e-35 1.0000000180025095e-35 -1.0000000180025095e-35 1.0000000180025095e-35 1.0000000180025095e-35 0.58571431040763866 0.048199767246842391 0.8841681480407716 0.33971422910690313 0.26442842185497289 0.4907375723123551 0.50806450843811046 0.47727273404598242 0.24621212482452395 0.73214286565780651 0.35857143998146063
decision_type=2 2 2 2 2 2 2 2 2 2 2 2 2 2 2 2 2 2 2 2 2 2 2 2 2 2 2 2 2 2
left_child=1 4 3 8 -1 18 26 14 15 29 11 12 -4 -14 -5 22 -8 -18 27 21 -21 -20 -2 25 -25 -9 -7 -3 -29 -10
right_child=2 5 10 7 -6 6 16 23 9 -11 -12 -13 13 -15 -16 -17 17 -19 19 20 -22 -23 -24 24 -26 -27 -28 28 -30 -31
leaf_value=-0.083195942611206913 0.63946574620900831 -0.099517474962570546 0.20361576319416905 0.12857081006362867 0.10800667238082018 -0.088618313371025825 0.39575209578033155 0.29315470516035619 -0.077088818175327894 0.16186136974489207 0.15278292107111116 0.15032924544916115 -0.071121602802660985 0.079557173721383184 0.029604836682279919 0.16081854670304893 0.071709646366657054 0.24988131040806807 -0.096043994785567674 0.17706744657536616 1.3818941228313142 1.6793930853482164 -0.0031788414133932944 0.043076420491503779 0.15924644853327605 0.16001983892161248 0.11102107460003854 0.13057089302922489 1.6266304454391023 0.0049558105343443523
leaf_weight=614.76941104792058 4.7482949551194897 28361.42308858037 409.96316981315613 450.56691034883261 2627.3327323682606 1141.4499598108232 43.934426944702864 203.36023509129882 1109.3764320313931 85.91832984238863 31344.216980092227 3845.3672522567213 268.54311636835337 1550.9705544598401 766.77096391282976 200.88581384904683 226.99386426433921 181.26942467316985 2650.6354314796627 25.627168953418732 42.761067064478993 2.01905951835215 277.21840127930045 348.95165354944766 791.70338872261345 1281.1886573322117 45.959525506943464 3.8364008087664834 1.212508328258991 293.84908067807555
leaf_count=29864 69 1568945 689 1910 19944 59933 410 1006 44802 176 51448 7611 4061 6087 7554 3076 3362 314 143485 664 556 40 5133 5579 1912 3005 569 153 15 7204
internal_value=0.0405713 -0.0776222 0.138905 0.077508 0.0717507 -0.0924197 -0.0104234 0.126575 -0.0181015 -0.0471126 0.148446 0.126067 0.08422 0.0573184 0.0662346 0.0713702 0.174615 0.150818 -0.0967444 -0.0689287 0.930409 -0.0946926 0.00764324 0.154555 0.123707 0.178257 -0.0808911 -0.0994126 0.489853 -0.0599079
internal_weight=79202.8 35969.2 43233.6 5814.54 3242.1 32727.1 1639.61 3842.54 1972 1489.14 37419.1 6074.84 2229.48 1819.51 1217.34 482.853 452.198 408.263 31087.5 2721.04 68.3882 2652.65 281.967 2625.2 1140.66 1484.55 1187.41 28366.5 5.04891 1403.23
internal_count=1979576 1828254 151322 81426 49808 1778446 64588 20966 60460 52182 69896 18448 10837 10148 9464 8278 4086 3676 1713858 144745 1220 143525 5202 11502 7491 4011 60502 1569113 168 52006
is_linear=0
shrinkage=0.1


Tree=6
num_leaves=31
num_cat=0
split_feature=14 12 9 14 2 3 9 7 12 9 4 7 14 3 12 3 5 1 12 9 5 7 5 3 1 2 12 7 6 7
split_gain=61523.4 6314.5 6102.16 3514.49 2509.59 1426.77 1404.21 1384.39 763.557 708.155 574.36 571.112 489.339 487.067 469.745 573.997 551.986 460.026 433.741 425.366 404.063 387.925 363.984 297.778 283.584 196.546 148.308 135.663 120.485 118.785
threshold=0.69971948862075817 1.0000000180025095e-35 1.0000000180025095e-35 0.53550365567207348 0.19433516263961795 0.21081871539354327 0.46759706735610967 0.42261904478073126 1.0000000180025095e-35 0.5278482735157014 0.79743590950965892 0.064583335071802153 0.66083624958992015 0.54261502623558056 1.0000000180025095e-35 0.86381819844245922 6.5000000000000009 1.0000000180025095e-35 -1.0000000180025095e-35 0.56345811486244213 7.5000000000000009 0.057189542800188072 4.5000000000000009 0.74070933461189281 1.0000000180025095e-35 0.74115687608718883 -1.0000000180025095e-35 0.10263158008456232 0.91240409016609203 0.47727273404598242
decision_type=2 2 2 2 2 2 2 2 2 2 2 2 2 2 2 2 2 2 2 2 2 2 2 2 2 2 2 2 2 2
left_child=1 2 7 4 9 20 8 25 26 28 11 13 29 -5 15 16 24 -14 -17 -20 -4 -18 -13 -6 -8 -1 -2 -25 -3 -7
right_child=6 3 5 10 23 12 14 -9 -10 -11 -12 22 17 -15 -16 18 21 -19 19 -21 -22 -23 -24 27 -26 -27 -28 -29 -30 -31
leaf_value=-0.089908926034205652 0.071010665613769716 -0.053941450504003889 0.082504594628174402 0.087802012683278308 -0.086747105385300477 -0.09652334672203372 0.11916993438424779 0.093643040320717935 0.15689661256708212 0.13255597037115543 0.16704912856450352 0.081417206034524653 0.0056972299459969325 0.24836053531743474 0.14331647975651424 0.15854541674998102 0.14104106385659423 -0.073099741986617353 0.053070840612480866 0.12537612341195847 -0.068997545029805402 -0.038760720189208529 -0.068789102040161004 1.1707770653598706 -0.081995972944384488 0.039272769766413709 -0.039337889368025264 0.26681785294174643 0.074192976225203586 -0.080727043753595892
leaf_weight=568.0590392742306 145.46696127019823 318.98143743723631 654.26492615789175 833.88041584379971 2514.7465496510267 17039.481958948076 1293.050432080403 2632.5886989999563 328.53432641923428 936.47795498929918 1333.4260817058384 318.1300918739289 960.95607472211123 244.29012708179653 24213.763658959419 3242.4685014355928 152.68874523788691 3235.5278703849763 989.07871380634606 4586.522577047348 240.84253587760031 560.39072935469449 327.30709790065885 2.032095765694975 74.092084929347038 148.5834464840591 748.45990981161594 9.0719439666718227 95.311368897557259 6606.0700967926532
leaf_count=29791 3873 15958 8288 10512 140507 996596 3703 16645 573 5685 4074 6971 29565 1063 40429 6887 285 176319 21745 12143 8019 8037 15081 15 421 3089 35088 108 2788 374287
internal_value=0.0382511 -0.0489419 -0.0676421 0.0375957 -0.0256271 -0.08253 0.131889 0.060099 0.0265307 0.0843969 0.117768 0.0796437 -0.0865252 0.124181 0.135557 0.118316 0.0710654 -0.055056 0.129463 0.11255 0.0417406 -0.000260511 0.00524621 -0.0844655 0.108268 -0.0631253 -0.0213811 0.432247 -0.0244631 -0.0921102
internal_weight=75354.5 39020 32086.4 6933.66 3876.62 28737.1 36334.5 3349.23 1222.46 1350.77 3057.03 1723.61 27842 1078.17 35112.1 10898.3 2080.22 4196.48 8818.07 5575.6 895.107 713.079 645.437 2525.85 1367.14 716.642 893.927 11.104 414.293 23645.6
internal_count=1978545 1845361 1642599 202762 165061 1593074 133184 49525 39534 24431 37701 33627 1576767 11575 93650 53221 12446 205884 40775 33888 16307 8322 22052 140630 4124 32880 38961 123 18746 1370883
is_linear=0
shrinkage=0.1


Tree=7
num_leaves=31
num_cat=0
split_feature=10 9 3 10 7 10 7 12 9 12 3 7 5 10 12 11 3 2 7 12 2 3 2 5 10 2 12 12 7 2
split_gain=67885.8 6636.11 2763.3 2331.1 1123.55 567.306 1772.96 833.44 515.732 488.635 462.368 616.333 1040.81 456.586 372.78 273.667 270.978 268.816 310.397 229.624 182.963 266.641 165.19 164.818 145.323 140.802 157.4 132.753 1264.1 169.414
threshold=0.59381821751594555 1.0000000180025095e-35 0.71930795907974254 0.80814999341964733 0.42261904478073126 0.50802230834960949 0.47727273404598242 1.0000000180025095e-35 0.40455932915210729 1.0000000180025095e-35 0.88454905152320873 0.057189542800188072 9.5000000000000018 0.56939375400543224 1.0000000180025095e-35 0.56385868787765514 0.1352966129779816 0.17082066833972934 0.38750000298023229 1.0000000180025095e-35 0.25158227980136877 0.4907375723123551 0.74115687608718883 3.5000000000000004 0.75484195351600658 0.74115687608718883 1.0000000180025095e-35 1.0000000180025095e-35 0.58571431040763866 0.81872946023941051
decision_type=2 2 2 2 2 2 2 2 2 2 2 2 2 2 2 2 2 2 2 2 2 2 2 2 2 2 2 2 2 2
left_child=1 4 3 17 22 27 25 8 -8 15 11 24 14 -9 -13 16 -5 23 -19 -14 -11 -22 -1 -2 -4 -7 -27 -3 29 -29
right_child=2 5 10 9 -6 6 7 13 -10 20 -12 12 19 -15 -16 -17 -18 18 -20 -21 21 -23 -24 -25 -26 26 -28 28 -30 -31
leaf_value=-0.088715530117703015 0.12810590549961862 -0.099844448820630538 0.25261997661487684 0.11247216108782232 0.081557447879747502 -0.097284870272143692 0.26645212798742396 0.51921557367082294 -0.016351250878864965 0.14634218517512174 0.13660059992729331 0.074832240179271634 -0.06323613460800756 0.15744193126023628 0.13237134314344853 0.097236015828699868 -0.029172575367992067 -0.068687195134186946 0.15232252530504417 0.046422911520804279 0.033841260579420419 0.13137900124796872 0.030549847433679524 -0.012950433644771414 0.15215307453858679 -0.015201793269921465 0.4087453049330172 -0.09673752151902143 0.24171366813787218 0.29796990510751498
leaf_weight=524.34806359373033 130.71925996243954 22824.298857548274 159.52676380053163 181.06605537980795 2799.5536698382348 1920.002268970944 79.950173075310886 63.323216877877712 333.35080291423947 1500.4371581170708 28073.689708862454 1858.6226343996823 436.71168330684304 77.682184606790543 2856.3919626511633 631.18662539869547 531.58782005123794 1357.3674762407318 66.66806916706264 339.32559320144355 456.34098179452121 726.4265766479075 149.17120617814362 226.14093145634979 1476.8776600211859 57.998779568821192 10.315082490444182 1652.9358540419489 120.16079439967871 10.946234682574866
leaf_count=30011 1406 1511070 369 632 16626 120988 1955 240 12099 3986 50321 6966 6379 126 5111 2358 9544 65923 309 2604 7100 1968 3070 6068 2348 2824 186 105430 1054 219
internal_value=0.0361571 -0.0764955 0.120282 0.0563758 0.0536596 -0.0931446 -0.0481753 0.109977 0.0383551 0.0985062 0.130826 0.10808 0.0920272 0.319909 0.10969 0.049285 0.00681552 -0.0388913 -0.0583403 -0.0152873 0.123158 0.0937465 -0.0623006 0.038719 0.161947 -0.0922653 0.0488123 -0.097791 -0.07152 -0.0941408
internal_weight=71633.1 30624 41009.1 5807.94 3473.07 27151 2542.62 554.306 413.301 4027.05 35201.1 7127.46 5491.05 141.005 4715.01 1343.84 712.654 1780.9 1424.04 776.037 2683.2 1182.77 673.519 356.86 1636.4 1988.32 68.3139 24608.3 1784.04 1663.88
internal_count=1979290 1805898 173392 99294 49707 1756191 138418 14420 14054 25588 74098 23777 21060 366 12077 12534 10176 73706 66232 8983 13054 9068 33081 7474 2717 123998 3010 1617773 106703 105649
is_linear=0
shrinkage=0.1


Tree=8
num_leaves=31
num_cat=0
split_feature=10 9 3 10 10 4 4 3 12 5 1 12 12 12 11 4 5 3 10 12 3 10 2 2 3 2 1 10 5 12
split_gain=58412.7 5547.21 2031.05 1450.04 1002.59 1889.51 833.944 432.675 554.584 519.566 444.911 411.62 392.423 248.104 242.833 241.129 197.674 191.033 179.111 173.924 1294.96 255.632 160.231 153.471 310.226 128.535 152.771 124.427 216.005 242.625
threshold=0.62090381979942333 1.0000000180025095e-35 0.71930795907974254 0.80814999341964733 0.5246713161468507 0.75905716419219982 0.75162336230278026 0.88893985748291027 1.0000000180025095e-35 5.5000000000000009 1.0000000180025095e-35 1.0000000180025095e-35 1.0000000180025095e-35 -1.0000000180025095e-35 0.20942982286214831 0.19399641454219821 3.5000000000000004 0.58355855941772472 0.56939375400543224 1.0000000180025095e-35 0.85536885261535656 0.43415953218936926 0.60107529163360607 0.270728349685669 0.51012584567070018 0.92031747102737438 1.0000000180025095e-35 0.91445994377136242 1.0000000180025095e-35 1.0000000180025095e-35
decision_type=2 2 2 2 2 2 2 2 2 2 2 2 2 2 2 2 2 2 2 2 2 2 2 2 2 2 2 2 2 2
left_child=1 6 3 15 19 -6 -1 8 9 10 -4 13 14 -5 -7 -2 -15 -17 -14 -3 -21 -22 -11 -13 -25 26 -8 28 -9 -30
right_child=2 4 7 11 5 12 25 27 -10 22 -12 23 18 16 -16 17 -18 -19 -20 20 21 -23 -24 24 -26 -27 -28 -29 29 -31
leaf_value=-0.083777018281510129 0.042173956369347003 -0.099143436535333987 0.11258741875363731 0.10076880650773178 -0.090411176656879394 0.025172918392881102 0.08842832333666939 0.13495454704465212 0.12412591686909775 -0.060021459761793829 -0.04245792029346309 0.13045921460206811 0.3345695773914647 0.066244490326275648 0.24104106162566416 -0.07784811081579851 -0.030897408581099108 0.020566939349732069 0.14813357451532189 -0.09329672200792162 0.082026568397582766 0.32961959412234826 0.032104881189459943 0.015399804018477931 0.12397674888702644 0.08076492893265183 0.018250196365395131 0.13645941318174479 0.089748819213355188 0.12812466494609964
leaf_weight=451.17544748447835 349.84214775636792 21052.313170793466 1750.9022260773927 470.75724642723799 1621.7368198260665 470.16073895152658 449.41653984598815 6956.8892172127962 4340.1066283565015 270.89056525938213 206.95428838580847 1583.4144952632487 71.135705349966884 364.43959344178438 58.607004546560347 799.20493521727622 492.64547513797879 261.86053037084639 186.96979819610715 1720.8338815774769 89.031068312004209 78.43952670507133 622.90625398978591 429.30965050309896 679.9031234998256 1655.0433420240879 1001.3486754149199 12612.706049203873 3168.7729999646544 3431.5996593981981
leaf_count=28237 6387 1533057 4524 2349 109174 12709 5195 12317 9338 4087 824 4690 476 2696 555 43843 7463 4907 482 119579 1007 344 3088 6686 1729 6242 9986 22216 7913 6132
internal_value=0.0339257 -0.073682 0.114108 0.0573991 -0.0900916 -0.0287156 0.0432634 0.123341 0.101617 0.067358 0.0961984 0.0880078 0.0984382 0.0424435 0.0490991 -0.0298224 0.0104081 -0.0535602 0.199517 -0.0965357 -0.0674627 0.197994 0.00418337 0.110477 0.0819531 0.0617184 0.0399899 0.129311 0.12266 0.109701
internal_weight=67699.3 28906.2 38793.1 5431.38 25349.2 2408.61 3556.98 33361.7 7191.76 2851.65 1957.86 4020.47 786.873 1327.84 528.768 1410.91 857.085 1061.07 258.106 22940.6 1888.3 167.471 893.797 2692.63 1109.21 3105.81 1450.77 26170 13557.3 6600.37
internal_count=1978232 1827043 151189 80750 1777383 123396 49660 70439 21861 12523 5348 25613 14222 12508 13264 55137 10159 48750 958 1653987 120930 1351 7175 13105 8415 21423 15181 48578 26362 14045
is_linear=0
shrinkage=0.1


Tree=9
num_leaves=31
num_cat=0
split_feature=11 9 3 11 11 3 4 11 7 12 3 7 5 2 3 12 6 7 11 3 7 2 5 3 7 5 7 7 5 11
split_gain=47345 4924.48 2613.91 1548.98 1533.05 1591.91 751.381 498.981 895.599 850.559 416.396 534.498 762.413 390.144 494.564 348.386 269.424 252.802 171.156 162.06 186.821 160.188 224.636 122.28 227.673 117.84 117.253 387.691 356.307 145.604
threshold=0.18019481003284457 1.0000000180025095e-35 0.71930795907974254 0.29520697891712194 0.12060606107115747 0.85536885261535656 0.75162336230278026 0.057983193546533592 0.47727273404598242 1.0000000180025095e-35 0.88893985748291027 0.057189542800188072 9.5000000000000018 0.24283374845981601 0.51548427343368541 1.0000000180025095e-35 0.41421362757682806 0.078461539000272765 0.3717105239629746 0.21081871539354327 0.38750000298023229 0.077422577887773528 5.5000000000000009 0.69681817293167125 1.0000000180025095e-35 5.5000000000000009 0.96153846383094799 0.78888890147209179 8.5000000000000018 0.50806450843811046
decision_type=2 2 2 2 2 2 2 2 2 2 2 2 2 2 2 2 2 2 2 2 2 2 2 2 2 2 2 2 2 2
left_child=1 6 3 19 7 23 -1 -3 -9 -10 11 -4 15 21 16 -13 -15 -16 -14 -2 -21 22 -5 -6 -25 -7 27 29 -29 -12
right_child=2 4 10 13 5 25 -8 8 9 -11 26 12 18 14 17 -17 -18 -19 -20 20 -22 -23 -24 24 -26 -27 -28 28 -30 -31
leaf_value=-0.085041052599774417 0.022920824901574034 -0.099896760392912246 0.14823916368543982 0.11646911060732555 -0.087412703031014283 0.12976573619711171 0.05764559620987976 -0.092530081470437203 -0.033083472493715821 0.16908927899862461 0.11346854127072606 0.063528857240255893 -0.075771038982727634 0.10302093008250182 0.16327076557317466 0.1195056531086677 -0.031120363128747067 0.058177361065891879 0.024751499088850722 -0.076592587437475712 0.15247502724695253 0.1114435155823468 -0.092967042640353714 0.23369773312656494 -0.045014484839639338 0.038157167526174166 0.1331933783532098 0.093447359163280841 -0.033093192219060603 0.13433555504575409
leaf_weight=416.82374227233231 236.60308775026351 16641.77386728581 1534.8267539273947 109.70885869115591 993.47057148069143 617.81928258109838 3220.5013269558549 3407.0874991780147 1314.6641963897273 247.22636868432164 6333.6229415982962 1909.7823919197544 283.06122128479183 181.84305260423571 323.16349546983838 2661.0938049433753 847.87999726179987 784.63647662289441 421.75491608679295 1022.5522847836837 36.888286128640175 1964.4248486841097 96.048513183370233 32.82823174353689 273.39005354326218 181.71828807145357 9180.3417229820043 1387.1374545954168 265.03330591320992 7083.8703974932432
leaf_count=28307 4901 1336151 2775 230 69340 4136 21415 259998 73184 747 13490 6483 6116 1937 914 5394 22257 3538 2095 59926 188 7822 687 304 10711 1854 17198 3123 927 13238
internal_value=0.0325321 -0.0670479 0.106807 0.0439451 -0.0836685 -0.00208217 0.0412942 -0.0915937 -0.0637854 -0.00108223 0.118148 0.0963003 0.08119 0.0727834 0.0424597 0.0961177 -0.0074318 0.0888348 -0.0156194 -0.0519058 -0.0686168 0.102651 0.0187033 -0.0703834 -0.0151351 0.108945 0.124284 0.118857 0.0731483 0.124485
internal_weight=64011.6 27347.3 36664.3 5603.75 23710 2099.23 3637.33 21610.8 4968.98 1561.89 31060.5 6810.52 5275.69 4307.71 2137.52 4570.88 1029.72 1107.8 704.816 1296.04 1059.44 2170.18 205.757 1299.69 306.218 799.538 24250 15069.7 1652.17 13417.5
internal_count=1979386 1806147 173239 102400 1756425 86345 49722 1670080 333929 73931 70839 22863 20088 37385 28646 11877 24194 4452 8211 65015 60114 8739 917 80355 11015 5990 47976 30778 4050 26728
is_linear=0
shrinkage=0.1


Tree=10
num_leaves=31
num_cat=0
split_feature=10 9 3 10 12 4 11 2 12 10 2 12 12 9 5 11 14 12 2 4 12 10 3 2 5 2 3 12 2 4
split_gain=43043.3 5025.89 2280.82 1355.89 645.099 574.566 571.867 786.256 662.537 532.242 1093.4 420.048 418.632 375.456 220.683 193.147 168.376 145.715 755.771 402.574 134.734 137.179 132.819 113.338 110.204 103.283 207.642 98.7946 89.3113 83.5458
threshold=0.59381821751594555 1.0000000180025095e-35 0.73100960254669201 0.77116307616233837 1.0000000180025095e-35 0.75162336230278026 0.56385868787765514 0.95538970828056347 -1.0000000180025095e-35 0.50802230834960949 0.68783602118492138 1.0000000180025095e-35 1.0000000180025095e-35 0.34765821695327764 2.5000000000000004 0.73508772253990184 0.28498871624469763 1.0000000180025095e-35 0.67826876044273388 0.5604878067970277 1.0000000180025095e-35 0.68307831883430492 0.85536885261535656 0.85867896676063549 6.5000000000000009 0.25158227980136877 0.54303351044654857 -1.0000000180025095e-35 0.19433516263961795 0.055946791544556625
decision_type=2 2 2 2 2 2 2 2 2 2 2 2 2 2 2 2 2 2 2 2 2 2 2 2 2 2 2 2 2 2
left_child=1 5 3 16 6 -1 7 8 -4 17 -11 13 14 -12 28 -16 24 -3 -19 -20 -18 -22 -8 -7 27 29 -27 -2 -5 -14
right_child=2 9 4 12 -6 23 22 -9 -10 10 11 -13 25 -15 15 -17 20 18 19 -21 21 -23 -24 -25 -26 26 -28 -29 -30 -31
leaf_value=-0.080299365440010637 0.69134641441562017 -0.098947591575099303 0.11281574354926614 0.11732894901091501 0.12196235809941867 0.019890753831335133 0.087680941685025438 0.12990600102542368 0.03800181693732408 -0.090532069773755469 0.31156113170454763 0.19309880144532127 -0.049843424956839265 -0.01305132195418387 -0.020210664298932413 0.10251567762384371 -0.08126405840178233 -0.094911646944972353 1.787300214060652 0.10261952642926818 -0.059189819170292306 0.046046423753670046 0.14112704415782293 0.060827318982265705 -0.053925554323095731 0.027414439951998416 0.10613058954438051 0.18116163884421152 0.03745626373003387 0.11275563047461004
leaf_weight=382.7524064425379 4.510156566277149 17131.122856651433 1644.4583968780935 277.47283879294991 19504.713513146155 947.50413005240262 585.92808577045798 2128.9087048694491 4224.780732864514 1506.1098444964737 38.900809136219323 183.29370895214379 32.289486929774284 423.90675272978842 840.63579716533422 151.32001103460789 748.96624373551458 1239.6405625296757 1.4286547452211369 198.37380754202604 291.73544281162322 215.26754674594849 2252.4107027202845 2363.0213102474809 18.03910933341831 601.15713590197265 757.21523844171315 23.95639789570123 282.54953031521291 1480.1400780705735
leaf_count=28246 65 1510463 4050 520 41311 10871 1570 4270 17950 120345 768 1160 126 16036 12587 453 42086 103614 52 3269 17095 7792 4331 10577 616 9082 1835 409 2784 4349
internal_value=0.0307597 -0.0717704 0.10017 0.0422787 0.111094 0.0356995 0.0915314 0.0778465 0.0589634 -0.0909241 -0.0438479 0.0649762 0.0686877 0.0142336 0.0268443 -0.00148911 -0.0473976 -0.0963799 -0.0658212 0.114666 -0.0543162 -0.0145077 0.130094 0.0491109 0.139452 0.0913086 0.0712942 0.261994 0.0770306 0.109284
internal_weight=60482.5 24416.1 36066.5 5725.26 30341.2 3693.28 10836.5 7998.15 5869.24 20722.8 2152.21 646.101 4422.78 462.808 1551.98 991.956 1302.47 18570.6 1439.44 199.802 1255.97 507.003 2838.34 3310.53 46.5057 2870.8 1358.37 28.4666 560.022 1512.43
internal_count=1978682 1805401 173281 99799 73482 49694 32171 26270 22000 1755707 138309 17964 31736 16804 16344 13040 68063 1617398 106935 3321 66973 24887 5901 21448 1090 15392 10917 474 3304 4475
is_linear=0
shrinkage=0.1


Tree=11
num_leaves=31
num_cat=0
split_feature=10 10 3 12 11 10 7 7 10 2 7 12 11 7 12 2 12 12 5 3 12 7 5 7 1 5 6 7 11 7
split_gain=37386 4606 2160.23 1234.6 715.122 574.014 1137.57 513.027 395.329 345.537 389.482 344.759 419.579 590.233 614.158 295.333 284.849 278.969 208.997 203.62 154.875 741.212 145.797 137.266 126.638 154.913 124.787 115.344 99.3768 94.4811
threshold=0.59381821751594555 1.0000000180025095e-35 0.85536885261535656 1.0000000180025095e-35 0.44722221791744238 0.50802230834960949 0.38750000298023229 0.31666667759418493 0.68307831883430492 0.56992483139038097 0.074175827205181136 1.0000000180025095e-35 0.56385868787765514 0.96153846383094799 -1.0000000180025095e-35 0.5990654230117799 1.0000000180025095e-35 -1.0000000180025095e-35 6.5000000000000009 0.1352966129779816 1.0000000180025095e-35 0.47727273404598242 3.5000000000000004 0.78888890147209179 1.0000000180025095e-35 1.5000000000000002 0.41421362757682806 0.96153846383094799 0.80322581529617321 0.31666667759418493
decision_type=2 2 2 2 2 2 2 2 2 2 2 2 2 2 2 2 2 2 2 2 2 2 2 2 2 2 2 2 2 2
left_child=1 7 3 4 9 20 -7 -1 15 19 -11 12 13 14 -4 29 17 -8 -6 -2 -3 -22 -10 24 -9 -26 -24 -25 -20 -5
right_child=2 5 11 8 18 6 16 23 22 10 -12 -13 -14 -15 -16 -17 -18 -19 28 -21 21 -23 26 27 25 -27 -28 -29 -30 -31
leaf_value=-0.084363689832712002 0.025532902736453152 -0.098785145502512939 0.12212683145917114 -0.067904750745723705 0.086888123667835021 -0.090432464588243458 0.21205094331441524 0.057891647556817132 0.11111818116502395 0.15783543029234401 -0.0040587489982809545 0.12047940054156547 0.13335265506959243 0.12639459072334838 0.038272600063095769 0.14673169007437253 0.17999518105172599 -0.0027067804447454395 0.00046326251094303943 -0.074565272068740029 -0.093965473750898143 0.11667192592995593 0.11431241794239466 0.1523123114298971 -0.11147516279255031 0.016542094617660298 0.067449175333944178 0.057186271419588999 0.13104387416281321 0.21709753884155553
leaf_weight=346.81997050251812 252.77111780457199 15552.601120458916 1211.6051488481462 296.41836727689952 1231.0478114187717 1398.6695569679141 71.311472193337977 747.67568983510137 2488.9945128438994 174.67458710353822 995.57186264917254 15637.658146262169 2191.8557696342468 2086.6120841950178 3129.3565989509225 92.812243933789432 172.98192384839058 398.46096103265882 531.44162277877331 1036.6903169136494 1153.6375714931637 195.34823180921376 747.05238696280867 140.9524709135294 103.67548834346235 1071.117193967104 2373.4432111475617 1332.246172696352 65.459811095148325 12.106928781606255
leaf_count=26439 3601 1510645 2270 17450 3971 122216 1611 7518 9061 439 9258 33883 4385 4454 9274 1196 448 14068 3597 49887 105453 1500 3462 493 1682 9093 16945 4409 155 180
internal_value=0.0298559 -0.0698879 0.095337 0.0569642 0.015969 -0.0899161 -0.0398281 0.0314875 0.086207 -0.0192373 0.0201061 0.111628 0.0955706 0.0826867 0.0616771 -0.009671 0.0702897 0.0298934 0.063343 -0.0549432 -0.0959659 -0.0634628 0.0930667 0.04332 0.0257198 0.00524457 0.0786683 0.0662877 0.0147835 -0.0567209
internal_weight=57241.1 22685.5 34555.6 10298.5 4287.66 18943 2041.42 3742.49 6010.83 2459.71 1170.25 24257.1 8619.43 6427.57 4340.96 401.338 642.754 469.772 1827.95 1289.46 16901.6 1348.99 5609.49 3395.67 1922.47 1174.79 3120.5 1473.2 596.901 308.525
internal_count=1979043 1805575 173468 119202 70908 1755941 138343 49634 48294 63185 9697 54266 20383 15998 11544 18826 16127 15679 7723 53488 1617598 106953 29468 23195 18293 10775 20407 4902 3752 17630
is_linear=0
shrinkage=0.1


Tree=12
num_leaves=31
num_cat=0
split_feature=10 9 3 10 5 10 7 7 9 10 7 7 5 3 1 4 5 2 7 11 1 1 10 10 10 11 9 10 7 9
split_gain=32004.5 4405.09 2077.64 1094.1 608.398 534.627 1065.96 450.46 395.405 274.673 400.17 337.2 283.947 269.512 315.321 218.683 202.764 192.096 427.962 189.723 163.41 159.404 138.93 129.03 127.353 94.579 208.552 194.561 151.946 76.2236
threshold=0.59381821751594555 1.0000000180025095e-35 0.86381819844245922 0.88251724839210521 5.5000000000000009 0.49767422676086431 0.38750000298023229 0.31666667759418493 0.40455932915210729 0.92768564820289623 0.96153846383094799 0.78888890147209179 5.5000000000000009 0.73100960254669201 1.0000000180025095e-35 0.13840996474027636 3.5000000000000004 0.57712131738662731 0.087121214717626586 0.13840996474027636 1.0000000180025095e-35 1.0000000180025095e-35 0.77116307616233837 0.92768564820289623 0.55013227462768566 0.053342817351222045 0.27297566831111914 0.41309450566768652 0.58571431040763866 0.79187294840812694
decision_type=2 2 2 2 2 2 2 2 2 2 2 2 2 2 2 2 2 2 2 2 2 2 2 2 2 2 2 2 2 2
left_child=1 7 3 4 13 25 -7 -1 24 10 11 21 -13 15 -15 -2 20 22 -19 -10 -5 -4 -6 -18 -8 -3 27 -27 -28 -25
right_child=2 5 9 16 17 6 8 -9 19 -11 -12 12 -14 14 -16 -17 23 18 -20 -21 -22 -23 -24 29 -26 26 28 -29 -30 -31
leaf_value=-0.083733758273323647 0.079359229557477803 -0.099777317340321942 0.1053952874591231 0.10476841372902522 -0.071810646268055472 -0.091566682760348406 0.2569337100328255 0.040215911158656178 -0.035448596243372703 0.12080000764147691 0.12095450469122976 0.075875596009801316 -0.029792334871907345 0.092892556721705932 -0.12379682002839094 -0.010821868564998741 0.034861545461705383 0.15368347105391125 -0.027440923333226022 0.088139531492351153 -0.14338554614728885 0.075790661243031632 -0.0074880134587394275 0.11709580491605186 0.098194358865239334 0.0057375144957988958 -0.095862465666070582 0.43320160965589088 -0.03912701191422277 0.06952087786339041
leaf_weight=320.18916840851307 386.16914354544133 12221.690271942876 4185.2920014262199 2659.1275319550186 802.98570455145091 1525.4571072999388 96.527810863219202 3478.5764545574784 339.27155593410134 9007.1560258567333 4893.4502699635923 610.8782973960042 435.66642159223557 1241.0839498275891 70.99644248560071 885.44654532242566 982.40015990287066 177.10804062150419 495.20381205994636 195.95486402325332 26.803501054644585 3216.5864154994488 577.13229409419 413.87861888669431 106.08562856633216 45.289873861707747 2156.4142298428342 13.920410364866255 604.32926467154175 1807.5963236484677
leaf_count=26485 2452 1313845 9848 7503 45648 147317 2706 23212 16319 20621 11223 1461 1554 3530 446 30192 6159 413 5263 2659 113 8237 10793 1513 728 3860 221012 773 46930 6484
internal_value=0.0283611 -0.0677443 0.0900549 0.0534237 0.0170848 -0.0891503 -0.0438379 0.0297685 0.0548397 0.107307 0.0981986 0.0850181 0.0318871 0.049372 0.0811675 0.0165647 0.0820276 -0.0235598 0.0202729 0.00979897 0.102292 0.0925302 -0.0449125 0.0650391 0.17382 -0.0959684 -0.0794604 0.106235 -0.083443 0.0783845
internal_weight=53978.7 21103.7 32875 10525.9 4636.13 17304.9 2263.3 3798.77 737.84 22349 13341.9 8448.42 1046.54 2583.7 1312.08 1271.62 5889.81 2052.43 672.312 535.226 2685.93 7401.88 1380.12 3203.88 202.613 15041.6 2819.95 59.2103 2760.74 2221.47
internal_count=1979299 1805846 173453 120509 98737 1756149 169729 49697 22412 52944 32323 21100 3015 36620 3976 32644 21772 62117 5676 18978 7616 18085 56441 14156 3434 1586420 272575 4633 267942 7997
is_linear=0
shrinkage=0.1


Tree=13
num_leaves=31
num_cat=0
split_feature=10 9 3 12 12 5 10 2 12 11 3 3 3 4 10 9 1 12 12 4 10 3 3 2 2 10 9 4 1 5
split_gain=27535.5 3953.77 2049.47 1030.7 572.625 496.243 494.682 817.33 429.907 562.71 509.903 380.644 364.498 573.984 285.387 222.57 204.83 184.388 169.748 627.145 146.527 132.713 119.117 118.479 116.804 113.229 97.863 94.1392 87.3046 80.0827
threshold=0.59381821751594555 0.18624359369277957 0.85536885261535656 1.0000000180025095e-35 1.0000000180025095e-35 3.5000000000000004 0.50802230834960949 0.65733855962753307 -1.0000000180025095e-35 0.50806450843811046 0.96051946282386791 0.87839940190315258 0.54261502623558056 0.26365442574024206 0.90338954329490673 0.40864889323711401 1.0000000180025095e-35 1.0000000180025095e-35 1.0000000180025095e-35 0.77871939539909374 0.68307831883430492 0.76689496636390697 0.85251155495643627 0.51191151142120372 0.56496164202690136 0.87103942036628734 0.36151385307312017 0.64051282405853283 1.0000000180025095e-35 1.0000000180025095e-35
decision_type=2 2 2 2 2 2 2 2 2 2 2 2 2 2 2 2 2 2 2 2 2 2 2 2 2 2 2 2 2 2
left_child=1 11 3 5 8 16 18 -8 -4 10 -10 27 13 20 23 -9 21 -17 -3 -20 -5 -2 -14 -7 -24 -15 -21 -1 29 -13
right_child=2 6 4 12 -6 14 7 15 9 -11 -12 28 22 25 -16 17 -18 -19 19 26 -22 -23 24 -25 -26 -27 -28 -29 -30 -31
leaf_value=-0.091349134513795852 0.031685197424880088 -0.09794508262346624 0.11437136349900873 -0.045062881230249173 0.11483985877135237 -0.067799025843111094 -0.091894806218056832 0.13439730935275354 0.025104425709951098 0.11860857063685326 0.10641719610374528 0.04042741656707749 0.10416352786798391 -0.062785679132452726 0.033742436391429646 -0.025022429464641019 -0.14255109038388347 0.11547747704751968 -0.0930748700209518 0.16708339157260543 0.088169974341594487 0.087964230195414023 -0.024534437076768743 -0.014980762730436954 0.085753683856624921 0.010569688987411648 0.032097093551291055 -0.015172683960992398 0.031326871416351904 0.11464199609047239
leaf_weight=247.08688870631158 990.1747827148065 12791.862219463103 2639.5879651159048 87.234078460372984 13428.317617230117 882.69256680551916 1134.1982780173421 200.66812376584858 2995.6409817840904 1453.4024916142225 1038.5796469077468 320.89508738927543 2825.207656307146 358.56813106313348 693.01653311029077 377.1634073453024 53.85847030300647 124.15496740490198 946.62344271503389 101.92809865064919 1535.8909747460857 726.38397356122732 147.56660511810333 818.49232618045062 274.95622765365988 509.30832199007273 113.52846937347203 472.37522755376995 2585.1756936954334 265.86113590467721
leaf_count=24046 15538 1503921 5663 4305 33801 40662 118038 3132 8979 3250 2515 1033 9102 20195 3343 15702 341 1483 104452 1046 6742 1766 1991 9448 778 5189 1339 15696 14417 1140
internal_value=0.0268201 -0.0659498 0.0848594 0.0472031 0.10216 0.00933311 -0.0882001 -0.0394068 0.0812094 0.0652582 0.0460378 0.0243355 0.0746856 0.0459087 -0.0203505 0.045398 0.0494754 0.00977335 -0.0946207 -0.0580274 0.0810094 0.0555004 0.0967573 -0.0423865 0.0472354 -0.0197375 0.0959564 -0.0413342 0.0392308 0.0740543
internal_weight=51140.4 19681.5 31458.9 9903.35 21555.5 4164.62 15790.1 1836.18 8127.21 5487.62 4034.22 3891.39 5738.73 2491 2394.2 701.986 1770.42 501.318 13953.9 1162.08 1623.13 1716.56 3247.73 1701.18 422.523 867.876 215.457 719.462 3171.93 586.756
internal_count=1979053 1805445 173608 119400 54208 71098 1749113 138355 20407 14744 11494 56332 48302 36431 53453 20317 17645 17185 1610758 106837 11047 17304 11871 50110 2769 25384 2385 39742 16590 2173
is_linear=0
shrinkage=0.1


Tree=14
num_leaves=31
num_cat=0
split_feature=10 9 4 12 10 7 11 12 10 7 5 7 2 7 12 2 12 7 1 7 12 2 7 7 6 11 7 14 2 14
split_gain=23987.4 3611.92 1576.82 960.994 693.709 573.893 522.466 566.365 507.391 759.711 352.963 388.215 590.986 317.448 252.468 226.281 167.708 521.605 160.759 156.086 151.586 147.216 115.008 98.1102 133.34 97.3846 80.4184 87.8979 77.5261 73.5345
threshold=0.59381821751594555 1.0000000180025095e-35 0.81418704986572277 1.0000000180025095e-35 0.69459062814712536 0.96153846383094799 0.56385868787765514 -1.0000000180025095e-35 0.50802230834960949 0.38750000298023229 3.5000000000000004 0.057189542800188072 0.47673159837722784 0.42261904478073126 1.0000000180025095e-35 0.61311829090118419 1.0000000180025095e-35 0.38750000298023229 1.0000000180025095e-35 0.18465909361839297 -1.0000000180025095e-35 0.80982521176338207 0.47727273404598242 0.087121214717626586 0.60172414779663097 0.053342817351222045 0.31666667759418493 0.48247878253459936 0.62258651852607738 0.2700172364711762
decision_type=2 2 2 2 2 2 2 2 2 2 2 2 2 2 2 2 2 2 2 2 2 2 2 2 2 2 2 2 2 2
left_child=1 13 4 5 15 6 7 -4 16 -10 21 12 -12 28 20 26 -3 -18 -8 -13 -11 22 -6 -17 -25 -19 29 -28 -1 -2
right_child=2 8 3 -5 10 -7 18 -9 9 14 11 19 -14 -15 -16 23 17 25 -20 -21 -22 -23 -24 24 -26 -27 27 -29 -30 -31
leaf_value=-0.088207774154488328 0.10824765164865682 -0.097609631738340238 0.09555080276775603 0.11130880079367922 0.058113647997975852 0.11255183080040208 0.077557931361272453 0.016804495278674603 -0.088816978565688931 0.13149881128976401 0.027465513462370951 -0.087665943768330201 0.13246919183469208 0.032851650733780109 0.14827006323072961 0.14975972437909441 -0.091019289725148847 -0.010119706678058159 0.14046841260583315 0.0031093321570974429 -0.015376281433983886 0.1286779100868724 0.1118975698422553 0.57029461611337029 -0.019705269101714301 0.13102110319879964 1.2149712421878018 0.067376646778068219 -0.0098503293771639595 -0.076413496736271291
leaf_weight=273.13936061412096 22.262359111569822 11676.813690210693 1225.0292747886851 13351.866570414975 1909.123580833897 2230.7190945595503 1105.4801444411278 3589.7941850405186 1078.2404343271628 84.752536674961448 2247.9259190512821 247.19389471691102 703.8279497269541 3349.6156206429005 178.99943369999528 73.294933652505279 874.04367593862116 74.593981467187405 642.13107621669769 810.48597593139857 411.18613362591714 505.28843283653259 502.15155462175608 3.9705372909083954 108.62166071124375 141.84747900255024 0.68207242526114242 31.075694246217608 234.81697252672166 687.95801281463355
leaf_count=25741 568 1511180 2795 36000 13861 5687 2694 11799 122109 1598 30931 5103 1994 16625 465 194 105042 1247 1238 4310 14066 1182 1113 83 3450 622 26 793 7270 49732
internal_value=0.0256351 -0.0643302 0.08075 0.0944035 0.0422524 0.0687338 0.053839 0.0368398 -0.0871802 -0.0367353 0.0531304 0.0338765 0.052503 0.0216806 0.0464674 -0.0389457 -0.0941072 -0.056603 0.100673 -0.0181061 0.00972367 0.0795989 0.0693142 0.0597168 0.00110094 0.0823786 -0.0636635 0.0920239 -0.0519849 -0.0706252
internal_weight=48376.9 18378 29998.9 22145 7853.86 8793.15 6562.43 4814.82 14520.5 1753.18 6926 4009.43 2951.75 3857.57 674.938 927.865 12767.3 1090.49 1747.61 1057.68 495.939 2916.56 2411.28 185.887 112.592 216.441 741.978 31.7578 507.956 710.22
internal_count=1979518 1805965 173553 60213 113340 24213 18526 14594 1756329 138238 58494 42338 32925 49636 16129 54846 1618091 106911 3932 9413 15664 16156 14974 3727 3533 1869 51119 819 33011 50300
is_linear=0
shrinkage=0.1


Tree=15
num_leaves=31
num_cat=0
split_feature=10 10 3 10 2 12 12 5 12 11 2 4 3 4 4 1 12 12 4 11 10 12 6 6 5 6 11 11 2 1
split_gain=20439.8 3224.15 1734.13 850.683 924.812 745.597 629.048 387.023 371.201 407.106 431.423 280.619 271.365 459.542 249.134 189.905 180.424 168.428 498.071 160.009 153.606 146.499 119.63 109.541 93.238 102.94 89.7981 79.1708 79.1153 84.0809
threshold=0.62090381979942333 1.0000000180025095e-35 0.86743059754371654 0.50802230834960949 0.57712131738662731 1.0000000180025095e-35 1.0000000180025095e-35 5.5000000000000009 -1.0000000180025095e-35 0.50806450843811046 0.95538970828056347 0.68020617961883556 0.54261502623558056 0.25834259390830999 0.41712453961372381 1.0000000180025095e-35 1.0000000180025095e-35 1.0000000180025095e-35 0.75162336230278026 0.57518798112869274 0.91445994377136242 1.0000000180025095e-35 0.41421362757682806 0.78896763920784008 5.5000000000000009 0.75235849618911754 0.04446640424430371 0.26491229236125952 0.8841681480407716 1.0000000180025095e-35
decision_type=2 2 2 2 2 2 2 2 2 2 2 2 2 2 2 2 2 2 2 2 2 2 2 2 2 2 2 2 2 2
left_child=1 11 5 17 -5 7 8 15 -4 10 -10 -1 13 -7 16 20 -6 27 -19 -9 -2 -16 -15 -17 -14 -26 -20 -3 29 -13
right_child=2 3 6 4 14 12 -8 19 9 -11 -12 28 24 22 21 23 -18 18 26 -21 -22 -23 -24 -25 25 -27 -28 -29 -30 -31
leaf_value=-0.08874042851221596 0.0257048293132741 -0.097014219448541661 0.10612280358922449 -0.091409132551378905 0.29285360266482913 0.074683746874632875 0.11044725388890127 -0.04495154293829217 0.019565459088916878 0.10500616411905138 0.098078538328723028 0.040554607527333184 0.099143824444263215 0.067844087795581307 0.014295766965562583 0.16829388758554376 2.5331535485471908 -0.09246840928602322 -0.025684935283969663 0.024893764262071228 0.080734018240474534 0.094656278086333326 -0.033865670460951604 -0.13367485992441747 0.075189323202677211 -0.015146636606496601 0.1123778345592915 1.2393277885497658 0.03838234331696469 -0.011516399817328327
leaf_weight=221.06763728614897 1743.6622127909213 10602.015714507084 2258.4889310449362 1059.9641138599254 0.75955978501587995 1533.7292233919725 11141.676308661699 1206.1211446886882 2691.4571868404746 1309.4738328531384 945.81950087845325 493.07600866816938 2081.4456320879981 138.31030691601336 772.78676464455202 13.798540053889154 0.68249869719147682 788.21678774105385 65.416527879890054 450.50922474637628 715.35380998067558 321.12303930567577 705.57041369192302 92.835726421326399 910.22740028332919 146.43735390901566 168.34416179172695 0.44335137214511533 2330.5437807179987 835.66251118294895
leaf_count=24500 20439 1510616 5375 127724 56 8642 32953 34316 7733 3084 2431 8350 6390 1440 26905 36 19 104251 1318 1923 1925 5786 19524 503 3971 801 1403 4 8870 7925
internal_value=0.0244473 -0.0598486 0.0774534 -0.0825225 -0.0248201 0.0433458 0.0955568 0.0117198 0.0725311 0.0571945 0.0399816 0.02067 0.0675555 0.0420732 0.0396176 0.0360479 1.35314 -0.0932212 -0.0544505 -0.0259576 0.0417134 0.037886 -0.0171957 -0.0945999 0.0868624 0.0626702 0.0737418 -0.0969583 0.0272798 0.00780641
internal_weight=45745 17660.1 28084.9 13779.8 2155.32 9738 18346.9 4222.28 7205.24 4946.75 3637.28 3880.35 5515.72 2377.61 1095.35 2565.65 1.44206 11624.4 1021.98 1656.63 2459.02 1093.91 843.881 106.634 3138.11 1056.66 233.761 10602.5 3659.28 1328.74
internal_count=1979213 1827727 151486 1778082 160490 99910 51576 59142 18623 13248 10164 49645 40768 29606 32766 22903 75 1617592 106972 36239 22364 32691 20964 539 11162 4772 2721 1510620 25145 16275
is_linear=0
shrinkage=0.1


Tree=16
num_leaves=31
num_cat=0
split_feature=11 3 12 7 11 11 2 12 12 7 7 12 2 11 14 11 7 3 2 5 1 7 5 7 2 7 11 2 4 11
split_gain=17200.1 1971.1 1934.29 944.37 740.77 653.502 757.025 597.538 537.347 391.741 441.23 339.149 329.397 275.041 272.029 398.921 253.438 214.902 279.807 170.215 241.001 164.663 148.789 139.869 185.289 125.861 119.335 113.311 95.4905 88.9157
threshold=0.16064515709877017 0.88024389743804943 -1.0000000180025095e-35 0.43650794029235845 0.29520697891712194 0.053342817351222045 0.63224515318870556 1.0000000180025095e-35 1.0000000180025095e-35 0.96153846383094799 0.78888890147209179 1.0000000180025095e-35 0.5912291705608369 0.50806450843811046 0.53289729356765758 0.045983087271451957 0.087121214717626586 0.55217784643173229 0.30068494379520422 3.5000000000000004 1.0000000180025095e-35 0.093073595315217986 8.5000000000000018 0.31666667759418493 0.17082066833972934 0.074175827205181136 0.75595238804817211 0.87007671594619762 0.73375529050827037 0.11651583760976793
decision_type=2 2 2 2 2 2 2 2 2 2 2 2 2 2 2 2 2 2 2 2 2 2 2 2 2 2 2 2 2 2
left_child=2 4 3 27 12 -4 -7 29 9 10 13 19 23 -3 -5 -16 -14 18 -13 20 -6 -9 -12 24 -2 -19 -21 -1 -18 -8
right_child=1 8 5 14 11 6 7 21 -10 -11 22 17 16 -15 15 -17 28 25 -20 26 -22 -23 -24 -25 -26 -27 -28 -29 -30 -31
leaf_value=-0.086046961431704219 0.01123925588259893 0.051184011005702496 -0.098378514837426323 0.027383607347119462 0.058615144839325423 -0.090102619845688792 -0.048722143204841049 0.3676421635374888 0.10901986815686973 0.11055789004843081 0.0084031807993781155 0.064833043844755633 0.1486649709221787 0.10798279996610588 -0.097228908812509229 0.059965692621434821 -0.062062741410496128 0.12052163921545694 -0.02015477178416307 -0.0046600454823674982 -0.14359870517599713 0.08529317352562206 -0.10091500643896063 0.077275712276488134 -0.082166206386020929 0.073551672274693544 0.083305944555305114 0.011922917985938624 0.02547202355525037 0.010653774255419857
leaf_weight=1344.8470297632739 286.00239045312628 2676.8354894304648 7265.7065046057105 3430.8416951689869 1492.6016624253243 1949.7430907371454 1002.4290170604363 21.685399593785405 9974.2593123987317 1877.3129399009049 519.70543171837926 1615.2593717733398 152.44872997095808 1250.9729284718633 450.74570456752554 251.52799664344639 157.05320835020393 785.38695382885635 509.60617505619302 1478.4740846408531 61.361153781414032 434.68669556919485 163.72868436574936 81.923440294805914 824.96901799133047 2085.0396372219548 172.17975245788693 129.41618872014806 603.53063360229135 336.99398250458762
leaf_count=177262 8720 7678 1136031 17489 6385 267967 88726 89 31902 5670 1596 9137 471 2807 70145 10263 5602 2180 10084 15188 281 5842 669 1252 74407 6680 465 3862 3873 6634
internal_value=0.0233684 0.0729783 -0.0565413 -0.00873325 0.0386817 -0.0808872 -0.0469569 -0.000112461 0.0944482 0.0720485 0.0563708 0.0522685 -0.0142216 0.0692739 0.0157766 -0.0409277 0.0309844 0.0685576 0.0444504 0.0268773 0.0506303 0.0987095 -0.0177859 -0.0488219 -0.0581204 0.0864033 0.00451569 -0.0774468 0.00739694 -0.0337834
internal_weight=43387.3 26768.7 16618.6 5607.38 10305.8 11011.2 3745.54 1795.8 16462.8 6488.56 4611.24 8199.91 2105.93 3927.81 4133.12 702.274 913.033 4995.29 2124.87 3204.62 1553.96 456.372 683.434 1192.89 1110.97 2870.43 1650.65 1474.26 760.584 1339.42
internal_count=1979357 195047 1784310 279021 144725 1505289 369258 101291 50322 18420 12750 50400 94325 10485 97897 80408 9946 28081 19221 22319 6666 5931 2265 84379 83127 8860 15653 181124 9475 95360
is_linear=0
shrinkage=0.1


Tree=17
num_leaves=31
num_cat=0
split_feature=10 9 10 3 3 12 12 7 7 12 9 11 3 4 11 7 7 12 3 7 7 7 12 1 3 5 5 5 7 1
split_gain=15149.2 2442.89 1498.09 1320.17 995.675 562.468 549.447 383.596 345.17 328.365 265.361 251.973 243.958 260.609 242.598 218.279 181.148 175.6 422.69 381.941 168.019 260.607 165.693 157.551 137.645 119.803 87.721 79.1804 74.534 87.866
threshold=0.66807910799980175 0.18624359369277957 0.50802230834960949 0.88893985748291027 0.7019641399383546 1.0000000180025095e-35 1.0000000180025095e-35 0.96153846383094799 0.75961539149284374 1.0000000180025095e-35 0.45951695740222936 0.44722221791744238 0.55217784643173229 0.26365442574024206 0.50806450843811046 0.31666667759418493 0.18465909361839297 1.0000000180025095e-35 0.71257182955741893 0.069047622382640853 0.074175827205181136 0.31666667759418493 -1.0000000180025095e-35 1.0000000180025095e-35 0.63312235474586498 5.5000000000000009 5.5000000000000009 9.5000000000000018 0.78888890147209179 1.0000000180025095e-35
decision_type=2 2 2 2 2 2 2 2 2 2 2 2 2 2 2 2 2 2 2 2 2 2 2 2 2 2 2 2 2 2
left_child=1 15 17 6 -4 7 11 8 14 10 -6 22 13 -8 -5 -1 -15 -3 -19 -20 -14 -22 27 -10 -24 -13 -11 -2 -17 -30
right_child=3 2 4 5 9 -7 12 -9 23 26 -12 25 20 16 -16 28 -18 18 19 -21 21 -23 24 -25 -26 -27 -28 -29 29 -31
leaf_value=-0.075161886259271851 0.064932737104748672 -0.096464658412101556 -0.084267807009636861 0.045162183699807859 0.062020637180395959 0.10710654683223415 0.063826197920294689 0.10761166051884259 -0.058905000157850274 0.12346859492685978 -0.029251210344909684 0.059085744959493196 0.12174874895923725 -0.021368900578443331 0.10139490754861442 0.010858142058082271 0.17378138157109635 -0.096734412500265307 0.80463768568176042 0.032974972676842296 -0.0082543455302759444 0.083334889809584686 -0.062725412161589819 0.037770734652270856 -0.0019159779220009436 0.008792330965896945 0.03604504409604764 -0.033635377836823792 0.14195859564509425 0.03406825463376769
leaf_weight=240.92542673368007 393.08624433167279 8765.2421315661632 1175.0988785387017 2347.3676269575953 520.60776957636699 8802.4735625311732 1493.621845247224 1666.4598228409886 366.27055656909943 390.26941964542493 820.68774206936359 1382.8638409711421 816.05723646841943 705.53930878825486 1139.6925392001867 2135.78757783724 51.004342472180724 613.28913193196058 6.5659067956730714 277.5734786321409 367.61289413552731 2005.569373074919 543.73658750578761 312.31008818745613 1180.1726288106292 720.36783859785646 162.59170723333955 102.81372903566808 79.463989164680243 1507.1588100790977
leaf_count=29517 3255 1504743 146594 6094 11140 30844 7112 5110 1353 1485 24267 4257 2433 14858 2680 21340 263 97410 119 9275 2489 6039 22433 811 6934 4359 4763 2082 147 5324
internal_value=0.021922 -0.0514763 -0.0728185 0.0721497 -0.0119554 0.0911489 0.0436686 0.0670638 0.0508427 0.0329059 0.00617486 0.0170574 0.0648182 0.0396056 0.063541 0.0170839 -0.00821234 -0.0921511 -0.0500207 0.0508066 0.082607 0.0691474 -0.00644258 -0.0144109 -0.0210958 0.04186 0.0977581 0.0444969 0.0230543 0.0394718
internal_weight=41092.3 16695.3 12731.9 24397 3069.26 14634.6 9762.45 5832.1 4165.64 1894.16 1341.3 4323.04 5439.41 2250.17 3487.06 3963.34 756.544 9662.67 897.429 284.139 3189.24 2373.18 2219.81 678.581 1723.91 2103.23 552.861 495.9 3722.41 1586.62
internal_count=1979530 1856124 1799796 123406 188249 46892 76514 16048 10938 41655 35407 43320 33194 22233 8774 56328 15121 1611547 106804 9394 10961 8528 34704 2164 29367 8616 6248 5337 26811 5471
is_linear=0
shrinkage=0.1


Tree=18
num_leaves=31
num_cat=0
split_feature=10 10 10 3 2 12 12 7 12 10 12 3 4 10 2 12 3 7 7 11 7 14 5 7 1 5 4 5 7 1
split_gain=13199.6 2196.39 1390.95 1278.51 1015.12 604.46 501.849 362.768 334.194 306.265 220.377 218.802 226.189 214.526 180.729 178.82 157.551 154.833 242.421 144.958 235.883 195.613 136.664 124.295 78.4278 67.7501 64.5804 62.2005 57.6354 50.2714
threshold=0.66807910799980175 1.0000000180025095e-35 0.49767422676086431 0.88893985748291027 0.5990654230117799 1.0000000180025095e-35 1.0000000180025095e-35 0.96153846383094799 -1.0000000180025095e-35 0.92768564820289623 1.0000000180025095e-35 0.55036231875419628 0.26365442574024206 0.91445994377136242 0.57712131738662731 -1.0000000180025095e-35 0.75058138370513927 0.074175827205181136 0.31666667759418493 0.048199767246842391 0.47727273404598242 0.62223803997039806 9.5000000000000018 0.18465909361839297 1.0000000180025095e-35 6.5000000000000009 0.071858864277601256 5.5000000000000009 0.42261904478073126 1.0000000180025095e-35
decision_type=2 2 2 2 2 2 2 2 2 2 2 2 2 2 2 2 2 2 2 2 2 2 2 2 2 2 2 2 2 2
left_child=1 14 19 6 28 7 13 8 27 -10 15 12 26 22 -1 -6 -12 -13 -19 -3 -21 -22 24 -14 -2 -15 -8 -5 -4 -16
right_child=3 2 4 5 10 -7 11 -9 9 -11 16 17 23 25 29 -17 -18 18 -20 20 21 -23 -24 -25 -26 -27 -28 -29 -30 -31
leaf_value=-0.072145595090417458 0.01618677143938593 -0.098966599779742662 -0.086067191951954447 0.11034359216569022 0.079760311135541093 0.10557353443302882 -0.019006093847993479 0.10454047766868405 0.015238690731356816 0.1005187997803459 -0.047679200584672836 0.11782374831966853 -0.018483870129484031 0.06533281866464144 0.0410449197305311 -0.008979330680262812 0.10781340505978905 -0.0085366795726325804 0.080147371569439671 -0.091799895982524318 0.12535840005549753 -0.038935302185830481 -0.042032379213240545 0.1495924849789961 -0.053718535586304884 0.015465021703311134 0.065390309788765338 0.061681905616195166 0.027145921576152351 0.013810110100605608
leaf_weight=223.71347603015602 2198.6445108335465 6760.7333575063385 1269.1123708873056 748.39473823457956 291.306934164837 8148.757070466876 96.999205958098173 1533.9098164737225 2461.0547766983509 508.04870560765266 75.686847872566432 758.64131175540388 692.39972221665084 857.77883698046207 895.06243447819725 1029.9632491841912 468.6466824170202 368.89666435588151 1874.3504731561989 1283.8849019138142 84.305043599568307 516.19934447761625 608.70956002362072 46.98429452162236 173.12810829468071 399.24238715134561 1389.0423701656982 404.7291339635849 46.619010182563215 2791.5671935649589
leaf_count=22668 22791 1288518 175995 1865 4767 31085 444 5080 6982 1126 4965 2461 14810 2431 11724 31403 1682 2491 5959 229125 8123 60804 15275 246 742 1929 6648 1035 795 15231
internal_value=0.0208933 -0.0498441 -0.0713262 0.0687315 -0.0147923 0.0881402 0.040423 0.063024 0.0475754 0.0298311 0.0326458 0.0611552 0.0373936 0.014848 0.0151265 0.0105855 0.0861929 0.0787708 0.0655635 -0.0921303 -0.0676031 -0.01587 0.000235954 -0.00780343 0.011084 0.0494943 0.0598815 0.0932641 -0.0820558 0.0204223
internal_weight=39006.5 15736.8 11826.5 23269.7 3181.34 13804.9 9464.82 5656.14 4122.23 2969.1 1865.6 5227.31 2225.43 4237.5 3910.34 1321.27 544.334 3001.89 2243.25 8645.12 1884.39 600.504 2980.48 739.384 2371.77 1257.02 1486.04 1153.12 1315.73 3686.63
internal_count=1979200 1855800 1806177 123400 219607 47173 76227 16088 11008 8108 42817 33059 22148 43168 49623 36170 6647 10911 8450 1586570 298052 68927 38808 15056 23533 4360 7092 2900 176790 26955
is_linear=0
shrinkage=0.1


Tree=19
num_leaves=31
num_cat=0
split_feature=11 9 3 11 7 12 5 7 7 12 11 12 7 1 3 5 2 1 12 2 5 7 11 7 2 2 2 14 3 12
split_gain=10991.9 2110.52 1513.42 976.833 817.714 660.262 405.103 356.891 370.478 287.537 257.388 230.843 229.945 221.707 276.355 207.027 198.371 142.434 119.49 118.488 117.226 113.491 108.129 105.249 90.49 82.3434 80.3767 71.1118 70.2004 69.464
threshold=0.18019481003284457 0.23094017058610919 0.88454905152320873 0.053342817351222045 0.43650794029235845 1.0000000180025095e-35 4.5000000000000009 0.96153846383094799 0.78888890147209179 1.0000000180025095e-35 0.61721614003181469 -1.0000000180025095e-35 0.42261904478073126 1.0000000180025095e-35 0.74654760956764232 1.5000000000000002 0.17082066833972934 1.0000000180025095e-35 1.0000000180025095e-35 0.65240275859832775 8.5000000000000018 0.078461539000272765 0.057983193546533592 0.16025641560554507 0.077422577887773528 0.51191151142120372 0.49295215308666235 0.28498871624469763 0.85251155495643627 1.0000000180025095e-35
decision_type=2 2 2 2 2 2 2 2 2 2 2 2 2 2 2 2 2 2 2 2 2 2 2 2 2 2 2 2 2 2
left_child=1 12 6 -3 19 7 13 8 11 17 18 -4 -1 14 16 -15 -2 -6 25 27 -10 -21 29 -16 -12 -8 -20 -5 -17 -14
right_child=2 3 5 4 9 -7 10 -9 20 -11 24 -13 22 15 23 28 -18 -19 26 21 -22 -23 -24 -25 -26 -27 -28 -29 -30 -31
leaf_value=-0.050716815113107952 0.071428234450366473 -0.098010728653076182 0.098528484265957145 -0.0072869995076891812 0.05522866516466151 0.10381785539447848 -0.054388497208831543 0.10108651818449868 -0.0021761321708299655 0.088611822717298172 -0.085591201958500451 0.040811046420659934 0.018441478641671633 -0.15700901574140269 0.12522991859283444 -0.10534859426352366 0.0096886625858781869 -0.022644521494105285 -0.0056603142404594575 0.078385813245712282 -0.10223800545373465 -0.054836116021357788 0.21875498369432461 0.070555174407226112 0.045993570160794583 -0.0060053271213811148 0.042173629716443242 -0.091499477623517955 0.10849146516406483 0.33999836403463268
leaf_weight=517.63067612983286 807.71013705991209 6214.9220205554739 950.14232545346022 106.48556900862604 295.01806772546843 7647.8766429964453 637.2320414558053 1465.3293202258646 485.36380604654551 404.37181344628334 53.957800671458244 2559.9655723711476 3568.3797466992401 95.73902139859274 427.74728898052126 20.142799234949052 1463.1294374438003 1152.1558038317598 904.60000278102234 83.649669219739735 154.30232132971287 271.46603362588212 27.318501549772918 1990.3734528589994 1663.2768300659955 785.17567743640393 574.30240927822888 1719.0187001763843 64.544991258531809 6.7307355869561425
leaf_count=51405 3517 1295197 2591 13179 8687 31523 31615 5401 1521 1343 174 7068 27018 547 1337 134 29918 72762 32675 5039 661 26888 310 5997 6519 7094 4952 304039 190 46
internal_value=0.0196407 -0.0488385 0.0628852 -0.0731416 -0.0348098 0.0846997 0.0323911 0.0586604 0.0436793 0.0140615 0.0111742 0.0564344 0.0116062 0.052515 0.0567006 -0.0562628 0.0316487 -0.00676944 -0.00698761 -0.076306 -0.0263134 -0.0234549 0.0205613 0.0802267 0.041859 -0.0276808 0.012915 -0.0865872 0.0576301 0.0190469
internal_weight=37118.1 14367.1 22750.9 10247.1 4032.17 13263 9487.93 5615.1 4149.77 1851.55 4618.54 3510.11 4120.06 4869.39 4688.96 180.427 2270.84 1447.17 2901.31 2180.62 639.666 355.116 3602.43 2418.12 1717.23 1422.41 1478.9 1825.5 84.6878 3575.11
internal_count=1979347 1805913 173434 1727134 431937 48765 124669 17242 11841 82792 83029 9659 78779 41640 40769 871 33435 81449 76336 349145 2182 31927 27374 7334 6693 38709 37627 317218 324 27064
is_linear=0
shrinkage=0.1


Tree=20
num_leaves=31
num_cat=0
split_feature=10 7 3 9 11 10 10 7 7 5 1 11 9 10 2 5 3 7 2 5 11 9 5 1 1 9 5 6 10 10
split_gain=9875.52 1711.96 1162.32 662.856 1413.95 371.463 317.781 425.589 237.77 228.503 236.554 226.77 213.311 212.497 227.618 178.498 167.268 164.425 417.204 156.004 154.929 124.452 124.187 107.241 102.175 97.9451 97.1477 99.495 88.4271 115.302
threshold=0.68307831883430492 0.47727273404598242 0.88893985748291027 0.25912602245807653 0.045983087271451957 0.92768564820289623 0.92768564820289623 0.96153846383094799 0.78888890147209179 4.5000000000000009 1.0000000180025095e-35 0.12060606107115747 0.36151385307312017 0.56939375400543224 0.73746865987777721 5.5000000000000009 0.76689496636390697 0.069047622382640853 0.44327485561370855 1.5000000000000002 0.04446640424430371 1.0000000180025095e-35 3.5000000000000004 1.0000000180025095e-35 1.0000000180025095e-35 0.18624359369277957 5.5000000000000009 0.55634921789169323 0.55013227462768566 0.33124926686286932
decision_type=2 2 2 2 2 2 2 2 2 2 2 2 2 2 2 2 2 2 2 2 2 2 2 2 2 2 2 2 2 2
left_child=1 13 5 20 -5 9 7 8 24 10 16 12 -6 21 -15 -10 -2 18 -11 -12 25 -1 -13 -16 -4 -3 -7 -28 29 -22
right_child=2 3 6 4 11 26 -8 -9 15 17 19 22 -14 14 23 -17 -18 -19 -20 -21 28 -23 -24 -25 -26 -27 27 -29 -30 -31
leaf_value=-0.039139821839216049 0.019415071874245571 0.016560726062759875 0.077244853477742931 -0.096706689828248427 0.070115355987687339 0.076309490643147002 0.10306493477222355 0.10376201496051791 0.045326455983605886 -0.012262717401662841 -0.15444060346885613 0.077688334468587611 -0.042538716849847016 -0.058837615777856039 0.12837939981844743 -0.05200814459217809 0.067262625390079933 -0.030969582823844738 0.11754688445482353 0.05162610936038891 0.070421503154916049 -0.095916472925952179 0.012166404722539718 -0.13821331582337368 0.045898682684252151 -0.083069469472711058 0.065539948600766548 0.014974551913016963 0.06459223264012609 0.47740645174724644
leaf_weight=418.23938196152449 1435.5981655027717 3534.6777596063912 2163.9508915245533 2235.3599437177181 214.28537660371512 1875.5662879943848 4674.1731520667672 2454.4556665979326 417.36288736760616 972.4622656442225 103.13316479697824 614.19614293379709 779.52306604431942 735.92207859642804 103.00903891026974 343.449961155653 1487.8318025693297 1159.2136999657378 332.15907624270767 57.067155670374632 12.198828354477884 5018.8166929795407 546.79541061772034 17.678878487087786 2001.8011453151703 101.50725652696565 857.49553702026606 712.42810542881489 34.603587411344051 16.21281145978719
leaf_count=33334 15469 18626 7550 502317 14610 6878 19685 10298 1365 25219 523 3806 68695 75794 787 1433 4409 10386 1888 191 1016 1113605 4791 415 6533 21688 2965 3497 156 310
internal_value=0.0187239 -0.045142 0.062366 -0.0147109 -0.0409874 0.0351583 0.0826625 0.0697422 0.0527933 0.0191411 0.0372827 0.0168151 -0.0182482 -0.0842555 -0.0379626 0.00138718 0.0437663 -0.00356401 0.0207871 -0.0810348 0.0164735 -0.091549 0.0468293 0.0893278 0.0621818 0.0137795 0.0609469 0.0425935 0.171931 0.302663
internal_weight=35431.2 14383 21048.1 8089.36 4390.16 8992.96 12055.2 7381.02 4926.56 5547.47 3083.63 2154.8 993.808 6293.67 856.61 760.813 2923.43 2463.84 1304.62 160.2 3699.2 5437.06 1160.99 120.688 4165.75 3636.19 3445.49 1569.92 63.0152 28.4116
internal_count=1978239 1859950 118289 636015 594219 71425 46864 27179 16881 58085 20592 91902 83305 1223935 76996 2798 19878 37493 27107 714 41796 1146939 8597 1202 14083 40314 13340 6462 1482 1326
is_linear=0
shrinkage=0.1


Tree=21
num_leaves=31
num_cat=0
split_feature=11 9 3 11 12 7 5 12 7 11 1 11 12 2 3 7 11 9 7 2 2 5 11 2 7 7 7 4 11 7
split_gain=8087.09 1905.59 1474.89 770.29 764.338 578.796 351.163 347.279 284.057 259.143 252.526 226.722 214.869 147.412 137.878 174.818 112.86 111.882 101.817 101.085 93.1389 93.1085 84.256 83.7834 173.667 76.7038 71.2517 69.6079 59.4131 56.1968
threshold=0.15894736349582675 0.20715197920799258 0.87596154212951671 0.057983193546533592 1.0000000180025095e-35 0.43650794029235845 3.5000000000000004 -1.0000000180025095e-35 0.96153846383094799 0.50806450843811046 1.0000000180025095e-35 0.32071428000926977 1.0000000180025095e-35 0.57712131738662731 0.74654760956764232 0.47727273404598242 0.75595238804817211 0.33273164927959448 0.13809524476528171 0.65240275859832775 0.47469820082187658 5.5000000000000009 0.053342817351222045 0.5990654230117799 0.093073595315217986 0.078461539000272765 0.75961539149284374 0.21778655797243121 0.25403225421905523 0.78888890147209179
decision_type=2 2 2 2 2 2 2 2 2 2 2 2 2 2 2 2 2 2 2 2 2 2 2 2 2 2 2 2 2 2
left_child=1 13 6 -3 7 19 10 21 9 -9 14 23 17 -1 15 -2 20 -7 -16 -5 -13 -4 29 27 -25 -21 -23 -8 -10 -15
right_child=2 3 4 5 -6 12 11 8 28 -11 -12 16 -14 22 18 -17 -18 -19 -20 25 -22 26 -24 24 -26 -27 -28 -29 -30 -31
leaf_value=-0.069651018538116824 0.020946674559609774 -0.096736422411286896 0.10455850919492003 -0.08742976599464658 0.10048294502370475 0.067808076951388421 -0.00037135223633590493 0.0045000875830123726 0.046546750521661635 0.068451869442956267 -0.13579000849660303 -0.0068406673388933985 0.079934960646680042 0.0033725826099059754 0.12017499939300143 0.10808932152861983 0.052805644879831304 -0.022020698197390449 0.059542700328283474 0.071597058324677387 0.027555710981942608 0.069369309620319827 0.25846527022523941 0.12987152205380989 -0.024567119039738787 -0.051062343109211143 -0.038284514127259528 -0.066828314572340633 0.1045577673893907 0.027928960875424472
leaf_weight=218.60281522432342 1690.7596205086447 5273.3868756450247 1173.2435390418395 1357.765962424688 6650.9233558531851 159.18140198942274 215.9629637314938 2368.7589103057981 253.22668135166168 865.01446849107742 73.736819397192448 1530.8457904625684 334.3672999907285 2178.2700058752671 343.91449471469969 266.49615685641766 804.79054703563452 1075.1377972154878 1422.5638654874638 67.534655770286918 1620.664044407662 307.62235822435468 14.136584603227673 89.188416524324566 396.56082231644541 208.0030563226901 76.836714928969741 583.27899367362261 583.03228624910116 1628.7617638311349
leaf_count=27850 30940 1322339 4154 288370 32136 5158 11038 7698 1119 2139 545 20959 1140 29078 1196 686 2556 72893 4651 4866 6829 915 240 321 5718 24502 250 59866 2465 6192
internal_value=0.0175035 -0.046305 0.0549645 -0.0732448 0.0775324 -0.0345563 0.0243072 0.0504092 0.0350412 0.0216068 0.0474636 0.00752962 0.00882658 0.0102144 0.0510924 0.0328118 0.0193828 -0.0104361 0.0713472 -0.0762228 0.0108477 0.0905632 0.0147834 -0.0289645 0.00378936 -0.0209984 0.047854 -0.048871 0.0869915 0.0138785
internal_weight=33832.6 12515.1 21317.4 8475.38 12278.7 3201.99 9038.76 5627.73 4070.03 3233.77 3797.47 5241.29 1568.69 4039.77 3723.73 1957.26 3956.3 1234.32 1766.48 1633.3 3151.51 1557.7 3821.17 1284.99 485.749 275.538 384.459 799.242 836.259 3807.03
internal_count=1978809 1782628 196181 1719268 50876 396929 145305 18740 13421 9837 38018 107287 79191 63360 37473 31626 30344 78051 5847 317738 27788 5319 35510 76943 6039 29368 1165 70904 3584 35270
is_linear=0
shrinkage=0.1


Tree=22
num_leaves=31
num_cat=0
split_feature=10 7 12 3 7 12 12 10 12 11 9 9 9 2 12 3 9 11 9 11 2 7 6 3 11 10 2 2 7 10
split_gain=7266.09 1498.43 1053.05 756.076 564.823 544.457 950.989 427.062 364.587 274.305 240.965 237.041 217.806 187.417 210.63 157.943 143.133 138.959 123.567 140.681 119.512 138.347 138.764 112.822 106.938 101.191 96.5623 85.946 86.9709 76.0815
threshold=0.68307831883430492 0.43650794029235845 1.0000000180025095e-35 0.73100960254669201 0.96153846383094799 -1.0000000180025095e-35 1.0000000180025095e-35 0.47836488485336309 -1.0000000180025095e-35 0.44722221791744238 0.62375456094741832 0.83482250571250927 0.45951695740222936 0.65733855962753307 1.0000000180025095e-35 0.77807807922363292 1.0000000180025095e-35 0.17519181966781619 0.27042925357818609 0.048199767246842391 0.2237871661782265 0.47727273404598242 0.54616478085517894 0.86972236633300792 0.069366481155157103 0.55391839146614086 0.87007671594619762 0.54261502623558056 0.27922078967094427 0.58848994970321666
decision_type=2 2 2 2 2 2 2 2 2 2 2 2 2 2 2 2 2 2 2 2 2 2 2 2 2 2 2 2 2 2
left_child=1 13 4 20 8 17 7 -7 26 10 -10 -11 -9 29 16 -16 -15 18 24 -20 -4 22 -22 27 -3 -18 -2 28 -5 -1
right_child=2 5 3 23 -6 6 -8 12 9 11 -12 -13 -14 14 15 -17 25 -19 19 -21 21 -23 -24 -25 -26 -27 -28 -29 -30 -31
leaf_value=-0.096384802907997211 0.043363759270734208 0.013449190653994504 0.055994487845676039 -0.068636088910025733 0.095765137810809198 -0.092366905176591907 0.075263481273696586 0.042046699137664352 0.024391860039263878 0.067071414267082241 -0.031969183182411737 0.0049826546542415624 -0.052255386244680305 0.012002632287911619 -0.0398641373784826 0.17831801655730284 -0.095152711597326287 0.10691211259059225 -0.094152533398903282 0.021772552550100625 0.051423690851365444 0.11057910033455139 -0.015633775117179716 0.099341813189406006 0.53705240489526351 0.0069841559199186392 0.092051027177151121 0.076639833367277352 0.097243950021070613 -0.055240511716627097
leaf_weight=3714.9713363142218 1447.662467055954 3610.0337042510509 1197.7080560671166 84.555421758443117 1141.8333631977439 1937.0365676197689 578.94042694754899 428.04380735871382 1194.8822664981708 1109.4926843130961 2077.4071920230053 1379.3222154788673 572.49624037439935 210.57736995257437 64.353753622854128 68.490929180756211 684.84069898584858 147.26871301885694 237.29445533896796 187.32334048952907 446.31282908655703 135.92744248360395 1000.0311698904261 6040.8525166846812 3.9047870924696317 113.00760364159942 566.87030261009932 1510.9406981803477 50.474934212863445 511.28152931155637
leaf_count=973922 8187 22530 4785 946 5092 504788 2683 13386 11603 3914 19948 5333 17447 5561 4309 745 182241 434 65515 9735 4093 395 14074 32097 59 3359 1815 5831 159 54175
internal_value=0.0164881 -0.0411361 0.0553413 0.0768549 0.0300898 -0.0128705 -0.0418776 -0.0649638 0.0204456 0.00764095 -0.0113888 0.0326613 -0.0119118 -0.0816969 -0.0457385 0.0726244 -0.0613309 0.0114985 0.00801914 -0.0430113 0.032163 0.0141237 0.00505882 0.0930179 0.0140149 -0.080686 0.0570639 0.0698087 -0.00662941 -0.0914073
internal_weight=32454.1 13069.9 19384.3 10466.8 8917.47 7702.34 3516.52 2937.58 7775.64 5761.1 3272.29 2488.81 1000.54 5367.52 1141.27 132.845 1008.43 4185.83 4038.56 424.618 2779.98 1582.27 1446.34 7686.82 3613.94 797.848 2014.53 1645.97 135.03 4226.25
internal_count=1979161 1860889 118272 62380 55892 636577 538304 535621 50800 40798 31551 9247 30833 1224312 196215 5054 191161 98273 97839 75250 23347 18562 18167 39033 22589 185600 10002 6936 1105 1028097
is_linear=0
shrinkage=0.1


Tree=23
num_leaves=31
num_cat=0
split_feature=10 7 12 4 7 12 12 11 10 10 12 2 9 9 11 10 9 2 2 1 9 2 7 2 2 2 10 4 1 9
split_gain=6116.95 1386.77 1003 740.34 524.416 499.666 841.269 387.726 306.997 199.656 186.639 180.549 147.446 143.313 141.632 133.291 198.259 132.51 114.627 92.5702 92.1397 86.6567 122.816 87.2466 63.8338 62.4423 77.2757 58.6636 67.0211 52.236
threshold=0.68307831883430492 0.43650794029235845 1.0000000180025095e-35 0.77032968401908886 0.96153846383094799 -1.0000000180025095e-35 1.0000000180025095e-35 0.045983087271451957 0.95531892776489269 0.5578589439392091 -1.0000000180025095e-35 0.73746865987777721 1.0000000180025095e-35 0.36565284430980688 0.43167701363563543 0.48943608999252325 0.25052301585674291 0.7243877947330476 0.87841832637786876 1.0000000180025095e-35 0.38651402294635778 0.2237871661782265 0.42261904478073126 0.077422577887773528 0.17082066833972934 0.8941769301891328 0.94146201014518749 0.64326766133308422 1.0000000180025095e-35 0.37782898545265203
decision_type=2 2 2 2 2 2 2 2 2 2 2 2 2 2 2 2 2 2 2 2 2 2 2 2 2 2 2 2 2 2
left_child=1 9 4 17 8 15 7 -7 10 12 18 20 27 -9 -12 16 -3 21 -2 -13 24 23 -23 -4 -11 26 -5 -1 -29 -6
right_child=2 5 3 25 29 6 -8 13 -10 11 14 19 -14 -15 -16 -17 -18 -19 -20 -21 -22 22 -24 -25 -26 -27 -28 28 -30 -31
leaf_value=-0.089984013287390918 0.025430348104658725 0.012727936126595792 -0.033095237804524773 0.068305034304693868 -0.017534906272236899 -0.097700725376424283 0.069759183945559938 0.045918765595945626 0.080241809298138136 0.32970793982582358 -0.011200689696474475 0.11248084728228519 -0.095043429673594082 -0.039167969962728311 0.021484742094093831 0.076728367199177056 -0.074691714739805196 0.097344208312425753 0.086629789514284031 -0.13283389748872607 -0.064802961249291746 0.007309350778086721 0.10576061182636878 0.058753930835949257 0.02570847593825977 0.10297312103205146 0.098405531534753593 0.021026203738280212 -0.10324308937578049 0.097686620378128031
leaf_weight=113.65754023240879 1113.3844412774779 3593.1285877590999 114.75823889300227 1691.4920549020171 40.940006889402866 1507.6414068804588 571.30528973788023 246.79519112850539 716.10328802280128 8.2570147092919779 3104.6661012219265 105.12790006771684 3739.3634315363597 1000.2426137700677 2313.6998875550926 289.78700948273763 279.61524718184955 306.87249926477671 422.07018177956343 18.018936088308692 650.58776789088733 1683.6229509375989 137.02304483950138 1046.5948628168553 42.254152887035161 3171.8058885224164 1720.3311078287661 213.41634407499805 54.477796180173755 1010.6596278697252
leaf_count=21983 7269 19816 535 8499 144 454957 2717 15423 2122 445 30488 958 1099834 65436 9306 2707 75530 1502 1416 508 84543 19718 420 4199 4792 18422 9187 9152 2225 4909
internal_value=0.0153796 -0.0389179 0.0516879 0.0735175 0.0269774 -0.0117788 -0.0406763 -0.06358 0.0178977 -0.0800149 0.0114775 -0.0350866 -0.0890012 -0.0223289 0.00275634 0.0113112 0.00641617 0.0347729 0.042253 0.0765862 -0.0547017 0.0283338 0.0147189 0.0496779 0.075403 0.0928725 0.0834825 -0.0297849 -0.00424466 0.0932009
internal_weight=31027.7 12433.7 18594 9872.5 8721.52 7488.52 3325.98 2754.68 7669.92 4945.16 6953.82 824.246 4120.92 1247.04 5418.37 4162.53 3872.74 3288.87 1535.45 123.147 701.099 2982 1820.65 1161.35 50.5112 6583.63 3411.82 381.552 267.894 1051.6
internal_count=1979162 1861026 118136 62482 55654 636586 538533 535816 50601 1224440 48479 91246 1133194 80859 39794 98053 95346 26374 8685 1466 89780 24872 20138 4734 5237 36108 17686 33360 11377 5053
is_linear=0
shrinkage=0.1


Tree=24
num_leaves=31
num_cat=0
split_feature=10 7 3 12 12 12 10 12 7 10 7 2 5 9 9 10 6 12 3 7 5 10 6 3 6 5 11 7 14 2
split_gain=5318.69 1216.69 987.774 639.323 366.149 722.576 444.177 299.497 282.681 237.202 213.986 177.099 173.089 171.468 165.409 164.325 128.373 120.901 140.331 336.219 117.605 116.045 319.792 115.895 132.891 115.528 100.426 93.4211 127.395 88.6718
threshold=0.69459062814712536 0.43650794029235845 0.89512962102890026 1.0000000180025095e-35 1.0000000180025095e-35 -1.0000000180025095e-35 0.47641299664974218 1.0000000180025095e-35 0.96153846383094799 0.5578589439392091 0.78888890147209179 0.5990654230117799 5.5000000000000009 0.51119467616081249 0.23094017058610919 0.92768564820289623 0.55291152000427257 -1.0000000180025095e-35 0.66424605250358593 0.069047622382640853 13.500000000000002 0.39787761867046362 0.55634921789169323 0.76689496636390697 0.73401361703872692 8.5000000000000018 0.21807064861059192 0.057189542800188072 0.48051087558269506 0.64326766133308422
decision_type=2 2 2 2 2 2 2 2 2 2 2 2 2 2 2 2 2 2 2 2 2 2 2 2 2 2 2 2 2 2
left_child=1 9 7 8 5 26 -7 17 10 14 15 -11 23 -8 21 -4 20 27 -19 -20 -14 29 -23 24 -9 -12 -3 -2 -29 -1
right_child=2 4 3 -5 -6 6 13 12 -10 11 25 -13 16 -15 -16 -17 -18 18 19 -21 -22 22 -24 -25 -26 -27 -28 28 -30 -31
leaf_value=-0.082542717121571824 0.066768960067550856 0.0054414504583727864 0.031185203292486183 0.097172778817505023 0.063858951601037356 -0.091481127156274405 0.023930892706404638 0.17019719076722881 0.092888704281106446 -0.060548564715158938 0.0028604382473710922 0.035931810875539955 0.10378089182495692 -0.058351296720126358 -0.095155235454168693 0.090799046632336275 -0.0042626286330166583 -0.038655360235146236 0.1194193610123185 -0.0065262856980492535 0.026654871931435831 2.9322086248351988 0.060882532665275137 0.086154043641516576 0.033821090583931464 -0.097552083991615191 0.10422561450973984 0.499946652688261 0.0038516445289798907 0.00853505688213522
leaf_weight=197.44529194082133 467.58604517485946 4072.4963385600131 2334.4707634039223 4811.3926527053118 592.54577741865069 1621.7918664431199 646.42000821488909 75.734063594602048 957.70749904215336 599.17716064630076 468.13814490288496 278.77595913945697 261.43565098848194 416.40728862839751 3341.6140694865026 576.59996117651463 1006.900266489014 906.7197770443745 241.45803677290678 1735.0972103150561 811.06560106016695 0.49450662080198471 1.7989933849312363 1029.098100727424 1263.9678270043805 151.7136991918087 105.58130015432835 5.2190926903858772 632.07078955788165 233.0886331431102
leaf_count=40126 3992 98058 6705 30456 2879 503819 23950 340 5031 86381 1443 8652 1455 8046 1081522 1697 9200 22218 503 7879 5328 75 279 5044 9262 664 262 88 2713 11289
internal_value=0.0144922 -0.0366026 0.0493717 0.0718484 -0.0115607 -0.0180727 -0.0585528 0.024594 0.0447029 -0.0767311 0.0316333 -0.0299132 0.0424347 -0.00830662 -0.0876211 0.042993 0.0213806 0.00469527 -0.00608286 0.00885936 0.0454553 -0.0294545 0.679976 0.0609167 0.0415305 -0.0217163 0.00793776 0.0328218 0.00791442 -0.0332337
internal_weight=29844 12107.6 17736.4 9300.02 7455.24 6862.7 2684.62 8436.35 4488.63 4652.39 3530.92 877.953 4448.2 1062.83 3774.44 2911.07 2079.4 3988.15 2883.28 1976.56 1072.5 432.827 2.2935 2368.8 1339.7 619.852 4178.08 1104.88 637.29 430.534
internal_count=1979356 1865338 114018 45996 637014 634135 535815 68022 15540 1228324 10509 95033 30629 31996 1133291 8402 15983 37393 30600 8382 6783 51769 354 14646 9602 2107 98320 6793 2801 51415
is_linear=0
shrinkage=0.1


Tree=25
num_leaves=31
num_cat=0
split_feature=10 9 3 12 11 2 9 12 12 3 7 5 2 7 11 10 7 11 7 14 3 3 11 5 9 11 11 1 11 5
split_gain=4542.27 1518.72 1067.97 806.067 454.692 445.356 314.664 304.723 270.793 239.075 231.645 225.097 218.679 187.328 164.72 161.545 155.341 150.237 146.208 129.234 124.265 107.492 118.705 97.7052 94.9403 92.1637 81.2266 77.4631 64.2181 60.6225
threshold=0.58848994970321666 0.23094017058610919 0.89732906222343456 1.0000000180025095e-35 0.053342817351222045 0.57712131738662731 0.35110442340373998 1.0000000180025095e-35 -1.0000000180025095e-35 0.54261502623558056 0.069047622382640853 4.5000000000000009 0.29679679870605474 0.96153846383094799 0.60434782505035411 0.41103501617908483 0.18465909361839297 0.44222222268581396 0.10263158008456232 0.28498871624469763 0.58969938755035411 0.88589513301849376 0.080540537834167494 5.5000000000000009 0.79187294840812694 0.13840996474027636 0.25403225421905523 1.0000000180025095e-35 0.72474747896194469 5.5000000000000009
decision_type=2 2 2 2 2 2 2 2 2 2 2 2 2 2 2 2 2 2 2 2 2 2 2 2 2 2 2 2 2 2
left_child=1 21 7 8 -3 -6 15 17 23 12 -11 -12 18 14 -10 -7 -14 19 -9 -2 -21 -1 27 -4 -19 -8 -15 -23 -26 -5
right_child=2 4 3 29 5 6 25 9 13 10 11 -13 16 26 -16 -17 -18 24 -20 20 -22 22 -24 -25 28 -27 -28 -29 -30 -31
leaf_value=-0.032758876209619751 0.13913665000793105 -0.096649275722303751 0.095030656823741677 0.10229760218376112 -0.092466618935597517 -0.014053576354597209 -0.041149028064745768 0.028147043732429506 0.0032164454096468148 0.11273350379277619 0.066655093238128765 -0.0051021141435578657 -0.05372176801744151 0.03076215046130586 0.069056258812607518 0.16882979358492656 0.1399564333573261 0.050103588591217052 0.35341000848267234 -0.057730667781817013 -0.0068402246799398525 0.044796645863209708 0.6272511538462644 0.033278470319901422 -0.0081814558453125793 0.024026938857374128 0.097087838483570152 0.0048582120409813067 0.040703606791207485 0.07568139588428896
leaf_weight=627.50823545828462 51.442911759950221 3567.7276654979214 911.35545848309994 3449.1442788504064 923.97220108984038 72.392517030239105 807.08232706738636 1638.9467795796227 2553.5106347789988 574.47030167141929 1184.1323623070493 692.99794776295312 559.86055175424553 322.34527238458395 446.41818800568581 145.12755056191236 44.719667689176276 664.5034545166418 13.937306908890603 665.94860192108899 1716.7051649484783 585.9992529945448 3.1357030794024459 356.42622028291225 1054.1565571399406 296.73082123626955 432.23298966884613 2835.6065418294165 360.66209998354316 1138.106568608433
leaf_count=55321 735 1295148 4019 23484 291891 10481 109489 16407 7993 2794 6505 5629 21414 1209 1157 5805 368 2946 83 49142 17047 2461 35 1188 5332 9431 2484 20650 1116 7760
internal_value=0.0132647 -0.0417032 0.04206 0.0653894 -0.0744622 -0.0392077 -0.00196517 0.0177515 0.0377099 0.0355472 0.0571687 0.0401638 0.0120663 0.0242167 0.013014 0.107965 -0.0393958 -0.000815566 0.0308897 -0.0176783 -0.021064 0.00529019 0.0122618 0.0776695 0.0189243 -0.0236282 0.0687544 0.0116982 0.0042802 0.0956941
internal_weight=28697.3 9865.28 18832 9609.54 5813.03 2245.31 1321.33 9222.48 5022.29 4709.06 2451.6 1877.13 2257.46 3754.51 2999.93 217.52 604.58 4513.42 1652.88 2434.1 2382.65 4052.25 3424.74 1267.78 2079.32 1103.81 754.578 3421.61 1414.82 4587.25
internal_count=1979524 1800712 178812 49294 1722245 427097 135206 129518 18050 53200 14928 12134 38272 12843 9150 16286 21782 76318 16490 66924 66189 78467 23146 5207 9394 118920 3693 23111 6448 31244
is_linear=0
shrinkage=0.1


Tree=26
num_leaves=31
num_cat=0
split_feature=10 7 7 12 4 9 10 12 10 10 9 12 1 9 9 2 12 5 2 10 7 5 10 5 1 10 10 10 10 4
split_gain=3729.91 1150.15 828.904 602.127 472.306 373.589 809.958 225.849 203.279 156.866 202.358 146.979 130.376 129.068 126.065 121.45 108.86 96.7941 82.9043 82.7138 81.5173 74.7889 73.1181 218.596 72.1377 69.1066 73.337 63.5203 62.7719 57.2992
threshold=0.68307831883430492 0.43650794029235845 0.96153846383094799 1.0000000180025095e-35 0.77032968401908886 0.25912602245807653 0.45951695740222936 -1.0000000180025095e-35 0.55391839146614086 0.91445994377136242 0.63571026921272289 1.0000000180025095e-35 1.0000000180025095e-35 0.43913836777210241 1.0000000180025095e-35 0.71494102478027355 1.0000000180025095e-35 5.5000000000000009 0.73746865987777721 0.96110200881958019 0.47727273404598242 2.5000000000000004 0.94146201014518749 5.5000000000000009 1.0000000180025095e-35 0.33124926686286932 0.55013227462768566 0.4204836785793305 0.5578589439392091 0.90054944157600414
decision_type=2 2 2 2 2 2 2 2 2 2 2 2 2 2 2 2 2 2 2 2 2 2 2 2 2 2 2 2 2 2
left_child=1 8 3 7 15 25 16 17 14 10 -9 12 -8 21 -1 20 -7 29 -15 -19 -5 28 23 -6 -11 -3 27 -27 -10 -2
right_child=2 5 -4 4 22 6 11 9 13 24 -12 -13 -14 18 -16 -17 -18 19 -20 -21 -22 -23 -24 -25 -26 26 -28 -29 -30 -31
leaf_value=-0.029979886748767382 0.043578679665028028 0.011615492966976886 0.097471861360395165 0.017634789756651753 0.087031298212470964 -0.091320759343306523 0.05883396724686546 0.026557712031490124 1.0781011623191945 0.020149222963565749 -0.020061809110210806 0.071748917167600415 -0.017061321276121092 -0.063986791141945387 -0.093571463360222651 0.090717182803647656 0.0026635913442850487 -0.0015906501961412121 0.040988997670142524 0.078874687879893352 0.10404253571570353 0.014499513073483974 0.094557585405467492 0.011367772436370738 0.07261087285762273 0.077492695890441166 0.018822939738407762 0.37076579845942975 0.16121246634789368 0.089603947375551024
leaf_weight=350.37486514309421 630.61511364672333 3718.9377768945415 2384.7905779629946 2788.0850322842598 1390.5135772712529 1469.0119216176681 293.35559694026597 1369.1300833108835 0.76272490783594449 1001.4878449440002 2910.0723856999539 370.79443510994315 990.84603150724433 524.48797981627285 2827.2834009984508 273.57562418282032 134.52805290743709 569.26912409346551 87.829377356916666 164.71314641088247 113.6299761235714 107.98763545672409 1742.4630461372435 526.36688511073589 355.02219464629889 14.045467644464226 35.674173261970282 15.574701664736493 35.485930558061227 473.66353007778525
leaf_count=33338 3257 38642 16867 24412 9001 542415 5539 12912 147 3714 23249 1390 44145 80222 1094955 1565 1169 4413 1141 514 400 12294 12025 3214 882 2887 161 244 2340 1844
internal_value=0.0131172 -0.0321593 0.0428894 0.0337922 0.055244 -0.00796604 -0.0327861 0.0141755 -0.0754684 0.00424743 -0.0051459 0.016289 0.00027576 -0.0288829 -0.0865597 0.0270236 -0.083436 0.0446126 -0.0489293 0.0164666 0.0210185 0.0562191 0.0797315 0.0662544 0.0338793 0.0134061 0.115393 0.2317 0.180505 0.0633205
internal_weight=27670.4 10977 16693.4 14308.6 6834.63 7042.77 3258.54 7473.97 3934.21 5635.71 4279.2 1655 1284.2 756.554 3177.66 3175.29 1603.54 1838.26 612.317 733.982 2901.72 144.236 3659.34 1916.88 1356.51 3784.23 65.2943 29.6202 36.2487 1104.28
internal_count=1979298 1861029 118269 101402 50617 636592 594658 50785 1224437 40757 36161 51074 49684 96144 1128293 26377 543584 10028 81363 4927 24812 14781 24240 12215 4596 41934 3292 3131 2487 5101
is_linear=0
shrinkage=0.1


Tree=27
num_leaves=31
num_cat=0
split_feature=10 10 3 12 11 2 12 12 3 7 4 2 7 5 6 1 7 14 2 2 2 5 10 14 4 4 5 7 1 2
split_gain=3305.16 1257.66 916.26 777.941 478.893 426.149 236.706 220.551 192.375 228.442 171.539 151.538 152.468 148.61 143.311 203.527 138.373 252.784 148.627 130.738 172.992 88.3726 78.7476 115.281 73.153 68.5725 64.7572 129.425 116.341 61.5617
threshold=0.58848994970321666 1.0000000180025095e-35 0.89732906222343456 1.0000000180025095e-35 0.04446640424430371 0.57712131738662731 1.0000000180025095e-35 -1.0000000180025095e-35 0.59727272391319286 0.069047622382640853 0.73375529050827037 0.2237871661782265 0.18465909361839297 5.5000000000000009 0.80810147523880016 1.0000000180025095e-35 0.074175827205181136 0.46558573842048651 0.93582704663276683 0.95538970828056347 0.8521554470062257 5.5000000000000009 0.73710790276527416 0.28498871624469763 0.055946791544556625 0.63582888245582592 5.5000000000000009 0.78888890147209179 1.0000000180025095e-35 0.43159537017345434
decision_type=2 2 2 2 2 2 2 2 2 2 2 2 2 2 2 2 2 2 2 2 2 2 2 2 2 2 2 2 2 2
left_child=1 25 6 7 -3 -6 13 21 11 -10 -11 24 -13 14 29 -16 17 -7 -18 20 -9 -4 -15 -24 -8 -1 -5 -28 -29 -2
right_child=2 4 3 26 5 16 8 19 9 10 -12 12 -14 22 15 -17 18 -19 -20 -21 -22 -23 23 -25 -26 -27 27 28 -30 -31
leaf_value=-0.083045523771753338 -0.029775778201397346 -0.096404733831513253 0.090162040791337161 0.10076884288058029 -0.090393382285590726 3.2146125466831985 -0.099017237840130945 0.041142988610841924 0.11416188562876124 -0.018438455084708417 0.054347523381092146 -0.025404078293193778 0.10473403646077394 -0.069329590873212624 0.012172918500258832 -0.097079312474455476 -0.027761349200897008 0.15268638196986567 0.045759927010887498 0.06047137030586075 -0.0081828325891454678 0.029032937052070159 0.35468707544702505 -0.017287722378350617 0.041023670367291709 0.0071282248619921901 0.084462705557647011 -0.10903885677735588 0.092322597585585767 0.10029407852834077
leaf_weight=86.205630249576643 43.076784060103819 2920.0924688046798 784.45466823875904 2909.9872665405273 852.47193055762909 0.2712385302875181 38.569804819300771 1198.7710027676076 469.09363648109138 439.5692677423358 1229.3355729486793 1070.6761963230092 98.291217316640541 336.29581277584657 2428.6594547552522 183.39068564213812 940.98543036053888 45.317079803906381 388.47678676620126 682.09911346621811 1747.4667283184826 338.56378798186779 8.3883808413520438 1231.8920056866482 1134.0269912132062 3878.9976004434284 885.53242613375187 70.192069370299578 48.532703552395105 234.34040850237943
leaf_count=21028 2238 1270188 3985 23609 323309 26 382 3708 2499 4723 6311 30828 711 30686 25679 1020 122857 6507 29009 3466 5535 1173 99 15892 7708 28657 6911 565 300 1024
internal_value=0.0117293 -0.03716 0.0370267 0.0602018 -0.0697651 -0.0348427 0.0145771 0.0330068 0.0308192 0.0525066 0.0351766 0.0110173 -0.0144616 -0.00171424 0.0117602 0.00450238 -0.000403715 0.170904 -0.00627799 0.0210204 0.011887 0.071733 -0.0264095 -0.0147719 0.0364174 0.0051678 0.0932128 0.0713179 -0.0267257 0.0800971
internal_weight=26724 9112.82 17611.2 8665.6 5147.61 2227.52 8945.61 4751.36 4479.56 2138 1668.9 2341.56 1168.97 4466.04 2889.47 2612.05 1375.05 45.5883 1329.46 3628.34 2946.24 1123.02 1576.58 1240.28 1172.6 3965.2 3914.24 1004.26 118.725 277.417
internal_count=1980633 1801581 179052 49252 1751896 481708 129800 17867 53162 13533 11034 39629 31539 76638 29961 26699 158399 6533 151866 12709 9243 5158 46677 15991 8090 49685 31385 7776 865 3262
is_linear=0
shrinkage=0.1


Tree=28
num_leaves=31
num_cat=0
split_feature=10 7 3 12 12 10 7 5 7 12 9 10 1 12 9 6 5 6 6 1 9 7 5 3 7 10 9 5 10 1
split_gain=2795.8 908.324 793.53 684.973 247.035 537.338 202.769 194.246 188.039 173.628 158.012 155.914 145.691 142.163 138.792 135.957 143.612 175.671 140.803 110.513 104.256 100.625 106.275 98.3876 166.12 92.5993 85.8688 71.8737 113.037 100.621
threshold=0.68307831883430492 0.38750000298023229 0.85536885261535656 1.0000000180025095e-35 -1.0000000180025095e-35 0.4514701664447785 0.96153846383094799 2.5000000000000004 0.5634920895099641 1.0000000180025095e-35 0.43187153339385992 0.55391839146614086 1.0000000180025095e-35 1.0000000180025095e-35 0.697758048772812 0.84262126684188854 5.5000000000000009 0.50280898809432995 0.76043477654457103 1.0000000180025095e-35 0.25912602245807653 0.73214286565780651 2.5000000000000004 0.1352966129779816 0.42261904478073126 0.92768564820289623 0.42438536882400518 5.5000000000000009 0.94146201014518749 1.0000000180025095e-35
decision_type=2 2 2 2 2 2 2 2 2 2 2 2 2 2 2 2 2 2 2 2 2 2 2 2 2 2 2 2 2 2
left_child=1 11 7 6 19 13 8 25 12 10 -7 20 -4 -6 -10 16 18 -18 -9 -3 -1 22 -21 -17 -25 -2 -13 -5 29 -29
right_child=2 4 3 27 5 9 -8 15 14 -11 -12 26 -14 -15 -16 23 17 -19 -20 21 -22 -23 -24 24 -26 -27 -28 28 -30 -31
leaf_value=-0.035936432989490709 0.021887247165562233 0.036102880431611972 0.082364285922082683 0.097688488127710499 -0.090591551865489992 0.036813172099709496 0.080895372842768876 0.11949227463919972 0.04112864962579519 0.066446431526757069 -0.0416950118152331 0.050201171621099529 -0.0040964718205184656 0.01820023252896491 -0.0035387587085383247 0.018750875317161825 0.028409711384643738 -0.019497500420917156 0.022088993797360526 -0.11673499189617254 -0.094343027449837524 0.0087528190072375927 -0.017198860572531654 -0.11113804536615855 -0.0018482114955285238 0.064826054172225242 -0.047275514580924348 -0.020275263224222993 0.093944689668564479 0.082812568201071968
leaf_weight=356.783704593312 1435.9613311495632 914.61694502877071 785.18284440785646 2815.2603939287364 1179.4681454247329 413.37692464818247 745.52170625329018 199.51666494039819 1059.8421143703163 382.52444767439738 674.95920785656199 107.78959086094983 259.23960168659687 133.73322618659586 2024.312570553273 225.12546186335385 1254.6765214246698 1962.8690782566555 579.39278799341992 121.0737740767654 2131.1188684781082 2267.7859453544952 940.72526579769328 294.72454807255417 263.35633476264775 772.37998271360993 559.26958288811147 219.71250605583191 581.56898901984096 166.38731205463409
leaf_count=67831 11038 20958 2164 25041 529214 22792 5071 1207 3048 1679 36015 11431 811 1545 6746 871 12527 26717 5234 7154 993650 45643 39946 5387 1027 3358 83525 1692 5071 1161
internal_value=0.0109005 -0.0298798 0.0374441 0.0576783 -0.00986962 -0.0330177 0.0328973 0.0123772 0.02423 0.00849344 -0.0118757 -0.0744562 0.0609036 -0.0795125 0.0118108 0.00104449 0.00851076 -0.000816163 0.0470387 0.00531475 -0.0859671 -0.00314256 -0.0285487 -0.0370535 -0.0595646 0.0369053 -0.0315243 0.0896073 0.0660965 0.0241498
internal_weight=25828.3 10183.2 15645 8657.03 7028.26 2784.06 4874.1 6988 4128.58 1470.86 1088.34 3154.96 1044.42 1313.2 3084.15 4779.66 3996.46 3217.55 778.909 4244.2 2487.9 3329.58 1061.8 783.206 558.081 2208.34 667.059 3782.93 967.669 386.1
internal_count=1979554 1861383 118171 50805 704946 591245 17840 67366 12769 60486 58807 1156437 2975 530759 9794 52970 45685 39244 6441 113701 1061481 92743 47100 7285 6414 14396 94956 32965 7924 2853
is_linear=0
shrinkage=0.1


Tree=29
num_leaves=31
num_cat=0
split_feature=11 2 7 10 4 12 12 10 5 1 7 12 6 4 10 7 7 4 10 7 10 6 5 6 1 7 7 5 2 5
split_gain=2355.22 817.224 799.255 432.112 294.422 286.75 498.026 427.594 212.592 426.627 291.185 224.653 171.239 150.757 138.778 138.583 109.316 107.017 85.6056 83.58 80.2147 95.6939 77.0552 79.8583 65.3558 166.458 68.5958 60.7782 52.1419 50.8902
threshold=0.21807064861059192 0.63582888245582592 0.96153846383094799 0.92768564820289623 0.81661397218704235 1.0000000180025095e-35 -1.0000000180025095e-35 0.47248421609401708 8.5000000000000018 1.0000000180025095e-35 0.73214286565780651 1.0000000180025095e-35 0.75809821486473095 0.89512962102890026 0.65682536363601696 0.093073595315217986 0.47727273404598242 0.78319624066352855 0.9492306411266328 0.47727273404598242 0.56939375400543224 0.60797563195228588 25.500000000000004 0.25211864709854132 1.0000000180025095e-35 0.58571431040763866 0.63068181276321422 8.5000000000000018 0.90366768836975109 3.5000000000000004
decision_type=2 2 2 2 2 2 2 2 2 2 2 2 2 2 2 2 2 2 2 2 2 2 2 2 2 2 2 2 2 2
left_child=1 14 3 8 22 6 24 -8 11 10 -10 12 -2 -13 16 20 -1 -18 27 -11 21 -7 -5 -24 26 -26 -3 -6 -17 -9
right_child=2 5 -4 4 18 15 7 29 9 19 -12 13 -14 -15 -16 28 17 -19 -20 -21 -22 -23 23 -25 25 -27 -28 -29 -30 -31
leaf_value=-0.090856546956507467 0.056332332182271905 0.013425287297968004 0.097062811507960867 0.029634405261327885 0.062463726109489796 1.1010972879550309 -0.090329306312382493 0.0089089228839139521 -0.015970132535010131 -0.11317013101422249 -0.13732113629461215 0.027443036305012776 0.00083993681320513724 0.082399604458880255 -0.0096370776188086735 0.017217111542356691 0.180288571914347 -0.041610046634168847 0.089341684071576652 0.13260335725406017 0.14541947076356718 0.33406389507518375 0.0098588580694020031 -0.15288223702801185 -0.073945692055713372 0.0047345943836084401 0.076672379764389315 -0.0077493963976734892 0.078625405404063972 -0.02991873865617092
leaf_weight=2075.8715164458845 654.45809282385744 845.3118503857404 1841.0360233010724 2053.9842361789197 661.52119173109531 1.9745236679445941 1330.0298585681012 677.25043209712021 1559.075000887271 14.834632956422864 226.45539237558842 1269.2987314087804 3699.2412995160557 822.68476792797446 284.83125153090805 317.87159728631377 24.319511757581495 204.4514515629271 1573.1473021693528 205.6846420802176 24.111962351948023 9.22820434742607 82.261239282786846 47.60047653876245 295.1304810490692 3024.1718380278908 215.1208501860965 151.52442312985659 244.72458885610104 673.00514589983504
leaf_count=965340 5080 38898 16571 9950 3771 25 644446 23253 34458 102 1144 19112 24127 6992 12827 8648 3310 26386 11374 699 80 106 252 261 28905 65533 1172 732 1339 24342
internal_value=0.00995959 -0.0269241 0.0353896 0.0266702 0.0514431 -0.0105026 -0.0161339 -0.0500852 0.013275 -0.0151542 -0.0313608 0.0221228 0.00918168 0.049055 -0.075488 0.0559911 -0.0836265 -0.0180211 0.075725 0.11607 0.248149 0.469256 0.0249113 -0.0497935 0.00464343 -0.00226114 0.0262557 0.0493784 0.0439292 -0.0104439
internal_weight=25110.2 10247.4 14862.8 13021.8 4570.04 7657.93 7060.02 2680.29 8451.73 2006.05 1785.53 6445.68 4353.7 2091.98 2589.47 597.911 2304.64 228.771 2386.19 220.519 35.3147 11.2027 2183.85 129.862 4379.74 3319.3 1060.43 813.046 562.596 1350.26
internal_count=1979235 1844610 134625 118054 26340 836747 826549 692041 91714 36403 35602 55311 29207 26104 1007863 10198 995036 29696 15877 801 211 131 10463 513 134508 94438 40070 4503 9987 47595
is_linear=0
shrinkage=0.1


Tree=30
num_leaves=31
num_cat=0
split_feature=11 7 7 12 3 12 9 11 9 11 2 12 5 7 3 2 9 11 11 1 7 3 9 5 7 2 2 3 12 9
split_gain=1993.12 749.851 734.691 330.114 435.751 199.428 182.104 585.038 175.423 209.538 173.907 164.627 127.294 153.816 119.981 111.343 109.133 98.3987 96.5642 84.4875 76.9277 88.9997 73.7053 71.7002 64.5559 61.0281 55.2314 49.0726 48.6316 46.4894
threshold=0.21807064861059192 0.96153846383094799 0.43650794029235845 1.0000000180025095e-35 0.74654760956764232 -1.0000000180025095e-35 0.27297566831111914 0.045983087271451957 0.62375456094741832 0.5313725769519807 0.63686314225196849 1.0000000180025095e-35 5.5000000000000009 0.78888890147209179 0.77807807922363292 0.17082066833972934 0.3713683038949967 0.04446640424430371 0.26491229236125952 1.0000000180025095e-35 0.47727273404598242 0.1352966129779816 1.0000000180025095e-35 5.5000000000000009 0.75961539149284374 0.88273492455482494 0.93957647681236278 0.88893985748291027 1.0000000180025095e-35 0.35529655218124395
decision_type=2 2 2 2 2 2 2 2 2 2 2 2 2 2 2 2 2 2 2 2 2 2 2 2 2 2 2 2 2 2
left_child=2 3 10 5 20 23 17 28 18 -10 15 19 -6 -14 29 -1 25 -4 -7 22 21 -5 -12 27 -25 -9 -18 -2 -8 -13
right_child=1 -3 6 4 12 8 7 16 9 -11 11 14 13 -15 -16 -17 26 -19 -20 -21 -22 -23 -24 24 -26 -27 -28 -29 -30 -31
leaf_value=-0.0079019643281484416 0.040730959952121122 0.096597489993449442 0.0054166465860924894 0.046508843364641901 0.084758257764410025 -0.0085483684494117342 -0.095084516830865246 0.01301235211308345 -0.026019954168717541 0.02108912008641026 0.028732916075375228 0.16303777933845021 0.052922682961928626 -0.089268592424705251 0.1654785851797515 -0.087507501657362458 -0.019453044791368331 0.096424990427230559 0.05375985791653061 -0.10463120141749319 0.091691996517366925 0.00056810497455578952 -0.049284254502429001 0.026049015670384562 -0.08306209937584913 0.086468811811302351 0.020721978614672957 0.087271540710616546 0.017293497022395979 -0.064728937943488815
leaf_weight=192.95242875255644 575.71038155909628 1685.5019927695394 3732.4197556538275 530.14756446820684 1883.9398944834247 355.17020803363994 892.88752023281995 233.48201152938418 2560.4041418370325 1495.7580644786358 167.67863946920261 10.832235233276149 1203.0067278437782 81.213134691119194 69.350338583113626 1965.2535733700497 1104.7007946764352 122.7086800733814 829.94513240363449 186.40125608677045 120.53537780046463 2061.2363886591047 435.85464767669328 624.39774681790732 59.38173558562994 219.36580629413947 495.76471344032325 373.56194090563804 40.244119383394718 51.885342104011215
leaf_count=33885 3393 16532 54791 2554 16657 8070 487271 10457 23846 5267 4650 783 10223 609 914 947856 50749 2270 6192 67574 513 33509 145806 5059 199 8247 22916 1786 800 5396
internal_value=0.0102018 0.0339115 -0.0243047 0.0256275 0.0430225 0.0107483 -0.00604606 -0.0245824 0.00124096 -0.00864792 -0.0648598 -0.0285061 0.0682087 0.0439306 0.0748371 -0.0803904 0.00525486 0.00831344 0.0350865 -0.0457839 0.0135991 0.0099667 -0.0276089 0.0412621 0.0165734 0.0485957 -0.00700832 0.0590458 -0.0902379 -0.0253903
internal_weight=24361.7 14439.9 9921.78 12754.4 5880.08 6874.33 6841.57 2986.44 5241.28 4056.16 3080.21 922.002 3168.16 1284.22 132.068 2158.21 2053.31 3855.13 1185.12 789.935 2711.92 2591.38 603.533 1633.05 683.779 452.848 1600.47 949.272 933.132 62.7176
internal_count=1978774 134409 1844365 117877 64065 53812 637501 580440 43375 29113 1206864 225123 27489 10832 7093 981741 92369 57061 14262 218030 36576 36063 150456 10437 5258 18704 73665 5179 488071 6179
is_linear=0
shrinkage=0.1


Tree=31
num_leaves=31
num_cat=0
split_feature=11 7 2 10 4 9 11 9 10 2 7 2 12 7 2 11 10 9 9 10 12 10 5 6 5 1 11 7 5 4
split_gain=1629.59 709.452 695.961 361.875 276.725 265.658 701.088 209.029 176.171 155.358 501.929 165.665 154.809 123.26 94.9221 79.8639 94.3801 80.2567 71.0811 61.882 52.4942 49.1328 45.0267 44.892 43.9086 40.7869 40.6891 40.1332 48.1596 55.8746
threshold=0.21807064861059192 0.96153846383094799 0.57712131738662731 0.94146201014518749 0.79743590950965892 0.27297566831111914 0.045983087271451957 0.52391350269317638 0.65682536363601696 0.4803846031427384 0.074175827205181136 0.23431372642517093 1.0000000180025095e-35 0.087121214717626586 0.91945946216583263 0.04446640424430371 0.55013227462768566 0.18624359369277957 0.8705272674560548 0.41309450566768652 1.0000000180025095e-35 0.97115117311477672 28.500000000000004 0.4470884650945664 8.5000000000000018 1.0000000180025095e-35 0.19139194488525393 0.31666667759418493 3.5000000000000004 0.5388936996459962
decision_type=2 2 2 2 2 2 2 2 2 2 2 2 2 2 2 2 2 2 2 2 2 2 2 2 2 2 2 2 2 2
left_child=2 3 8 7 18 15 20 -2 27 11 -11 -9 14 -14 -8 17 19 25 23 -17 -7 24 -20 -5 -6 -4 -10 -1 29 -29
right_child=1 -3 5 4 21 6 12 9 26 10 -12 -13 13 -15 -16 16 -18 -19 22 -21 -22 -23 -24 -25 -26 -27 -28 28 -30 -31
leaf_value=-0.09492833691545971 0.05175604011107348 0.094689761053996013 0.025846052833170315 0.1023180540301782 0.07487337329330554 -0.096024723248697416 -0.027878287996253873 0.010429056952122958 0.039236707103744439 0.11501076698364153 0.0057162713197376211 -0.049648948965698658 0.23045617497903367 0.036082458843170274 0.018880486932004014 0.082716379292371175 0.019372824320705053 -0.076195104129661628 0.012694651538824445 0.30003306460177837 0.0088612272149177756 0.10063780893307839 -0.08149032400980738 0.035436695175693513 0.023563368712124798 0.0017527226241177884 -0.048356685988203162 0.6115910603599406 -0.073795548373013525 0.024200542317580037
leaf_weight=1448.222690850147 1155.2539460507687 1533.9675273485482 925.19411867088638 134.76191782020032 924.52189991250634 1158.7739187313709 1275.62857871491 928.6735586032737 136.92458657943644 454.48166265338659 5568.9253820453305 907.5193145845551 34.888098488328978 502.89073672366794 658.14667727099732 27.091352639836259 90.850178021239117 117.94938337092753 1171.8908893223852 25.377562815207057 49.766728366026655 621.24836268462241 53.056342955678701 393.1314132399857 203.48952914401889 2920.8228865102865 86.555003101471812 1.6851896850857873 138.8369597659912 41.497264288947918
leaf_count=814284 15371 16395 13382 433 7156 709273 108723 9145 7359 2515 29588 39094 282 13950 36431 3203 477 56036 5678 421 2433 5222 212 2099 1414 17663 4549 875 42163 13303
internal_value=0.00877778 0.0305023 -0.0228834 0.022636 0.0499161 -0.00977486 -0.0292874 0.0120382 -0.0779519 0.00620026 0.0139628 -0.0192639 0.00123384 0.0486923 -0.0119643 0.00770822 0.0810432 0.00505676 0.0218349 0.187826 -0.0917056 0.0780548 0.0086152 0.0525103 0.0656172 0.00754859 0.00531125 -0.0893659 -0.0451086 0.0471234
internal_weight=23692 14050.9 9641.1 12517 3502.1 7787.38 3680.09 9014.85 1853.72 7859.6 6023.41 1836.19 2471.55 537.779 1933.78 4107.29 143.319 3963.97 1752.84 52.4689 1208.54 1749.26 1224.95 527.893 1128.01 3846.02 223.48 1630.24 182.019 43.1825
internal_count=1979129 134322 1844807 117927 22214 962274 871092 95713 882533 80342 32103 48239 159386 14232 145154 91182 4101 87081 8422 3624 711706 13792 5890 2532 8570 31045 11908 870625 56341 14178
is_linear=0
shrinkage=0.1


Tree=32
num_leaves=31
num_cat=0
split_feature=11 9 3 12 10 12 5 1 9 2 2 3 5 11 10 9 2 10 10 5 3 9 5 1 12 5 2 1 2 3
split_gain=1412.36 709.263 660.383 599.906 543.229 170.765 149.326 356.753 143.679 102.863 92.8409 92.3843 214.524 92.2835 82.669 75.0762 71.9866 71.433 71.3978 70.348 84.0751 68.5918 68.3683 66.0221 65.2314 59.5968 57.5225 57.3948 56.1791 54.1127
threshold=0.15894736349582675 0.25912602245807653 0.89732906222343456 1.0000000180025095e-35 0.47836488485336309 -1.0000000180025095e-35 2.5000000000000004 1.0000000180025095e-35 0.44243709743022924 0.93957647681236278 0.077422577887773528 0.90054944157600414 8.5000000000000018 0.057983193546533592 0.88251724839210521 0.36151385307312017 0.57712131738662731 0.64722883701324474 0.75484195351600658 5.5000000000000009 0.94804319739341747 0.79187294840812694 5.5000000000000009 1.0000000180025095e-35 1.0000000180025095e-35 8.5000000000000018 0.47469820082187658 1.0000000180025095e-35 0.58380147814750682 0.71930795907974254
decision_type=2 2 2 2 2 2 2 2 2 2 2 2 2 2 2 2 2 2 2 2 2 2 2 2 2 2 2 2 2 2
left_child=1 16 6 5 13 22 7 29 9 -6 25 18 -13 -3 26 28 -1 -10 -7 -5 -21 -16 -4 -22 -18 -8 -12 -24 -15 -2
right_child=2 4 3 19 8 11 10 -9 17 -11 14 12 -14 15 21 -17 24 -19 -20 20 23 -23 27 -25 -26 -27 -28 -29 -30 -31
leaf_value=-0.060280540073638027 0.018731235973897069 -0.09563601575125763 0.084260389118580456 0.096452997099375382 0.0029413885121116665 -0.026248279026242261 -0.00075070911192266776 -0.15058705971989894 -0.054596063300615616 0.092645645961872206 -0.031377140971914144 0.015079689721980708 -0.09304203920997578 -0.092401684963077158 0.038639142525717603 -0.070854065881170269 0.0050585082129285244 0.013958864758901887 0.068598711475716792 0.085208936288454801 -0.026999309360663599 0.0028133795682004107 -0.019586719580976512 0.073011977015367865 0.1485879803967888 -0.12768923145124755 -0.00025403722612960807 0.067695708756450479 0.048491704019276258 0.047574002773124235
leaf_weight=169.7666121032089 1232.6696283387719 1860.3622885682853 584.81500499136746 1923.8519272841513 559.42436183115933 96.165776944952086 60.575461082626134 109.14060899522156 616.52391571714543 165.69183010188863 1035.0145172324264 2464.1117626465857 198.27173428982496 38.272775984485634 704.13808385003358 437.16344955819659 3986.1506924714195 201.72316419100389 454.32974600791931 489.59368470869958 154.65139177441597 2217.210945229046 145.35034628910944 115.15808516554534 31.918183936970308 94.975698714493774 1393.1922297846759 156.41046116035432 108.61442462622654 1377.2023101630621
leaf_count=49015 22386 1250316 3927 23228 63464 579 653 738 137302 3746 77756 9969 861 23846 4063 166618 68608 3938 1061 5136 1471 12316 605 1048 304 2333 21501 564 15146 6466
internal_value=0.00820282 -0.0252381 0.0264212 0.0495204 -0.0554218 0.0254597 0.0073705 0.0265439 -0.00897251 0.0234392 -0.0020994 0.0147384 0.0070277 -0.0847492 0.000115043 -0.0500716 0.00350372 -0.0376952 0.0520299 0.0862801 0.0605083 0.0114485 0.0643127 0.0156868 0.00619866 -0.0782562 -0.0135201 0.025654 0.0117807 0.0339513
internal_weight=23182.4 8175.61 15006.8 6782.71 3987.78 4099.45 8224.12 2719.01 1543.36 725.116 5505.11 3212.88 2662.38 2444.41 5349.56 584.051 4187.84 818.247 550.496 2683.26 759.403 2921.35 886.576 269.809 4018.07 155.551 2428.21 301.761 146.887 2609.87
internal_count=1978964 1782303 196661 48449 1664376 17566 148212 29590 208450 67210 118622 12470 10830 1455926 115636 205610 117927 141240 1640 30883 7655 16379 5096 2519 68912 2986 99257 1169 38992 28852
is_linear=0
shrinkage=0.1


Tree=33
num_leaves=31
num_cat=0
split_feature=11 7 7 3 7 11 5 1 11 9 1 5 7 5 2 2 7 3 3 4 9 5 7 1 2 1 6 1 5 2
split_gain=1279.28 596.992 520.119 234.869 275.814 222.613 158.687 178.841 149.726 150.754 137.622 244.271 180.566 124.843 122.087 108.877 103.141 441.773 138.408 95.768 87.4986 84.0554 96.1492 82.436 76.4974 75.856 68.0652 61.8004 60.5719 165.008
threshold=0.26491229236125952 0.96153846383094799 0.43650794029235845 0.86743059754371654 0.75961539149284374 0.13100686669349673 8.5000000000000018 1.0000000180025095e-35 0.60434782505035411 0.697758048772812 1.0000000180025095e-35 4.5000000000000009 0.58571431040763866 2.5000000000000004 0.65733855962753307 0.77849927544593822 0.057189542800188072 0.57185888290405285 0.31706349551677709 0.97182539105415355 0.4212701171636582 8.5000000000000018 0.78888890147209179 1.0000000180025095e-35 0.75134408473968517 1.0000000180025095e-35 0.84409722685813915 1.0000000180025095e-35 1.5000000000000002 0.84889996051788341
decision_type=2 2 2 2 2 2 2 2 2 2 2 2 2 2 2 2 2 2 2 2 2 2 2 2 2 2 2 2 2 2
left_child=2 3 5 13 8 14 -6 -8 9 -5 11 19 28 25 -1 20 17 -15 -18 24 -7 22 -14 -16 -4 26 -2 -17 -12 -30
right_child=1 -3 10 4 6 15 7 -9 -10 -11 12 -13 21 16 23 27 18 -19 -20 -21 -22 -23 -24 -25 -26 -27 -28 -29 29 -31
leaf_value=-0.089374164514573182 0.18545542051421005 0.097662009239809264 0.08176288342192814 0.06999037199542929 0.0066936891036549874 0.03142914373014237 -0.15013441509017622 0.1724190511260757 0.077767799043097718 0.019921551485847368 -0.12407177784056758 -0.032343294005548445 -0.023345123004744901 -0.0057696053775366744 -0.013605757388881446 0.073532738288970709 0.46532997837309065 0.10510529205312175 -0.020183263819130538 0.10873387632855328 -0.045391872830224146 0.071471180129358089 0.0049051098952908895 -0.10292238431501353 0.017904206709216546 -0.12779329665801589 0.030845628008834905 -0.1373791307055571 -0.061842970556989653 0.18515516770309695
leaf_weight=1370.0936537398957 28.909715457353741 1166.2900045365095 246.94250209245365 888.06906989403069 482.67906054295599 183.57739727082662 136.08397620543838 19.67478970438242 1254.9847326315939 1862.6781476978213 129.00408314401284 597.68757585680578 2147.2254149095388 2122.5768289887346 441.39983380434569 159.76715804124251 5.8915255572646847 432.60471161757596 1738.0001076485496 200.97153653495479 770.80396951199509 138.61924769089092 2744.8277320950292 134.92305383086205 780.46911027887836 29.729443481191993 1890.036218944937 15.215915394248439 442.0253447627183 28.809653921285644
leaf_count=917254 117 15186 12917 4502 2642 20209 743 84 11182 10186 30326 24882 229712 30662 126557 940 28 1902 11830 4331 105135 8469 215100 64959 25702 222 12444 509 89177 1446
internal_value=0.00742436 0.0296647 -0.018038 0.0223836 0.0394158 -0.0526383 -0.0216273 -0.109391 0.0491449 0.0360861 -0.00376557 0.0200899 -0.0115023 0.00972305 -0.0731309 -0.0173202 0.000205999 0.0130021 -0.018543 0.0456021 -0.0306152 -0.00531863 -0.00749451 -0.0345157 0.0332529 0.0307191 0.0331749 0.0551926 -0.0633631 -0.0467295
internal_weight=22590.6 12058.2 10532.4 10891.9 4644.17 3075.78 638.438 155.759 4005.73 2750.75 7456.58 1826.07 5630.51 6247.75 1946.42 1129.36 4299.07 2555.18 1743.89 1228.38 954.381 5030.67 4892.05 576.323 1027.41 1948.68 1918.95 174.983 599.839 470.835
internal_count=1979355 101730 1877625 86544 29339 1235563 3469 827 25870 14688 642062 67832 574230 57205 1108770 126793 44422 32564 11858 42950 125344 453281 444812 191516 38619 12783 12561 1449 120949 90623
is_linear=0
shrinkage=0.1


Tree=34
num_leaves=31
num_cat=0
split_feature=10 2 7 10 4 10 11 5 1 7 7 6 1 7 5 4 7 14 11 5 6 3 1 6 5 14 14 6 5 6
split_gain=1094.95 610.723 555.269 294.839 249.533 152.002 666.551 134.052 387.81 305.347 143.372 130.051 196.18 109.844 125.484 72.4291 58.4831 72.7906 53.6858 53.1514 48.8893 45.0632 42.0906 41.3871 43.4526 86.3101 40.348 39.571 34.3016 34.0048
threshold=0.69459062814712536 0.57712131738662731 0.96153846383094799 0.9492306411266328 0.79743590950965892 1.0000000180025095e-35 0.04446640424430371 8.5000000000000018 1.0000000180025095e-35 0.73214286565780651 0.47727273404598242 0.75809821486473095 1.0000000180025095e-35 0.074175827205181136 2.5000000000000004 0.17192118614912036 0.31666667759418493 0.36302155256271368 0.27429467439651495 2.5000000000000004 0.73956522345542919 0.50024390220642101 1.0000000180025095e-35 0.86159002780914318 4.5000000000000009 0.30099260807037359 0.25337898731231695 0.85239651799201976 17.500000000000004 0.44151847064495092
decision_type=2 2 2 2 2 2 2 2 2 2 2 2 2 2 2 2 2 2 2 2 2 2 2 2 2 2 2 2 2 2
left_child=1 15 3 7 19 28 -7 11 9 -9 -10 22 -13 29 -15 23 -17 27 -4 -5 -21 -19 -2 -1 26 -26 -25 -18 -3 -8
right_child=2 5 18 4 -6 6 13 8 10 -11 -12 12 -14 14 -16 16 17 21 -20 20 -22 -23 -24 24 25 -27 -28 -29 -30 -31
leaf_value=-0.052410867788480954 0.030465841808721125 0.0046526781675822765 0.044139083505980649 0.054495275170324535 0.080196177919354072 -0.088996234670159768 0.64094771764144465 -0.011434135850700366 -0.14947828455811851 -0.12874662897950803 0.12693778785358023 0.020567966346334184 -0.022302217348305675 0.02626066510171577 -0.021021958690745354 -0.092810003687172071 0.0014381950274120689 0.5035303490685582 0.098333537360919321 0.020705974996410255 -0.02766219380244089 -0.049266190150206141 0.069393789582816931 0.19065813492147959 -0.10379347175927785 1.6157345022602325 -0.0068436729106217346 0.48625889084089774 0.21596148857942066 0.095968448815412499
leaf_weight=90.439127905294299 633.61442573368549 3783.3640098562464 223.22644892334938 332.01141721755266 1236.7701106425375 1081.1158132167766 1.156663994770496 1763.9695098581724 20.399061243981123 253.79583184607327 234.17912378720939 4541.885193713475 1395.3849245943129 1046.8970408696914 1210.0458195798565 1220.1077366363024 2.8711725844768798 1.4873972700443108 1009.0450433697551 866.19322617724538 275.42280283942819 172.19605429761577 494.54817933402956 13.968879799940622 0.65974355814978369 0.52355483686551452 39.858613959047943 4.0698598755989224 7.6977215982042244 112.90052807296161
leaf_count=26868 6527 26843 1907 1646 11606 765896 68 25287 152 1332 882 35076 7089 60957 101250 809795 415 522 14746 3634 1579 55297 2105 2937 206 48 5500 420 109 6807
internal_value=0.00645862 -0.0209208 0.0245791 0.0180397 0.0470757 -0.0087419 -0.0239228 0.00961165 -0.0115158 -0.0261898 0.104789 0.0164065 0.0104926 0.00574902 0.000910382 -0.0779737 -0.0849481 -0.0318415 0.0885162 0.0192787 0.00903682 -0.0445321 0.0475305 -0.0108081 0.0575878 0.657018 0.0444104 0.285712 0.00508174 0.101495
internal_weight=22069.8 8789.36 13280.4 12048.2 2710.4 7243.18 3452.12 9337.78 2272.34 2017.77 254.578 7065.43 5937.27 2371 2256.94 1546.18 1400.73 180.624 1232.27 1473.63 1141.62 173.683 1128.16 145.45 55.0108 1.1833 53.8275 6.94103 3791.06 114.057
internal_count=1977506 1863938 113568 96915 18465 961930 934978 78450 27653 26619 1034 50797 42165 169082 162207 902008 866449 56654 16653 6859 5213 55819 8632 35559 8691 254 8437 835 26952 6875
is_linear=0
shrinkage=0.1


Tree=35
num_leaves=31
num_cat=0
split_feature=12 4 7 10 11 12 11 9 7 4 10 12 1 5 5 10 7 4 1 5 7 1 7 11 5 7 4 4 9 1
split_gain=940.043 609.662 362.828 434.179 155.07 204.725 335.848 152.592 143.151 268.61 139.565 138.302 119.813 268.78 204.503 126.707 120.205 116.263 141.803 112.468 150.528 181.586 149.217 112.21 102.759 117.414 111.478 100.12 99.0187 98.5295
threshold=1.0000000180025095e-35 0.91024166345596325 0.43650794029235845 0.58848994970321666 0.43167701363563543 -1.0000000180025095e-35 0.04446640424430371 1.0000000180025095e-35 1.0000000180025095e-35 0.43288289010524755 0.62871870398521434 -1.0000000180025095e-35 1.0000000180025095e-35 4.5000000000000009 6.5000000000000009 0.97115117311477672 0.96153846383094799 0.81661397218704235 1.0000000180025095e-35 5.5000000000000009 0.73214286565780651 1.0000000180025095e-35 0.84523808956146251 0.045983087271451957 5.5000000000000009 0.069047622382640853 0.44562648236751562 0.31311275064945226 0.18624359369277957 1.0000000180025095e-35
decision_type=2 2 2 2 2 2 2 2 2 2 2 2 2 2 2 2 2 2 2 2 2 2 2 2 2 2 2 2 2 2
left_child=2 10 3 7 5 23 -7 -1 9 11 -2 -5 13 -6 16 -15 -14 27 -19 -3 -21 22 -22 28 -12 26 -26 -10 -4 -8
right_child=1 19 4 8 12 6 29 -9 17 -11 24 -13 14 15 -16 -17 -18 18 -20 20 21 -23 -24 -25 25 -27 -28 -29 -30 -31
leaf_value=-0.010587951430581395 -0.039864258246597825 0.089775227707910285 0.006362947420942875 0.039448647218559674 0.047010980012349046 -0.092469594845534589 0.011999773449830728 -0.092068971456046866 0.39728149747061065 0.089325635950306959 0.036749984285832524 -0.035782605694096983 -0.0073431584452543809 -0.059680070283707753 0.11816399149211441 0.10632031957677211 0.09525235507555585 0.028351238109565715 -0.14989853073343881 0.074623009919025304 -0.15890524220293903 0.06312015018837551 0.10775809626402644 0.045519938088647877 0.0084335664811456025 -0.041469455010976451 0.10153376325427035 -0.058255141258148083 -0.087210243897947334 -0.022777791384799347
leaf_weight=285.00553649081849 433.13542068132665 1763.3856579200365 3630.7434121188708 361.02179512754083 713.82742748968303 558.53003513009753 1363.6758680724306 1187.3249269770458 4.8531782384961835 346.32710565545131 1872.8013206045143 756.2043149783276 445.132418833673 520.81166587024927 318.42620733380318 50.43421545624733 153.60784769617021 390.47876412328333 50.389504316961393 547.02569642150775 100.64309215173125 135.34122521430254 26.51202667504549 763.03263644815888 1360.1319962206762 440.60649080923758 142.04514596890658 823.63394633901771 116.72305469820276 2023.4021494452609
leaf_count=33266 169881 24098 16742 7467 2457 452540 12993 977848 37 3297 18523 36668 1715 1968 746 186 2336 1621 677 6261 775 1349 245 12907 17024 4252 1075 21735 70562 78395
internal_value=0.00645957 0.0371929 -0.00764546 -0.032519 0.00216837 -0.00398717 -0.0206234 -0.0762963 -0.00893438 0.01238 0.013929 -0.0114723 0.0258043 0.00609913 0.0534138 -0.0450242 0.0189779 -0.0335096 0.00797799 0.0756094 0.0447519 -0.0174977 -0.103306 0.0105656 0.0200354 0.00392294 0.0172371 -0.0555867 0.00344841 -0.00877595
internal_weight=21685.2 6821.63 14863.6 4205.24 10658.3 8456.11 3945.61 1472.33 2732.91 1463.55 4248.72 1117.23 2202.24 1285.07 917.166 571.246 598.74 1269.36 440.868 2572.91 809.522 262.496 127.155 4510.5 3815.58 1942.78 1502.18 828.487 3747.47 3387.08
internal_count=1979646 243483 1736163 1082616 653547 644139 543928 1011114 71502 47432 210755 44135 9408 4611 4797 2154 4051 24070 2298 32728 8630 2369 1020 100211 40874 22351 18099 21772 87304 91388
is_linear=0
shrinkage=0.1


Tree=36
num_leaves=31
num_cat=0
split_feature=12 3 3 10 11 1 12 5 5 9 10 9 10 3 10 5 6 10 11 14 14 11 6 11 1 5 6 3 4 5
split_gain=798.565 610.785 315.348 357.021 217.248 189.821 206.549 228.89 200.73 149.08 113.308 99.4964 98.3349 97.6992 146.369 92.7623 104.723 89.455 88.4028 86.9941 83.7266 81.1565 78.4114 69.4306 76.9523 65.6974 62.3522 59.5149 119.127 72.7556
threshold=1.0000000180025095e-35 0.86512476205825817 0.85536885261535656 0.59381821751594555 0.43167701363563543 1.0000000180025095e-35 -1.0000000180025095e-35 4.5000000000000009 4.5000000000000009 1.0000000180025095e-35 0.45657137036323553 0.81509971618652355 0.62090381979942333 0.7019641399383546 0.56476035714149486 5.5000000000000009 0.6760731339454652 0.4349645227193833 0.21583850681781772 0.31640854477882391 0.41318042576313024 0.30217391252517706 0.50280898809432995 0.61721614003181469 1.0000000180025095e-35 1.5000000000000002 0.9529346525669099 0.85251155495643627 0.64326766133308422 9.5000000000000018
decision_type=2 2 2 2 2 2 2 2 2 2 2 2 2 2 2 2 2 2 2 2 2 2 2 2 2 2 2 2 2 2
left_child=2 13 3 9 5 8 18 -8 10 -1 -4 -6 -10 14 -2 17 -17 -3 -7 -5 -16 -11 -22 -13 -25 26 -21 28 -15 -29
right_child=1 15 4 19 11 6 7 -9 12 21 -12 23 -14 27 20 16 -18 -19 -20 25 22 -23 -24 24 -26 -27 -28 29 -30 -31
leaf_value=-0.014692610309297111 -0.08338480872262205 -0.02029208803130271 0.011506613858130409 0.08305064528146934 0.063475551905491034 -0.0017238271817047502 -0.052672107042307431 0.019809657163514901 0.039546350293251466 -0.087190553009542482 0.069802313553963546 -0.0044613165055748536 -0.04241449458760535 0.12944868653644501 0.052934734404054162 0.076037616377405332 -0.0010307453432244452 0.089675774850569184 0.065036931849255797 0.067394638072967236 0.024620230162562026 2.6330503308224333 -0.014182495882351792 0.0066767533461916696 0.091773934728754267 -0.020542294630492466 -0.0022853187386241455 0.053840854271135219 0.031326783696189631 -0.034158977045404181
leaf_weight=382.63692702096887 195.3693617854733 77.255800335668027 590.16690760705387 97.498200974427164 706.5742051359266 3180.9451164721977 1865.0101825096062 568.48587886150926 200.64109073579311 1127.9493093726924 766.40114313969389 677.95745203457773 541.3292155303061 149.27502255293075 336.16643698164262 405.65702302870341 311.86259933095425 1740.8173996219411 211.53614688850939 166.0767397324089 803.80442652397323 0.10968595440499385 1479.0477074808441 223.98973333276808 202.18653713352978 2499.1897640351672 566.38668177253567 156.95954426552635 723.07073117350228 234.04179022728931
leaf_count=33945 135644 561 51640 1592 3007 84188 398346 85647 20865 970974 6848 3096 2032 1141 9437 5347 3041 25667 1306 1581 9369 9 32998 1024 1214 61429 6336 1471 7008 11572
internal_value=0.00562717 0.0344477 -0.00744991 -0.0283115 0.00292137 -0.00421937 -0.0135082 -0.0357397 0.0215683 -0.0686304 0.0444411 0.0341726 -0.0202509 0.0104834 0.000112744 0.072987 0.0425406 0.0850029 0.002439 -0.0100156 0.00634136 -0.0869261 -0.000519849 0.0154206 0.0470486 -0.0128234 0.0135137 0.0335863 0.0481173 0.00116677
internal_weight=21188.4 6613.33 14575.1 4839.85 9735.22 7924.52 5825.98 2433.5 2098.54 1510.7 1356.57 1810.71 741.97 4077.74 2814.39 2535.59 717.52 1818.07 3392.48 3329.15 2619.02 1128.06 2282.85 1104.13 426.176 3231.65 732.463 1263.35 872.346 391.001
internal_count=1978335 243256 1735079 1075866 659213 650872 569487 483993 81385 1004928 58488 8341 22897 208640 187448 34616 8388 26228 85494 70938 51804 970983 42367 5334 2238 69346 7917 21192 8149 13043
is_linear=0
shrinkage=0.1


Tree=37
num_leaves=31
num_cat=0
split_feature=12 3 3 10 11 1 7 6 6 3 7 10 6 9 2 7 7 9 10 7 12 7 3 7 7 4 14 10 10 9
split_gain=687.695 594.572 289.626 371.962 152.959 137.805 223.447 480.582 121.408 113.075 214.776 123.213 112.26 111.337 90.4219 110.216 105.603 74.6847 69.9321 69.876 69.7023 83.5544 75.7906 68.2703 64.9 63.9525 61.332 56.0175 54.6934 78.7524
threshold=1.0000000180025095e-35 0.88589513301849376 0.85536885261535656 0.64722883701324474 0.43167701363563543 1.0000000180025095e-35 0.63068181276321422 0.93142634630203258 0.68599441647529613 0.7019641399383546 0.064583335071802153 0.56476035714149486 0.85053193569183361 1.0000000180025095e-35 0.64660635590553295 0.10263158008456232 0.29285715520381933 0.81509971618652355 0.51628047227859508 0.18465909361839297 -1.0000000180025095e-35 0.057189542800188072 0.58091080188751232 0.96153846383094799 0.5634920895099641 0.97332859039306652 0.48051087558269506 0.63775950670242321 0.45788761973381048 0.36930006742477423
decision_type=2 2 2 2 2 2 2 2 2 2 2 2 2 2 2 2 2 2 2 2 2 2 2 2 2 2 2 2 2 2
left_child=2 9 3 13 5 12 7 -7 -8 11 27 -2 -4 -1 16 -16 -13 -6 -3 -12 21 22 -5 24 -19 -14 -23 -11 -15 -30
right_child=1 18 4 20 17 6 8 -9 -10 10 19 14 25 28 15 -17 -18 23 -20 -21 -22 26 -24 -25 -26 -27 -28 -29 29 -31
leaf_value=-0.020325823313902362 -0.081911050620495626 0.013458763527779312 -0.01069956891565404 0.026211508681788304 0.055040299344999412 -0.013633586180635926 0.067308103648440615 -0.17204178817476104 -0.005838175573288305 0.25692001052660718 -0.075457472370910827 0.00119956199757631 0.028636986453914999 -0.098202299290160056 0.12680660482618894 -0.16620621822218198 0.080073989568766726 0.049249440904599366 0.078489211356449554 0.022108334413186617 -0.017352623841169319 0.28524496080720174 0.13045341125477936 0.093882767610998979 -0.0096588125307955248 0.095577690799956164 -0.016668951607475776 0.10317413133110703 0.067456232371143773 -0.069223316840528556
leaf_weight=374.46791846305132 179.85281228175154 179.61278709582984 792.19001080992166 327.75883607729338 685.57690060138702 752.3085713997134 238.73210273869336 256.92629067599773 4583.9855698265601 26.788196795037948 79.023434411617927 2359.6430483859731 1112.5706190749188 782.33522335469024 16.328156977891922 60.042534839361906 182.90494537760969 249.86934588104486 2084.603837705683 1032.6855124838185 2269.6414949761238 6.8232016416732213 88.602633772417903 95.019196756184101 743.5641634631902 163.71883675910067 484.97764698415995 205.45355902332813 48.105113266094122 340.86083794676233
leaf_count=33995 135520 1206 30019 5122 3036 112333 15683 40478 400538 151 9190 49949 49575 819453 69 905 974 909 32241 11253 40096 144 265 1558 2869 1608 3059 1971 13644 160528
internal_value=0.00486987 0.0321245 -0.00725809 -0.0275557 0.00265226 -0.00330612 -0.0111716 -0.0539604 -0.00221732 0.00960324 0.0334447 -0.00184523 0.0188701 -0.0677909 0.00365324 -0.10356 0.0068736 0.0291872 0.0733306 0.0151731 -0.00798427 0.0154287 0.0483944 0.0129033 0.00515785 0.037224 -0.0124802 0.120908 -0.0829655 -0.0523196
internal_weight=20805 6406.94 14398 4723.57 9674.46 7900.43 5831.95 1009.23 4822.72 4142.72 1343.95 2798.77 2068.48 1545.77 2618.92 76.3707 2542.55 1774.03 2264.22 1111.71 3177.8 908.162 416.361 1088.45 993.434 1276.29 491.801 232.242 1171.3 388.966
internal_count=1978341 243429 1734912 1076306 658606 650234 569032 152811 416221 209982 22565 187417 81202 1027620 51897 974 50923 8372 33447 20443 48686 8590 5387 5336 3778 51183 3203 2122 993625 174172
is_linear=0
shrinkage=0.1


Tree=38
num_leaves=31
num_cat=0
split_feature=12 3 2 11 7 3 11 12 11 11 7 2 3 7 2 7 7 4 2 6 5 7 1 7 9 3 4 2 7 14
split_gain=546.419 536.121 255.08 248.356 227.771 173.251 149.547 108.111 423.222 120.406 101.532 159.453 97.7816 255.426 138.872 124.852 104.583 133.186 115.45 100.624 84.1531 116.398 132.233 77.5252 71.5864 67.9165 67.328 65.2365 52.1808 48.7244
threshold=1.0000000180025095e-35 0.88589513301849376 0.57712131738662731 0.13100686669349673 0.069047622382640853 0.74070933461189281 0.094494048506021514 -1.0000000180025095e-35 0.04446640424430371 0.045983087271451957 0.36931818723678594 0.25158227980136877 0.59727272391319286 0.064583335071802153 0.2237871661782265 0.240384615957737 0.29285715520381933 0.77032968401908886 0.64326766133308422 0.41421362757682806 5.5000000000000009 0.73214286565780651 1.0000000180025095e-35 0.84523808956146251 0.4212701171636582 0.74654760956764232 0.055946791544556625 0.21132376790046695 0.31666667759418493 0.44118615984916693
decision_type=2 2 2 2 2 2 2 2 2 2 2 2 2 2 2 2 2 2 2 2 2 2 2 2 2 2 2 2 2 2
left_child=2 12 3 -1 6 28 -4 9 -9 -7 11 24 14 27 26 19 17 -15 -18 -16 -3 -22 23 -23 -5 -12 -2 -14 -6 -17
right_child=1 20 4 10 5 7 -8 8 -10 -11 25 -13 13 16 15 29 18 -19 -20 -21 21 22 -24 -25 -26 -27 -28 -29 -30 -31
leaf_value=-0.085133703011027295 -0.10834711395977442 0.083904281788340945 -0.07179333132371167 0.16730672063483334 -0.098359083147603915 0.0019377595184693662 0.10248931089129731 -0.091962581181256442 -0.00030940253925172646 0.036985272514459322 0.124149875711951 -0.056917405192890805 -0.27482989583008666 -0.072345502219066396 0.022650557204085223 0.82020653825020917 0.075328005719446839 0.079206008460168717 0.0027547712004954306 -0.049184041815455826 0.072974737023956751 -0.12895978719172452 0.057586499493168936 0.097891954270415887 0.0042682157989480472 0.00031035823833312228 0.025787825990296172 0.11384270143491004 -0.033254200497372793 0.090545786148303831
leaf_weight=715.62555297662038 38.735925698652864 1475.9656494050287 58.034695151087362 28.072079899546225 204.04110966110602 3869.3785167178139 324.68749340309296 556.62767341529252 5310.3310647422331 1312.8215232655639 81.654669550480321 696.44298796611838 4.3792408281587987 266.69868326600408 244.95088680367917 0.92686907778261129 312.22279464075109 74.098957629408687 735.72236167348456 956.23215671366779 401.35905020544305 95.573972532525659 119.31593365594745 17.883491951972246 662.44687889964553 96.765065587125719 1102.133447508153 310.81323704367969 310.36391791625647 72.544523220974952
leaf_count=694580 2455 25052 39833 1059 90005 111085 3052 542332 120087 19986 293 56210 98 19965 10710 162 3774 693 8247 130016 6037 716 1324 227 13582 549 29668 2822 42872 1825
internal_value=0.0051262 0.029825 -0.00568841 -0.0363313 0.000162505 -0.00234955 0.0760617 0.000291519 -0.009005 0.0108164 -0.014021 -0.0231554 0.00882912 0.0271728 -0.00411073 -0.0267949 0.00872768 -0.039394 0.0243771 -0.0345352 0.0708144 0.0403473 -0.0159106 -0.0932028 0.0108963 0.0569861 0.0212335 0.108443 -0.0590784 0.0997507
internal_weight=20456.9 6229.56 14227.3 2281.01 11946.3 11563.6 382.722 11049.2 5866.96 5182.2 1565.38 1386.96 4119.46 1703.94 2415.52 1274.65 1388.74 340.798 1047.95 1201.18 2110.1 634.132 232.773 113.457 690.519 178.42 1140.87 315.192 514.405 73.4714
internal_count=1979316 243791 1735525 766273 969252 926367 42885 793490 662419 131071 71693 70851 210435 35599 174836 142713 32679 20658 12021 140726 33356 8304 2267 943 14641 842 32123 2920 132877 1987
is_linear=0
shrinkage=0.1


Tree=39
num_leaves=31
num_cat=0
split_feature=10 9 7 10 3 10 9 14 9 10 10 9 2 1 9 10 5 10 10 3 4 4 1 6 10 2 10 5 2 1
split_gain=516.576 579.34 385.467 222.557 189.749 140.74 194.201 172.97 128.199 122.925 119.067 70.7803 70.3869 154.839 64.7969 64.0444 62.4078 56.0039 46.892 46.6775 109.674 45.9323 43.4967 42.434 73.2491 75.3614 33.5015 36.3147 33.2721 40.1056
threshold=0.53257653117179882 0.27297566831111914 0.96153846383094799 0.94146201014518749 0.74654760956764232 0.45951695740222936 0.34888668358325964 0.67393296957016002 0.52062898874282848 0.80814999341964733 0.41309450566768652 0.27511468529701238 0.95538970828056347 1.0000000180025095e-35 0.85304400324821483 0.68307831883430492 5.5000000000000009 0.75484195351600658 0.97115117311477672 0.7019641399383546 0.34391801059246069 0.66312056779861461 1.0000000180025095e-35 0.81016731262207042 0.46580845117568975 0.96922349929809581 0.97115117311477672 8.5000000000000018 0.76239567995071422 1.0000000180025095e-35
decision_type=2 2 2 2 2 2 2 2 2 2 2 2 2 2 2 2 2 2 2 2 2 2 2 2 2 2 2 2 2 2
left_child=1 10 3 8 14 -3 7 11 16 28 21 -7 15 -14 -5 -10 22 -18 -16 -8 -21 -1 -2 -12 25 -25 27 -6 29 -4
right_child=2 5 9 4 26 6 19 -9 12 -11 23 -13 13 -15 18 -17 17 -19 -20 20 -22 -23 -24 24 -26 -27 -28 -29 -30 -31
leaf_value=-0.071503737241561144 0.050934762829981363 -0.080853324660760895 0.12763212351366557 0.044296392734573933 0.061358611220736485 2.7179206783654948 -0.091519805455666473 3.2613542548100329 -0.035853894738144841 0.094990734526319801 0.066055311942058548 0.13696610138981752 0.080626842556765832 -0.31560019163066783 -0.024511205682003212 -0.0023628634836867128 -0.019051001217770452 0.03302481114329954 0.01683138691451402 1.2754674375210024 -0.025276460429560627 0.0018219219059033391 0.010633483236583127 0.5027836282844319 0.1915158191063574 1.6572060830576456 0.084147455457676767 0.016505649151663273 0.04139949638881546 -0.07510936967371977
leaf_weight=87.330376920115668 862.45619148330297 1438.7217922043637 12.10828031785786 386.12897781282663 731.70976723264903 0.10645086213480581 136.92805996444076 0.17827492894139041 622.11210475157714 701.16949472390115 9.7066419206094015 57.904895328450948 171.43932230258361 10.464600053615866 535.47367625683546 6947.6351989884861 482.75040697451914 360.89836441073567 562.59309443831444 0.64938520127907295 359.70537553500617 3924.1737060472951 388.41305185924284 3.3124277930473904 9.7623256190563534 0.68189283867832262 418.15091801714152 239.62385739572346 541.24579008575529 50.247198694385588
leaf_count=62637 27581 1352609 108 1847 7848 67 128928 11 71185 14322 1116 11329 1539 69 3271 64389 44439 3513 2016 190 72041 89608 3684 543 240 118 5452 1827 5194 390
internal_value=0.00422571 -0.0202529 0.014749 0.00943925 0.0339239 -0.0643464 -0.0215919 0.15126 0.00229322 0.0665123 0.00153939 0.141702 -0.00363812 0.0578326 0.00906096 -0.00511529 0.0242447 0.00322613 -0.00332938 -0.0418181 -0.0229324 0.000225624 0.0384206 0.226153 0.339117 0.699862 0.0604815 0.0502936 0.0334305 -0.0357407
internal_weight=20053.8 6029.16 14024.6 12719.8 2873.68 1994.19 555.472 58.1896 9846.17 1304.77 4034.97 58.0113 7751.65 181.904 1484.2 7569.75 2094.52 843.649 1098.07 497.283 360.355 4011.5 1250.87 23.4633 13.7566 3.99432 1389.48 971.334 603.601 62.3555
internal_count=1978111 1719437 258674 238660 22261 1565175 212566 11407 216399 20014 154262 11396 137182 1608 7134 135574 79217 47952 5287 201159 72231 152245 31265 2017 901 661 15127 9675 5692 498
is_linear=0
shrinkage=0.1


Tree=40
num_leaves=31
num_cat=0
split_feature=12 3 3 10 10 9 10 1 5 7 5 6 6 3 5 7 1 5 6 5 6 3 7 5 6 5 4 6 11 10
split_gain=445.8 466.32 189.399 264.299 118.586 115.526 90.5575 88.1903 302.021 197.718 695.536 139.309 123.537 93.0306 77.1667 83.0567 85.3151 71.452 73.7231 74.3152 67.045 66.7202 110.715 61.989 79.0797 115.449 69.7575 69.4644 67.8223 61.2656
threshold=1.0000000180025095e-35 0.89323708415031444 0.85536885261535656 0.53528240323066723 0.92768564820289623 1.0000000180025095e-35 0.62871870398521434 1.0000000180025095e-35 5.5000000000000009 0.63068181276321422 2.5000000000000004 0.66369047760963451 0.68599441647529613 0.90054944157600414 5.5000000000000009 0.73214286565780651 1.0000000180025095e-35 3.5000000000000004 0.81909090280532848 5.5000000000000009 0.87939393520355236 0.61143791675567638 0.064583335071802153 3.5000000000000004 0.59491634368896495 13.500000000000002 0.13840996474027636 0.84045451879501354 0.30901856720447546 0.43415953218936926
decision_type=2 2 2 2 2 2 2 2 2 2 2 2 2 2 2 2 2 2 2 2 2 2 2 2 2 2 2 2 2 2
left_child=2 6 3 5 7 -1 21 8 13 10 -9 -10 -11 -4 29 -16 -17 20 19 -19 -5 -2 -23 27 25 -25 -26 28 -8 -3
right_child=1 14 4 17 -6 -7 23 9 11 12 -12 -13 -14 -15 15 16 -18 18 -20 -21 -22 22 -24 24 26 -27 -28 -29 -30 -31
leaf_value=-0.018905962192618527 -0.079061361515718465 -0.007030018612236723 0.0076113457197886092 0.063692401090831172 0.044257142605252306 -0.088120840941573589 0.32337172706488843 -0.18299678835308544 0.017836641036582484 0.065719600382414742 0.00040204322465041387 -0.065935295166373392 -0.0026785284009709356 0.055817032814213907 0.068710744685360786 -0.065856175085118332 0.055601685207458562 0.039747420360744704 -0.061769353207220379 -0.021697848944677356 -0.00056726621661187544 0.17841563318122022 -0.029448311850947179 0.069997043024192379 0.034306959364532284 0.0016878885204073412 -0.02596074305147263 0.023978721091693071 0.07899597590089949 0.08741881599858202
leaf_weight=358.56964075472206 196.14548456203192 72.812757026404142 623.55125230015256 185.29774410364917 626.86227349564433 736.36861884506652 13.086439016973598 276.21407844295027 318.93276376405265 279.25610154616879 822.72315884812269 525.74399066745536 4853.7590741107706 1118.3717903822544 354.44445451698266 121.95187969878316 109.99575306102633 233.80728673253907 372.29485469299834 1244.7295668662409 1311.8516800492071 30.576983301609289 158.19322623009793 351.00624321307987 238.09177265735343 838.38459543674253 993.22114852932282 1141.7360755780246 85.925654632039368 1209.7130587818101
leaf_count=34240 147172 534 34639 3355 3373 929973 135 42937 14622 15834 110329 6195 402819 27891 5927 944 1317 5292 11177 68226 24205 372 22471 3161 1127 8464 15343 11983 537 24064
internal_value=0.00401362 0.0270034 -0.00577813 -0.0228052 0.00223105 -0.0654544 0.00792173 -0.000756359 0.0147661 -0.007199 -0.0456946 -0.0343047 0.0010426 0.038561 0.0683169 0.0382659 -0.00825762 -0.00885705 -0.0219961 -0.0119812 0.00738596 -0.0382178 0.00422147 0.0127722 0.00345682 0.0218469 -0.0143071 0.0309466 0.111295 0.0820567
internal_weight=19803.6 5915.29 13888.3 4442.92 9445.41 1094.94 4046.37 8818.55 2586.6 6231.95 1098.94 844.677 5133.02 1741.92 1868.92 586.392 231.948 3347.98 1850.83 1478.54 1497.15 384.916 188.77 3661.45 2420.7 1189.39 1231.31 1240.75 99.0121 1282.53
internal_count=1978658 243551 1735107 1076468 658639 964213 210765 655266 83347 571919 153266 20817 418653 62530 32786 8188 2261 112255 84695 73518 27560 170015 22843 40750 28095 11625 16470 12655 672 24598
is_linear=0
shrinkage=0.1


Tree=41
num_leaves=31
num_cat=0
split_feature=12 3 12 10 3 7 11 9 2 11 9 5 10 11 10 3 3 7 2 7 4 5 2 4 7 3 7 5 7 11
split_gain=373.382 411.174 171.51 594.014 102.88 193.375 90.6951 147.197 129.538 86.1791 86.1129 82.2852 94.4718 79.6416 78.889 74.4748 72.1116 162.625 114.147 97.3618 94.0117 91.463 66.0631 62.7642 55.3337 100.79 67.3926 54.9762 51.6492 47.3068
threshold=1.0000000180025095e-35 0.88589513301849376 -1.0000000180025095e-35 0.46384282410144811 0.66424605250358593 1.0000000180025095e-35 0.065591398626565947 0.18624359369277957 0.91627725958824169 0.1863425895571709 0.5278482735157014 5.5000000000000009 0.94146201014518749 0.19292803853750232 0.56148993968963634 0.1352966129779816 0.71930795907974254 0.069047622382640853 0.24283374845981601 0.47727273404598242 0.67068272829055797 9.5000000000000018 0.077422577887773528 0.080540537834167494 1.0000000180025095e-35 0.48733974993228918 0.31666667759418493 13.500000000000002 0.47727273404598242 0.55902779102325451
decision_type=2 2 2 2 2 2 2 2 2 2 2 2 2 2 2 2 2 2 2 2 2 2 2 2 2 2 2 2 2 2
left_child=2 16 6 9 15 -6 7 -1 24 -4 -7 14 29 -11 -3 23 18 -18 22 20 -20 -19 27 -5 25 -8 -26 -2 -17 -13
right_child=1 11 3 4 5 10 8 -9 -10 13 -12 12 -14 -15 -16 28 17 21 19 -21 -22 -23 -24 -25 26 -27 -28 -29 -30 -31
leaf_value=0.0027731648581618439 -0.0026848660074532496 0.016532031195447907 -0.087382221262351872 -0.079561875047285041 0.088307625260398509 0.017088414292762307 0.014177772836913861 -0.085755031337526266 0.077435783633422753 2.6929241749872661 -0.011122432064530462 0.015631395805890496 0.079838182464781346 -0.1024887371652568 0.088957421135492556 -0.057113714103991464 0.11289814788558979 0.028131603591093651 -0.01925653315417189 0.093361061543378476 -0.11429572622412883 -0.041851918541296572 0.027070072233407724 0.030697684155385787 -0.066717291240185411 0.12366660594860668 0.00918224290683879 -0.1460154093372642 0.12101330510873863 -0.083644779383518039
leaf_weight=3862.9966347966692 79.427308963437099 175.38463015761226 1016.9606916189659 65.982718956132885 239.47083148907404 1483.0059970886214 333.34193897992373 197.41618570318678 376.38126759883016 0.21455192205030371 4001.763670890301 277.67415295843966 248.17989461682737 0.19413697405252606 1055.5415698299184 670.22017488861457 186.02648008707911 772.98943374981172 1311.2030917449738 70.781573339365423 113.05654297105502 246.23541424918221 1146.8182926394511 237.29756901541259 132.95291689009173 112.43681102688424 974.12036901741521 40.358226603828371 16.683296086266637 58.030418505892158
leaf_count=50776 3371 864 1209069 2826 3275 68030 18715 192542 6307 8 29067 2661 5007 36 24290 122231 2043 7524 145066 345 5384 11936 31608 4377 14186 1936 11877 2969 90 693
internal_value=0.00323015 0.0245457 -0.00575142 -0.0155917 -0.00480236 0.000345893 0.00695095 -0.00153105 0.0248028 -0.0867988 -0.00349461 0.0639728 0.0330557 1.36504 0.0786381 -0.0345644 0.00650823 0.0269173 -0.00239878 -0.0211117 -0.0268007 0.0112242 0.0196891 0.00670923 0.0120456 0.0417937 6.71603e-05 -0.0509759 -0.0527874 -0.00152964
internal_weight=19503.1 5781.71 13721.4 7731.79 6714.42 5724.24 5989.65 4060.41 1929.23 1017.37 5484.77 1814.81 583.884 0.408689 1230.93 990.184 3966.9 1205.25 2761.65 1495.04 1424.26 1019.22 1266.6 303.28 1552.85 445.779 1107.07 119.786 686.903 335.705
internal_count=1979109 243761 1735348 1439009 229896 100372 296339 243318 53021 1209113 97097 33515 8361 44 25154 129524 210246 21503 188743 150795 150450 19460 37948 7203 46714 20651 26063 6340 122321 3354
is_linear=0
shrinkage=0.1


Tree=42
num_leaves=31
num_cat=0
split_feature=11 7 2 10 9 11 10 12 11 9 4 5 1 9 10 4 2 2 4 7 4 7 14 9 14 1 11 4 7 9
split_gain=329.111 378.691 229.643 151.771 141.463 165.221 101.98 113.415 260.213 133.138 91.1781 87.8569 222.697 83.9092 53.5451 46.0102 39.2105 38.6176 57.0385 38.1135 44.1399 35.8593 67.0905 35.7674 35.5243 35.2632 34.9917 33.2397 31.1606 31.0911
threshold=0.26491229236125952 0.96153846383094799 0.56294015049934398 0.65682536363601696 0.56949043273925792 0.79057019948959362 0.87103942036628734 -1.0000000180025095e-35 0.040408162400126464 0.37051336467266088 0.75162336230278026 8.5000000000000018 1.0000000180025095e-35 0.76776695251464855 0.5246713161468507 0.22756041586399081 0.096006143838167204 0.82807883620262157 0.86319074034690868 0.31666667759418493 0.55217784643173229 0.31666667759418493 0.35253311693668371 0.43763412535190588 0.9267825484275819 1.0000000180025095e-35 0.22401433438062671 0.17192118614912036 0.47727273404598242 0.47506906092166906
decision_type=2 2 2 2 2 2 2 2 2 2 2 2 2 2 2 2 2 2 2 2 2 2 2 2 2 2 2 2 2 2
left_child=2 4 3 21 29 11 7 17 14 -10 24 13 -13 -6 -9 16 26 25 -19 -17 -21 27 28 -18 -7 -4 -5 -1 -23 -2
right_child=1 -3 6 15 5 10 -8 8 9 -11 -12 12 -14 -15 -16 19 23 18 -20 20 -22 22 -24 -25 -26 -27 -28 -29 -30 -31
leaf_value=-0.022659557108492032 0.070159685609070321 0.091417041818598929 0.0073398568669155416 0.033634213012631892 0.027753927329618497 0.026348922597826441 0.07017901338306079 -0.086443493186576292 0.037027778151449801 -0.017938800579830522 0.08972038364487446 -0.025002156848462128 0.095053014492658683 0.00079809939472256369 0.10826191798495591 -0.052073069252618703 0.15722352196682896 0.11016249844910959 0.0087296790194019303 0.40432610046155687 0.022957883056384198 0.091717318984544327 -0.041045071925857872 0.032624766068211568 -0.21692345618043782 -0.029197597939277727 -0.099662256345992906 -0.091930058886338609 0.55488176406312506 0.033927352528052283
leaf_weight=78.128372568520717 346.4774170453893 633.36255692970008 512.92395399726229 56.513670959509909 1655.7182043618523 585.27534159645438 183.85409177467227 545.77792280784342 557.45829715166474 2103.2354401102057 326.04336200002581 1900.1265892309602 168.18475934304297 3816.9634316768497 14.499437286809551 178.53988728998229 36.908708914881572 56.381295380881056 3315.0365283920546 3.2677669441327444 42.585871960967779 3.1195905251661307 103.59940183587605 61.307959562633187 6.064800724387168 544.61282960115932 30.227204201277345 611.127752230037 2.7182560116052628 748.40094142628368
leaf_count=33747 3045 15168 57279 874 16802 2227 1166 669265 40658 128910 4630 22519 887 28325 816 18739 369 7074 67070 22 348 626 48265 1900 62 34279 428 765441 33 8099
internal_value=0.00420939 0.0165351 -0.00967691 -0.0502598 0.0115706 0.00719248 -0.00341864 -0.00518745 -0.0194653 -0.00642241 0.0472632 0.00231776 -0.0152399 0.00895338 -0.0814047 -0.000749573 0.0361778 0.00519619 0.010426 -0.0311872 0.0501362 -0.075635 -0.0224587 0.0794476 0.0238539 -0.0114763 -0.0128165 -0.0840781 0.307379 0.0453932
internal_weight=19228.4 10186.6 9041.82 1208.04 9553.25 8458.38 7833.78 7649.93 3220.97 2660.69 917.384 7540.99 2068.31 5472.68 560.277 409.351 184.958 4428.95 3371.42 224.394 45.8536 798.693 109.437 98.2167 591.34 1057.54 86.7409 689.256 5.83785 1094.88
internal_count=1979073 101764 1877309 870792 86596 75452 1006517 1005351 839649 169568 6919 68533 23406 45127 670081 22680 3571 165702 74144 19109 370 848112 48924 2269 2289 91558 1302 799188 659 11144
is_linear=0
shrinkage=0.1


Tree=43
num_leaves=31
num_cat=0
split_feature=10 3 10 7 12 7 1 5 7 5 10 7 9 5 3 12 2 1 11 7 9 11 10 5 1 11 3 1 6 2
split_gain=283.7 175.599 182.823 175.499 169.967 107.992 101.562 235.168 134.042 857.871 130.205 115.131 97.2217 96.0161 87.7505 119.545 73.3223 65.6633 65.0258 63.2268 59.9136 54.7371 50.7578 45.8904 42.6745 42.4407 41.7831 66.3701 36.4607 35.1481
threshold=0.90338954329490673 0.88589513301849376 0.5578589439392091 0.96153846383094799 1.0000000180025095e-35 0.31666667759418493 1.0000000180025095e-35 5.5000000000000009 0.73214286565780651 2.5000000000000004 0.43643578886985784 0.68333333730697643 0.79187294840812694 7.5000000000000009 0.74070933461189281 1.0000000180025095e-35 0.7577352523803712 1.0000000180025095e-35 0.86515152454376232 0.10263158008456232 0.48107238113880163 0.22902098298072818 0.56148993968963634 22.500000000000004 1.0000000180025095e-35 0.61721614003181469 0.94804319739341747 1.0000000180025095e-35 0.4014925360679627 0.47469820082187658
decision_type=2 2 2 2 2 2 2 2 2 2 2 2 2 2 2 2 2 2 2 2 2 2 2 2 2 2 2 2 2 2
left_child=1 2 5 12 6 -1 7 10 9 -8 -3 -9 -2 22 18 19 -10 21 23 -16 24 -7 -6 -14 28 29 -15 -28 -4 -22
right_child=3 4 20 -5 13 17 8 11 16 -11 -12 -13 14 26 15 -17 -18 -19 -20 -21 25 -23 -24 -25 -26 -27 27 -29 -30 -31
leaf_value=-0.078211331059460321 0.044827460666777702 0.0084267373798431935 0.14098547951719287 0.099163119410003484 0.017814640745563156 -0.0058751489815310007 -0.20165148609028255 0.011900213645756438 -0.059639947946440376 -0.0025429031402067937 0.075287335352564155 -0.071997555711847946 -0.012171241941879629 0.033792207823811565 0.1133155603948989 0.053725045142305722 0.0071559579162344305 -0.074084284942698767 0.030992759338944881 -0.0015618515033783496 -0.028330282732089436 0.47164241612806618 0.081109783940759725 -0.088706229236104439 -0.064051416160189889 0.033868145249263619 -0.14884670319338686 0.008820167424194324 0.020635749832018952 -0.0074381158484105028
leaf_weight=680.6750629254384 1090.2348744599149 508.9313793759211 26.200473490695003 287.86703984346241 170.13656143588014 504.43679440184496 248.56658290216001 344.95251748285955 172.16484085848788 1671.7787549369968 681.00647626258433 311.06134840822779 1169.7054845495149 103.24957819655538 50.167303279042244 830.13698255643249 3614.6218973019859 178.81533660957939 358.61470710486174 1065.0975273381919 1351.8732119203196 2.4119836296886197 496.20519736036658 83.967218613252044 58.022398526663892 180.71380236744881 44.654343467205763 66.398245926946402 641.90536320762476 1991.5410973067628
leaf_count=924610 7415 31847 2680 8601 858 141236 35462 15299 14984 209549 6760 2544 7187 1179 198 13748 284928 109429 1183 4092 85611 36 10778 450 816 829 277 664 27497 27587
internal_value=0.00276982 -0.00447532 -0.0181744 0.023394 0.00464781 -0.0499949 -0.000199609 0.0201897 -0.00679445 -0.0283152 0.0466913 -0.0278815 0.0187013 0.046223 0.010695 0.0249925 0.00411911 -0.0219837 -0.00655635 0.00360561 -0.00794497 -0.00360275 0.0649487 -0.0172973 0.0182112 -0.0133343 -0.0120016 -0.0545778 0.0253554 -0.0158856
internal_weight=18986.1 14050.3 5616.6 4935.79 8433.73 1366.34 7553.08 1845.95 5707.13 1920.35 1189.94 656.014 4647.92 880.644 3557.69 1945.4 3786.79 685.664 1612.29 1115.26 4250.26 506.849 666.342 1253.67 726.128 3524.13 214.302 111.053 668.106 3343.41
internal_count=1978334 1935460 1320331 42874 615129 1175311 601373 56450 544923 245011 38607 17843 34273 13756 26858 18038 299912 250701 8820 4290 145020 141272 11636 7637 30993 114027 2120 941 30177 113198
is_linear=0
shrinkage=0.1


Tree=44
num_leaves=31
num_cat=0
split_feature=12 3 12 11 3 7 9 5 10 7 1 5 10 9 5 11 11 3 4 3 7 7 9 1 11 1 10 3 11 4
split_gain=273.338 275.994 141.759 461.207 83.4858 147.329 76.4217 72.0729 85.7119 85.2011 74.462 72.0299 69.7505 107.574 89.7639 81.2479 62.5745 62.1115 56.5709 53.6419 53.351 49.8358 65.688 56.3349 42.1402 40.3332 39.5557 42.0281 38.4339 37.0482
threshold=1.0000000180025095e-35 0.89323708415031444 -1.0000000180025095e-35 0.053342817351222045 0.63944444060325634 1.0000000180025095e-35 0.81509971618652355 5.5000000000000009 0.56148993968963634 0.73214286565780651 1.0000000180025095e-35 2.5000000000000004 0.48943608999252325 0.29222126305103308 5.5000000000000009 0.080540537834167494 0.094494048506021514 0.24374609440565112 0.071858864277601256 0.90947505831718456 0.84523808956146251 0.057189542800188072 0.41797162592411047 1.0000000180025095e-35 0.21807064861059192 1.0000000180025095e-35 0.56476035714149486 0.61930641531944286 0.16904762387275699 0.080540537834167494
decision_type=2 2 2 2 2 2 2 2 2 2 2 2 2 2 2 2 2 2 2 2 2 2 2 2 2 2 2 2 2 2
left_child=2 11 12 -4 17 24 -7 8 -3 -9 20 25 13 15 19 -1 -17 29 -13 -14 -11 22 -16 -23 -6 -2 27 -20 -28 -5
right_child=1 7 3 4 5 6 -8 9 -10 10 -12 18 14 -15 21 16 -18 -19 26 -21 -22 23 -24 -25 -26 -27 28 -29 -30 -31
leaf_value=0.0026422370438923225 0.03155851887934296 0.0073074069970619944 -0.090659232792395003 -0.066486825471995789 0.0066744238835136213 0.003464417119586147 -0.021386368640216442 0.062760591190381729 0.086397037114268688 -0.09296324457438776 0.046234781373786088 -0.089892742154792094 0.021739307601938703 -0.075596831931196637 0.272369789860749 1.0565502175250514 -0.11449842420032562 -0.05440128192545967 -0.096500729773235316 0.0660854533761185 0.10765658060969803 -0.045972706676464116 0.022910650856437301 0.025449249371298201 0.10280876903245145 -0.22833999134169441 0.081247558672775944 0.0056027490704671197 0.0026531717303903248 0.015777177623275664
leaf_weight=3905.3400686340756 1039.9426293874858 163.76434442633763 710.66753004066413 68.307555224804673 62.548595974629279 3732.0932713437942 1851.3343976009637 300.08304680651054 839.2320677516982 112.01582445204258 99.686310444027185 69.255722389381845 640.15853540488752 182.41790405852953 11.166183767549226 1.2864928279304866 0.70708967518294219 567.76409282890381 82.245546573249158 475.28239981166553 15.034583695232866 330.85711583372904 193.07111057045404 165.76866112940479 168.25028436863795 6.0055980054894453 63.77427598205395 79.073815661366098 2553.330208271509 275.73293596453732
leaf_count=78971 38953 830 1114365 3407 5181 151135 7643 5945 23839 739 1323 4458 11584 181381 1258 82 65 149405 102198 5099 230 6686 9719 1278 522 107 7377 16092 41594 7773
internal_value=0.00283413 0.021764 -0.00486031 -0.014046 -0.00595107 -0.00153911 -0.00477552 0.057753 0.0734837 0.0278038 -0.0184611 0.00762383 0.00670596 -0.000536242 0.0230131 0.00296804 0.641199 -0.0340845 -0.000619235 0.0406349 -0.0692228 -0.00503236 0.0365492 -0.0221328 0.0767555 0.0300662 0.00160602 -0.0464527 0.00456838 -0.000555937
internal_weight=18766.2 5423.44 13342.8 7436.7 6726.03 5814.23 5583.43 1529.82 1003 526.82 226.737 3893.63 5906.06 4089.75 1816.3 3907.33 1.99358 911.805 2847.68 1115.44 127.05 700.863 204.237 496.626 230.799 1045.95 2778.42 161.319 2617.1 344.04
internal_count=1979239 243685 1735554 1439431 325066 164481 158778 32906 24669 8237 2292 210779 296123 260499 35624 79118 147 160585 171719 16683 969 18941 10977 7964 5703 39060 167261 118290 48971 11180
is_linear=0
shrinkage=0.1


Tree=45
num_leaves=31
num_cat=0
split_feature=11 7 2 11 9 4 2 7 4 9 11 9 5 6 7 3 4 11 9 4 4 5 2 11 4 14 1 3 9 9
split_gain=229 313.762 174.227 112.921 115.976 85.0311 83.954 83.0487 86.145 78.2163 220.714 80.4493 59.027 62.162 50.489 70.5816 44.8143 40.3241 70.9621 39.9364 352.553 38.7477 43.8827 34.6455 34.4903 32.2388 30.7639 30.3288 27.7699 27.366
threshold=0.24621212482452395 0.96153846383094799 0.57712131738662731 0.79057019948959362 0.74369570612907421 0.75162336230278026 0.17082066833972934 0.31666667759418493 0.78319624066352855 0.30025906860828405 0.053342817351222045 0.44243709743022924 22.500000000000004 0.62192192673683178 0.75961539149284374 0.87596154212951671 0.47856706380844122 0.04446640424430371 0.23094017058610919 0.36882591247558599 0.36032786965370184 31.500000000000004 0.33489097654819494 0.060915276408195503 0.17192118614912036 0.64753437042236339 1.0000000180025095e-35 0.63944444060325634 0.56345811486244213 0.31599749624729162
decision_type=2 2 2 2 2 2 2 2 2 2 2 2 2 2 2 2 2 2 2 2 2 2 2 2 2 2 2 2 2 2
left_child=2 3 6 4 14 21 29 -8 23 17 19 16 13 -6 15 -2 -12 18 -4 20 -11 22 -5 -9 -23 27 -16 -19 -21 -1
right_child=1 -3 9 5 12 -7 7 8 -10 10 11 -13 -14 -15 26 -17 -18 25 -20 28 -22 24 -24 -25 -26 -27 -28 -29 -30 -31
leaf_value=0.16157662571930281 0.011356766505331748 0.082909488103194734 0.0033853237956521067 0.042112332898910726 0.020951537181026526 0.08678760933315513 -0.080724162794773222 0.0042852345472526839 -0.060405846409101994 -0.10091795890927878 0.1859355352265801 -0.020681548380237932 -0.065960961808487012 -0.0077273646639423703 -0.062602473168109823 0.043065164714607751 0.013386208540275593 0.4829489805323719 -0.084728676134265296 -0.081171976332295573 13.024402687012117 0.030893830099761085 -0.021670482538977673 0.15146789396862664 -0.20894926370644717 0.28802881259494956 0.014305873493736958 0.036114981113690513 0.24770223649482381 -4.3956034865358771e-06
leaf_weight=11.130664844007695 2105.8233984613325 583.05082986690104 3798.7969884974882 412.06572722643614 905.65538995503448 283.74160966556519 634.87575578450924 28.03062028833665 96.745545133162523 0.19544529423001122 15.280320346180813 1447.3156762875151 152.97721808822826 4567.2385192147922 117.67496731784195 1053.0658982587047 1006.6853631027043 1.52998801274225 93.651223718916299 489.4427338319947 0.022858081676531583 10.701267808675768 146.11471624486148 37.241825882403646 13.635413233190773 5.3423782535828641 93.207487444393337 211.82823777932208 2.5810629165207493 179.77120221510995
leaf_count=1090 40998 15864 43734 1392 8141 4689 805414 26650 24325 251 652 66847 1328 35324 634 6943 76328 624 117214 651859 39 32 787 5770 63 118 506 7468 130 33956
internal_value=0.00185612 0.0116284 -0.010807 0.00741414 0.00409355 0.0418967 -0.0501471 -0.0644161 -0.000511905 -0.00531264 -0.0177029 -0.0055141 -0.00469409 -0.00298158 0.0187646 0.0219273 0.0159661 0.00361287 0.00126533 -0.0788468 1.27341 0.0200306 0.0254159 0.0882617 -0.103486 0.0453947 -0.0286099 0.0393192 -0.0794468 0.0094167
internal_weight=18505.4 10445 8060.47 9861.9 8995.64 866.259 987.796 796.894 162.018 7072.67 2961.52 2469.28 5625.87 5472.89 3369.77 3158.89 1021.97 4111.15 3892.45 492.242 0.218303 582.517 558.18 65.2724 24.3367 218.701 210.882 213.358 492.024 190.902
internal_count=1979170 116701 1862469 100837 93874 6963 897205 862159 56745 965264 796106 143827 44793 43465 49081 47941 76980 169158 160948 652279 290 2274 2179 32420 95 8210 1140 8092 651989 35046
is_linear=0
shrinkage=0.1


Tree=46
num_leaves=31
num_cat=0
split_feature=12 3 7 10 9 2 3 1 2 2 5 3 2 10 10 12 10 5 6 5 6 2 3 9 6 7 9 2 6 7
split_gain=235.852 248.89 112.508 182.88 151.992 99.0467 132.311 87.5709 113.113 89.8161 77.6022 70.7193 74.7494 69.7642 69.3612 59.7774 59.7031 55.0823 84.3105 99.4946 107.649 85.6391 114.776 67.7003 60.4223 47.9317 42.1499 41.0448 39.8018 38.9817
threshold=1.0000000180025095e-35 0.89323708415031444 0.43650794029235845 0.55391839146614086 0.23094017058610919 0.64899963140487682 0.79205974936485302 1.0000000180025095e-35 0.79388421773910534 0.23431372642517093 5.5000000000000009 0.78765246272087108 0.6911335587501527 0.9492306411266328 0.9492306411266328 -1.0000000180025095e-35 0.43415953218936926 2.5000000000000004 0.59491634368896495 13.500000000000002 0.41421362757682806 0.12973351776599887 0.4907375723123551 0.31599749624729162 0.86602565646171581 0.42261904478073126 0.20715197920799258 0.51000401377677929 0.91578015685081493 0.73214286565780651
decision_type=2 2 2 2 2 2 2 2 2 2 2 2 2 2 2 2 2 2 2 2 2 2 2 2 2 2 2 2 2 2
left_child=2 17 3 4 -1 6 -4 8 9 -5 16 12 28 15 -12 -13 26 23 19 27 -21 -20 -23 -2 -25 -10 -3 -19 -7 -8
right_child=1 10 5 7 -6 11 29 -9 25 -11 14 13 -14 -15 -16 -17 -18 18 21 20 -22 22 -24 24 -26 -27 -28 -29 -30 -31
leaf_value=-0.0047468201247843561 0.24790189409530849 0.3033569974786699 0.10753769921072742 0.015284897260642923 -0.097787314548487991 -0.055851440127488577 0.022711052238812597 -0.1285624324844685 0.051906770801931582 -0.029744874168627825 -0.0018868644114532875 0.0058454979952827519 -0.10701117023095164 0.049288277099653451 0.076700652175902551 -0.010615014747446826 0.08080373947996139 0.046447759088800132 0.033023771751695213 0.024602677056390573 -0.051530930572799574 -0.069497023078852013 -0.0060127394992313329 0.14121198252109343 0.018675544846097146 -0.06693490836333385 -0.033794971652464249 0.12984754690608552 0.097595395030712268 -0.055867548101647062
leaf_weight=275.32159015513025 13.665380888385696 3.9267840683460227 194.96276098239468 657.05401208874537 484.67085547055467 32.858303530956618 302.17687141630449 58.8992439864669 390.12975785834715 1359.3470264432253 335.06211116421036 4380.1492676449125 127.11888881534105 268.59982112050056 168.93057421501726 4445.2334793626796 838.75738955708221 281.00886252039345 296.87893548759166 604.5255477160099 268.07774528628215 420.37017242325237 882.96375641564373 42.000917623459827 960.25869379192591 37.171500267926604 66.566954586654902 74.696047141274903 34.813878485147143 79.805807794677094
leaf_count=51383 1101 15 6110 13045 935798 1728 25181 1266 1689 77957 3652 93084 6881 1783 4612 511976 24041 13842 10163 19697 26577 68189 32462 447 37262 160 513 764 893 6404
internal_value=0.00214662 0.0200437 -0.0050209 -0.0211188 -0.0640816 0.00030268 0.0405065 -0.00807181 -0.00516769 -0.0150717 0.0559289 -0.00219447 -0.0618132 -0.000917447 0.0244545 -0.00244545 0.073375 0.00685212 -0.000321533 0.0193844 0.00121321 -0.0154476 -0.0264886 0.0268249 0.0238106 0.0415686 -0.0150143 0.0639612 0.0230891 0.006294
internal_weight=18386 5257.69 13128.3 3262.59 759.992 9865.72 576.945 2502.6 2443.7 2016.4 1413.24 9288.77 194.791 9093.98 503.993 8825.38 909.251 3844.45 2828.52 1228.31 872.603 1600.21 1303.33 1015.92 1002.26 427.301 70.4937 355.705 67.6722 381.983
internal_count=1978675 243337 1735338 1081298 987181 654040 37695 94117 92851 91002 32833 616345 9502 606843 8264 605060 24569 210504 171694 60880 46274 110814 100651 38810 37709 1849 528 14606 2621 31585
is_linear=0
shrinkage=0.1


Tree=47
num_leaves=31
num_cat=0
split_feature=10 7 7 10 2 2 9 11 6 12 5 6 14 12 11 9 7 3 7 9 6 9 6 14 3 10 7 11 14 10
split_gain=220.741 191.809 105.462 189.424 91.8284 111.036 78.4513 78.7764 78.3788 76.1183 89.4072 80.0215 68.1037 67.5261 203.107 76.7891 59.6456 54.1235 137.425 61.7331 54.0205 53.6917 49.0737 48.8993 47.2296 51.7248 46.3436 44.5261 41.4096 59.3696
threshold=0.88251724839210521 0.96153846383094799 0.29285715520381933 0.5578589439392091 0.70064935088157665 0.25158227980136877 0.81509971618652355 0.79057019948959362 0.57259953022003185 1.0000000180025095e-35 4.5000000000000009 0.79516318440437328 0.44118615984916693 -1.0000000180025095e-35 0.04446640424430371 0.43043650686740881 0.31666667759418493 0.57801935076713573 0.069047622382640853 0.90674948692321788 0.15470086038112643 0.28151743113994604 0.94804319739341747 0.82826295495033275 0.65220636129379284 0.4204836785793305 0.58571431040763866 0.45804196596145635 0.74707320332527172 0.5219314992427827
decision_type=2 2 2 2 2 2 2 2 2 2 2 2 2 2 2 2 2 2 2 2 2 2 2 2 2 2 2 2 2 2
left_child=2 6 3 21 5 20 -2 17 -7 13 12 27 -11 23 -15 -16 -9 19 -19 -8 -5 24 -6 -4 -1 -26 -13 -12 -23 -30
right_child=1 -3 9 4 22 8 7 16 -10 10 11 26 -14 14 15 -17 -18 18 -20 -21 -22 28 -24 -25 25 -27 -28 -29 29 -31
leaf_value=-0.10020807139029445 0.031296529216911916 0.098219698311284437 0.0011684305564284786 -0.1278873323588077 0.062787321777094715 0.0038082528381649002 0.0030097450328834068 0.01603100913795014 -0.061003462116129586 0.76698996613099668 0.019605839445097716 -0.21633155664661069 0.042399966014092717 -0.087739336972929891 0.020776515102542251 -0.015179211446445962 0.077381207875426239 0.09619339333133041 0.00018167774953950613 -0.049060137964482338 0.013667919565810384 -0.093407844961169814 -0.071005640808473811 0.057183414573068331 0.0095505265602174837 0.3164435945090982 -0.042865591425965084 -0.081878362014409678 3.2742008084243639 -0.10103117016553116
leaf_weight=39.991876691463403 1662.8096190080978 277.36752452608198 4576.6638829304138 27.94035857822746 220.11289880052209 261.61333514336729 474.89144251076505 521.59315734170377 650.67372475587763 1.2994750338839356 281.93944955396 27.527431205380708 721.20040926249931 346.77012202283368 753.53245915970183 2804.9927310725034 227.62730753514916 160.07294398266822 2170.7366754878312 437.40991783700883 767.6863477883162 434.71551899821497 31.314791879616678 161.33961689751595 62.035542342986446 6.0253375428437712 34.962984627112746 51.063427805900574 0.088881809177108972 0.12598117243032902
leaf_count=47001 11865 10482 137735 1253 1661 23429 4271 2335 77861 35 3710 1117 14202 579483 63480 60249 4089 1409 15596 3177 23314 847381 302 1369 41673 459 307 433 18 31
internal_value=0.00119251 0.0170284 -0.00646807 -0.0247837 -0.0102998 -0.0186061 0.0130462 0.00544494 -0.0424176 -0.00177284 0.0227805 -0.0154417 0.0437032 -0.00494877 -0.0146845 -0.00756544 0.0346704 -0.00130669 0.00677547 -0.0219556 0.00869686 -0.0770483 0.0461237 0.00307587 -0.0139595 0.0367194 -0.119278 0.00404402 -0.0927219 1.29519
internal_weight=18196.1 5932.51 12263.6 2502.32 1959.34 1707.91 5655.14 3992.33 912.287 9761.29 1117.99 395.493 722.5 8643.3 3905.3 3558.53 749.22 3243.11 2330.81 912.301 795.627 542.983 251.428 4738 108.053 68.0609 62.4904 333.003 434.93 0.214863
internal_count=1979727 53224 1926503 1064383 127820 125857 42742 30877 101290 862120 19804 5567 14237 842316 703212 123729 6424 24453 17005 7448 24567 936563 1963 139104 89133 42132 1424 4143 847430 49
is_linear=0
shrinkage=0.1


Tree=48
num_leaves=31
num_cat=0
split_feature=11 7 7 10 3 12 10 14 11 11 7 4 6 1 11 4 2 14 4 11 1 5 5 2 2 4 3 6 7 1
split_gain=182.05 225.593 179.081 79.3546 121.951 78.5114 103.915 154.121 264.241 70.5397 66.9743 76.2876 90.6908 87.7388 59.8777 147.778 6626.88 108.539 55.7627 53.7935 53.7663 197.437 70.7073 51.4612 42.9774 47.9064 205.212 45.6803 38.6417 59.4426
threshold=0.15075758099555972 0.96153846383094799 0.31666667759418493 0.9492306411266328 0.74654760956764232 -1.0000000180025095e-35 0.43643578886985784 0.43809525668621069 0.080540537834167494 0.2788888961076737 0.78888890147209179 0.94665718078613292 0.97849214076995861 1.0000000180025095e-35 0.050641026347875602 0.36882591247558599 0.65240275859832775 0.55571401119232189 0.70064935088157665 0.12060606107115747 1.0000000180025095e-35 5.5000000000000009 7.5000000000000009 0.57712131738662731 0.63686314225196849 0.20761494338512423 0.63944444060325634 0.59491634368896495 0.68333333730697643 1.0000000180025095e-35
decision_type=2 2 2 2 2 2 2 2 2 2 2 2 2 2 2 2 2 2 2 2 2 2 2 2 2 2 2 2 2 2
left_child=2 3 14 10 -5 18 19 8 -8 -3 11 13 -13 -2 15 16 23 -18 -4 -7 21 -12 -22 -1 25 26 -16 -26 -20 -30
right_child=1 9 5 4 -6 6 7 -9 -10 -11 20 12 -14 -15 24 -17 17 -19 28 -21 22 -23 -24 -25 27 -27 -28 -29 29 -31
leaf_value=-0.10006925296187925 0.0021664182461990805 0.028140931996201837 0.16165545537109438 0.0033424736653270963 0.052916178205130893 -0.066035027317256037 -0.41745502183801364 -0.0072054509747993302 4.6947689700873365 0.089631568628756875 0.081852804377842495 0.013748441657065994 0.085373902358905074 -0.039458442924896864 0.025947373588507627 -0.080472034255114164 -13.879467527702383 -18.934443458571735 -0.011049054997143547 0.27520236075219956 -0.031957810175257471 -0.09633022278937671 0.069258917721143995 -1.8557257630168777 0.2332139992667476 -0.080257139677650413 6.996895501780374 0.001714324377902119 0.0798488469405845 0.0049295285588203328
leaf_weight=12.188862662413152 5605.3581906392064 336.24020043527707 21.447793762083165 1218.1983647290617 837.30197385884821 499.83194013906177 0.21930736090871406 913.30509125479148 0.18759240733925253 419.08022453542799 80.640217203646898 2087.6469877305208 193.13207376282662 556.6817867703503 48.616051093209535 286.95758629159536 0.057448968786048549 0.16297807640512474 1786.2302290068765 4.662823546153958 209.18509376840666 271.74328739568591 103.00131106888875 0.16927408191259097 9.5849249571328965 173.77705498624709 0.042266559583366781 76.985999591182917 111.27668513206299 2193.2334182430641
leaf_count=27002 150724 2931 7072 5880 12614 599025 35 94413 10 14969 524 12357 2115 3861 25960 618758 37 59 81540 394 1171 1379 527 257 839 253917 12 14777 535 45531
internal_value=0.00216122 0.0093675 -0.0118292 0.00578873 0.0235362 -0.00616356 -0.0264523 -0.00633857 1.93943 0.0622583 0.0017832 0.00418913 0.0198136 -0.00159399 -0.0633177 -0.0951778 -0.430663 -17.617 0.0008336 -0.0628811 -0.0287822 -0.0555544 0.00143716 -0.124117 -0.0324341 -0.0557 0.0320026 0.0273454 -9.59099e-06 0.00854712
internal_weight=18057.1 11918.2 6138.94 11162.9 2055.5 5530.39 1418.21 913.712 0.4069 755.32 9107.39 8442.82 2280.78 6162.04 608.542 299.536 12.5786 0.220427 4112.19 504.495 664.57 352.384 312.186 12.3581 309.006 222.435 48.6583 86.5709 4090.74 2304.51
internal_count=1979225 209052 1770173 191152 18494 828555 693877 94458 45 17900 172658 169057 14472 154585 941618 646113 27355 96 134678 599419 3601 1903 1698 27259 295505 279889 25972 15616 127606 46066
is_linear=0
shrinkage=0.1


Tree=49
num_leaves=31
num_cat=0
split_feature=10 1 3 10 12 1 5 10 10 5 4 10 2 5 5 7 5 4 9 9 7 10 1 10 7 3 11 1 11 6
split_gain=163.709 137.597 80.4446 104.766 102.2 98.6046 208.647 149.019 117.385 107.898 897.018 154.361 85.798 83.5268 67.9519 63.2632 87.6333 84.5426 60.2717 54.693 54.4749 51.0657 46.828 45.219 37.6292 37.499 36.9863 34.524 87.3002 34.2268
threshold=0.92768564820289623 1.0000000180025095e-35 0.89732906222343456 0.53861853480339061 1.0000000180025095e-35 1.0000000180025095e-35 5.5000000000000009 0.43643578886985784 0.62871870398521434 3.5000000000000004 0.99382716417312633 0.72100931406021129 0.56294015049934398 7.5000000000000009 1.5000000000000002 0.73214286565780651 5.5000000000000009 0.95488464832305919 0.48107238113880163 0.92113238573074352 0.47727273404598242 0.56148993968963634 1.0000000180025095e-35 0.96110200881958019 0.96153846383094799 0.63373982906341564 0.29520697891712194 1.0000000180025095e-35 0.55902779102325451 0.45534290373325353
decision_type=2 2 2 2 2 2 2 2 2 2 2 2 2 2 2 2 2 2 2 2 2 2 2 2 2 2 2 2 2 2
left_child=2 14 3 12 5 6 7 -4 -8 10 -7 -11 -1 21 -2 17 -17 19 26 -16 -3 -6 25 -19 -18 -14 29 28 -15 -5
right_child=1 20 4 18 13 9 8 -9 -10 11 -12 -13 22 27 15 16 24 23 -20 -21 -22 -23 -24 -25 -26 -27 -28 -29 -30 -31
leaf_value=-0.081373794324727522 0.046163077022944497 -0.19392539787020946 0.0054653355737620118 0.10735853432215187 0.0094241260113833575 -0.21144255725578032 0.064133402213141039 0.079526955700750496 -0.039225162378389224 -0.0095046745005285538 -0.0030910109388219724 0.038074785761078367 -0.099899635312324542 -0.012672996048212879 0.019796319237238 0.091807882866129314 -0.12523877949562195 0.0089154157439509593 -0.0095078752803623157 -0.014418683791819041 0.077554309816786585 0.077142206405935387 -0.068397621391473526 0.098309299217454557 0.10568936226333664 -0.0016026167883936991 0.064258994599245306 0.027959666499774827 -0.24668231911132088 0.0044071483305091457
leaf_weight=330.77113254039739 535.27558934362605 7.51373017579317 473.60426375275711 34.090041575254872 152.29794488521293 225.63600933321868 134.12991745769978 637.20289627515012 607.76441638730466 1972.3924314737087 2454.0266320974333 1042.1339131109416 41.587830397660582 108.66937094391324 974.19178394507617 28.597479041665792 90.232280388474464 88.797503553330898 4331.6472977116355 897.71484061982483 453.65147023368627 414.24894457124174 162.86755388992606 155.98674326203763 7.6548262424767008 580.93929189122048 154.76551139622461 118.69979098252952 18.683105949312449 612.43513647341751
leaf_count=740593 5786 43 26360 4978 812 29734 15365 6099 2389 289928 215793 3076 80056 945 6002 553 550 1077 136750 5001 10184 12810 112876 3756 135 228727 1391 1444 155 35621
internal_value=0.00220767 0.0225451 -0.00230239 -0.0108851 0.0041136 0.000485413 0.0205245 0.04795 -0.0205386 -0.00603464 -0.0206349 0.00694374 -0.0386515 0.0378098 0.0141489 0.00650956 -0.06219 0.0106148 -0.00484727 0.00338775 0.0731311 0.0589384 -0.0206589 0.0658809 -0.10718 -0.00816933 0.0203472 -0.0108398 -0.0470031 0.00983558
internal_weight=17848.2 3239.62 14608.6 6249.1 8359.49 7546.89 1852.7 1110.81 741.894 5694.19 2679.66 3014.53 1116.17 812.599 2778.45 2243.18 126.485 2116.69 5132.94 1871.91 461.165 566.547 785.395 244.784 97.8871 622.527 801.291 246.052 127.352 646.525
internal_count=1978989 33087 1945902 1340992 604910 588744 50213 32459 17754 538531 245527 293004 1162252 16166 22860 17074 1238 15836 178740 11003 10227 13622 421659 4833 685 308783 41990 2544 1100 40599
is_linear=0
shrinkage=0.1


Tree=50
num_leaves=31
num_cat=0
split_feature=10 1 3 11 10 12 7 1 2 7 6 7 4 10 11 4 2 3 10 4 2 6 7 6 14 4 6 10 14 11
split_gain=119.935 139.669 76.6871 91.9347 104.351 82.79 63.3276 61.3649 87.0113 83.1188 73.7628 678.553 155.48 67.0618 59.632 51.7351 70.269 93.0117 47.2508 94.4989 49.096 48.6441 47.0895 44.9497 38.1565 25.0678 25.4604 20.4291 32.3054 20.0224
threshold=0.92768564820289623 1.0000000180025095e-35 0.85536885261535656 0.060915276408195503 1.0000000180025095e-35 1.0000000180025095e-35 0.47727273404598242 1.0000000180025095e-35 0.88589513301849376 0.52777779102325451 0.89009663462638866 0.96153846383094799 0.94185259938240062 0.46384282410144811 0.50806450843811046 0.071858864277601256 0.17082066833972934 0.52254030108451854 0.97115117311477672 0.77581480145454418 0.29679679870605474 0.97530490159988414 0.61250001192092907 0.81322672963142406 0.47260564565658575 0.90054944157600414 0.47114317119121557 0.51358735561370861 0.65793079137802135 0.55902779102325451
decision_type=2 2 2 2 2 2 2 2 2 2 2 2 2 2 2 2 2 2 2 2 2 2 2 2 2 2 2 2 2 2
left_child=2 14 3 4 25 7 -3 8 9 -4 12 -12 -9 -10 -2 -5 24 -18 21 20 -20 22 -16 29 -17 26 -1 28 -25 -7
right_child=1 6 5 15 -6 23 -8 10 13 -11 11 -13 -14 -15 18 16 17 -19 19 -21 -22 -23 -24 27 -26 -27 -28 -29 -30 -31
leaf_value=0.23431898553631206 0.049104358255944731 -0.20884319835054543 0.033024319839287199 -0.082931899309312621 -0.090477269430127447 0.014141906069489733 0.077336202524726672 0.060204419218043495 0.0051094949914864034 -0.019877890369524514 -0.13562115197611221 0.0037820432521937469 -0.003908892436966324 0.055874149812922269 -0.0043281504633780948 0.034116697809488811 -0.0368695855605796 -0.0014482895877969948 0.025852841441932624 0.083944674217958815 -0.031418406186963815 0.050080316961293642 -0.062171026267276212 0.074503238456967047 -0.021737132443167034 -0.12393830831328734 -0.0058168543566613287 0.060009397688369284 -0.027561310205700573 -0.052356730426538857
leaf_weight=4.4793139506356843 357.10414586775005 7.875892922282218 433.8771499680297 87.836774416238768 298.99633674537182 323.49629251286387 424.50629345607013 438.47389928164193 444.69207184505649 941.40716863825219 412.3566545433423 2278.7400367147347 2753.9501758016122 627.3313331772224 1232.6985427346081 592.37863970181206 1015.0872083247814 2748.7662944177573 425.21324261650443 201.77541350480169 230.99934256821871 144.21706835366786 158.88260696828365 52.7485047345981 154.13496572655276 17.936980700585991 308.48311840524548 429.79315173486248 75.255531705915928 52.647051153704524
leaf_count=2560 2924 48 37629 6746 801678 3851 10148 29545 29786 11447 53546 200038 288952 4591 8812 23583 250922 154206 1425 4345 1213 2351 1748 341 1594 232 31292 12554 390 617
internal_value=0.0017132 0.0192892 -0.00214726 -0.0118307 -0.0476591 0.00331709 0.0721234 0.000151995 0.0134593 -0.00318821 -0.00538331 -0.0175787 0.00489696 0.0348162 0.0109848 -0.00692265 -0.00544242 -0.0110012 0.00529811 0.0240951 0.00569227 -0.005203 -0.0109323 0.03155 0.0225844 -0.00896917 -0.00237988 0.0495654 0.0144979 0.0048344
internal_weight=17676.1 3183.27 14492.9 5228.1 629.896 9264.77 432.382 8330.83 2447.31 1375.28 5883.52 2691.1 3192.42 1072.02 2750.89 4598.2 4510.37 3763.85 2393.79 857.988 656.213 1535.8 1391.58 933.941 746.514 330.899 312.962 557.797 128.004 376.143
internal_count=1979114 33014 1946100 1272813 835762 673287 10196 655534 83453 49076 572081 253584 318497 34377 22818 437051 430305 405128 19894 6983 2638 12911 10560 17753 25177 34084 33852 13285 731 4468
is_linear=0
shrinkage=0.1


Tree=51
num_leaves=31
num_cat=0
split_feature=12 3 12 10 5 6 10 11 2 7 10 5 6 5 2 2 6 6 5 2 3 7 7 11 4 7 2 3 14 14
split_gain=127.058 134.881 110.798 270.393 72.1919 77.3482 57.7357 51.5255 84.2367 65.1123 47.6008 45.4105 55.8252 101.13 89.798 75.4602 64.6297 42.6311 37.2498 34.6112 58.9364 83.634 64.458 33.6549 32.5252 32.289 31.636 27.3155 106.423 168.877
threshold=1.0000000180025095e-35 0.86512476205825817 -1.0000000180025095e-35 0.46384282410144811 5.5000000000000009 0.67799538373947155 0.56148993968963634 0.44222222268581396 0.59417229890823375 0.078461539000272765 0.85810163617134105 28.500000000000004 0.41421362757682806 15.500000000000002 0.58204832673072826 0.12973351776599887 0.59032633900642406 0.25211864709854132 18.500000000000004 0.25158227980136877 0.48733974993228918 1.0000000180025095e-35 0.18465909361839297 0.04446640424430371 0.99382716417312633 0.96153846383094799 0.80206185579299938 0.34173171222209936 0.38859415054321295 0.37784446775913244
decision_type=2 2 2 2 2 2 2 2 2 2 2 2 2 2 2 2 2 2 2 2 2 2 2 2 2 2 2 2 2 2
left_child=2 11 19 23 6 -6 -3 8 -5 -10 -9 12 15 16 -15 -2 -14 -13 -17 27 -21 -22 -23 -4 -8 -12 -7 -1 29 -29
right_child=1 4 3 7 5 26 24 10 9 -11 25 17 13 14 -16 18 -18 -19 -20 20 21 22 -24 -25 -26 -27 -28 28 -30 -31
leaf_value=0.027926604354553783 -0.069519880472749693 0.0085758315062549797 -0.093586302105496566 -0.047643350139918945 0.054256778932262245 -0.14631853505314699 0.048334804131374851 0.046097815952610408 0.061712583599173088 -0.0098089336542576035 -0.0014903380599085476 -0.0098599081465427577 0.047657231292494801 -0.10195337648434609 0.058131247819171644 0.079951436989840599 0.00069520355831952476 -0.14427520651294712 0.024880367368945694 -0.07301479418254965 0.097446736768565856 -0.088114641170311467 0.005710126666633457 -0.041495589434268274 0.093374001643449819 0.081929150173535206 -0.015271796779996908 0.56661023154477197 0.097515175256948111 4.7367432415726887
leaf_weight=218.19639502337486 60.679785018525308 169.64840131951496 403.90009736591998 600.55263686306716 230.43638477567583 19.956313575617969 280.94431624235585 259.87339484598488 132.27814385581587 3374.609236808159 1905.4640788808465 61.415681938990019 334.1970646114205 158.63783661057823 44.974318573949859 215.43354652862763 2380.0005117898195 38.316459179855883 285.70963291803491 95.859016839008291 98.377325605503756 74.26986483548535 5190.2127387041401 178.9972269209706 373.50096720643342 47.558247959241271 239.55737101705745 0.44747209851629932 40.924016134231351 0.12402807571925223
leaf_count=6921 2084 915 1058519 145913 5481 199 8058 1448 2917 69839 8629 1496 19610 19181 648 5228 148055 2280 10478 33263 8759 61875 182953 150739 17261 1201 2864 256 1736 94
internal_value=0.00141025 0.015089 -0.00389301 -0.0124205 0.0424901 0.0120916 0.0605629 -0.00641014 -0.0130374 -0.00711118 0.00589102 0.00502964 0.00693653 0.00137851 -0.0665935 0.0358019 0.0064776 -0.0615014 0.0485546 0.00640128 0.00470439 0.00609359 0.00438647 -0.0775902 0.0740393 0.000541018 -0.0253491 0.04207 0.11644 1.47162
internal_weight=17515.1 4893.41 12621.6 6903.23 1314.04 489.95 824.094 6320.34 4107.44 3506.89 2212.9 3579.36 3479.63 2917.81 203.612 561.823 2714.2 99.7321 501.143 5718.41 5458.72 5362.86 5264.48 582.897 654.445 1953.02 259.514 259.692 41.4955 0.5715
internal_count=1978900 243838 1735062 1439205 34778 8544 26234 229947 218669 72756 11278 209060 205284 187494 19829 17790 167665 3776 15706 295857 286850 253587 244828 1209258 25319 9830 3063 9007 2086 350
is_linear=0
shrinkage=0.1


Tree=52
num_leaves=31
num_cat=0
split_feature=10 7 9 3 7 7 2 7 10 7 4 4 11 4 10 6 11 3 1 7 2 3 7 9 4 4 14 11 11 9
split_gain=102.302 121.926 72.3036 63.6495 99.3519 106.003 92.4247 234.94 127.83 77.9198 65.649 59.6052 52.5174 59.4253 51.4291 52.9056 39.2338 47.8205 33.7282 160.977 75.0434 31.5417 85.1398 46.0453 26.8489 131.81 24.6135 21.2939 28.7705 18.4609
threshold=0.89296945929527294 0.96153846383094799 0.697758048772812 0.77807807922363292 1.0000000180025095e-35 0.18465909361839297 0.67006802558898937 0.47727273404598242 0.56939375400543224 0.074175827205181136 0.30068494379520422 0.24440020322799685 0.81101191043853771 0.77581480145454418 0.75484195351600658 0.69309264421463024 0.17519181966781619 0.84475743770599376 1.0000000180025095e-35 0.58571431040763866 0.91715687513351452 0.76689496636390697 0.069047622382640853 0.8705272674560548 0.30860807001590734 0.30471627414226538 0.9267825484275819 0.46410256624221807 0.7379862666130067 0.26539641618728643
decision_type=2 2 2 2 2 2 2 2 2 2 2 2 2 2 2 2 2 2 2 2 2 2 2 2 2 2 2 2 2 2
left_child=3 2 27 6 10 24 7 8 29 -8 -5 -10 21 26 15 -11 17 -12 20 -20 -7 23 -23 -4 25 -6 -14 -2 -29 -1
right_child=1 -3 12 4 5 18 9 -9 11 14 16 -13 13 -15 -16 -17 -18 -19 19 -21 -22 22 -24 -25 -26 -27 -28 28 -30 -31
leaf_value=-0.022857092403410897 0.057445224019837961 0.09667172423414204 0.012794482403953334 2.244585014527547 -0.10546457620300641 0.00033428013802454341 0.073546365748774906 0.097852664618368876 0.0098863825263533489 0.30545665290949087 0.076223181135655391 -0.0273460075050262 0.016699652872663156 0.085464677936964994 -0.11789083917855343 -0.048804426866626782 0.094371434149620376 -0.071010819418628357 -0.052795427529792917 0.00095206315507490556 0.036990900924047575 0.10471041199911486 0.0040539112669565744 -0.024427125256336411 -0.09196377203854017 5.2071628163427226 -0.20717879768118219 0.012229824220244922 0.082553713710166898 -0.091506959010033181
leaf_weight=46.578381592838326 340.79743252648041 170.41595879010856 521.38912504445761 0.13799914345665243 0.26877535601670288 2724.1244640098448 37.449490498303476 186.30607556077302 841.94194936886197 4.3254732969508032 49.39075475713922 878.7420128689555 491.08676942437887 154.6101733930409 167.16884384863079 165.89308511867421 148.33877183683217 39.864464054219681 621.04283540126926 5424.686775149501 702.50188241619617 87.956861983053386 1883.5893615456298 916.64913351275027 133.35702446720097 0.056522567741922103 4.9603552632033816 352.38937060534954 69.679072318598628 246.34074692866594
leaf_count=41146 2631 9508 3405 36 89 201699 2978 6622 20504 1569 14909 86976 1943 4044 807 53657 1114 21875 184705 462751 19725 1127 15661 6340 183094 24 56 2777 484 626658
internal_value=0.00145493 0.0135428 0.0106056 -0.00340564 0.000255775 -0.00132467 -0.017404 -0.00958327 -0.0195236 -0.0633035 0.0641168 -0.00912795 0.00529838 0.0313329 -0.0784936 -0.0398022 0.0628503 0.0104634 -7.67264e-05 -0.00456911 0.00784935 0.000330159 0.00854451 -0.0109317 -0.0897504 0.817638 0.0144609 0.0388523 0.0238396 -0.0805906
internal_weight=17412 4993.52 4823.11 12418.5 9843.77 9606.04 2574.75 2199.91 2013.6 374.837 237.732 1720.68 4060.24 650.657 337.387 170.219 237.594 89.2552 9472.36 6045.73 3426.63 3409.58 1971.55 1438.04 133.682 0.325298 496.047 762.866 422.068 292.919
internal_count=1978914 47976 38468 1930938 1090021 1052087 840917 781906 775284 59011 37934 107480 32576 6043 56033 55226 37898 36784 868880 647456 221424 26533 16788 9745 183207 113 1999 5892 3261 667804
is_linear=0
shrinkage=0.1


Tree=53
num_leaves=31
num_cat=0
split_feature=12 3 5 7 7 4 7 7 2 10 10 11 12 11 9 10 6 5 10 11 10 3 5 10 9 4 2 10 9 6
split_gain=88.7624 117.691 89.3381 91.3637 73.1921 78.8739 97.7642 84.9729 77.4458 70.7848 70.2825 66.6766 56.7236 243.314 72.7649 86.2493 87.6229 51.9083 46.9038 43.8045 57.7141 43.3686 41.859 85.0738 43.4409 41.1995 39.8533 39.2272 38.9665 37.2614
threshold=1.0000000180025095e-35 0.76689496636390697 5.5000000000000009 0.064583335071802153 0.47727273404598242 0.64565756916999828 0.21825397014617923 0.31666667759418493 0.65733855962753307 0.94146201014518749 0.59381821751594555 0.45804196596145635 -1.0000000180025095e-35 0.04446640424430371 0.43043650686740881 0.69459062814712536 0.7923850715160371 14.500000000000002 0.60041153430938732 0.26491229236125952 0.64722883701324474 0.1352966129779816 5.5000000000000009 0.48943608999252325 0.29490134119987493 0.99382716417312633 0.096006143838167204 0.38967698812484747 0.53615716099739086 0.5604878067970277
decision_type=2 2 2 2 2 2 2 2 2 2 2 2 2 2 2 2 2 2 2 2 2 2 2 2 2 2 2 2 2 2
left_child=12 4 10 -4 5 7 -7 21 -6 11 -3 -5 22 18 19 28 -17 -8 -14 20 -15 -2 23 24 27 -12 -26 -1 -16 -24
right_child=1 2 3 9 8 6 17 -9 -10 -11 25 -13 13 14 15 16 -18 -19 -20 -21 -22 -23 29 -25 26 -27 -28 -29 -30 -31
leaf_value=0.0029141421410681426 0.023579933381783817 -0.0008348908315890393 0.12302735618859556 0.0041017864119340221 0.11000130289532697 0.076940383271345059 -0.093756502879495024 0.10493858100572942 -0.11769220678651011 0.045162770350350927 0.046140126810654297 -0.066392764811339572 -0.091530703009920056 0.038795052955903964 -0.017406993958720411 0.013875585295279467 -0.014242851664810641 0.15725624844514663 0.1697860747363803 0.093717550398538879 -0.015840551788400634 -0.0093238475435030339 0.016126311423269483 0.034400675175374422 1.2957773062052209 0.090323698004250844 -0.067450442556628049 0.31093068195255275 -0.060972801255705061 -0.020635838394279064
leaf_weight=3159.5155350121499 518.56936565422711 224.35793680947972 63.469957301043905 398.98989308607997 100.78893542103469 45.724229588056915 209.48101184665575 77.050752592331264 17.537393222562969 234.6011561495252 606.21507141273469 202.15166196040809 375.59760456409094 447.96172691902757 418.56281954921724 1776.1345632283483 2947.1731042703614 8.5757057476148457 6.996638427313882 78.124448587885126 340.15974273544271 1760.4769470229012 377.24888772228451 1018.3710816644307 0.21492413489595108 323.75012114550918 97.305369529586372 4.1400720660021753 402.95421332828118 1024.3951361832792
leaf_count=42408 17194 1468 624 14264 627 884 9787 1158 151 5559 11446 1729 1078265 148890 126177 19996 19176 60 127 486 3181 161316 45460 16776 365 17342 96254 351 42881 94246
internal_value=0.00132711 0.0128958 0.0309928 0.00736082 -0.000676237 -0.00415079 -0.056007 0.00165486 0.0762544 -0.0014234 0.049402 -0.0196041 -0.00311654 -0.00928294 -0.00465981 -0.00887069 -0.0036693 -0.0838847 -0.0867519 0.0222939 0.0152139 -0.00183699 0.00425734 0.00916976 0.00129087 0.0615218 -0.064446 0.00331722 -0.038776 -0.0107414
internal_weight=17266.6 4791.74 2053.54 899.213 2738.2 2619.88 263.781 2356.1 118.326 835.743 1154.32 601.142 12474.9 6793.66 6411.07 5544.82 4723.31 218.057 382.594 866.246 788.121 2279.05 5681.19 4279.55 3261.18 929.965 97.5203 3163.66 821.517 1401.64
internal_count=1978648 243609 52432 22176 191177 190399 10731 179668 778 21552 30256 15993 1735039 1439179 360787 208230 39172 9847 1078392 152557 152071 178510 295860 156154 139378 28788 96619 42759 169058 139706
is_linear=0
shrinkage=0.1


Tree=54
num_leaves=31
num_cat=0
split_feature=12 3 3 5 2 4 2 11 4 10 9 10 5 5 2 9 10 2 4 2 11 9 9 1 5 3 10 11 10 9
split_gain=78.8089 120 56.6604 56.7731 96.0109 97.4719 74.533 51.3235 43.0626 40.664 40.4991 38.5179 58.0884 38.1633 39.7871 38.1681 38.9604 100.569 37.1745 40.0882 33.8713 32.8212 30.9803 26.86 26.4333 27.4448 26.1617 39.3497 31.9092 25.032
threshold=1.0000000180025095e-35 0.89323708415031444 0.85536885261535656 2.5000000000000004 0.77015754580497753 0.82426470518112194 0.68783602118492138 0.16064515709877017 0.8521554470062257 0.97115117311477672 0.2440886273980141 0.53861853480339061 4.5000000000000009 2.5000000000000004 0.077422577887773528 0.31599749624729162 0.78886163234710704 0.087434306740760817 0.8521554470062257 0.80874970555305492 0.79057019948959362 0.53615716099739086 0.37850958108901983 1.0000000180025095e-35 14.500000000000002 0.10557275637984277 0.41103501617908483 0.057983193546533592 0.23866903781890872 0.81509971618652355
decision_type=2 2 2 2 2 2 2 2 2 2 2 2 2 2 2 2 2 2 2 2 2 2 2 2 2 2 2 2 2 2
left_child=2 13 3 4 5 6 -1 10 -4 29 -5 22 -13 15 24 16 17 -2 -6 -20 -14 -7 26 -17 25 -15 28 -28 -3 -10
right_child=1 11 8 7 18 21 -8 -9 9 -11 -12 12 20 14 -16 23 -18 -19 19 -21 -22 -23 -24 -25 -26 -27 27 -29 -30 -31
leaf_value=0.016793780671715518 3.8857992868295663 0.23804879425462208 0.065658191531916543 -0.015414658909231478 -0.02142253993797745 0.13761399004808322 -0.066249985880057871 -0.013943139472087985 0.0026393702591631339 0.080227183731732044 -0.068989680711882981 0.074868487745636148 0.012125472850296018 -0.053255225257313757 -0.00019333824554835518 0.019718490269249354 -0.26335036037300819 0.21946889289704968 -0.030214978593024577 -0.1592828963563499 0.09546242902905408 0.052827927597633634 -0.039516794241134384 -0.21060063497019821 -0.1435514777059928 0.17259186569472548 0.35410899569352461 0.063880871718255031 -0.025314582274100883 -0.011742587007183249
leaf_weight=623.93304141742135 0.075255409697659981 5.0513618495315304 103.57187105951198 232.84673296850843 220.56099465799628 65.664282401950913 130.72075870641856 1812.485031362623 7141.8323361843795 63.970382774248719 358.08959969622373 465.29266850207932 359.38198625482619 46.479224793758476 2604.8131935989659 926.35855049619238 1.7389712464064349 12.85348523268476 47.289467749578762 48.999664200513507 56.428134856745601 149.844969534548 94.790174291701987 5.091263656213413 30.989489310159115 6.0850283030013079 5.449824024224653 32.71302177105099 51.543600788805634 1457.1193805979565
leaf_count=162404 26 39 16256 49090 39292 5246 17811 54594 634142 691 742296 23211 5417 3078 165897 37615 21 1056 2304 2467 2959 463 493 87 2656 251 47 102 590 7355
internal_value=0.00134845 0.0123746 -0.00281624 -0.0132109 0.00373861 0.0193475 0.00240898 -0.0222872 0.00155959 0.000793237 -0.0478795 0.0417985 0.0505959 0.00370681 -0.00237216 0.02098 0.181038 0.24081 -0.0440544 -0.0958951 0.0234348 0.0786617 0.000904415 0.0184596 -0.0702975 -0.0271103 0.0413394 0.105327 -0.00180818 0.000202302
internal_weight=17162.1 4705.14 12456.9 3690.43 1287.01 970.163 754.654 2403.42 8766.49 8662.92 590.936 1070.65 881.103 3634.48 2688.37 946.118 14.6677 12.9287 316.85 96.2891 415.81 215.509 189.548 931.45 83.5537 52.5643 94.7578 38.1628 56.595 8598.95
internal_count=1977956 243545 1734411 1075967 229987 185924 180215 845980 658444 642188 791386 32858 31587 210687 171882 38805 1103 1082 44063 4771 8376 5709 1271 37702 5985 3329 778 149 629 641497
is_linear=0
shrinkage=0.1


Tree=55
num_leaves=31
num_cat=0
split_feature=11 7 9 10 9 10 11 11 10 9 10 4 10 9 6 1 3 10 11 5 11 10 9 9 5 10 14 11 7 6
split_gain=74.4558 164.575 83.7743 82.2453 83.3812 159.986 56.8038 48.0532 94.6818 84.451 53.8006 47.6545 47.4295 45.5034 39.7217 166.607 72.2415 35.5603 34.5128 34.3813 33.1693 22.5429 24.3527 22.6884 20.4935 19.2161 17.8324 15.8762 14.692 14.6856
threshold=0.26491229236125952 0.96153846383094799 0.58880877494812023 0.87103942036628734 0.31892949342727667 0.44124551117420202 0.79057019948959362 0.04446640424430371 0.55013227462768566 0.23094017058610919 0.33124926686286932 0.92403846979141246 0.5246713161468507 0.43043650686740881 0.74239632487297069 1.0000000180025095e-35 0.1352966129779816 0.54211238026618969 0.12060606107115747 5.5000000000000009 0.15894736349582675 0.5578589439392091 0.47138307988643652 0.49324201047420507 31.500000000000004 0.78886163234710704 0.60932111740112316 0.7379862666130067 0.58571431040763866 0.88603895902633678
decision_type=2 2 2 2 2 2 2 2 2 2 2 2 2 2 2 2 2 2 2 2 2 2 2 2 2 2 2 2 2 2
left_child=3 2 21 4 7 18 14 9 10 26 -9 24 -11 19 15 -4 -16 -15 -6 -7 -10 22 -2 -23 -8 -3 -1 -25 -20 -24
right_child=1 25 6 -5 5 13 11 8 20 12 -12 -13 -14 17 16 -17 -18 -19 28 -21 -22 23 29 27 -26 -27 -28 -29 -30 -31
leaf_value=0.0014109459439161207 -0.034595380557487052 0.027537891039927227 -0.0029680544725641015 0.057372203831416391 -0.075325565597398447 0.02276656080513563 0.019865989906348976 -0.0083637809225359516 -0.024420513093276579 -0.084625298431017681 0.14684690798528985 0.086260658081857081 0.72985990540175349 -0.048926436852171303 0.030186352752990225 0.069253133182357055 -0.012199941497074436 -0.012771110886703045 -0.10287027279861533 -0.019352489277394299 0.079854840937128538 0.047440273521363957 0.25454551711731332 0.016191714874799701 -0.07780702324393883 0.090007437407053262 0.38105616013692051 0.12237950812316732 0.14978241379812793 0.73872555456923861
leaf_weight=3857.4076367331531 1.7152902191155579 60.962743171490729 2084.0686240288196 199.85533567192033 490.52774377794458 590.72631127349939 577.15110251866281 29.562283210385885 155.32564384292345 130.14502659736081 91.322224586721859 115.96863304777071 0.71890954594709811 317.18975975962348 448.57396653993055 377.24010108038783 3881.2778536996339 1910.7956369477033 3.0040042408945729 288.4341703826359 37.960396521317307 417.624693684862 1.5448204526910561 722.07571787631605 22.31204629316926 256.09612635197118 1.237637165468185 14.359809244982896 9.8435457437299174 1.0537357010180128
leaf_count=75810 64 1212 25317 1662 1000445 68368 2851 9173 1750 324143 17386 3969 109 184328 1833 2256 36876 115831 2964 73813 378 4048 99 9096 86 13958 746 110 408 18
internal_value=0.000960381 0.00723277 0.00464348 -0.00598297 -0.00758286 -0.0187892 0.000780921 0.0018186 0.0394732 -0.00114667 0.10889 0.0275822 -0.0801509 -0.0103166 -0.00204253 0.00810115 -0.00780871 -0.0179184 -0.0710879 0.00894818 -0.00394136 0.0296739 0.257846 0.028821 0.0162306 0.0779961 0.00153271 0.0182623 0.0907074 0.450884
internal_weight=17096.1 8982.03 8664.97 8114.06 7914.2 3610.52 7506.59 4303.68 314.171 3989.51 120.885 715.432 130.864 3107.15 6791.16 2461.31 4329.85 2227.99 503.375 879.16 193.286 1158.37 4.31385 1154.06 599.463 317.059 3858.65 736.436 12.8475 2.59856
internal_count=1979107 101793 86623 1877314 1875652 1446157 73188 429495 28687 400808 26559 6906 324252 442340 66282 27573 38709 300159 1003817 142181 2128 13435 181 13254 2937 15170 76556 9206 3372 117
is_linear=0
shrinkage=0.1


Tree=56
num_leaves=31
num_cat=0
split_feature=10 1 5 7 6 4 5 6 3 7 2 2 7 7 11 6 6 7 10 6 10 5 2 6 3 6 12 11 5 3
split_gain=62.2491 93.6702 60.5792 94.3069 83.286 53.3797 51.0885 83.2279 56.735 94.636 203.069 141.57 82.9202 74.9624 52.1896 48.4585 46.2165 45.6952 43.5736 40.4058 39.7826 33.7 33.3351 30.0576 31.056 31.5567 28.5887 33.6298 24.3173 22.9979
threshold=0.92768564820289623 1.0000000180025095e-35 5.5000000000000009 0.73214286565780651 0.73401361703872692 0.94665718078613292 19.500000000000004 0.48181217908859258 0.77807807922363292 0.47727273404598242 0.67006802558898937 0.17082066833972934 0.057189542800188072 0.18465909361839297 0.18019481003284457 0.36435787379741674 0.2314560413360596 0.47727273404598242 0.65682536363601696 0.55634921789169323 0.97115117311477672 3.5000000000000004 0.49295215308666235 0.15470086038112643 0.40951734781265264 0.29061582684516912 1.0000000180025095e-35 0.72474747896194469 17.500000000000004 0.6789083480834962
decision_type=2 2 2 2 2 2 2 2 2 2 2 2 2 2 2 2 2 2 2 2 2 2 2 2 2 2 2 2 2 2
left_child=6 2 4 5 -2 19 7 16 9 11 -11 -9 14 -14 -10 23 -1 -3 22 -4 -7 -6 -18 -8 25 -25 -5 -28 -20 -23
right_child=1 17 3 26 21 20 15 8 12 10 -12 -13 13 -15 -16 -17 18 -19 28 -21 -22 29 -24 24 -26 -27 27 -29 -30 -31
leaf_value=-0.097253801163962733 0.14662379531384298 -0.18215386121067156 0.0091091281951397457 -0.14822226686144097 0.027962249474566665 0.0059488392157884531 -0.10123905168193524 0.014890290139870175 -0.0079675893348936898 0.087617843067052323 -0.074704063975866375 -0.038968395059281721 -0.090082428139148185 0.00020472255452747953 0.091731250791516825 -0.086076902259509022 -0.07564928010776889 0.067482473525126388 0.081788406933796007 -0.028298685647441819 0.10022905548152741 -0.045737390513653067 0.031891124093643114 0.081371379839197844 -0.049404408082269112 -0.035073327820860076 0.00025465651179182997 -0.24661614276752897 0.0075527248605018887 0.015451652776523925
leaf_weight=23.248076380114071 53.251764819957316 7.4910527914762488 664.86628421489149 55.641897100955248 854.63682831544429 92.738994853571057 29.508157829506672 696.82362282146778 78.101311273634565 230.01152857441048 115.908839102005 1628.916533134347 92.793047483050032 10223.950951399296 160.21045775059611 138.08856540666602 39.990220428124303 346.55288362689316 251.09364696370903 510.42162876576185 86.502361200749874 118.57233830727637 103.2324491897707 67.995544927878655 59.015329766392824 35.383906892253435 35.039532704278827 6.5494571756571522 53.53298804408405 127.44544766936451
leaf_count=3307 281 48 2899 243 9085 1227 3478 29058 36060 6836 6776 741727 124221 815326 1388 58944 51175 10208 3561 3315 3202 811 28740 5444 23968 5185 335 109 1392 1324
internal_value=0.000759674 0.0139384 0.00738075 -0.00621302 0.0244834 0.000615587 -0.00202088 -0.0010842 -0.00255528 -0.0155731 0.033228 -0.0228316 0.000739748 -0.000607357 0.0590572 -0.0409022 0.0402186 0.0622005 0.0473549 -0.0071369 0.0514487 0.0185741 0.001864 -0.00839557 0.00847467 0.0415156 -0.101343 -0.0386227 0.0687427 -0.0140394
internal_weight=16987.5 2959.71 2605.67 1451.76 1153.91 1354.53 14027.8 13697.8 13226.7 2671.66 345.92 2325.74 10555.1 10316.7 238.312 329.992 471.097 354.044 447.849 1175.29 179.241 1100.65 143.223 191.903 162.395 103.379 97.2309 41.589 304.627 246.018
internal_count=1979673 33087 22831 11330 11501 10643 1946586 1849567 1761392 784397 13612 770785 976995 939547 37448 97019 88175 10256 84868 6214 4429 11220 79915 38075 34597 10629 687 444 4953 2135
is_linear=0
shrinkage=0.1


Tree=57
num_leaves=31
num_cat=0
split_feature=10 7 2 7 4 7 6 7 9 12 4 9 6 2 9 11 6 4 11 11 7 4 4 6 5 2 5 1 5 5
split_gain=67.899 103.259 60.3349 212.199 107.749 105.565 55.7282 51.242 47.9789 45.2034 44.7045 86.6594 38.9938 39.4439 34.8446 55.0712 40.1794 33.7197 43.7383 32.1038 31.1877 30.2965 30.1141 29.9251 65.6241 52.6636 48.6277 33.5308 29.3102 27.8171
threshold=0.88251724839210521 0.96153846383094799 0.4803846031427384 1.0000000180025095e-35 0.26365442574024206 0.18465909361839297 0.50280898809432995 0.27922078967094427 0.83482250571250927 1.0000000180025095e-35 0.30471627414226538 0.55332529544830333 0.15470086038112643 0.096006143838167204 0.83482250571250927 0.35857143998146063 0.78989815711975109 0.94028520584106456 0.8603896200656892 0.21807064861059192 0.75961539149284374 0.17192118614912036 0.41060766577720648 0.51389962434768688 8.5000000000000018 0.10596491396427156 24.500000000000004 1.0000000180025095e-35 9.5000000000000018 18.500000000000004
decision_type=2 2 2 2 2 2 2 2 2 2 2 2 2 2 2 2 2 2 2 2 2 2 2 2 2 2 2 2 2 2
left_child=2 8 4 6 12 -5 10 -6 23 19 11 -4 -1 28 15 -7 -16 29 20 -8 -19 -15 -9 25 -25 -2 -27 -26 -14 -10
right_child=1 -3 3 5 7 14 9 22 17 -11 -12 -13 13 21 16 -17 -18 18 -20 -21 -22 -23 -24 24 27 26 -28 -29 -30 -31
leaf_value=-0.12053699406058592 -0.15440506890063921 0.092715068116242458 -0.10030118612594799 -0.089015394763331576 -0.064780566795001812 -0.0035909977798207525 -0.0064214235204236338 0.43418882079112953 -0.0012411534251499825 0.11960309237480865 0.21488395614963737 4.8715998979204578 -0.0088557080044934997 0.041692302053098484 0.0097470258829454749 0.019740607969580062 -0.045678940177134746 0.02206912301412766 0.10277814379430379 0.077313211084201541 -0.023077510214342276 -0.0056766726789514339 0.011970006031952224 0.026021172256755917 -0.034731678643551027 0.08188514915843384 -0.029790151738964533 0.08787429277649246 -0.086441079209974847 -0.033426675193628207
leaf_weight=25.762031577412927 11.855597998946903 147.0232820622623 0.083708178047095738 141.79953774026944 546.98939761037764 7812.0041473537276 86.714610852006956 1.7267608052934509 2225.5003971164115 106.79764956630555 24.21587595458848 0.060317322611808777 228.08882998987974 298.04044311957841 202.60128709487617 1162.1626181262545 369.00423816032708 664.57303734030575 56.123017200268805 97.012207785097416 198.7829740671441 246.85617596728844 77.771162491408177 1222.7292554564774 289.15329265641049 209.98024000693113 47.882899764925241 24.170533374883235 61.908297315138043 305.37477757595479
leaf_count=2467 56 10349 71 229227 514926 1007159 45017 12 15775 4707 2366 1 11234 15570 1008 9182 3058 7188 2815 821 1461 43218 25169 9421 2463 1410 345 171 10374 1519
internal_value=0.000812775 0.0100579 -0.00353485 -0.000740671 -0.0223284 -0.00336662 0.080048 -0.0538776 0.00774578 0.0678663 0.225331 1.98191 0.000636822 0.00437584 -0.00209434 -0.000569534 -0.0260336 0.000833971 0.0172351 0.0377925 0.0116744 0.0202326 0.0211409 0.0209524 0.0155581 0.0516733 0.061148 -0.0252736 -0.0254186 -0.00512465
internal_weight=16892.7 5403.15 11489.6 10002.5 1487.14 9687.57 314.884 626.487 5256.13 290.524 24.3599 0.144026 860.656 834.894 9545.77 8974.17 571.606 3450.35 919.479 183.727 863.356 544.897 79.4979 1805.77 1536.05 269.719 257.863 313.324 289.997 2530.88
internal_count=1978560 52973 1925587 1302617 622970 1249634 52983 540107 42624 50545 2438 72 82863 80396 1020407 1016341 4066 28758 11464 45838 8649 58788 25181 13866 12055 1811 1755 2634 21608 17294
is_linear=0
shrinkage=0.1


Tree=58
num_leaves=31
num_cat=0
split_feature=12 6 5 6 3 2 6 2 6 3 11 9 6 5 6 2 1 2 5 1 5 10 5 10 10 12 3 2 2 10
split_gain=68.3676 75.5148 39.7732 61.2076 57.9053 82.3126 69.074 42.0982 39.7839 36.0199 47.2608 44.6561 61.7445 41.3504 84.3788 52.3091 44.3639 37.9529 47.4953 33.7412 212.336 133.676 124.652 328.648 121.052 105.229 102.564 88.8609 78.1008 59.6676
threshold=1.0000000180025095e-35 0.97646731138229381 25.500000000000004 0.38138528168201452 0.51012584567070018 0.17082066833972934 0.96362435817718517 0.21132376790046695 0.31762748956680303 0.89732906222343456 0.26491229236125952 0.4618449360132218 0.38729837536811834 5.5000000000000009 0.80810147523880016 0.83225107192993175 1.0000000180025095e-35 0.81418704986572277 8.5000000000000018 1.0000000180025095e-35 5.5000000000000009 0.43643578886985784 6.5000000000000009 0.75484195351600658 0.63775950670242321 -1.0000000180025095e-35 0.94804319739341747 0.99382716417312633 0.8841681480407716 0.68307831883430492
decision_type=2 2 2 2 2 2 2 2 2 2 2 2 2 2 2 2 2 2 2 2 2 2 2 2 2 2 2 2 2 2
left_child=9 2 3 7 5 -5 -6 -2 -4 10 13 12 -12 14 15 -1 -16 -15 -19 20 21 -11 25 28 -22 29 -26 -27 -24 -21
right_child=1 -3 8 4 6 -7 -8 -9 -10 19 11 -13 -14 17 16 -17 -18 18 -20 22 24 -23 23 -25 26 27 -28 -29 -30 -31
leaf_value=0.042530358393088323 0.012197639251153698 0.047050975087423841 -0.014356024158627943 0.018869599298129376 0.018063847822175776 -0.031481082329036729 -0.074231917624439467 0.075167322648451579 -0.12808039760661558 -0.00090029198729292938 0.60190846405027909 -0.0050947551042299141 0.054539444698070344 -0.053915145547477943 -0.013848067839325377 0.23731360557534284 -0.080369827431489183 -0.022050723920065914 0.17147059958377675 -0.0020337367716516774 0.058556260633799428 0.068935886952198253 -0.017018165014308275 0.10258992749668315 6.7028607190150572e-05 -0.04238861236948973 -0.075980230803970053 0.0056026131006814608 0.21892372900054521 0.057842599386130039
leaf_weight=89.104742772939971 210.36922624983708 506.06030613780604 130.55956900177989 526.51757655382971 1987.4270955787506 846.96746069953952 84.536022311513079 214.34719145621057 40.242485341324937 466.65787567596999 2.1124223214574149 2706.3221598527161 84.342931254534051 536.85410398671797 879.98776512797917 16.31092679129506 113.14438867669378 52.357508771980065 16.735994964867132 2573.5989784085541 142.12194142336375 664.20885620091576 717.17454307083972 376.4418546166271 317.2910126671195 1359.4993411045434 402.10555178672075 538.70509118743939 14.309528802521525 177.93542750459164
leaf_count=59114 4978 23628 3741 17343 58923 121108 3449 7251 3381 26151 53 26767 811 601035 367556 2391 70653 14894 1036 59887 15304 6622 78109 1095 1114 242331 1866 155149 392 2689
internal_value=0.000163565 0.0106349 0.00607438 0.00815855 0.00374321 -0.0121794 0.0142982 0.0439774 -0.0411505 -0.00372408 -0.0108432 -0.00283465 0.0679137 -0.0239651 -0.0123973 0.0726691 -0.0214267 -0.0449368 0.0248245 0.000407089 0.0116238 0.0401176 -0.00347434 0.0266686 -0.0257785 -0.0106567 -0.0424395 -0.0287688 -0.0124026 0.00183833
internal_weight=16794.3 4547.03 4040.97 3870.16 3445.45 1373.49 2071.96 424.716 170.802 12247.3 4497.27 2792.78 86.4554 1704.5 1098.55 105.416 993.132 605.948 69.0935 7750.05 1992.39 1130.87 5757.66 1107.93 861.519 4649.74 719.397 1898.2 731.484 2751.53
internal_count=1978821 243802 220174 213052 200823 138451 62372 12229 7122 1735019 1144310 27631 864 1116679 499714 61505 438209 616965 15930 590709 51057 32773 539652 79596 18284 460056 2980 397480 78501 62576
is_linear=0
shrinkage=0.1


Tree=59
num_leaves=31
num_cat=0
split_feature=11 5 6 3 2 12 5 3 6 2 3 5 6 2 2 10 6 3 11 9 5 6 5 6 6 9 1 11 3 2
split_gain=44.0837 42.1518 89.5677 65.7051 114.235 70.5156 78.291 68.2909 57.7391 54.0309 38.5755 36.8235 39.0162 40.3563 37.3221 35.7141 30.934 34.2052 30.9214 30.1246 29.0395 25.6245 25.4088 24.1373 19.7156 18.0579 17.8208 24.9739 17.1474 16.4988
threshold=0.7379862666130067 18.500000000000004 0.48181217908859258 0.71930795907974254 0.12973351776599887 1.0000000180025095e-35 4.5000000000000009 0.4907375723123551 0.29061582684516912 0.096006143838167204 0.21081871539354327 5.5000000000000009 0.61326980590820324 0.70396453142166149 0.10596491396427156 0.65682536363601696 0.30471627414226538 0.40519832074642187 0.37797619402408605 0.81509971618652355 16.500000000000004 0.35043859481811529 23.500000000000004 0.15470086038112643 0.47655677795410162 0.92113238573074352 1.0000000180025095e-35 0.81101191043853771 0.83847248554229747 0.65240275859832775
decision_type=2 2 2 2 2 2 2 2 2 2 2 2 2 2 2 2 2 2 2 2 2 2 2 2 2 2 2 2 2 2
left_child=1 2 8 4 9 19 -7 -6 -1 -4 -3 25 14 28 -13 24 17 23 -17 -5 -16 -22 29 -12 -10 -2 27 -15 -14 -18
right_child=11 10 3 5 7 6 -8 -9 15 -11 16 12 13 26 20 18 22 -19 -20 -21 21 -23 -24 -25 -26 -27 -28 -29 -30 -31
leaf_value=-0.056197783338293131 0.062049726970135756 -0.13922156569330282 -0.0059571858106136823 0.0020790798756581568 -0.048670083647771076 0.040575213885739425 -0.0024679374758545349 -0.010176207158977624 -0.0074760343247153461 0.046754048961966221 -0.054792556117526071 -0.10720911890947341 -0.049732304861761271 -0.048526807555678134 0.059403187375150025 0.10967315621455875 -0.034893583934994046 -0.046226530745531305 0.047435617611391936 -0.012014022991125009 0.030393239551200091 -0.032601614542633682 -0.090983038277893391 0.057104301065969344 0.13691309458664944 0.022260571857397313 0.087358779681620341 0.069133990387672137 -0.16227388571892556 0.055768850537661147
leaf_weight=56.104380204924382 230.05286819208413 29.534358621371211 446.20276734530171 8208.7971160801844 875.1089042343956 950.16101021226496 761.04014458984602 973.62429816754002 115.11708113784334 344.67904758872464 23.338826273291488 21.232289873063564 122.90885738842189 48.786967484280467 183.0796412518248 113.41849218611605 163.80534382296901 76.314749198616482 269.53640288161114 1860.4873819127679 184.24925410374999 99.412452414631844 80.544605437287828 110.78359300779994 10.303120134121853 226.22451700968668 28.59655625000596 28.62315983697772 15.21444310992956 22.875387200110708
leaf_count=6154 2785 3863 18008 986840 310126 26716 16015 395444 63470 9567 1463 75 672 300 1630 2749 58589 15270 2005 8985 915 1326 30678 5873 3965 3187 457 920 93 861
internal_value=0.00146313 3.92777e-05 0.000998951 -0.000530704 -0.0147909 0.00266454 0.0214322 -0.0283975 0.0400753 0.0170152 -0.0283132 0.0200246 0.00612784 -0.0265102 0.0224564 0.0507 -0.0214556 0.00722144 0.0658683 -0.000524883 0.028355 0.00831598 -0.0440385 0.037633 0.00438536 0.0423221 0.0198999 -0.00502056 -0.0621289 -0.023784
internal_weight=16680.2 15491.8 14984.6 14420.1 2639.62 11780.5 1711.2 1848.73 564.479 790.882 507.197 1188.38 732.104 244.13 487.974 508.375 477.663 210.437 382.955 10069.3 466.741 283.662 267.225 134.122 125.42 456.277 106.007 77.4101 138.123 186.681
internal_count=1979001 1966641 1850044 1771701 733145 1038556 42731 705570 78343 27575 116597 12360 6388 2442 3946 72189 112734 22606 4754 995825 3871 2241 90128 7336 67435 5972 1677 1220 765 59450
is_linear=0
shrinkage=0.1


Tree=60
num_leaves=31
num_cat=0
split_feature=14 5 6 6 2 5 2 7 5 3 3 10 2 9 7 4 10 3 4 8 5 3 14 5 4 5 2 2 2 6
split_gain=45.3668 46.1452 78.7123 47.0562 64.2928 63.2595 95.4474 128.469 58.24 55.8659 102.941 41.971 44.9765 36.2656 32.3268 23.2536 22.9485 22.6748 21.0395 27.2711 21.4274 21.3956 18.3518 17.5117 14.8732 35.6054 12.7354 12.4557 11.0959 23.7107
threshold=0.9267825484275819 23.500000000000004 0.29061582684516912 0.48181217908859258 0.10596491396427156 8.5000000000000018 0.60107529163360607 0.21825397014617923 13.500000000000002 0.1352966129779816 0.47559523582458502 0.72100931406021129 0.4817046076059342 0.85304400324821483 0.88194444775581371 0.30471627414226538 0.84384033083915722 0.40951734781265264 0.73746865987777721 1.0000000180025095e-35 8.5000000000000018 0.97825059294700634 0.64843386411666881 10.500000000000002 0.31643131375312811 28.500000000000004 0.21132376790046695 0.12973351776599887 0.42644809186458593 0.4014925360679627
decision_type=2 2 2 2 2 2 2 2 2 2 2 2 2 2 2 2 2 2 2 2 2 2 2 2 2 2 2 2 2 2
left_child=1 3 15 4 22 9 8 -8 -7 16 -11 12 -6 -13 18 17 -5 27 -2 20 21 -20 -1 -22 25 -17 -19 -3 -4 -30
right_child=14 2 28 5 11 6 7 -9 -10 10 -12 13 -14 -15 -16 24 -18 26 19 -21 23 -23 -24 -25 -26 -27 -28 -29 29 -31
leaf_value=-0.08980892013581819 -0.17697555098644346 -0.035714146296117522 -0.11811809075449148 0.0070573291919485623 -0.068688552095887465 -0.025922207004860632 0.088649575165693162 -0.011457958749535736 -0.084998052622688502 -0.036523714425664336 0.0024118795713933168 0.058311473345671286 0.025858700789213485 0.014633564378795066 0.08966385785053449 0.013506873078466548 0.042110296653177254 -0.13420207891083166 0.025497920742900637 0.10112578153743919 -0.10497126247770001 -0.27653963840722423 -0.44371882258788475 0.022094322022317828 0.076879751618392014 1.0834448128226819 -0.025128099565290385 0.027721833319014635 0.06017938025528663 -0.10864488528485589
leaf_weight=38.174058307269661 5.3762199785560361 44.753088458222919 89.590656420485175 315.82700150721757 86.13889990250027 503.09030920791633 142.2006930449304 1301.3594865644263 249.70940633345162 723.10216934711207 11143.277437944291 395.29513790272176 120.97666131278675 366.19819211866707 79.44434835202992 0.81167392712086683 457.05538027733564 19.507421715607052 282.24922326812521 39.205707583576441 25.82797387894243 2.3649718156084409 1.5236722230911244 18.697955139447004 20.889417200160096 0.50425316904147621 23.721764408939634 100.37474490207387 12.350986800745885 25.483886900881771
leaf_count=3094 74 1854 23635 16219 82081 208172 18673 70134 117405 195805 1163222 4668 34609 1937 6638 38 1876 1021 4452 2545 184 76 9 193 6005 48 1492 3277 3291 6521
internal_value=0.000528625 -0.000345293 -0.0369072 0.000434659 0.0213389 -0.000986101 -0.0166507 -0.00159667 -0.0455181 0.00173598 3.92593e-05 0.0264509 -0.0134633 0.037307 0.031735 0.000634021 0.0277864 -0.0107762 0.0194207 0.0222872 0.0128963 0.0229882 -0.103393 -0.0516121 0.097421 0.423499 -0.0743484 0.00816007 -0.0989417 -0.0535331
internal_weight=16635.1 16181.9 337.988 15843.9 1008.31 14835.6 2196.36 1443.56 752.8 12639.3 11866.4 968.609 207.116 761.493 453.166 210.562 772.882 188.357 373.722 368.346 329.14 284.614 39.6977 44.5259 22.2053 1.31593 43.2292 145.128 127.426 37.8349
internal_count=1979248 1965086 47182 1917904 126398 1791506 414384 88807 325577 1377122 1359027 123295 116690 6605 14162 13735 18095 7644 7524 7450 4905 4528 3103 377 6091 86 2513 5131 33447 9812
is_linear=0
shrinkage=0.1


Tree=61
num_leaves=31
num_cat=0
split_feature=10 4 9 4 6 2 2 7 7 14 11 9 10 6 10 10 6 14 14 10 14 4 7 11 1 11 2 6 11 4
split_gain=43.1174 68.0595 36.2529 35.7293 54.3815 32.6883 63.0635 284.537 152.026 91.8498 73.5882 51.7298 46.3842 26.7185 18.97 52.81 28.7703 16.485 70.3176 16.4506 34.1479 19.8212 22.7552 15.649 22.9711 37.2927 18.326 14.9447 14.7364 13.0631
threshold=0.9492306411266328 0.89039039611816417 0.92113238573074352 0.080540537834167494 0.73401361703872692 0.17082066833972934 0.42933948338031774 1.0000000180025095e-35 0.31666667759418493 0.30099260807037359 0.61721614003181469 0.92113238573074352 0.58848994970321666 0.20185185223817828 0.75484195351600658 0.80814999341964733 0.8532998561859132 0.39762175083160406 0.39537540078163153 0.97115117311477672 0.76308831572532665 0.25158227980136877 0.31666667759418493 0.90238094329833995 1.0000000180025095e-35 0.63961037993431102 0.97182539105415355 0.30471627414226538 0.44222222268581396 0.088073693215847029
decision_type=2 2 2 2 2 2 2 2 2 2 2 2 2 2 2 2 2 2 2 2 2 2 2 2 2 2 2 2 2 2
left_child=3 2 28 4 -1 13 10 9 -9 -8 12 -12 -7 17 16 -16 -15 18 -5 20 27 29 -23 24 25 -3 -27 -4 -2 -21
right_child=1 23 19 5 -6 6 7 8 -10 -11 11 -13 -14 14 15 -17 -18 -19 -20 21 -22 22 -24 -25 -26 26 -28 -29 -30 -31
leaf_value=-0.11283140790863531 0.074087912213686116 0.083516600637603244 -0.1428235924746849 0.068383539193511422 0.00075839249022043053 -0.09597155815867707 3.2994952919031393 -0.049110280300073784 -0.00041637992177389775 0.073009787170879512 0.072673683239484685 -0.091323101717280697 -0.027049496692985876 0.0017727188915534235 -0.055004434878887412 0.028067418713602538 0.083191956174468853 -0.083111957587370791 2.6647768015783369 -0.045854523209570723 0.0088876248528388588 -0.033108263657591397 0.045831301369916179 0.10296713371062072 0.077902522231646121 0.00072693144597904319 -0.25828359586535771 -0.04747095567306258 0.017961834519266539 0.030964211227552926
leaf_weight=72.289150185188191 50.946165015920997 71.984664523974061 18.438071712851524 2.7573060069098569 101.08350514974154 110.61960016738158 0.088245968176066891 678.92859986901749 11526.561566279874 503.53566877380587 110.47914715763181 23.288470342755318 832.56557958180201 71.304441364773083 92.037976316176355 454.05336530506611 110.90086531016277 34.10372757766163 0.1084104383480734 24.779021997004747 139.9591206246987 193.96289344318211 44.985932240262628 51.253700301516801 125.7664900268428 146.64733827346936 2.7835550406016401 151.45380522496998 572.06512409541756 207.58230986073613
leaf_count=9561 285 1540 75 621 3542 349285 99 554765 872848 71185 996 262 66841 14438 554 1832 8073 1584 32 101 1048 1001 348 2864 6353 3436 135 1166 3633 740
internal_value=0.000311703 0.0149098 0.00455932 -0.00147541 -0.0466038 -0.000937727 -0.00205441 -8.55767e-05 -0.00312497 0.0735751 -0.0252886 0.0441224 -0.0351329 0.0191791 0.0233889 0.0140665 0.0513293 -0.0637549 0.166605 -0.00979025 -0.027688 0.00197615 -0.0182466 0.0513873 0.0437727 0.0243866 -0.00409784 -0.0578194 0.0225515 0.0227723
internal_weight=16527.3 1802.61 1404.17 14724.7 173.373 14551.3 13786.1 12709.1 12205.5 503.624 1076.95 133.768 943.185 765.266 728.297 546.091 182.205 36.9694 2.86572 781.161 309.851 471.31 238.949 398.436 347.182 221.416 149.431 169.892 623.011 232.361
internal_count=1979243 22725 8397 1956518 13103 1943415 1916281 1498897 1427613 71284 417384 1258 416126 27134 24897 2386 22511 2237 653 4479 2289 2190 1349 14328 11464 5111 3571 1241 3918 841
is_linear=0
shrinkage=0.1


Tree=62
num_leaves=31
num_cat=0
split_feature=12 6 12 10 9 10 6 9 10 7 14 6 2 7 4 2 4 5 6 5 2 2 4 2 9 2 4 2 7 7
split_gain=39.2365 59.5526 45.6458 150.847 46.918 85.2932 65.847 36.5008 63.2945 53.553 31.4872 29.9916 43.6684 50.5967 33.1857 57.4039 45.8293 32.727 39.9755 94.7972 69.563 37.6488 39.7148 27.7714 40.8021 66.1549 65.5022 30.6806 41.31 36.8456
threshold=1.0000000180025095e-35 0.97849214076995861 -1.0000000180025095e-35 0.4514701664447785 0.52062898874282848 0.69459062814712536 0.79361054301261913 0.29490134119987493 0.36104336380958563 0.96153846383094799 0.74707320332527172 0.96362435817718517 0.28730159997940069 0.13809524476528171 0.83438816666603099 0.83424907922744762 0.82426470518112194 1.5000000000000002 0.84698995947837841 5.5000000000000009 0.91945946216583263 0.34525330364704138 0.95488464832305919 0.30068494379520422 0.3080128282308579 0.28730159997940069 0.99382716417312633 0.45923791825771337 1.0000000180025095e-35 0.16025641560554507
decision_type=2 2 2 2 2 2 2 2 2 2 2 2 2 2 2 2 2 2 2 2 2 2 2 2 2 2 2 2 2 2
left_child=2 11 23 7 -5 -6 -7 8 -4 -10 -3 17 13 -13 16 -16 -14 21 19 -19 -20 -2 -23 24 25 -1 -27 -25 -29 -30
right_child=1 10 3 4 5 6 -8 -9 9 -11 -12 12 14 -15 15 -17 -18 18 20 -21 -22 22 -24 27 -26 26 -28 28 29 -31
leaf_value=0.23704916364258777 -0.01971294318391497 0.017780507358971933 -0.048698978676368514 0.011133098073014078 -0.051870782811818367 0.0117773644960382 -0.014359388918243898 -0.080754970434806686 0.066182663527907623 0.49976223127346187 0.069378223035676798 0.023936803973951461 -0.12027272101185238 0.72711320477028307 0.062928812685689936 -0.14948592291843463 -0.65131903841637262 0.04840172519497022 -0.029610930911337964 0.00067186373605388589 0.061791391715442269 0.07227950985633233 -0.19532007997079573 -0.0522302625978378 0.031443394072791279 -0.10009076572396346 2.8299915602608943 0.074364457621022034 -0.10706023156582256 0.0035173634133290328
leaf_weight=2.9488573788166828 74.446173116739374 247.70356761864969 57.501127019272303 1553.1701694044241 421.06919117218058 1536.2694816224976 2587.1679931721883 333.87679031642199 10.183943186046234 3.9550053443817879 226.33725630538538 46.011084523081038 44.054182993235415 1.046553956955903 31.281751143746078 21.443868402391672 1.6873377598822106 509.85246876894962 611.85535186785273 2263.3601617057866 96.381429971661419 183.88581770268502 5.7184861437417558 98.910699466126971 268.39230025704455 0.12164468008268148 0.2046518758579623 82.096975330945497 30.313600107801904 5074.3771732043169
leaf_count=666 4218 9202 141873 177182 54941 17917 17116 1009729 18278 2883 14328 1263 4630 16 366 611 24 23223 37910 138351 3183 5803 256 51783 14339 236 15 8509 28771 191426
internal_value=0.000828385 0.00895244 -0.00211195 -0.007799 -0.0038714 -0.00899947 -0.00462162 -0.0668576 -0.00208938 0.187465 0.0424165 0.00487553 -0.0396649 0.0395753 -0.0775339 -0.0234617 -0.139862 0.00660607 0.00403175 0.00944695 -0.0171723 0.0405479 0.0642087 0.00454301 0.0357245 0.38655 1.73764 0.00294039 0.00399248 0.00286071
internal_weight=16425.6 4365.07 12060.6 6503.19 6097.68 4544.51 4123.44 405.517 71.6401 14.1389 474.041 3891.02 145.525 47.0576 98.4671 52.7256 45.7415 3745.5 3481.45 2773.21 708.237 264.05 189.604 5557.37 271.667 3.27515 0.326297 5285.7 5186.79 5104.69
internal_count=1979048 243384 1735664 1439919 267156 89974 35033 1172763 163034 21161 23530 219854 6910 1279 5631 977 4654 212944 202667 161574 41093 10277 6059 295745 15256 917 251 280489 228706 220197
is_linear=0
shrinkage=0.1


Tree=63
num_leaves=31
num_cat=0
split_feature=12 2 12 11 3 7 11 9 7 6 2 11 3 4 3 7 11 14 2 4 6 3 6 6 4 1 7 6 3 14
split_gain=34.7144 56.7587 34.6475 173.726 43.8471 66.9721 56.6865 46.2555 30.1094 32.4486 48.6832 38.0025 28.771 90.1917 28.5368 44.9088 24.5014 19.5892 22.0067 49.5073 37.2095 32.2945 20.4996 21.8373 109.798 19.5668 18.3988 18.2586 18.1688 18.0661
threshold=1.0000000180025095e-35 0.91945946216583263 -1.0000000180025095e-35 0.04446640424430371 0.57185888290405285 1.0000000180025095e-35 0.21807064861059192 0.81509971618652355 0.84523808956146251 0.66954022645950328 0.096006143838167204 0.44722221791744238 0.1352966129779816 0.39173060655593878 0.24374609440565112 0.10263158008456232 0.23205128312110904 0.37125444412231451 0.83225107192993175 0.86319074034690868 0.48181217908859258 0.87839940190315258 0.88047617673873912 0.88303694128990184 0.68908989429473888 1.0000000180025095e-35 0.20714285969734195 0.78153410553932201 0.11566332355141641 0.69481000304222118
decision_type=2 2 2 2 2 2 2 2 2 2 2 2 2 2 2 2 2 2 2 2 2 2 2 2 2 2 2 2 2 2
left_child=2 8 17 -4 14 6 -6 -7 9 10 28 -12 27 -14 15 -5 -3 22 20 -20 26 -21 -1 24 -24 -22 -19 -11 -2 -16
right_child=1 16 3 4 5 7 -8 -9 -10 12 11 -13 13 -15 29 -17 -18 18 19 21 25 -23 23 -25 -26 -27 -28 -29 -30 -31
leaf_value=-0.0015172866185918902 -0.11246403005310768 0.015500025331717649 -0.083820442863909231 -0.0089820290226684321 -0.020938175385947666 0.0039376935310160045 0.090951583592021476 -0.015713771448837521 0.084185161350012749 -0.025371800753253196 0.039643858501513626 0.0069131569924559769 -0.053949183648102306 0.0018518450716308516 -0.041792338649598193 0.59224887076551858 0.071091638625964085 0.065399287323119365 0.082593576871822255 -0.057137803956818292 -0.0035843268744541524 0.0070137494381752223 0.057061500677506732 0.064621104348288813 1.689379587370988 -0.027245994263398882 0.0053698500078392213 0.030049079313306071 -0.01505879835227664 -0.13079369595276963
leaf_weight=63.91927711317112 37.240089429120417 133.73770923330449 280.89258194833656 321.60234211273291 66.6007421100785 3546.8015085860243 141.43595392772113 1808.5142610142939 47.710943696089089 71.636995073815569 571.14341153514397 936.19795104628429 353.25480646729534 1608.860692578688 309.2547182389244 1.2471819818019856 194.70703007932752 97.411842273977527 85.438303484872449 80.292860243847826 1061.8246663561713 3460.2257870559115 2.3074282813031455 75.459291492181364 0.5016796092968433 520.95016854671121 107.29576161358273 349.30559403725783 39.420734858955257 24.623132020235062
leaf_count=19467 3468 1557 1078362 12345 6302 192267 652 7860 2553 3479 75483 8968 54268 68082 142130 3 15180 16742 7229 2905 132631 67670 231 9078 27 33133 6955 8484 1872 154
internal_value=0.000822294 0.00848782 -0.0019391 -0.00689475 -0.00342087 -0.000536194 0.0551313 -0.00269869 0.0052181 0.00426838 0.0153615 0.0193151 -0.00310513 -0.00819445 -0.0278579 -0.00665945 0.0484556 0.0038598 0.00289745 0.00737407 -0.0061835 0.0055589 0.0404991 0.0748125 0.348578 -0.0113723 0.0339354 0.0206174 -0.0623761 -0.0483561
internal_weight=16399.8 4343.22 12056.6 6500.97 6220.08 5563.35 208.037 5355.32 4014.77 3967.06 1584 1507.34 2383.06 1962.12 656.727 322.85 328.445 5555.63 5413.44 3625.96 1787.48 3540.52 142.188 78.2684 2.80911 1582.77 204.708 420.943 76.6608 333.878
internal_count=1979537 243394 1736143 1440075 361713 207081 6954 200127 226657 224104 89791 84451 134313 122350 154632 12348 16737 296068 267265 77804 189461 70575 28803 9336 258 165764 23697 11963 5340 142284
is_linear=0
shrinkage=0.1


Tree=64
num_leaves=31
num_cat=0
split_feature=7 9 1 2 2 2 11 4 4 3 3 7 7 5 2 5 2 11 5 10 11 4 10 3 2 2 5 2 10 11
split_gain=30.029 130.715 62.4707 36.5177 33.1529 40.5457 28.5595 31.4147 27.6291 36.4041 51.6289 278.42 115.034 36.8986 25.8071 24.5072 23.7881 23.5391 21.5674 19.7915 16.3226 15.4612 12.5525 12.5507 11.3332 11.2951 33.8987 14.6057 9.81744 7.92427
threshold=0.89444443583488475 0.697758048772812 1.0000000180025095e-35 0.77849927544593822 0.92805382609367382 0.90366768836975109 0.79057019948959362 0.92907443642616283 0.071858864277601256 0.1352966129779816 0.54261502623558056 1.0000000180025095e-35 0.13809524476528171 13.500000000000002 0.096006143838167204 5.5000000000000009 0.67826876044273388 0.2788888961076737 31.500000000000004 0.64722883701324474 0.26491229236125952 0.13840996474027636 0.64722883701324474 0.1352966129779816 0.60107529163360607 0.30068494379520422 20.500000000000004 0.087434306740760817 0.95531892776489269 0.080540537834167494
decision_type=2 2 2 2 2 2 2 2 2 2 2 2 2 2 2 2 2 2 2 2 2 2 2 2 2 2 2 2 2 2
left_child=6 2 24 16 5 -5 8 18 15 13 12 -12 -11 20 -15 -1 19 -6 25 -4 -10 -20 -3 -17 29 27 -27 -8 -25 -2
right_child=1 22 3 4 17 -7 7 -9 9 10 11 -13 -14 14 -16 23 -18 -19 21 -21 -22 -23 -24 28 -26 26 -28 -29 -30 -31
leaf_value=-0.00028701863583571253 0.12861556571884941 -0.3635923349471033 0.061007151047318069 0.046782266321241772 -0.00015568800935432411 0.32543244589906428 -0.037242564365989675 0.077321938462484877 -0.0033435993712851147 -0.028916316199519534 0.070152416531550785 -0.0048276475065128638 0.06267818599020801 -0.13454719132578991 0.025227712240104685 -0.11769870959145401 -0.069155394855211702 0.065226435072850128 0.041097875317628568 -0.14158964572810201 0.032262636657186976 -0.13553634854178881 0.087941029118405206 -0.076918753843490117 0.10586569770654991 0.008164238093485883 -0.14008496690177907 0.033428843011672857 0.1165729292942104 0.52242390822506024
leaf_weight=48.448826264968375 0.92842298501636777 0.61753315012901921 28.117415894652368 81.905905738269212 1969.2970921487722 5.5774567330372511 32.479103729128838 79.893630554433912 167.337040069453 1465.0793052395529 520.67096602391211 10136.348581390783 151.27309130668436 25.785773466195678 16.628506824752549 48.780349166117958 113.52451969863614 56.648433289956301 7.0550219640135792 5.8198941787704817 558.27763557969593 16.652883496135473 204.67506966274232 6.5134936125250515 45.974109488248359 213.50861435802653 16.625035293400288 293.58354514464736 4.389339491724968 1.136370690539479
leaf_count=1252 14 9 4129 5676 180579 162 130 3916 17795 356364 51226 1180454 137216 2141 884 6640 8682 2520 21 91 2494 73 12414 918 660 1617 105 1081 10 28
internal_value=6.28388e-05 0.0101147 0.00331576 0.000918091 0.00427514 0.0645475 -0.00176728 0.0185347 -0.00278596 -0.00236857 -0.00369023 -0.00116434 -0.0203441 0.018752 -0.0719075 -0.053126 -0.0471953 0.00167249 0.0104356 0.0262639 0.0240513 -0.0829734 0.0865828 -0.0960189 0.116159 0.0144172 -0.0025454 0.0263893 0.000978493 0.34535
internal_weight=16323.6 2514.22 2308.93 2260.89 2113.43 87.4834 13809.3 659.798 13149.5 13041.4 12273.4 10657 1616.35 768.029 42.4143 108.132 147.462 2025.95 579.904 33.9373 725.615 23.7079 205.293 59.6832 48.0389 556.196 230.134 326.063 10.9028 2.06479
internal_count=1979301 214964 202541 201839 188937 5838 1764337 6943 1757394 1748574 1725260 1231680 493580 23314 3025 8820 12902 183099 3027 4220 20289 94 12423 7568 702 2933 1722 1211 928 42
is_linear=0
shrinkage=0.1


Tree=65
num_leaves=31
num_cat=0
split_feature=11 7 6 1 7 5 5 1 5 3 1 11 7 4 7 5 9 11 9 11 11 7 5 5 6 12 9 5 7 6
split_gain=45.2513 86.7631 64.2791 192.668 198.056 168.81 113.204 240.122 800.52 138.139 97.2192 73.6423 73.4653 69.5649 69.2898 64.0791 56.1844 135.023 42.8874 35.09 27.4897 22.4323 56.4036 20.9008 19.7757 19.7196 19.6394 18.8139 17.7524 29.0924
threshold=0.21807064861059192 0.96153846383094799 0.78989815711975109 1.0000000180025095e-35 0.73214286565780651 6.5000000000000009 4.5000000000000009 1.0000000180025095e-35 3.5000000000000004 0.90325224399566661 1.0000000180025095e-35 0.57518798112869274 0.47727273404598242 0.75905716419219982 0.11437908560037614 5.5000000000000009 0.31381341814994818 0.057983193546533592 0.37651981413364416 0.36602871119976049 0.1490740776062012 0.78888890147209179 1.0000000180025095e-35 5.5000000000000009 0.73401361703872692 1.0000000180025095e-35 0.66220691800117504 6.5000000000000009 0.58571431040763866 0.65058138966560375
decision_type=2 2 2 2 2 2 2 2 2 2 2 2 2 2 2 2 2 2 2 2 2 2 2 2 2 2 2 2 2 2
left_child=16 2 3 4 5 -2 7 9 -9 -4 14 -6 13 -5 -8 -14 20 25 -19 -3 21 -1 -23 26 -25 -18 -20 -12 -27 -30
right_child=1 19 6 12 11 -7 10 8 -10 -11 27 -13 15 -15 -16 -17 17 18 23 -21 -22 22 -24 24 -26 28 -28 -29 29 -31
leaf_value=-0.0062772830648056156 0.064986599252337324 0.024160872527705202 0.0048770388521115794 0.37523890115097958 -0.041592100076469261 -0.00029748447729543282 -0.0013644270781426951 -0.17653411092263441 0.024919389971791436 0.061247798643091357 0.021088735553279989 -0.14347182962997204 0.022882962522606892 -0.18042744677925715 -0.074514793838525592 0.081577589672587991 -0.087537107839613049 0.020546442788421774 -0.013010548029993289 0.088538807662250835 0.075666537205673012 0.0022919339394249904 0.060085190548507465 -0.019174014821999111 -0.061620262853724364 -0.095423112072249405 0.028469822476224062 0.11362138733348258 0.41016171166672999 0.0019892188650162492
leaf_weight=2419.86907154439 465.73357681342168 182.45809479756281 2711.6062989074271 2.5273255743086365 275.99072686396539 2648.4149250372138 176.85366135303047 302.82844154257327 565.78912010835484 517.72064837254584 79.776923683006316 95.500525538343936 293.54321445571259 20.757079887669533 483.51034400612116 507.71522258315235 283.58101621945934 400.69446078563487 1143.1396859777742 157.96770488028415 48.491605850271299 1536.210672509158 189.72592376526154 336.61438061660738 162.87051664129831 19.490729148095852 126.80236153161968 30.325497458688915 1.8538659308105732 30.065074085257947
leaf_count=333285 6338 3283 30138 12 1427 50637 3930 1863 4686 8139 446 590 2160 198 3981 3131 996577 61021 178022 13256 646 44946 3980 160548 42145 21133 1698 168 18 492
internal_value=2.94868e-05 0.00446081 0.00262218 0.0115161 0.00123303 0.00946602 -0.00525192 0.00136005 -0.0453139 0.0139143 -0.0404196 -0.0677827 0.0549863 -0.120115 -0.0549242 0.0600747 -0.00626687 -0.0181165 -0.00899505 0.0540342 0.000810529 -6.50275e-05 0.00864494 -0.0156849 -0.0330148 -0.0772067 -0.00886878 0.046575 -0.0202233 0.0256961
internal_weight=16218.4 9519.02 9178.59 4310.18 3485.64 3114.15 4868.41 4097.94 868.618 3229.33 770.466 371.491 824.543 23.2844 660.364 801.258 6699.41 2505.11 2170.12 340.426 4194.3 4145.81 1725.94 1769.43 499.485 334.991 1269.94 110.102 51.4097 31.9189
internal_count=1978894 134383 117844 64493 58992 56975 53351 44826 6549 38277 8525 2017 5501 210 7911 5291 1844511 1461654 443434 16539 382857 382211 48926 382413 202693 1018220 179720 614 21643 510
is_linear=0
shrinkage=0.1


Tree=66
num_leaves=31
num_cat=0
split_feature=5 11 7 9 1 2 11 9 10 9 7 4 4 10 3 12 4 2 9 2 3 10 7 10 3 2 2 5 7 2
split_gain=28.9365 31.9811 26.2231 95.8244 38.6039 23.4114 23.3766 69.6779 46.0213 50.6867 30.496 22.351 26.9261 23.2532 20.8055 17.7367 17.2707 23.9749 18.7064 16.3942 22.5302 15.7489 14.4967 14.0774 13.242 14.6154 11.8729 10.8056 10.4662 29.6178
threshold=22.500000000000004 0.86515152454376232 0.96153846383094799 0.67806351184844982 1.0000000180025095e-35 0.77849927544593822 0.26491229236125952 0.74369570612907421 0.87103942036628734 0.31892949342727667 0.75961539149284374 0.83910790085792553 0.21778655797243121 0.88251724839210521 0.21081871539354327 1.0000000180025095e-35 0.77581480145454418 0.37573529779911047 0.96987843513488781 0.12973351776599887 0.21081871539354327 0.64722883701324474 0.47727273404598242 0.88251724839210521 0.40010638535022741 0.312876507639885 0.60495716333389293 29.500000000000004 1.0000000180025095e-35 0.48808848857879644
decision_type=2 2 2 2 2 2 2 2 2 2 2 2 2 2 2 2 2 2 2 2 2 2 2 2 2 2 2 2 2 2
left_child=1 2 6 4 26 -6 8 10 9 -1 -8 12 14 15 -2 -13 17 19 -19 20 -3 -5 -10 -9 -16 -26 -4 28 29 -14
right_child=11 16 3 21 5 -7 7 23 22 -11 -12 13 27 -15 24 -17 -18 18 -20 -21 -22 -23 -24 -25 25 -27 -28 -29 -30 -31
leaf_value=0.0018360052676034862 -0.12796482974824958 0.0049912094872048901 0.34465807335583032 -0.27414141887137727 -0.035030906253041533 0.005237101137321158 0.018877323958111803 -0.012459952925684158 0.0079129850590591768 -0.017744698621825736 -0.025692965511982115 -0.13601383111926682 -0.044012864468154979 0.09462471457963316 0.012839244900463564 0.2388495785860214 0.091306176156681962 0.016275703520374173 -0.12172969791538311 0.047165188614915719 -0.25062967982371354 0.080787786167495768 0.067977894287754664 -0.00096413083949834139 -0.078294723457388818 0.3599251795043692 0.086318704155458337 -0.10573444237525267 -0.10276060463545758 0.23792058475346592
leaf_weight=2648.3317765420825 13.456203122121222 18.285010211169723 1.8578618097526476 1.2585592130199064 155.0712237781263 2094.2219382738112 2334.1271968502842 1540.0071376598207 65.19526561209932 2639.7554098754272 164.32277596741915 8.7594962506191187 89.226691790136101 27.43913603015244 145.82411824767769 1.4746892534312799 44.520357179455459 21.16596048977226 18.326062137261033 183.62441906705499 4.2493601068854323 187.3668230001349 104.7294970410876 3455.1714138565585 24.971149614902973 0.7850005139480335 41.91138851820142 44.75127598142717 27.19012655926781 3.8885251095271078
leaf_count=369286 1887 98 40 15 12946 188561 33135 15142 646 1254047 994 4100 9860 609 4631 21 2892 124 121 640 22 12668 648 29085 1310 15 634 11133 23895 54
internal_value=0.000442828 0.00110836 0.00048996 0.00990671 0.0042709 0.00246094 -0.0013144 0.00231136 -0.00629243 -0.00793847 0.0159459 -0.0265437 -0.0344194 0.0466441 -0.00822658 -0.0819981 0.0339992 0.0236132 -0.047765 0.0372864 -0.0432118 0.0784196 0.0449327 -0.00450828 0.00116391 -0.0649386 0.0972844 -0.0637829 -0.0481777 -0.0322392
internal_weight=16111.3 15723.5 15433.3 2481.69 2293.06 2249.29 12951.6 7493.63 5458.01 5288.09 2498.45 387.766 350.093 37.6733 185.036 10.2342 290.171 245.651 39.492 206.159 22.5344 188.625 169.925 4995.18 171.58 25.7562 43.7693 165.057 120.305 93.1152
internal_count=1979259 1921744 1917847 214864 202181 201507 1702983 78356 1624627 1623333 34129 57515 52785 4730 7843 4121 3897 1005 245 760 120 12683 1294 44227 5956 1325 674 44942 33809 9914
is_linear=0
shrinkage=0.1


Tree=67
num_leaves=31
num_cat=0
split_feature=4 6 3 5 6 5 11 6 2 6 11 7 6 6 6 3 2 7 5 6 4 11 9 4 3 9 9 12 2 6
split_gain=37.9486 36.2813 28.062 27.8777 70.9524 54.5491 74.4627 71.1872 69.4347 66.2015 148.358 66.7246 48.3244 32.503 44.4025 32.5943 22.6727 21.0951 20.3387 16.4092 23.1143 17.6637 13.3024 12.2239 17.1016 12.1841 53.2992 11.5984 11.1655 10.9715
threshold=0.080540537834167494 0.73401361703872692 0.1352966129779816 22.500000000000004 0.48181217908859258 8.5000000000000018 0.50806450843811046 0.67799538373947155 0.60736888647079479 0.73956522345542919 0.15894736349582675 0.47727273404598242 0.29061582684516912 0.2314560413360596 0.15470086038112643 0.39803075790405279 0.2237871661782265 0.29285715520381933 43.500000000000007 0.47655677795410162 0.68237251043319713 0.46862745285034185 0.38559618592262274 0.30471627414226538 0.40010638535022741 0.39293511211872106 0.38651402294635778 -1.0000000180025095e-35 1.0000000180025095e-35 0.36435787379741674
decision_type=2 2 2 2 2 2 2 2 2 2 2 2 2 2 2 2 2 2 2 2 2 2 2 2 2 2 2 2 2 2
left_child=1 2 -1 4 13 9 8 -8 -7 10 -6 -11 18 14 15 -2 -16 29 23 20 -15 -21 -3 24 -5 26 -24 -19 -27 -14
right_child=3 22 -4 12 5 6 7 -9 -10 11 -12 -13 17 19 16 -17 -18 27 -20 21 -22 -23 25 -25 -26 28 -28 -29 -30 -31
leaf_value=-0.12256037834981402 -0.20525872162313297 -0.17278301186910514 -0.00566277685518108 0.016538512803807789 -0.02048579120546901 -0.037223605498554586 -0.01822931528585452 -0.085951843259773314 0.012502021981876756 -0.012592630458490479 0.047935238725302087 0.0051299124535244831 -0.058313013661956528 0.042530975682535332 -0.18167542807371359 0.083876456651364478 -0.027782535587119229 -0.14329187204184801 -0.22338896069175398 0.14789973855879379 0.0041930236988419727 0.0081424003750420887 2.2821189814876162 0.072478949197796724 -0.051326005422868887 -0.33210705753219055 0.021397054421795254 0.058491307435344843 0.0024885721967324755 -0.11961140090296374
leaf_weight=66.218749596622729 4.4675710735809835 4.5118895850027902 29.766879608432646 139.57784998459829 490.17599614768733 386.24910935696698 460.67163139744662 234.08784825261682 1028.7038841026033 2858.3913035970309 896.52601310997852 8272.9109070032137 58.614517136040376 573.70128441493944 20.147566105471924 30.628846636725939 18.240811428033339 3.455194003123327 3.8952547468070398 25.388386378494033 216.64848980076931 14.04700770229101 0.12578405195381392 25.295688840895309 50.591259809574694 1.0059275434468862 0.61017442628508434 16.225392459215072 116.63547333274619 58.183077966867131
leaf_count=8338 265 727 1329 4516 196228 319337 5083 1852 82455 642711 13897 530241 12964 69953 800 837 3142 359 703 4175 37570 106 16 6393 2842 12 98 1710 2822 25951
internal_value=0.00111452 -0.0402406 -0.0863083 0.00168428 0.00231835 0.000638751 -0.0142364 -0.0410473 -0.00107191 0.00314572 0.0237495 0.000578966 -0.0259904 0.029518 -0.0342256 0.0470712 -0.108551 -0.0727106 0.00307718 0.0351631 0.0320219 0.0981177 -0.0042582 0.00717132 -0.00151569 0.00216503 0.407781 0.0230655 -0.000372487 -0.088849
internal_weight=16105.7 218.875 95.9856 15886.8 15531 14627.7 2109.71 694.759 1414.95 12518 1386.7 11131.3 355.838 903.27 73.4848 35.0964 38.3884 136.478 219.36 829.785 790.35 39.4354 122.889 215.465 190.169 118.377 0.735958 19.6806 117.641 116.798
internal_count=1977432 13342 9667 1964090 1908652 1791804 408727 6935 401792 1383077 210125 1172952 55438 116848 5044 1102 3942 40984 14454 111804 107523 4281 3675 13751 7358 2948 114 2069 2834 38915
is_linear=0
shrinkage=0.1


Tree=68
num_leaves=31
num_cat=0
split_feature=10 9 9 10 14 10 10 10 9 10 0 6 1 1 9 5 6 6 10 4 2 3 1 14 4 6 9 3 3 2
split_gain=26.0684 130.34 59.5637 54.9238 48.8098 64.1808 141.589 45.7363 63.4505 43.4378 66.8044 47.0689 164.095 91.8354 33.4198 27.8513 37.3062 36.1141 33.744 32.5105 35.7238 26.837 60.868 26.248 26.0384 37.0468 25.2867 24.6786 29.2206 23.9984
threshold=0.51928389072418224 0.30025906860828405 0.50753843784332286 0.38814750313758856 0.64383336901664745 0.40085470676422125 0.39787761867046362 0.40685302019119268 0.39808127284049993 0.68307831883430492 1.0000000180025095e-35 0.7923850715160371 1.0000000180025095e-35 1.0000000180025095e-35 0.29490134119987493 5.5000000000000009 0.45534290373325353 0.81909090280532848 0.75484195351600658 0.19399641454219821 0.087434306740760817 0.85536885261535656 1.0000000180025095e-35 0.58667132258415233 0.93563184142112743 0.76043477654457103 0.31381341814994818 0.307900220155716 0.31257911026477819 0.81418704986572277
decision_type=2 2 2 2 2 2 2 2 2 2 2 2 2 2 2 2 2 2 2 2 2 2 2 2 2 2 2 2 2 2
left_child=1 3 15 -1 -5 6 -6 -3 21 -4 11 12 -11 -13 -7 17 27 24 -19 20 -18 26 -23 -21 25 -2 -9 -17 -29 -26
right_child=2 7 9 4 5 14 -8 8 -10 10 -12 13 -14 -15 -16 16 19 18 -20 23 -22 22 -24 -25 29 -27 -28 28 -30 -31
leaf_value=-0.00014048456751162381 0.22503343229741565 -0.071543650743289389 -0.025484071760972078 0.083420410098028308 -0.10146196115346054 -0.13771286504856861 4.2446370742057598 0.29000291415085638 -0.049902376319629044 -0.0018769604027694482 0.062682434680919705 -0.00019715775260630236 0.051898635408825888 -0.036013299012032124 0.60724010900350689 -0.070422626072455669 -0.039773959621287033 0.032296142557782591 -0.0035996724929143625 -0.056507290029179272 0.14171199094847711 0.19296609500321296 0.015724950133531271 -0.0025150629018602733 -0.082745053848162983 0.069648479371008917 -0.049482007285118229 1.221466223325324 0.082937456891574529 0.053348987497540135
leaf_weight=3922.8743188652015 20.73313003401563 326.72408766862895 675.86611357649963 41.987508302627248 0.16398132589529213 0.92611466752714511 0.13807934770011343 2.2910978507715773 326.72197151272781 3237.9166933589149 171.24460611958057 3506.1615934806177 688.02411439013667 899.57949601113796 1.7218256167252546 11.638273736622066 17.257062431977829 735.86656487167056 406.57947816490196 110.668994225598 29.195208028992056 23.852940977361868 103.22928631823743 483.0255769925061 14.907904539955778 59.028604795603314 51.808901074547109 0.22613382377312419 71.881532503168273 99.009997580200434
leaf_count=267418 833 945066 90784 14325 155 252 114 4217 295518 42610 12226 36883 4846 8186 243 1630 1872 29325 4260 29062 1718 6170 45252 10212 510 2992 112913 68 8305 1179
internal_value=-0.000270107 -0.00643701 0.00236506 0.00111875 0.111045 0.504231 1.88525 -0.042357 -0.0235818 -0.00108378 0.000855706 -0.000415045 0.00754725 -0.00751022 0.346693 0.017732 0.00193506 0.0262906 0.0195214 -0.00627593 0.0742898 0.0238815 0.0489926 -0.0125796 0.0662198 0.110039 -0.0351051 0.0646991 0.0865079 0.035539
internal_weight=16041.3 4802.44 11238.8 3967.81 44.9375 2.95 0.302061 834.628 507.904 9178.79 8502.93 8331.68 3925.94 4405.74 2.64794 2060.02 723.893 1336.13 1142.45 640.147 46.4523 181.182 127.082 593.695 193.68 79.7617 54.1 83.7459 72.1077 113.918
internal_count=1979144 1691643 287501 282507 15089 764 269 1409136 464070 195535 104751 92525 47456 45069 495 91966 52867 39099 33585 42864 3590 168552 51422 39274 5514 3825 117130 10003 8373 1689
is_linear=0
shrinkage=0.1


Tree=69
num_leaves=31
num_cat=0
split_feature=12 3 5 10 3 5 9 10 12 11 10 11 9 2 11 14 11 9 3 11 1 5 11 10 10 11 2 10 4 3
split_gain=26.5494 38.8476 30.4635 35.2122 30.285 27.4352 24.6464 25.5627 24.6336 142.104 37.7516 26.1858 65.6686 61.0673 34.0312 28.3914 26.1471 85.5059 47.161 24.5693 24.2951 61.5719 24.2144 23.9375 21.2186 31.1827 51.1586 19.5332 18.0103 17.9191
threshold=1.0000000180025095e-35 0.89323708415031444 7.5000000000000009 0.56148993968963634 0.94804319739341747 23.500000000000004 0.93836656212806713 0.96110200881958019 -1.0000000180025095e-35 0.045983087271451957 0.60041153430938732 0.045983087271451957 0.18624359369277957 0.89769753813743602 0.050641026347875602 0.31640854477882391 0.44722221791744238 0.83482250571250927 0.63312235474586498 0.72902098298072826 1.0000000180025095e-35 10.500000000000002 1.0000000180025095e-35 0.43043650686740881 0.92768564820289623 0.50806450843811046 0.64660635590553295 0.9492306411266328 0.99382716417312633 0.74654760956764232
decision_type=2 2 2 2 2 2 2 2 2 2 2 2 2 2 2 2 2 2 2 2 2 2 2 2 2 2 2 2 2 2
left_child=5 6 3 22 -4 8 24 19 11 10 -10 12 -1 15 -15 -13 18 -18 -11 -8 21 -6 23 -3 25 -2 -27 -7 -5 -26
right_child=1 2 4 28 20 27 7 -9 9 16 -12 13 -14 14 -16 -17 17 -19 -20 -21 -22 -23 -24 -25 29 26 -28 -29 -30 -31
leaf_value=0.00068955208859045969 0.0064447433299186195 0.055279784377126384 0.034034607189239244 0.027251897425851171 -0.12499535987063611 -0.088798813420083125 -0.039827973411495764 -0.0065708695221955984 -0.088796242174478263 -0.042382226144296098 0.15816385404171568 0.086246260206517891 -0.087249503332253397 0.48291924326830399 0.050395638791732672 0.00126856931069725 0.030672198860654733 -0.011807127096772599 -0.0042870619167867966 -0.16896608933520413 0.017546036071928586 0.029130779277489183 -0.014763146551235918 0.35150811401216786 0.010799791899606764 -0.0025504570508490163 -0.083021826080109218 0.02126384726653625 0.0732115159037494 0.044161299931522263
leaf_weight=3824.3678770719262 1529.8619541272255 18.066540876403455 161.36136512819212 130.35544639499858 58.496323173400015 60.729309391605057 89.761389035731554 437.20441851112992 229.8462025277031 356.0270292383716 6.3611781258368856 40.63494677010749 86.845200384746022 1.8295007374836121 320.14196390434518 1211.989583900744 833.10034628678113 1098.8552732558455 3725.3110968807955 17.625695494934916 75.926243710331619 46.542836497537792 135.03893950814381 3.2130199142266056 683.77782232686877 280.47746675182134 109.97940283548087 21.95400994643569 246.49605859606527 210.58197436109185
leaf_count=50113 197276 322 5152 6518 403 36838 782 2484 1067489 158094 129 2811 174860 247 7839 54055 4298 5875 172686 180 1291 636 518 24 4208 2250 931 122 18070 2631
internal_value=0.000260522 0.00705428 0.0258156 0.0407624 0.00253598 -0.0021739 0.00216469 -0.0173083 -0.00176947 -0.00606201 -0.0821455 0.00312065 -0.00126306 0.0140095 0.0528533 0.00402523 -0.00307338 0.00651086 -0.00761021 -0.0610237 -0.0255504 -0.0567021 0.000860534 0.100008 0.00593239 7.04625e-06 -0.0252167 -0.0595751 0.0573138 0.0186549
internal_weight=16052.8 4234.77 875.497 533.17 342.327 11818 3359.27 544.592 11735.3 6249.5 236.207 5485.81 3911.21 1574.6 321.971 1252.62 6013.29 1931.96 4081.34 107.387 180.965 105.039 156.319 21.2796 2814.68 1920.32 390.457 82.6833 376.852 894.36
internal_count=1979132 243676 32934 25452 7482 1735456 210742 3446 1698496 1408571 1067618 289925 224973 64952 8086 56866 340953 10173 330780 962 2330 1039 864 346 207296 200457 3181 36960 24588 6839
is_linear=0
shrinkage=0.1


Tree=70
num_leaves=31
num_cat=0
split_feature=11 9 9 10 11 9 9 3 10 11 9 5 1 5 11 10 9 10 2 9 10 10 4 3 11 14 5 9 10 10
split_gain=26.1524 65.0094 56.8467 77.8015 40.0525 39.4968 51.9634 38.5763 27.8473 109.672 74.0238 31.4202 28.6817 27.6169 25.5997 65.1473 52.0931 31.3969 30.576 25.0391 38.1255 24.5227 24.3734 27.2171 38.5843 22.6808 22.657 36.7622 22.769 22.0079
threshold=0.15075758099555972 0.52391350269317638 0.3284303098917008 0.48425772786140447 0.11651583760976793 0.41187486052513128 0.41103501617908483 0.9634092152118684 0.60766485333442699 0.040408162400126464 0.23094017058610919 3.5000000000000004 1.0000000180025095e-35 13.500000000000002 0.3717105239629746 0.87103942036628734 0.79187294840812694 0.77116307616233837 0.87841832637786876 0.46580845117568975 0.64722883701324474 0.75484195351600658 0.10063291341066362 0.1352966129779816 0.15707236528396609 0.62568587064743053 1.0000000180025095e-35 0.64796602725982677 0.84384033083915722 0.77116307616233837
decision_type=2 2 2 2 2 2 2 2 2 2 2 2 2 2 2 2 2 2 2 2 2 2 2 2 2 2 2 2 2 2
left_child=2 22 8 4 -4 6 -6 14 9 10 13 12 -11 -1 15 -3 17 -16 -17 21 -21 -5 -2 24 -24 -13 27 -9 -28 -26
right_child=1 7 3 19 5 -7 -8 26 -10 11 -12 25 -14 -15 16 18 -18 -19 -20 20 -22 -23 23 -25 29 -27 28 -29 -30 -31
leaf_value=-0.0013247529017419339 -0.025526299877939841 -0.018367281492292682 -0.062100033837637209 0.018798480891720669 0.16968667079818517 -0.05228748286143689 2.1578237228745745 -0.0070872899234669072 -0.047207557105456877 0.1911223446047523 -0.080665130913013638 0.052071291100314249 0.074552506870735585 0.050198477128479913 0.056248480308363415 0.054862345030926268 -0.004669755266457104 0.011087904232912152 -0.026223858630480108 -0.044740963054084495 0.023657040534400795 -0.059368884685393565 0.67146190094141645 0.021636689354241328 0.14497005261953463 -0.1170626208201842 0.078518064082368305 0.074983076316893743 -0.096804189961931478 0.0083871128239805474
leaf_weight=3730.0594773321122 106.06213092173857 1798.5441586168454 467.40257496027516 401.00165556506545 12.697874148965639 14.080218899980535 0.13283883583790235 83.143870071042329 122.10836032370571 34.162792852905099 116.90310005393349 87.069849682701275 55.232105166338442 107.01710894717689 169.12013102311175 195.10234689852223 4488.9068343192339 1715.7370562560391 61.056925808545202 266.95559262097959 117.30482319311704 44.597998281940818 1.1437571991991706 1505.6107068066485 26.30898392375093 8.7229182427108736 10.917417509481309 158.86648397543468 23.040393130388111 21.38826447352767
leaf_count=65522 3624 71826 1066608 72176 5248 8909 96 1829 1279 6800 400964 26101 3179 10892 4119 1584 41133 15220 412 98227 2860 423 43 56086 841 1184 116 11433 481 85
internal_value=-0.000249515 0.00272294 -0.00576551 -0.0238631 -0.0552698 0.0633603 0.19027 -0.000736098 -0.000141759 0.00124671 -0.00227601 0.0764612 0.1191 0.000112244 -0.0019407 -0.0116473 0.0011884 0.01514 0.035535 -0.00515542 -0.0238608 0.0109751 0.0208553 0.0240199 0.0974875 0.0366699 0.0360543 0.0467874 -0.0404382 0.0837239
internal_weight=15950.4 10364.9 5585.45 1324.17 494.314 26.9109 12.8307 8704.44 4261.28 4139.17 3953.98 185.188 89.3949 3837.08 8428.47 2054.7 6373.76 1884.86 256.159 829.86 384.26 445.6 1660.51 1554.45 48.841 95.7928 275.968 242.01 33.9578 47.6972
internal_count=1979300 208832 1770468 1254547 1080861 14253 5344 148153 515921 514642 477378 37264 9979 76414 134294 73822 60472 19339 1996 173686 101087 72599 60679 57055 969 27285 13859 13262 597 926
is_linear=0
shrinkage=0.1


Tree=71
num_leaves=31
num_cat=0
split_feature=11 1 7 7 6 9 10 6 3 7 7 4 10 11 4 4 14 10 10 14 3 10 3 6 4 3 10 7 14 3
split_gain=26.8171 48.3727 41.7388 41.0119 36.0126 28.901 34.8635 27.8848 26.0917 95.0952 80.3787 65.9036 49.9827 47.6559 41.6939 39.8591 39.7966 36.1819 31.9427 26.6329 26.6201 25.5332 24.7532 24.1124 22.4492 22.061 21.8662 20.8099 19.6458 17.2456
threshold=0.68990385532379161 1.0000000180025095e-35 0.47727273404598242 0.73214286565780651 0.85839599370956432 0.92113238573074352 0.95531892776489269 0.2314560413360596 0.71930795907974254 1.0000000180025095e-35 0.47727273404598242 0.69631093740463268 0.56476035714149486 0.17519181966781619 0.56294015049934398 0.68614074587821972 0.41662809252738958 0.9492306411266328 0.75484195351600658 0.71777617931365978 0.88893985748291027 0.61441847681999218 0.89323708415031444 0.97700846195220958 0.20761494338512423 0.7019641399383546 0.61441847681999218 0.27922078967094427 0.45464468002319341 0.63373982906341564
decision_type=2 2 2 2 2 2 2 2 2 2 2 2 2 2 2 2 2 2 2 2 2 2 2 2 2 2 2 2 2 2
left_child=8 3 -3 5 -5 23 7 -7 10 13 11 12 15 20 24 -1 -14 22 19 -13 21 -10 -16 28 -11 -20 -22 -26 -2 -12
right_child=1 2 -4 4 -6 6 -8 -9 9 14 29 18 16 -15 17 -17 -18 -19 25 -21 26 -23 -24 -25 27 -27 -28 -29 -30 -31
leaf_value=-0.070899103670280489 -0.052957566260936 -0.23851193985968397 0.079270559370237983 -0.1036734397825895 0.10960724853135331 -0.30967617487817961 0.0053019498113274256 -0.04626031966668312 0.057358219445200087 0.72479487270723264 0.13515537512999695 -0.012302406088728035 0.016451142309252396 0.085153859412862173 -0.0091557065562064745 0.2293560966980448 -0.013504580573602758 0.039211900292419631 -0.1372162115641174 0.52577817062126742 -0.11123732294926386 -0.062768234726136865 0.0017257011726200232 0.081712539666181208 -0.08149087481574091 -0.048287975685796847 -0.74000385596578566 0.12044631144843083 0.023145801952859594 0.047612823166938621
leaf_weight=162.51678479346992 35.964726511389017 4.2678842134773722 130.9110601672437 53.665154888760298 9.2868461264297348 4.1853583082556716 653.86466582282446 100.90924113057554 54.842350609000277 0.35680299997329612 29.334024934403715 39.557770733001234 587.60504191214568 196.25229881284758 2833.6728586362588 4.5449029126393716 1808.291432745842 227.0146180591546 72.015172611922026 0.94176549650728603 11.196958420565348 26.121882509905845 7971.7495604011128 67.45915139419958 88.981420096166403 45.534883791580796 0.58182816952467042 5.4136147312165113 596.78632757021114 96.631718494616507
leaf_count=629089 192 28 5143 462 357 22 6717 734 36257 1 491 34615 22464 2382 366927 7915 95573 5985 406 13 5782 126 609166 776 138043 223 8 757 4001 4201
internal_value=-0.000131111 0.0119091 0.0692375 0.00681783 -0.0722097 0.0102273 -0.00329061 -0.0567508 -0.00153012 0.000605749 -0.0100948 -0.0137101 -0.0098454 0.0572383 -0.000865112 -0.0627307 -0.0061578 -0.000297826 -0.0763807 0.000209977 -0.00183345 0.0186012 -0.0011279 0.0248793 -0.0669171 -0.102768 -0.142296 -0.0699096 0.0188202 0.0679991
internal_weight=15920.5 1657.3 135.179 1522.12 62.952 1459.17 758.959 105.095 14263.2 11416.2 2846.97 2721.01 2562.96 288.995 11127.2 167.062 2395.9 11032.4 158.05 40.4995 92.743 80.9642 10805.4 700.21 94.7518 117.55 11.7788 94.395 632.751 125.966
internal_count=1978856 18432 5171 13261 819 12442 7473 756 1960424 1165434 794990 790298 755041 44555 1120879 637004 118037 982078 35257 34628 42173 36383 976093 4969 138801 629 5790 138800 4193 4692
is_linear=0
shrinkage=0.1


Tree=72
num_leaves=31
num_cat=0
split_feature=4 5 3 6 6 3 7 3 7 7 6 5 6 4 10 2 6 2 5 3 6 2 6 6 5 10 10 9 5 10
split_gain=22.4722 39.9621 33.716 32.4154 30.9931 117.651 270.594 200.922 179.943 183.611 86.1924 44.0087 48.0151 42.3225 42.1352 39.7924 30.3243 80.0901 30.2616 26.197 19.7418 36.1739 30.1116 17.4706 16.7131 15.5533 9.84705 9.75768 8.39361 10.8611
threshold=0.080540537834167494 7.5000000000000009 0.1352966129779816 0.58658170700073253 0.54616478085517894 0.49205549061298376 0.13809524476528171 0.40519832074642187 1.0000000180025095e-35 0.31666667759418493 0.66954022645950328 14.500000000000002 0.31762748956680303 0.77581480145454418 0.78886163234710704 0.23431372642517093 0.40778534114360815 0.44843699038028723 22.500000000000004 0.1352966129779816 0.66369047760963451 0.10596491396427156 0.65545505285263073 0.93142634630203258 13.500000000000002 0.75484195351600658 0.91445994377136242 0.33714398741722112 12.500000000000002 0.92768564820289623
decision_type=2 2 2 2 2 2 2 2 2 2 2 2 2 2 2 2 2 2 2 2 2 2 2 2 2 2 2 2 2 2
left_child=1 27 3 -2 11 6 10 -8 14 -10 -6 12 15 -14 -7 -4 18 -18 -13 -3 21 24 -23 26 -5 -25 -22 -1 -21 -30
right_child=2 19 4 20 5 8 7 -9 9 -11 -12 16 13 -15 -16 -17 17 -19 -20 28 23 22 -24 25 -26 -27 -28 -29 29 -31
leaf_value=-0.19597052740082294 -0.12944316210165643 -0.11320772820141241 -0.21285511268125357 0.096228847650252788 -0.002702456082130658 0.025936922721097794 0.32913090927442296 0.013959060157433784 -0.053302620083370472 0.0011172706944957355 -0.078050796651561061 0.031858769379098206 0.066713303682111952 0.0078234648646149166 0.089971740127470556 -0.0033304034446874544 -0.080768762755118184 0.010086662722340465 -0.010594247701044132 0.25565039210184498 -0.0029316164555946928 0.14939139973314894 0.53049855915052047 0.084335139338671108 -0.07687033296449626 0.026934805910288184 0.029024217894382743 0.010108431388324863 -0.12202158625449525 0.02915623650937146
leaf_weight=2.3428130953670907 13.915869580518118 68.372927607324527 12.911414760347951 11.195733910019046 209.63037770933443 172.06630111193226 31.773730536515359 55.660270364154712 656.09018447926428 11266.947345301109 550.49090038680151 401.36749946708005 314.36425975603311 199.47180802349612 255.10538495285437 30.419836586857855 143.74536772701322 298.50433403639681 288.67478829067841 1.2606379862481869 274.14591722383921 14.503958512505053 2.418962126466794 63.773166496961494 11.11594412857812 181.70926744863391 148.75030958652496 119.12133551766601 6.3417384141066604 18.960557676851749
leaf_count=190 1446 8721 555 490 48553 48558 5247 56610 484701 838390 187807 40180 46474 21017 2906 3961 63472 60855 36402 62 11266 284 55 3954 562 885 586 3142 1189 57
internal_value=0.000146008 -0.031858 0.000589711 0.021701 -0.000433473 -0.00206596 -0.0381074 0.128493 0.000407447 -0.0018773 -0.0572708 0.0123192 0.0353274 0.0438522 0.0641783 -0.0657625 0.000997587 -0.0194443 0.0140988 -0.0804656 0.0246733 0.0936135 0.203867 0.0206265 0.00998877 0.0418467 0.00830859 0.00613356 0.00381254 -0.0087348
internal_weight=15825.2 216.4 15608.8 721.529 14887.2 13197.8 847.555 87.434 12350.2 11923 760.121 1689.46 557.167 513.836 427.172 43.3313 1132.29 442.25 690.042 94.9359 707.613 39.2346 16.9229 668.379 22.3117 245.482 422.896 121.464 26.5629 25.3023
internal_count=1978577 13361 1965216 19528 1945688 1672772 298217 61857 1374555 1323091 236360 272916 72007 67491 51464 4516 200909 124327 76582 10029 18082 1391 339 16691 1052 4839 11852 3332 1308 1246
is_linear=0
shrinkage=0.1


Tree=73
num_leaves=31
num_cat=0
split_feature=11 5 6 1 6 9 4 5 5 6 6 5 7 11 5 11 3 7 1 5 7 14 6 5 10 3 6 7 5 1
split_gain=22.026 42.9171 37.1097 39.1968 34.896 26.5813 30.5955 21.8927 21.6555 33.8764 32.5881 44.7566 50.6076 44.4596 52.5687 52.0229 35.3974 85.0127 44.9806 34.5885 32.6131 27.7465 20.1078 24.2844 22.9284 21.2839 19.994 17.607 20.9997 17.1243
threshold=0.68990385532379161 5.5000000000000009 0.61167800426483165 1.0000000180025095e-35 0.80810147523880016 0.85304400324821483 0.19399641454219821 13.500000000000002 19.500000000000004 0.29061582684516912 0.66954022645950328 9.5000000000000018 0.68333333730697643 0.16064515709877017 8.5000000000000018 0.50806450843811046 0.76689496636390697 0.47727273404598242 1.0000000180025095e-35 6.5000000000000009 0.81666666269302379 0.79069387912750255 0.15470086038112643 27.500000000000004 0.96110200881958019 0.42783451080322271 0.54316771030426036 0.73214286565780651 10.500000000000002 1.0000000180025095e-35
decision_type=2 2 2 2 2 2 2 2 2 2 2 2 2 2 2 2 2 2 2 2 2 2 2 2 2 2 2 2 2 2
left_child=8 4 5 27 -2 6 -3 -7 10 22 13 16 -13 19 21 -16 17 -12 -18 -1 -21 -15 24 25 -10 -24 -8 -4 -29 -14
right_child=1 2 3 -5 -6 7 26 -9 9 -11 11 12 29 14 15 -17 18 -19 -20 20 -22 -23 23 -25 -26 -27 -28 28 -30 -31
leaf_value=-0.068145284905956546 0.08872294750816262 -0.038689997784940977 -0.030046704115302587 0.053421041260550819 0.021300449421520928 0.038388366870377097 0.10581191117971281 -0.011655936444880582 -0.1122781639686368 -0.054575204433788695 -0.021004857048575219 -0.066319467522536632 -0.0047724461364241242 0.078651094750466041 0.022830160730839929 -0.022200986255889885 0.0099248081256131156 0.038186749609585013 -0.0045117003101059795 -0.0043858298461501603 0.28643282366735207 0.019232428439907325 0.028546876922723442 0.091639934298729409 0.081589082910554778 -0.077224541241536604 -0.012588801381505674 -0.14229359119191962 -0.0015288647480004264 0.089534396943789049
leaf_weight=93.859567967170392 87.739522663876414 26.65234593860805 284.94769087061286 52.607607285026461 613.76138012949377 120.90512161236256 74.097157623618841 315.59161525196396 23.996216845385788 188.59254481866265 1850.1197543599355 224.00253062469346 95.535630808881251 197.63683303177822 907.94552354203188 357.58739211270586 3523.2261229903197 279.26589811920712 5570.7615435677508 520.62237301148741 3.8848633042507563 130.46926148957573 64.009568989717081 38.733425592097774 8.1800965126603824 27.070208169236139 17.661980971693993 31.963528715074062 15.855084613896905 24.114210143015953
leaf_count=57994 856 99 2511 711 9296 1012 476 2968 3498 78208 629475 59721 649 3935 37133 2883 132525 10903 546746 379312 116 854 4250 6046 25 5647 177 224 93 918
internal_value=5.1439e-05 0.0110147 -0.00295035 -0.0267891 0.0297333 0.0136053 0.0556267 0.00220582 -0.00122243 -0.0257657 -0.000597972 -0.00272465 -0.038273 0.0105229 0.019354 0.0101062 -0.00163618 -0.013242 0.00108134 -0.0122366 -0.00223183 0.0550236 0.00777503 0.0253157 -0.0629918 -0.0028899 0.0830219 -0.0394697 -0.0956206 0.0142341
internal_weight=15771.4 1641.78 940.282 385.374 701.501 554.908 118.411 436.497 14129.6 350.582 13779 11567 343.652 2212.01 1593.64 1265.53 11223.4 2129.39 9093.99 618.367 524.507 328.106 161.99 129.813 32.1763 91.0798 91.7591 332.766 47.8186 119.65
internal_count=1979261 18423 8271 3539 10152 4732 752 3980 1960838 97674 1863164 1380937 61288 482227 44805 40016 1319649 640378 679271 437422 379428 4789 19466 15943 3523 9897 653 2828 317 1567
is_linear=0
shrinkage=0.1


Tree=74
num_leaves=31
num_cat=0
split_feature=11 1 5 6 5 10 5 3 9 9 6 1 5 7 1 5 11 5 3 11 5 11 10 5 10 6 1 5 7 7
split_gain=22.286 35.8003 27.9928 33.8292 36.649 22.2947 18.2741 24.9611 17.8134 14.8789 46.2769 58.3422 143.208 210.681 55.5953 46.7855 46.5794 43.203 58.6168 40.186 50.2767 36.4006 58.4606 32.6581 66.9802 32.2012 31.9882 100.633 136.947 59.4397
threshold=0.71008405089378368 1.0000000180025095e-35 3.5000000000000004 0.70638945698738109 5.5000000000000009 0.90338954329490673 8.5000000000000018 0.68410527706146251 0.90674948692321788 0.83482250571250927 0.7923850715160371 1.0000000180025095e-35 3.5000000000000004 0.96153846383094799 1.0000000180025095e-35 6.5000000000000009 0.58578431606292736 4.5000000000000009 0.89323708415031444 0.44722221791744238 5.5000000000000009 0.35857143998146063 0.87103942036628734 5.5000000000000009 0.75484195351600658 0.6789083480834962 1.0000000180025095e-35 3.5000000000000004 0.86607143282890331 0.68333333730697643
decision_type=2 2 2 2 2 2 2 2 2 2 2 2 2 2 2 2 2 2 2 2 2 2 2 2 2 2 2 2 2 2
left_child=9 2 8 4 -4 -6 7 -5 -2 21 14 17 13 -13 19 -16 -17 18 -12 -11 -21 22 23 24 -1 -25 29 28 -28 -23
right_child=1 -3 3 6 5 -7 -8 -9 -10 10 11 12 -14 -15 15 16 -18 -19 -20 20 -22 26 -24 25 -26 -27 27 -29 -30 -31
leaf_value=0.0033862219834059587 0.052210050538543024 0.069840659518768888 0.15856916717052355 -0.049468666897158349 0.17039703733356903 0.004829340163597845 -0.081155204622798752 0.015725068948524962 0.010443625764256672 0.029357875049224103 -0.012209860145978624 -0.18271121130629636 -0.00094552246480083093 0.069168810181144638 0.0050290958287408198 0.14345858093275496 0.018567958699992431 -0.052376403008855037 0.047766730081162147 0.060285770135474585 -0.025862463933869415 0.010286884165809796 0.040110223757583621 -0.0028479326373074937 -0.026843091535014449 -0.027298604895651935 -0.13733981591310138 0.055569453114876981 0.07617181519485669 -0.046464319365491509
leaf_weight=5484.4848710162205 186.56711635412648 99.202404228504747 16.358657591044903 121.28284890949726 8.2398415077477676 627.0926156914793 56.679167775437236 113.86707696598023 225.59041063371114 263.49309463158716 727.27129686577246 132.40304429735988 240.24886255152524 44.324479480739683 119.8384946200531 73.458184188231826 50.319462775252759 179.07722966000438 210.00496074138209 76.026349912397563 621.8858866984956 2029.1533146578004 307.52502315025777 1092.1574768705505 846.04650901199784 1062.7612847414584 71.199614574201405 418.91343071986921 51.966413562884554 203.02020346536301
leaf_count=1051960 1611 4784 75 726 46 5708 494 997 2663 2970 5470 795 1836 5163 875 293 397 1261 3547 587 5112 22536 3208 525725 8414 312029 449 3168 4545 1689
internal_value=5.99718e-05 0.0118515 0.00760814 -0.00188918 0.0107819 0.00697664 -0.0301853 -0.0178998 0.0293496 -0.00113923 -0.00776754 -0.0192919 -0.0512087 -0.119538 0.00689666 0.0495666 0.0926867 -0.00737047 0.00122842 -0.00391572 -0.016478 0.000429911 -0.00272106 -0.00427333 -0.000653787 -0.0149065 0.0104169 0.0322068 -0.0472546 0.00512526
internal_weight=15760.5 1454.88 1355.68 943.52 651.691 635.332 291.829 235.15 412.158 14305.6 2738.35 1533.33 416.976 176.728 1205.02 243.616 123.778 1116.35 937.276 961.405 697.912 11567.2 8792.98 8485.45 6330.53 2154.92 2774.25 542.079 123.166 2232.17
internal_count=1979133 17104 12320 8046 5829 5754 2217 1723 4274 1962029 28306 18072 7794 5958 10234 1565 690 10278 9017 8669 5699 1933723 1901336 1898128 1060374 837754 32387 8162 4994 24225
is_linear=0
shrinkage=0.1


Tree=75
num_leaves=31
num_cat=0
split_feature=4 5 3 3 7 7 6 7 3 6 2 10 3 5 10 6 4 3 4 6 6 10 2 5 6 6 10 6 5 6
split_gain=19.8023 35.2838 33.0376 33.2244 184.469 112.947 85.5765 137.735 198.675 58.6817 50.2522 43.6212 40.6373 35.7971 31.5896 30.2655 25.4867 21.611 19.2762 22.5386 18.8273 17.8389 17.7144 12.4718 12.4516 15.498 11.7176 11.5066 11.0297 11.9121
threshold=0.080540537834167494 5.5000000000000009 0.1352966129779816 0.54261502623558056 1.0000000180025095e-35 0.18465909361839297 0.47114317119121557 0.13809524476528171 0.41862435638904577 0.66954022645950328 0.36758151650428778 0.41563534736633306 0.41548451781272894 17.500000000000004 0.97115117311477672 0.58658170700073253 0.20761494338512423 0.39803075790405279 0.10063291341066362 0.66369047760963451 0.29061582684516912 0.72100931406021129 0.32466214895248419 1.5000000000000002 0.76533168554306041 0.79361054301261913 0.62090381979942333 0.83484846353530895 13.500000000000002 0.84262126684188854
decision_type=2 2 2 2 2 2 2 2 2 2 2 2 2 2 2 2 2 2 2 2 2 2 2 2 2 2 2 2 2 2
left_child=1 27 15 6 10 22 12 9 -9 -8 20 -12 13 -4 -7 -2 -14 24 28 21 -5 -20 -6 -21 -3 26 -26 -1 29 -17
right_child=2 17 3 4 5 14 7 8 -10 -11 11 -13 16 -15 -16 18 -18 -19 19 23 -22 -23 -24 -25 25 -27 -28 -29 -30 -31
leaf_value=0.07465105786631758 -0.12004998860461338 -0.099355258376502012 0.055119459394153553 -0.029886414058522683 0.041235464231981961 -0.00050729908914336154 -0.014749125619868421 0.25008584736043599 -0.0093816721727572171 -0.066758418620553081 -0.061777250400317354 0.075742578671429403 -0.11037204165889103 0.0052521944883501381 0.041061096336672299 0.039339088744090617 -0.01219686478977032 0.077446807011296637 0.39779934739711464 0.068625190928661484 -0.24027669874060589 0.10927246110775429 -0.083451886195405459 0.02101723255726367 0.57430116886284777 -0.1202218146766616 0.04948673995277407 -0.0060152277331443002 -0.078935516156732069 0.0027753836030812535
leaf_weight=22.834334491592017 14.818799638245762 82.7499923735013 233.11882759421133 22.88699483664249 12.134494490779614 11977.868785906412 356.3123202827519 39.13119297009689 120.03097104324479 554.62161895914687 24.320850930335212 446.95064491614357 32.141827079867653 376.34766061277332 185.65130668110214 128.51356745173689 149.13905450083257 9.1374177585494163 2.3834195969902821 80.893521532649174 5.2242957900671163 21.232280733063817 186.75649785360292 172.07947701573721 0.44466103009472391 7.0619566859459146 9.8356908448040468 78.388670358115633 13.175005543263977 290.543498799394
leaf_count=474 1438 10126 11436 746 12435 1103877 75688 8689 128814 231250 36405 13774 1531 23257 6399 4330 13537 106 546 1056 426 64 277610 4552 464 362 82 1795 504 7056
internal_value=0.000115175 -0.0303526 0.000530293 -0.000495029 0.00131189 -0.0010951 -0.0129841 -0.0314186 0.0544103 -0.046415 0.060898 0.0686456 0.0119627 0.0243263 0.000127158 0.0213908 -0.0296037 -0.0697693 0.0243478 0.0449628 -0.068986 0.138392 -0.0758446 0.0362409 -0.0832086 -0.00616386 0.0721868 0.0121818 0.011156 0.0139885
internal_weight=15656.7 210.453 15446.3 14722.6 12861.8 12362.4 1860.84 1070.1 159.162 910.934 499.383 471.271 790.747 609.466 12163.5 723.64 181.281 109.23 708.821 276.589 28.1113 23.6157 198.891 252.973 100.092 17.3423 10.2804 101.223 432.232 419.057
internal_count=1978829 13409 1965420 1945874 1451672 1400321 494202 444441 137503 306938 51351 50179 49761 34693 1110276 19546 15068 11140 18108 6218 1172 610 290045 5608 11034 908 546 2269 11890 11386
is_linear=0
shrinkage=0.1


Tree=76
num_leaves=31
num_cat=0
split_feature=12 5 6 6 3 5 5 6 10 3 12 11 11 6 6 2 5 6 2 4 6 10 9 5 2 4 2 6 9 10
split_gain=20.9871 35.7562 84.8656 68.8616 62.4722 59.8756 44.7704 38.6221 35.0165 35.329 32.2883 99.6603 29.8934 28.8209 28.1584 61.7624 29.1916 27.9464 67.7264 88.4988 73.9131 58.5547 49.9075 43.0296 25.1375 25.0707 31.7751 38.7359 24.1404 23.8035
threshold=1.0000000180025095e-35 5.5000000000000009 0.78896763920784008 0.65261757373809826 0.80078125000000011 3.5000000000000004 9.5000000000000018 0.84045451879501354 0.47641299664974218 0.27970588207244879 -1.0000000180025095e-35 0.053342817351222045 0.40454545617103582 0.46453721821308142 0.41421362757682806 0.47673159837722784 22.500000000000004 0.86754387617111217 0.77015754580497753 0.81661397218704235 0.97958335280418407 0.75484195351600658 0.697758048772812 5.5000000000000009 0.12973351776599887 0.11189358308911325 0.79388421773910534 0.82952776551246654 0.56345811486244213 0.59381821751594555
decision_type=2 2 2 2 2 2 2 2 2 2 2 2 2 2 2 2 2 2 2 2 2 2 2 2 2 2 2 2 2 2
left_child=10 2 8 6 5 7 12 -4 -2 -10 -1 28 -3 -14 16 -16 -8 21 19 -19 -20 23 -23 -13 -7 -5 -27 -28 -12 -6
right_child=1 3 4 25 29 24 14 -9 9 -11 11 17 13 -15 15 -17 -18 18 20 -21 -22 22 -24 -25 -26 26 27 -29 -30 -31
leaf_value=0.0039613090764348061 -0.14555185184865724 0.11324881290198936 0.090660776120355627 0.017002362096428379 0.0024780921210915603 -0.0060628201797428118 0.0352437578007508 0.00027912328053608139 0.0057075894393337741 0.11183423263823443 -0.075324928286376991 0.0051095089787305918 -0.12142195749052023 0.043357038159163246 -0.040980271507462022 0.024045985249491655 -0.008753700340129851 -0.013407338955509045 -0.042128039688191316 0.053460357482180892 -0.001164604675323829 0.032343633734838055 0.00077661327979021649 -0.039887294226631891 -0.080443512137668219 -0.053437918826049237 -0.002472083401400451 -0.20215574829658189 0.27212715921432501 0.043564040527687871
leaf_weight=5453.1435448115863 6.6278222790419923 61.506598530890187 50.387504406215271 115.05645784673834 193.60611225210596 69.094761868764181 396.14002549408178 766.58632364203766 40.238628727718606 142.28412668904639 221.32833184577976 375.56655985572434 11.634240539744495 121.11630670703016 325.37728020147188 265.04764957388397 243.491004645457 533.99576965082088 942.69152622675756 314.49543961297604 826.82624607227626 705.72983048832975 1725.1093623398338 489.53667795927322 132.69628758177714 362.47772142097529 285.60587570152711 10.056758153717963 2.0178833765712616 519.07896848232485
leaf_count=295930 1939 5886 1235 4701 1228 2066 12463 48190 727 4189 1113120 55681 128 1207 44491 9589 9507 53388 13331 3522 34224 6305 13213 145642 19032 47320 3613 104 401 26302
internal_value=0.000540707 0.00667281 0.01664 -0.00203842 0.00969224 -0.00619507 0.0110042 0.00585348 0.0802388 0.0884377 -0.00163804 -0.00661321 0.0556177 0.0289158 0.0039586 -0.0117893 0.0184951 -0.0041368 -0.0118499 0.0113773 -0.0229874 0.0019898 0.00994126 -0.0203529 -0.054975 -0.0260644 -0.0335933 -0.00926418 -0.0721858 0.0324027
internal_weight=15708.6 4118.11 1920.6 2197.51 1731.45 1018.76 1424.31 816.974 189.151 182.523 11590.4 6137.3 194.257 132.751 1230.06 590.425 639.631 5913.95 2618.01 848.491 1769.52 3295.94 2430.84 865.103 201.791 773.197 658.14 295.663 223.346 712.685
internal_count=1978674 243917 104908 139009 98053 70523 83271 49425 6855 4916 1734757 1438827 7221 1335 76050 54080 21970 325306 104465 56910 47555 220841 19518 201323 21098 55738 51037 3717 1113521 27530
is_linear=0
shrinkage=0.1


Tree=77
num_leaves=31
num_cat=0
split_feature=5 11 4 2 5 9 5 6 4 6 5 5 11 11 6 5 11 5 9 3 4 9 6 9 4 11 11 2 2 5
split_gain=16.3455 15.9069 28.1433 30.6718 22.3832 19.3984 28.0511 24.5991 19.3138 20.5522 44.2771 19.7562 16.7246 15.8247 15.3615 14.1502 13.354 13.133 7.977 6.61744 5.14048 4.99278 3.91937 2.95135 1.55229 2.33542 1.39821 0.629325 0.429356 0.258972
threshold=43.500000000000007 0.86515152454376232 0.73375529050827037 0.37573529779911047 30.500000000000004 0.93836656212806713 16.500000000000004 0.27346041798591619 0.055946791544556625 0.48181217908859258 8.5000000000000018 22.500000000000004 0.50806450843811046 0.92450141906738292 0.20185185223817828 12.500000000000002 0.71714287996292125 5.5000000000000009 0.48790244758129125 0.52436402440071117 0.21778655797243121 0.93836656212806713 0.20185185223817828 0.92113238573074352 0.91715687513351452 0.89736840128898632 0.56385868787765514 0.74115687608718883 0.6926884949207307 8.5000000000000018
decision_type=2 2 2 2 2 2 2 2 2 2 2 2 2 2 2 2 2 2 2 2 2 2 2 2 2 2 2 2 2 2
left_child=1 5 3 4 15 8 7 -7 17 11 -11 -10 -9 21 -6 -3 20 18 -1 -15 -8 -5 -18 -19 25 28 -2 -27 -4 -26
right_child=26 2 24 13 14 6 16 12 9 10 -12 -13 -14 19 -16 -17 22 23 -20 -21 -22 -23 -24 -25 29 27 -28 -29 -30 -31
leaf_value=-0.20520114085672378 -0.10238335843454752 0.060166901488086649 0.10763589219374124 0.046207084258093452 0.0015713483507345024 -0.35387834627142628 0.013699301185293764 0.036109871222288155 0.02279701329161295 0.0021720744576358203 -0.014152684004321417 -0.011484458591526749 -0.016892496093679706 -0.095979003620388137 -0.15374571910021356 0.011925419300662158 -0.2296859413664834 -0.12685736131200687 0.029249653638242279 -0.22420798964734862 -0.068352459035449939 -0.060997863905521102 -0.11968428980502098 0.010074124412421974 0.074828763307337315 0.014042804902838055 -0.24069805997464733 -0.096549145709220741 0.06011018753596116 0.10237784044196629
leaf_weight=1.6309579992030183 0.98031920771609238 95.52208237349987 3.3316919691860658 7.7953501017764237 14.162349298596384 2.0766079802997401 11.443619601428507 70.049962914781645 741.34721742841612 11839.349568305855 1932.6587033946216 217.4053618787184 396.58136885869317 9.5915981531143206 11.57029095571488 167.28288489673287 3.764333143830302 21.714741432744635 13.169328241288893 6.9339958038181058 22.943631722591817 9.812675182707606 23.212240250781178 1.6970501616597164 3.7685921990778288 1.0680107343941929 2.8721730951219797 0.99292693100869645 4.4263911927118897 36.084724531508982
leaf_count=266 1028 392 32 48 46 13 42 669 116538 1380786 416127 48558 5688 68 55 611 17 4032 141 52 166 69 146 6 491 17 17 24 85 2727
internal_value=0.000454334 0.000504964 0.020927 0.0101402 0.0207445 7.93815e-06 -0.0187878 -0.0104641 0.000682533 0.000866714 -0.000118818 0.0150234 -0.00893586 -0.0794994 -0.0682646 0.0294598 -0.0823651 -0.0703195 0.00341371 -0.149783 -0.0410467 -0.0135365 -0.135034 -0.116932 0.0909981 0.0553836 -0.205502 -0.0392386 0.08052 0.0997728
internal_weight=15675.2 15671.4 372.344 322.671 288.538 15299 530.072 468.708 14769 14730.8 13772 958.753 466.631 34.1336 25.7326 262.805 61.3638 38.2121 14.8003 16.5256 34.3873 17.608 26.9766 23.4118 49.6723 9.81902 3.85249 2.06094 7.75808 39.8533
internal_count=1978957 1977912 4717 1341 1104 1973195 6741 6370 1966454 1962009 1796913 165096 6357 237 101 1003 371 4445 407 120 208 117 163 4038 3376 158 1045 41 117 3218
is_linear=0
shrinkage=0.1


Tree=78
num_leaves=31
num_cat=0
split_feature=5 6 6 4 4 2 14 10 11 5 2 6 7 3 2 6 4 7 7 3 5 3 3 11 5 6 3 2 10 10
split_gain=20.8181 50.0403 27.1904 46.8349 47.0371 96.7156 75.5467 63.9227 33.2654 31.9445 59.6524 85.2746 74.5965 86.7224 71.2628 56.9087 116.239 56.1044 54.3643 50.6835 47.5856 46.7116 38.7472 32.9907 22.0369 22.1761 20.9711 40.4173 19.9319 18.6585
threshold=23.500000000000004 0.29061582684516912 0.54616478085517894 0.20761494338512423 0.90054944157600414 0.52213081717491161 0.48051087558269506 0.72100931406021129 0.50806450843811046 5.5000000000000009 0.6926884949207307 0.76043477654457103 1.0000000180025095e-35 0.53065094351768505 0.83424907922744762 0.80810147523880016 0.99382716417312633 0.58571431040763866 0.26136364042758947 0.35038460791110998 4.5000000000000009 0.89323708415031444 0.41290104389190679 0.56385868787765514 13.500000000000002 0.41421362757682806 0.42116461694240576 0.19433516263961795 0.95531892776489269 0.97115117311477672
decision_type=2 2 2 2 2 2 2 2 2 2 2 2 2 2 2 2 2 2 2 2 2 2 2 2 2 2 2 2 2 2
left_child=2 -2 3 8 5 7 -7 -5 24 15 12 18 13 -11 -13 16 22 -18 -12 -14 23 -22 -4 -17 -1 -26 28 -28 -10 -6
right_child=1 -3 9 4 29 6 -8 -9 26 10 11 14 19 -15 -16 20 17 -19 -20 -21 21 -23 -24 -25 25 -27 27 -29 -30 -31
leaf_value=0.062646734857926101 0.0023733294855642073 -0.085117587539523601 0.011248393196745197 -0.07127796294157944 -0.0061601578515520011 0.45311925693612676 0.1089316217917598 0.035714915053774721 -0.086933010794167764 -0.019627663162400607 0.10273178650548716 -0.084007315149784323 0.31930454510734352 0.080625420778025272 -0.010320698706947691 -0.0020943888864332154 -0.076014693066228864 0.0077169149684004805 0.0080131646950781111 -0.056084484028585901 -0.058686921436160902 0.014206324617235115 0.077326058092115457 0.015784486525930938 0.0045719583674678011 -0.11949776165152584 -0.33360935659680374 -0.015816832063069421 -0.0067564408956846461 0.094966386530939209
leaf_weight=52.27215933988191 197.14483616400139 97.80342607455168 118.36727304272654 62.507000594629176 447.572550253386 6.8978438765152239 84.47670069627921 523.53007767535746 57.360234346240759 571.11638694686224 62.836446894745677 182.34454534183897 3.6197582659842729 101.64118619365911 468.34924560851505 7291.6602771223843 89.820568671639194 733.66649615409551 1699.4192520977667 564.53523075894191 269.08665606525574 130.57091164973099 354.5712109146275 1202.2417790819891 79.677372775757249 17.586086260813317 7.5413130987435606 8.5272908657789213 67.487327251583338 19.020465674810112
leaf_count=2798 13785 33767 12412 135420 50381 1033 23530 7050 226 112952 5409 10702 385 6689 11776 851099 43532 70698 85342 363251 41977 5714 58267 19343 6430 3750 42 42 261 1317
internal_value=-0.000323736 -0.0266382 0.000184267 0.0132898 0.0223945 0.0392231 0.134914 0.024303 -0.0225708 -0.00117369 -0.00919565 -3.27153e-05 -0.0270129 -0.00448128 -0.03097 0.00170278 0.0212762 -0.00141598 0.0113905 -0.0536929 -0.00115047 -0.0348722 0.0607881 0.000436218 0.0102816 -0.0178609 -0.0574327 -0.164963 -0.0435929 -0.00203778
internal_weight=15573.3 294.948 15278.3 1434.46 1144 677.412 91.3745 586.037 290.452 13843.8 3653.86 2412.95 1240.91 672.758 650.694 10190 1296.43 823.487 1762.26 568.155 8893.56 399.658 472.938 8493.9 149.536 97.2635 140.916 16.0686 124.848 466.593
internal_count=1979380 47552 1931828 232280 218731 167033 24563 142470 13549 1699548 596506 113229 483277 119641 22478 1103042 184909 114230 90751 363636 918133 47691 70679 870442 12978 10180 571 84 487 51698
is_linear=0
shrinkage=0.1


Tree=79
num_leaves=31
num_cat=0
split_feature=6 2 3 2 7 7 1 2 6 2 6 2 2 4 7 6 4 6 1 7 6 1 7 7 6 11 14 6 4 11
split_gain=16.3755 40.5337 20.8221 43.4257 179.157 155.797 91.4215 148.398 85.8938 109.685 85.4184 84.4402 76.4402 53.321 43.2785 39.2732 30.4396 57.9999 62.8661 28.5615 23.9966 21.9625 90.6358 82.6982 149.717 79.7541 57.9065 21.1421 15.4248 14.5469
threshold=0.52041664719581615 0.12973351776599887 0.89323708415031444 0.75134408473968517 0.52777779102325451 0.43650794029235845 1.0000000180025095e-35 0.81418704986572277 0.82952776551246654 0.65733855962753307 0.77003204822540294 0.80982521176338207 0.17082066833972934 0.20761494338512423 0.26136364042758947 0.83484846353530895 0.90521115064620983 0.86159002780914318 1.0000000180025095e-35 0.47727273404598242 0.58102023601531994 1.0000000180025095e-35 0.58571431040763866 0.73214286565780651 0.85053193569183361 0.55902779102325451 0.48639276623725897 0.88603895902633678 0.8263767957687379 0.060915276408195503
decision_type=2 2 2 2 2 2 2 2 2 2 2 2 2 2 2 2 2 2 2 2 2 2 2 2 2 2 2 2 2 2
left_child=1 -1 3 5 11 12 7 -6 9 -7 -8 14 20 -14 -5 -13 17 29 19 -19 -2 23 27 26 -25 -24 -18 -23 -10 -4
right_child=2 -3 16 4 6 8 10 -9 28 -11 -12 15 13 -15 -16 -17 21 18 -20 -21 -22 22 25 24 -26 -27 -28 -29 -30 -31
leaf_value=-0.046975530072846716 -0.085648985417041523 0.01467855007055628 0.24709100296026351 0.038230762952746355 -0.020948470783488458 0.058232489571102476 0.15303476635332408 -0.11848862422111262 0.037507868394512651 -0.059156540488965126 -0.0462170199335733 0.05866179476050825 -0.097470560516065188 -0.017623052195612051 -0.043419373498283918 0.010079811840273973 -0.0065506023820256325 -0.002755562399284327 -0.13875953692465887 0.10056207610376222 0.015922716229480542 -0.055486412537622203 -0.0017871633858705313 -0.041515460221339416 0.068044247436695557 0.056644198081236198 0.038599405694876167 -0.15088378766123525 0.067454514640806332 0.11188496924872571
leaf_weight=115.26210362838219 23.868017287556995 1424.369392138336 10.644215651176635 79.322676621421238 304.98304321820615 140.77231240233232 37.246628108347068 319.25096601726545 308.95595368511567 183.16032697979244 50.941057329611795 254.78701859169081 87.090138812833175 2106.5972225416549 357.45397866408894 479.64403967265656 406.1062051281333 60.260696558383643 23.045080161515216 48.124916793167358 912.66346872492068 166.88724883651594 5283.7380118573783 556.84109599556541 160.73249411817233 244.39834395912476 945.21334054018371 26.988279233555659 387.99929747737042 31.52616067690542
leaf_count=8079 2371 229651 1415 9017 5851 5480 1738 6847 9353 8828 6451 28137 4144 932638 40829 59918 1173 6331 5918 821 27068 52795 452821 4686 2896 10127 36670 8491 8772 376
internal_value=0.000274062 0.0100629 -0.000802512 -0.00523309 -0.0178261 0.00048117 -0.0573689 -0.0708333 0.0344043 -0.00814246 0.0379382 0.00622701 -0.0105825 -0.020793 -0.028591 0.0269338 0.00255456 0.0439695 0.0112285 0.0431191 0.0133341 0.00163173 -0.00156085 0.0104616 -0.0169747 0.000796081 0.0250307 -0.0687661 0.0541794 0.146012
internal_weight=15538.9 1539.63 13999.2 6034.74 1883.63 4151.11 712.422 624.234 1020.89 323.933 88.1877 1171.21 3130.22 2193.69 436.777 734.431 7964.51 173.601 131.431 108.386 936.531 7790.91 5722.01 2068.89 717.574 5528.14 1351.32 193.876 696.955 42.1704
internal_count=1979692 237730 1741962 1157442 158788 998654 20887 12698 32433 14308 8189 137901 966221 936782 49846 88055 584520 14861 13070 7152 29439 569659 524234 45425 7582 462948 37843 61286 18125 1791
is_linear=0
shrinkage=0.1


Tree=80
num_leaves=31
num_cat=0
split_feature=10 4 5 3 14 6 2 6 5 1 14 10 2 3 7 3 9 7 7 10 14 14 5 2 3 6 5 7 5 6
split_gain=17.0884 32.8518 21.1602 25.4774 24.6519 26.718 61.1535 19.4231 40.6204 184.191 79.8294 26.1636 28.9847 53.4053 27.9168 28.4086 25.258 49.2645 23.2149 20.411 18.426 14.4052 16.1483 26.5414 14.3518 16.1636 14.2169 13.6491 13.5308 12.8218
threshold=0.9492306411266328 0.89039039611816417 17.500000000000004 0.21081871539354327 0.62314912676811229 0.15470086038112643 0.087434306740760817 0.66954022645950328 8.5000000000000018 1.0000000180025095e-35 0.42164883017539984 0.5275399684906007 0.096006143838167204 0.21081871539354327 0.5634920895099641 0.89732906222343456 0.79187294840812694 0.96153846383094799 0.96153846383094799 0.47248421609401708 0.59954527020454418 0.55342864990234386 7.5000000000000009 0.096006143838167204 0.35752491652965551 0.7245689630508424 17.500000000000004 0.96153846383094799 9.5000000000000018 0.37176080048084265
decision_type=2 2 2 2 2 2 2 2 2 2 2 2 2 2 2 2 2 2 2 2 2 2 2 2 2 2 2 2 2 2
left_child=2 21 7 -4 5 -5 -7 11 16 18 -11 14 -13 -14 20 -16 19 -18 -10 -9 -1 22 24 28 -2 -26 -3 -6 -24 -23
right_child=1 26 3 4 27 6 -8 8 9 10 -12 12 13 -15 15 -17 17 -19 -20 -21 -22 29 23 -25 25 -27 -28 -29 -30 -31
leaf_value=-0.016701063981401972 0.035450083963709939 0.031983495148093413 -0.13218519315162106 -0.1144672269612423 -0.046572417232467238 1.1358160059691784 0.010795454125688012 -0.0026294102780395449 -0.049287803132761987 1.1810795233890363 0.10762359217388362 -0.06638714554939576 0.12758640230661789 0.014722122703182001 -0.12723121698729592 0.029573180175327486 -0.011211478404528897 0.076264655611480589 0.11830402165426966 0.0072816591543492896 -0.076355060114282447 0.017175386867616976 -0.0019584647386864493 0.024403357738184209 0.34614739613827045 0.079055530444957001 0.100040131754949 0.25649229732727219 -0.13308003583333275 -0.008630282230981088
leaf_weight=216.48104004301186 153.93451139889657 275.89116466604173 19.986553905848268 17.663969223158347 185.04629174849288 0.48419416791875747 228.56866550826999 3902.4255036934155 538.92207569424136 0.6990129929035892 77.669999198595178 41.824494574335404 43.192479423829354 1428.4855601811214 12.388157557397788 171.59797785343835 2402.1210991122061 66.153629737207666 8.3940984769142215 4444.3121606538043 68.056991712949269 257.02440007217228 13.023824259638785 86.005426464602351 3.1071422882378092 8.3673541173338872 34.53729572170414 1.4980848871782644 19.887740168720484 767.41940606944263
leaf_count=172408 846 12839 4542 2918 30943 92 99869 1042880 97609 16 3403 2120 807 53881 2394 15165 19107 6290 64 207826 193870 899 37 351 9 55 1473 8 86 6247
internal_value=0.000586781 0.0103083 -0.000547631 -0.0217987 -0.0167065 0.00403504 0.0131736 0.000169959 -0.00141336 -0.0261865 0.117198 0.0093092 0.0157017 0.0180346 -0.0113408 0.0190152 1.98561e-05 -0.00886698 -0.0467175 0.00264785 -0.0309694 0.00337119 0.0232855 -0.0048214 0.0434922 0.15138 0.0395553 -0.0441386 -0.0811924 -0.00215586
internal_weight=15495.2 1619.2 13876 453.248 433.261 246.717 229.053 13422.7 11440.7 625.685 78.369 1982.03 1513.5 1471.68 468.524 183.986 10815 2468.27 547.316 8346.74 284.538 1308.77 284.326 118.917 165.409 11.4745 310.428 186.544 32.9116 1024.44
internal_count=1979054 22842 1956212 138372 133830 102879 99961 1817840 1377195 101092 3419 440645 56808 54688 383837 17559 1276103 25397 97673 1250706 366278 8530 1384 474 910 64 14312 30951 123 7146
is_linear=0
shrinkage=0.1


Tree=81
num_leaves=31
num_cat=0
split_feature=11 9 11 5 10 12 14 2 11 12 11 10 9 5 6 10 3 3 3 6 14 3 9 2 14 3 5 6 14 10
split_gain=17.2529 24.6241 26.2346 21.341 21.4971 17.5362 22.0497 28.6533 21.32 18.6961 74.8689 43.0468 24.2349 17.37 29.6649 22.4577 17.0315 19.4214 15.2421 14.6249 13.2364 55.0602 18.8569 13.1499 12.5318 11.3911 20.6968 12.4258 10.1586 14.3195
threshold=0.86515152454376232 0.93836656212806713 0.59411767125129711 6.5000000000000009 0.9492306411266328 1.0000000180025095e-35 0.86038899421691906 0.33188405632972723 0.44222222268581396 -1.0000000180025095e-35 0.040408162400126464 0.5246713161468507 0.43043650686740881 7.5000000000000009 0.95916664600372326 0.87103942036628734 0.76689496636390697 0.11566332355141641 0.89732906222343456 0.77459675073623668 0.23426818847656253 0.1352966129779816 0.36151385307312017 0.65485891699790966 0.70391860604286205 0.39803075790405279 26.500000000000004 0.2314560413360596 0.52750292420387279 0.96110200881958019
decision_type=2 2 2 2 2 2 2 2 2 2 2 2 2 2 2 2 2 2 2 2 2 2 2 2 2 2 2 2 2 2
left_child=1 5 16 4 23 9 20 -8 -9 13 11 -11 -12 14 -1 -15 17 -3 24 -18 21 -7 -22 -4 25 26 27 -2 -5 -30
right_child=18 2 3 28 -6 6 7 8 -10 10 12 -13 -14 15 -16 -17 19 -19 -20 -21 22 -23 -24 -25 -26 -27 -28 -29 29 -31
leaf_value=0.014216861722838762 -0.093180958884136231 0.16353505084090841 -0.010201961339371932 0.027448614265501381 -0.00085488316307132063 -0.087810759313316278 0.43322053905929564 0.068992151390246184 0.01432110113916165 -0.082425020535077512 0.012229824364279905 0.12353126278322785 -0.0063646165167313548 -0.0019117221248909106 -0.0024625008724710584 -0.039032065429968905 0.10792312293703746 -0.085733316442047292 0.093877468278236023 0.014765758074403888 0.036891125695324961 1.7772332901470838 0.0020259404900303439 -0.15908217665982768 -0.015702827152114334 0.068322912715581829 -0.08025166320001402 0.03392414246486089 -0.097526605456536838 -0.040162606056345904
leaf_weight=2004.4607199982547 8.0893440991640073 3.6855358779430416 9.8631333268713224 13.141495577991007 196.28520317887887 21.670348039951936 1.7360637728124846 90.96886157989502 330.40755641227588 165.70697509905585 819.19545595699674 10.810295917533947 4855.1760038372213 859.56739857165303 2278.2880672069296 201.11630203574896 26.603296027518809 20.576820676214993 26.994548810878769 45.977421303512529 164.27963258560339 0.15945697034476225 2784.3306564157756 14.887206075945867 91.64331123046577 53.748800784349442 19.923957481980324 156.29597898945212 73.633141527418047 106.39163241814822
leaf_count=118204 34 9 84 39 3804 2862 29 3923 13419 1060669 167426 1754 209327 116836 58912 1252 118 201 3152 530 21561 55 191727 335 598 193 81 624 685 858
internal_value=-0.00010319 -0.000616717 -0.0221929 -0.0331485 -0.0119289 0.000139143 0.00643629 0.0277941 0.0261238 -0.00176983 -0.00567533 -0.0698118 -0.00368018 0.00250656 0.00534396 -0.00895011 0.0246646 -0.0478686 0.0216344 0.0489111 0.00339406 -0.0741874 0.00396843 -0.0997527 0.0157194 0.0278158 0.016003 0.0276693 -0.0574295 -0.0636254
internal_weight=15455.6 15098.9 511.045 414.202 221.036 14587.9 3393.55 423.112 421.376 11194.3 5850.89 176.517 5674.37 5343.43 4282.75 1060.68 96.8431 24.2624 356.696 72.5807 2970.44 21.8298 2948.61 24.7503 329.701 238.058 184.309 164.385 193.166 180.025
internal_count=1979301 1974619 6663 5805 4223 1967956 233576 17371 17342 1734380 1439176 1062423 376753 295204 177116 118088 858 210 4682 648 216205 2917 213288 419 1530 932 739 658 1582 1543
is_linear=0
shrinkage=0.1


Tree=82
num_leaves=31
num_cat=0
split_feature=5 14 3 2 7 7 6 10 7 11 2 7 10 5 6 11 10 11 10 2 11 10 10 2 3 3 10 9 3 5
split_gain=15.5743 14.7335 19.1872 98.0672 204.043 105.256 52.6464 51.1042 32.9975 47.4929 32.0386 27.7622 25.4072 17.1057 18.0001 16.0058 14.6291 37.9197 21.977 24.7165 15.233 12.1318 11.4108 9.9381 19.2164 14.8373 7.65443 7.53617 4.31559 3.37056
threshold=40.500000000000007 0.37125444412231451 0.77807807922363292 0.65240275859832775 0.47727273404598242 0.074175827205181136 0.7245689630508424 0.58848994970321666 1.0000000180025095e-35 0.2788888961076737 0.60495716333389293 0.18465909361839297 0.97115117311477672 2.5000000000000004 0.93142634630203258 0.44722221791744238 0.75484195351600658 0.29520697891712194 0.80814999341964733 0.10596491396427156 0.18301435559988025 0.62090381979942333 0.50802230834960949 0.17082066833972934 0.64739304780960094 0.29582972824573522 0.72100931406021129 0.39139685034751898 0.307900220155716 1.0000000180025095e-35
decision_type=2 2 2 2 2 2 2 2 2 2 2 2 2 2 2 2 2 2 2 2 2 2 2 2 2 2 2 2 2 2
left_child=1 13 3 4 7 22 -7 -3 9 10 -4 15 -13 16 23 -10 17 20 19 -18 -1 -6 -5 25 -25 -15 -19 -20 -2 -11
right_child=28 2 8 5 21 6 -8 -9 11 29 -12 12 -14 14 -16 -17 18 26 27 -21 -22 -23 -24 24 -26 -27 -28 -29 -30 -31
leaf_value=0.073510037682699148 0.022102050316679125 -0.076712393432965278 0.23238779847007407 -0.066554196051605133 0.15042379395833946 0.042203865057436243 -0.068881779591967632 -0.0042238819978128537 -0.081790048060341125 -0.032608950699417917 -0.013909216738855774 0.0010088062776566532 0.047717650893284745 0.0080582670220894249 0.69841775724315847 0.0043819160977959662 -0.16665691368175217 0.29156021542136845 -0.08231784314825967 0.065784072409583949 -0.0044995394419736993 0.081762796294866505 0.094784265106892959 -0.07859328956920425 0.037248625600832828 0.25507626097457015 0.1449492310439757 0.049083304939307133 -0.16850094513743996 0.093083682771540499
leaf_weight=61.004347227084509 1.4323823155973494 100.73460928335862 5.5368607160630168 4.7668049575868272 29.447697119874647 46.91322206123732 470.92399075223511 2816.7870877346722 63.385851872115381 2.1802962003275743 114.50698526096545 10801.666951939005 117.72449896147009 214.09572354477132 0.37038316871257748 32.661776206456125 12.839341923594477 6.8565872162580472 4.7623413307592264 7.1068792848382136 42.450165056856349 204.05191799625754 54.5460634076735 37.924134628025058 23.007342997123487 2.4595652460739066 7.4090606197714806 52.270623962860554 6.9597942046257231 99.298032947815955
leaf_count=22279 66 569907 650 3456 5084 6449 66471 92607 182319 59 36521 894545 6100 26249 23 477 51 37 31 57 1059 996 581 55688 2221 731 20 223 1635 2047
internal_value=0.000222471 0.000296507 -0.000252463 -0.0064689 0.000472266 -0.0443651 -0.058818 -0.00672673 0.00181001 0.0400227 -0.0025491 0.00104155 0.00151239 0.0176815 0.00175525 -0.0524866 0.0404101 0.0625761 0.00651272 -0.0838377 0.0415006 0.0904219 0.081818 0.000825361 -0.0348521 0.0108638 0.215416 0.0381111 -0.135969 0.0903831
internal_weight=15446.1 15437.7 14965.1 3728.17 3151.02 577.15 517.837 2917.52 11237 221.522 120.044 11015.4 10919.4 472.556 277.857 96.0476 194.699 117.72 76.9792 19.9462 103.455 233.5 59.3129 277.487 60.9315 216.555 14.2656 57.033 8.39218 101.478
internal_count=1978639 1976938 1868269 745551 668594 76957 72920 662514 1122718 39277 37171 1083441 900645 108669 84912 182796 23757 23395 362 108 23338 6080 4037 84889 57909 26980 57 254 1701 2106
is_linear=0
shrinkage=0.1


Tree=83
num_leaves=31
num_cat=0
split_feature=5 4 5 3 3 2 7 7 3 7 3 6 6 6 2 10 10 14 3 14 9 10 3 5 9 3 4 4 10 11
split_gain=14.1397 12.6681 22.1934 23.6677 14.839 23.9248 119.762 96.0882 64.5484 61.9281 235.473 156.056 17.0632 12.4175 23.3259 10.6905 9.09534 9.52871 7.23296 11.3446 6.99124 5.10437 4.35354 9.28598 4.04322 3.19219 3.58777 1.72672 1.67095 1.41519
threshold=40.500000000000007 0.080540537834167494 9.5000000000000018 0.1352966129779816 0.1352966129779816 0.42933948338031774 1.0000000180025095e-35 0.31666667759418493 0.49205549061298376 0.10263158008456232 0.38038460910320288 0.66954022645950328 0.58658170700073253 0.66369047760963451 0.096006143838167204 0.84384033083915722 0.90338954329490673 0.46236410737037664 0.39803075790405279 0.43362227082252508 0.38559618592262274 0.96110200881958019 0.075710531324148192 4.5000000000000009 0.90674948692321788 0.307900220155716 0.088073693215847029 0.11189358308911325 0.9492306411266328 0.7379862666130067
decision_type=2 2 2 2 2 2 2 2 2 2 2 2 2 2 2 2 2 2 2 2 2 2 2 2 2 2 2 2 2 2
left_child=1 2 16 29 12 9 8 -8 -7 11 -11 -6 21 14 -14 -15 17 20 19 -5 -1 -3 23 -18 -24 27 -27 -2 -28 -4
right_child=25 4 3 18 5 6 7 -9 -10 10 -12 -13 13 15 -16 -17 22 -19 -20 -21 -22 -23 24 -25 -26 26 28 -29 -30 -31
leaf_value=-0.15640217257941957 -0.13449297740865321 -0.13515866982488775 -0.11464774752051561 0.10080468700659562 0.001086828091416245 -0.06764674516677284 -0.038472033834637778 0.00083490542564454277 0.060217486063946807 0.29549692156081692 -0.0067220434911995476 -0.069121443454089382 -0.045569052118141926 -0.002224145837245276 0.11489273463505052 0.023708783851401894 0.04208984878953561 -0.18541163644144079 0.078348986304112078 -0.091265962185574492 -0.011179973943765464 0.042708507862994488 0.028630609859678649 -0.061505494404678666 0.1156528850371603 0.11930585371171663 -0.13162527588572639 0.068023349835040936 -0.23716213401332947 -0.16175050050614673
leaf_weight=3.493256726405888 0.69959776830728326 9.7629704394093988 29.563304816803793 4.2625932552709864 1156.0542102651307 43.28075647575497 657.3388759354275 11540.808275929838 449.69132405092387 30.772954726093303 158.92386529855867 435.99611468550575 12.836068290111141 278.76193776146465 30.789888828752737 369.88998921960592 23.820994965732098 3.604159587994217 8.2618528542843706 11.039143605863499 64.976433912928769 1.9328551739454258 15.04614030942321 13.588383466005324 8.2756842970848066 0.41583235473080993 2.9981404578520596 1.05730803705228 3.0027467757463455 8.1333960145711881
leaf_count=873 46 1461 7371 930 130811 17404 556011 888210 54845 3695 166892 126924 680 15031 753 1709 102 21 100 226 3529 5 58 51 24 4 1654 19 14 38
internal_value=-0.000558763 -0.000488841 -0.0258765 -0.0756681 -0.00016421 -0.000853834 0.000669586 -0.00128328 0.0489916 -0.0117049 0.0423045 -0.0181403 0.0140136 0.0160373 0.0676801 0.012564 -0.00290872 -0.0269313 0.00294943 -0.037761 -0.0185891 -0.105764 0.0256005 0.00446043 0.0595102 -0.13205 -0.16475 -0.0126184 -0.184434 -0.124811
internal_weight=15379.1 15370.9 194.065 61.2603 15176.8 14472.9 12691.1 12198.1 492.972 1781.75 189.697 1592.05 703.974 692.278 43.626 648.652 132.805 72.0739 23.5636 15.3017 68.4697 11.6958 60.7312 37.4094 23.3218 8.17363 6.41672 1.75691 6.00089 37.6967
internal_count=1979491 1977754 13323 8665 1964431 1944792 1516470 1444221 72249 428322 170587 257735 19639 18173 1433 16740 4658 4423 1256 1156 4402 1466 235 153 82 1737 1672 65 1668 7409
is_linear=0
shrinkage=0.1


Tree=84
num_leaves=31
num_cat=0
split_feature=6 5 1 1 6 5 3 6 7 5 3 7 14 10 2 5 5 3 5 3 1 5 2 7 6 2 10 10 14 12
split_gain=16.2545 50.8402 91.1142 80.4643 92.6099 150.088 150.429 100.097 89.6527 581.266 132.736 60.7237 58.1745 56.8956 69.1428 54.9701 44.3186 38.4151 34.3662 98.4488 39.8216 37.7042 37.0475 31.5424 32.1493 89.0751 31.0833 30.1202 38.0293 29.4623
threshold=0.76230832934379589 4.5000000000000009 1.0000000180025095e-35 1.0000000180025095e-35 0.86159002780914318 1.5000000000000002 0.92895960807800304 0.95916664600372326 0.73214286565780651 2.5000000000000004 0.94804319739341747 0.240384615957737 0.51695176959037792 0.73710790276527416 0.8841681480407716 2.5000000000000004 6.5000000000000009 0.92370063066482555 7.5000000000000009 0.89732906222343456 1.0000000180025095e-35 6.5000000000000009 0.096006143838167204 0.84523808956146251 0.6789083480834962 0.7577352523803712 0.80814999341964733 0.64722883701324474 0.60932111740112316 1.0000000180025095e-35
decision_type=2 2 2 2 2 2 2 2 2 2 2 2 2 2 2 2 2 2 2 2 2 2 2 2 2 2 2 2 2 2
left_child=18 3 12 4 11 7 -7 -6 9 17 -11 15 -3 14 -4 -2 -16 -5 19 20 21 -1 -20 24 -24 -26 -13 28 -22 -10
right_child=1 2 13 8 5 6 -8 -9 29 10 -12 26 -14 -15 16 -17 -18 -19 22 -21 27 -23 23 -25 25 -27 -28 -29 -30 -31
leaf_value=0.068890102690285782 0.14002900556242723 0.0056336955656623149 -0.055140490030092616 -0.12712808243168827 0.060455705030558693 -0.02861757960227523 0.077831281739399086 0.009685623984871005 -0.0022478479862069788 0.045194103726425919 -0.027619555484001409 0.1017272420044245 -0.046866736005016021 0.063054344096008658 0.013935553871101134 -0.022667110240553109 0.19619895514050259 -0.20213457516083008 -0.052400049665042407 -0.0081294839993511087 0.16916963302183108 0.0020286196468148007 0.0071117270506875748 0.11403720671885301 -0.064766788517212182 0.0030914427460918517 0.045632466669678906 0.13409315316241002 0.80960019080067358 0.039850576958573788
leaf_weight=292.33962884890616 23.904167552597301 281.61454386966216 132.62160229944129 190.98112476054666 502.37633999991363 1460.6963955901206 146.02646859224478 1710.6670833137102 3009.8838962565424 454.80684850009493 556.94164699826797 164.43130928318715 842.4435947182028 183.21436778083444 40.535660214241943 158.23212759343187 19.885655582620529 106.28013733490297 128.17793726565242 508.51650523631542 2.1686837808520099 118.53977862903776 2801.8067924853949 25.074754609508091 255.50471227584239 796.37976366787916 247.42450113990344 18.938997894525528 1.6196796750737119 175.95800437382422
leaf_count=52187 845 122052 13710 76225 52648 193238 2307 127589 260727 29495 73050 30800 42338 1129 6483 55071 580 13287 13161 79466 1152 38599 520666 347 112408 44199 1669 82 207 13397
internal_value=-0.000182646 -0.0024259 -0.0194559 0.000442155 0.0100328 0.00432074 -0.018943 0.0212108 -0.00897551 -0.0310081 0.00511205 0.0467655 -0.0337136 0.0231386 -0.0147448 -0.00131434 0.0739215 -0.153945 0.00453538 0.0217207 0.0567278 0.0496004 0.000494729 0.00224269 0.00151528 -0.0133914 0.068028 0.185581 0.44298 7.73003e-05
internal_weight=15358 10408.9 1500.32 8908.61 4413.76 3819.77 1606.72 2213.04 4494.85 1309.01 1011.75 593.992 1124.06 376.257 193.043 182.136 60.4213 297.261 4949.07 942.123 433.607 410.879 4006.94 3878.77 3853.69 1051.88 411.856 22.7274 3.78836 3185.84
internal_count=1979114 1116640 186292 930348 464167 375782 195545 180237 466181 192057 102545 88385 164390 21902 20773 55916 7063 89512 862474 171693 92227 90786 690781 677620 677273 156607 32469 1441 1359 274124
is_linear=0
shrinkage=0.1


Tree=85
num_leaves=31
num_cat=0
split_feature=6 1 4 7 2 3 7 2 4 7 6 4 4 14 7 3 2 6 4 2 2 7 2 7 4 6 7 4 6 11
split_gain=10.2051 45.6624 279.906 84.8185 106.207 175.577 84.5351 47.9245 46.0341 39.4695 247.618 48.5309 41.6083 30.7577 30.6331 29.7302 30.122 28.1575 23.9798 21.7098 20.3661 92.0527 36.074 33.8397 39.3785 32.7352 28.008 35.7766 25.0355 20.754
threshold=0.87026646733284008 1.0000000180025095e-35 0.92907443642616283 0.47727273404598242 0.76239567995071422 0.86743059754371654 0.52777779102325451 0.17082066833972934 0.89039039611816417 0.81666666269302379 0.92052632570266735 0.9634092152118684 0.99382716417312633 0.82826295495033275 0.89444443583488475 0.81455025076866161 0.75134408473968517 0.92940199375152599 0.17192118614912036 0.77849927544593822 0.4803846031427384 1.0000000180025095e-35 0.30471627414226538 0.18465909361839297 0.63686314225196849 0.41421362757682806 0.27922078967094427 0.72046512365341198 0.33520600199699407 0.32071428000926977
decision_type=2 2 2 2 2 2 2 2 2 2 2 2 2 2 2 2 2 2 2 2 2 2 2 2 2 2 2 2 2 2
left_child=14 3 -3 7 -5 6 -6 -2 -7 10 11 -4 -12 19 20 18 -17 -15 -9 -11 22 29 -1 25 -25 -23 28 -28 -24 -22
right_child=1 2 9 4 5 8 -8 15 -10 13 12 -13 -14 17 -16 16 -18 -19 -20 -21 21 23 26 24 -26 -27 27 -29 -30 -31
leaf_value=0.00088342069192651738 0.014229224967489679 -0.13066748649873383 0.041743773007367084 0.051534940614542252 0.0094562883428513152 0.093998735110557868 -0.089373994047106137 -0.24355501903582832 0.018008361908443495 -0.038825063467562801 -0.17897243640952654 -0.026125876539176945 0.019066430146200145 -0.06008413175772899 0.073908019872917299 0.17608897837429838 -0.0042587200995397173 0.063063616546508924 -0.032068045458900907 0.00098236008421395313 0.0305949508967173 0.37960048601977892 0.036965445150153806 0.064010530436805949 0.0017885827813182882 -0.070417011253927173 0.095687834523968535 -0.036690062233823532 -0.046082939803934984 0.085252583440505209
leaf_weight=1569.7734733870193 495.43100843504521 186.63296444530351 204.295276268218 652.31236445979448 132.53850966686878 87.408294813081739 249.41938141785795 5.3968388897083051 906.22912629370694 146.833907379827 103.41846743216956 217.55335482305964 11.821850293330497 21.720839604735374 59.240190231837914 9.494322065569575 377.03972433532203 127.87053250009194 816.63004751336121 2046.0960877178877 126.64390256110619 1.6492327270461817 39.773275451541849 103.50039611977627 5886.4350986422487 81.257098634665454 38.030837010759569 44.078173437254009 415.5417279532594 153.88271066918969
leaf_count=129547 10187 78477 8603 14564 3185 1067 6142 203 22153 12859 11924 14350 414 192 1496 143 36572 11882 263214 189662 29823 1347 13806 64578 518631 161374 10115 10234 350872 1872
internal_value=-5.68607e-05 -0.0029464 -0.011988 0.00448248 0.0183019 0.00254267 -0.0550801 -0.0119639 0.0246931 -0.00429617 -0.0287464 0.00674243 -0.158657 0.00130973 0.00224876 -0.0227014 0.000171107 0.0451824 -0.0334565 -0.00168306 0.00174701 0.00457257 -0.00677227 0.00198551 0.00286372 -0.0614649 -0.029134 0.0246241 -0.0388284 0.0605774
internal_weight=15317.9 6798.14 3066.24 3731.9 2027.91 1375.6 381.958 1703.99 993.637 2879.61 537.089 421.849 115.24 2342.52 8519.81 1208.56 386.534 149.591 822.027 2192.93 8460.57 6353.37 2107.2 6072.84 5989.94 82.9063 537.424 82.109 455.315 280.527
internal_count=1979488 685793 328363 357430 47111 32547 9327 310319 23220 249886 35291 22953 12338 214595 1293695 300132 36715 12074 263417 202521 1292199 777625 514574 745930 583209 162721 385027 20349 364678 31695
is_linear=0
shrinkage=0.1


Tree=86
num_leaves=31
num_cat=0
split_feature=6 5 5 2 5 6 6 3 10 11 6 2 2 5 6 3 14 6 8 6 5 5 1 3 5 5 1 1 14 11
split_gain=13.3457 55.8059 23.0793 21.7064 17.132 40.689 22.7524 28.0808 18.3037 33.1872 16.6305 22.8499 19.2152 13.4397 13.4186 18.6004 31.1375 13.0167 12.691 12.4741 55.6666 41.028 38.5371 113.804 88.8499 27.0766 45.9583 40.7908 23.4769 23.2256
threshold=0.37176080048084265 19.500000000000004 11.500000000000002 0.61938297748565685 22.500000000000004 0.2314560413360596 0.15470086038112643 0.39803075790405279 0.68307831883430492 0.37797619402408605 0.25211864709854132 0.39052423834800726 0.39250700175762182 23.500000000000004 0.43613053858280187 0.41290104389190679 0.67018207907676708 0.25211864709854132 1.0000000180025095e-35 0.84698995947837841 2.5000000000000004 4.5000000000000009 1.0000000180025095e-35 0.91695404052734386 1.5000000000000002 5.5000000000000009 1.0000000180025095e-35 1.0000000180025095e-35 0.50965270400047313 0.50806450843811046
decision_type=2 2 2 2 2 2 2 2 2 2 2 2 2 2 2 2 2 2 2 2 2 2 2 2 2 2 2 2 2 2
left_child=2 19 17 14 5 6 7 -4 -7 -10 -6 13 -13 -12 15 -3 -17 -1 -19 20 29 22 24 -24 -21 26 -22 -27 -23 -2
right_child=1 3 4 -5 10 8 -8 -9 9 -11 11 12 -14 -15 -16 16 -18 18 -20 21 25 28 23 -25 -26 27 -28 -29 -30 -31
leaf_value=0.028585094889201856 0.17498554752780393 -0.11143414169707172 -0.16795060020152577 0.020351141176464787 0.015797747589170904 -0.026475079158881455 -0.093725849915684403 0.069452788849567987 0.12669619763549475 0.037876120469845877 0.010811771616589033 0.87931240159584645 0.073164549983160188 -0.077030456875939152 -0.11383884427181433 0.11328675244448112 -0.071634101509514159 -0.11220525677607035 -0.70454758036367415 0.018313976121266586 0.028352318423414999 0.0067606321153423953 -0.085082854321895426 -0.0052408962015004371 -0.011959329945813141 -0.0089639049925834616 -0.00028830114203370959 0.012285791349440838 -0.062786880814559756 0.019387869917433902
leaf_weight=7.9963264485686549 26.310033726764232 27.404976620641719 6.2052895253946216 26.764633716814387 190.847435089383 31.041621925804066 35.994653499774358 25.281380854332383 51.762070651049726 224.61356432852335 24.091072170820553 0.30316746256357774 11.965332852856589 62.873962374964321 58.46517784225216 14.345767733777391 24.928429209494425 18.272618782393696 0.3690052991732945 2183.9001370425385 899.76324931099407 66.976832830441708 188.84305051205592 3266.8182320601773 1743.4120874776081 3081.8391522029997 1484.9076530788152 1277.942601207269 176.30102907928449 15.098242277279494
leaf_count=360 2050 4995 442 1718 10946 24452 3878 851 1020 1311 2126 197 4544 12639 32018 18035 1324 1942 30 179745 142602 12287 77376 284455 216443 619602 188987 123910 8286 105
internal_value=-0.000449276 -0.00109381 0.0131233 -0.0613875 0.0167795 0.0308984 -0.0394176 0.0226661 0.0463335 0.0545111 -0.00146775 -0.034673 0.0930853 -0.0526964 -0.0788689 -0.0482068 -0.00408768 -0.0781475 -0.12393 -0.000458295 0.00266055 -0.00323345 -0.00190201 -0.00960406 0.00487505 0.00195086 0.0105181 -0.00273518 -0.0436398 0.118252
internal_weight=15255.6 14564 691.618 151.909 664.98 374.899 67.4813 31.4867 307.417 276.376 290.081 99.2335 12.2685 86.965 125.144 66.6792 39.2742 26.638 18.6416 14412.1 6785.86 7626.25 7382.97 3455.66 3927.31 6744.45 2384.67 4359.78 243.278 41.4083
internal_count=1978676 1913938 64738 58090 62406 31954 5171 1293 26783 2331 30452 19506 4741 14765 56372 24354 19359 2332 1972 1855848 1077256 778592 758019 361831 396188 1075101 331589 743512 20573 2155
is_linear=0
shrinkage=0.1


Tree=87
num_leaves=31
num_cat=0
split_feature=10 9 11 10 10 11 3 14 5 1 7 7 2 7 2 10 7 2 7 12 14 11 14 12 10 10 9 11 12 11
split_gain=14.4813 105.086 52.1285 36.7609 74.4376 157.247 311.509 29.8522 28.6489 78.2449 250.491 43.2438 38.1534 49.1256 36.7089 27.8727 26.5447 24.7635 24.3896 24.4742 22.7523 22.4973 21.3598 195.541 20.5724 143.353 19.3232 27.0613 17.3172 36.4855
threshold=0.47836488485336309 0.29647350311279302 0.12060606107115747 0.41103501617908483 0.41309450566768652 0.065591398626565947 0.94804319739341747 0.64753437042236339 1.0000000180025095e-35 1.0000000180025095e-35 0.73214286565780651 0.31666667759418493 0.51000401377677929 0.10263158008456232 0.76239567995071422 0.80814999341964733 0.96153846383094799 0.92380261421203624 0.84523808956146251 1.0000000180025095e-35 0.86038899421691906 0.096006143838167204 0.25337898731231695 -1.0000000180025095e-35 0.40864889323711401 0.40685302019119268 0.52391350269317638 0.3514705896377564 1.0000000180025095e-35 0.084523811936378493
decision_type=2 2 2 2 2 2 2 2 2 2 2 2 2 2 2 2 2 2 2 2 2 2 2 2 2 2 2 2 2 2
left_child=1 3 28 -1 5 -5 -7 21 9 11 17 12 13 -2 15 -12 18 -11 26 -20 -16 -6 23 -4 25 -24 27 -10 -3 -30
right_child=8 2 22 4 7 6 -8 -9 16 10 14 -13 -14 -15 20 -17 -18 -19 19 -21 -22 -23 24 -25 -26 -27 -28 -29 29 -31
leaf_value=-0.0002014152609732102 -0.0029951446100321801 -0.070061034764313551 7.4283096183796946 -0.10093839969189074 0.1301957144450431 -0.10087723956469613 9.3464011031499563 1.2578066069312213 0.0042102718275219735 -0.1222989210654189 -0.091573017050141509 0.052151393712193607 -0.092771369228348222 0.18783147307607431 0.014043760365865538 0.092430756223409238 0.089719268526267992 -0.22988195368401085 -0.11333362380520476 0.11097968546287923 0.070482762944798882 -0.12959525211824952 0.13455888678935699 -0.10022650283413032 0.023148636480089295 2.8144079954612393 -0.0024017340376453118 0.039568006380610608 0.0060267017673890956 -0.10516571570747475
leaf_weight=3926.7325621218902 109.19048985370682 322.2959112589042 0.03984771684918087 0.22604785603107558 21.111944508451423 0.077486072477768175 0.063509752042591572 0.22050897742155839 1554.3905977028735 64.378867166189593 49.23497097362997 548.30569747246045 38.98614857251232 15.392298910192038 523.43580722773913 9.8852783974725735 32.747192853421438 32.045553367206594 32.710558909107931 5.7136689815670243 82.714738140697591 3.9583364416976101 6.6658163990177846 0.25706292875838599 30.274900487340346 0.20577438612235699 7410.9719717969128 251.48212916462217 96.824213056883764 42.446964972885326
leaf_count=252277 6091 1238770 19 469 4590 48 3 41 189247 3084 779 9204 2145 1458 14467 713 522 533 184 101 10196 558 921 282 11253 56 162348 2301 38574 28277
internal_value=-8.41129e-05 -0.00488129 -0.0481226 0.000578159 0.119886 1.53375 4.15453 0.0993666 0.00190018 0.0148538 -0.00742302 0.0386897 -0.00643571 0.0205816 0.0144093 -0.0608064 -0.00015495 -0.158053 -0.000472945 -0.0799783 0.0217454 0.0891774 0.0653556 0.910162 0.0586031 0.214809 -0.000141494 0.00913412 -0.0573282 -0.0278624
internal_weight=15213 4451.4 499.01 3952.39 25.6578 0.367044 0.140996 25.2908 10761.6 1473.57 761.695 711.875 163.569 124.583 665.271 59.1202 9288.02 96.4244 9255.27 38.4242 606.151 25.0703 37.4434 0.296911 37.1465 6.87159 9216.84 1805.87 461.567 139.271
internal_count=1979511 1576138 1318152 257986 5709 520 51 5189 403373 48670 29772 18898 9694 7549 26155 1492 354703 3617 354181 285 24663 5148 12531 301 12230 977 353896 191548 1305621 66851
is_linear=0
shrinkage=0.1


Tree=88
num_leaves=31
num_cat=0
split_feature=11 4 4 7 5 4 3 2 7 7 7 3 6 3 10 10 5 10 11 6 5 6 6 5 5 6 4 11 5 6
split_gain=15.3413 16.9074 13.1281 13.7703 13.2779 12.5709 16.6987 21.6753 93.0742 54.0315 47.6627 143.205 117.957 40.7734 18.1668 27.4234 58.1796 26.8701 21.5 21.1188 13.5297 15.5159 22.4895 13.7356 13.4464 11.8144 11.5142 10.3487 9.64563 18.4979
threshold=0.79057019948959362 0.73375529050827037 0.64565756916999828 0.38750000298023229 31.500000000000004 0.080540537834167494 0.1352966129779816 0.42933948338031774 1.0000000180025095e-35 0.18465909361839297 0.093073595315217986 0.35038460791110998 0.64760348200798046 0.49205549061298376 0.84384033083915722 0.75484195351600658 5.5000000000000009 0.72100931406021129 0.5313725769519807 0.84924244880676281 9.5000000000000018 0.38138528168201452 0.37176080048084265 12.500000000000002 14.500000000000002 0.8019607961177827 0.17192118614912036 0.81980520486831676 2.5000000000000004 0.73401361703872692
decision_type=2 2 2 2 2 2 2 2 2 2 2 2 2 2 2 2 2 2 2 2 2 2 2 2 2 2 2 2 2 2
left_child=5 2 4 27 28 20 14 10 13 -10 12 -12 -8 -9 15 17 -17 -7 19 -16 -1 22 23 -22 -24 -20 -6 -4 -2 -30
right_child=1 -3 3 -5 26 6 7 8 9 -11 11 -13 -14 -15 18 16 -18 -19 25 -21 21 -23 24 -25 -26 -27 -28 -29 29 -31
leaf_value=-0.010539140087396306 0.050741439168859787 0.051981510663290958 -0.0024989124682529302 0.091836360398663233 0.016268736782887979 0.002418744484991818 0.0014023268961010412 -0.056583035655559902 -0.0576311078246943 -0.00035651862056816077 0.27000471035781554 0.0010537335486874289 -0.065077659779190694 0.053806847501826099 0.11668913584685446 -0.076989259578391478 0.062904294888983955 0.096975713716619269 -0.022224577056745385 0.031387310217357467 0.51253174885962627 -0.118718745602233 1.2886160834531661 -0.029156576808857609 -0.10232091086339622 0.027508803489311506 -0.12570635838258079 -0.17346507931789651 0.018532839891994436 -0.045163603743155895
leaf_weight=120.47222775116461 65.833745712414384 107.6375131662935 5.4088223110884455 4.0808767862617961 10.32404285669327 122.81578318119136 855.05355149822208 36.372455082719171 167.05806271834444 11725.218899047959 22.843252893795579 148.48525383308515 388.00845400994331 417.77565730484457 47.884491799399257 98.362728700041771 42.605548878200352 39.788710137829185 67.324197620153427 73.685999304056168 0.48373087535946702 28.682551665204301 0.21486808636837018 14.495496730232842 0.10272971664380748 164.41682318598032 12.787704093381761 10.249835683032869 308.93594228569418 53.485618425533175
leaf_count=4562 375 5466 29 25 32 16813 117090 17500 343124 1095717 910 180189 130438 54774 167 372 285 266 203 272 30 6337 15 2243 105 860 58 66 1299 366
internal_value=0.000256033 0.0162235 0.00805357 -0.0717713 0.0115445 -0.000377691 -6.41143e-05 -0.000807673 0.000535631 -0.00116109 -0.0125336 0.036913 -0.0193487 0.0449658 0.0155124 -0.00242842 -0.0347085 0.0255565 0.0309276 0.0649862 -0.0278694 -0.0753421 0.00599206 -0.0116636 0.838706 0.0130605 -0.0622859 -0.11441 0.015529 0.00913262
internal_weight=15160.9 578.744 471.107 19.7395 451.367 14582.2 14417.7 13760.8 12346.4 11892.3 1414.39 171.329 1243.06 454.148 656.884 303.573 140.968 162.604 353.312 121.57 164.452 43.9794 15.2968 14.9792 0.317598 231.741 23.1117 15.6587 428.255 362.422
internal_count=1979988 7716 2250 120 2130 1972272 1958980 1939742 1511115 1438841 428627 181099 247528 72274 19238 17736 657 17079 1502 439 13292 8730 2393 2273 120 1063 90 95 2040 1665
is_linear=0
shrinkage=0.1


Tree=89
num_leaves=31
num_cat=0
split_feature=11 9 9 10 11 9 10 2 10 14 2 7 10 11 10 9 0 14 12 6 5 2 7 7 11 2 10 4 9 9
split_gain=14.1249 31.9569 30.2839 58.5114 29.7026 81.0806 58.9719 36.2335 29.9606 130.774 29.7009 28.993 28.2243 26.0401 24.0228 49.8386 39.3899 22.4479 53.5998 20.2763 61.1405 50.1217 80.8757 69.7533 23.3051 20.0639 124.422 19.3613 19.0435 22.9968
threshold=0.21807064861059192 0.55823644995689403 0.37051336467266088 0.44124551117420202 0.040408162400126464 0.23094017058610919 0.5578589439392091 0.44327485561370855 0.29516004025936132 0.61388888955116283 0.44552318751811987 0.96153846383094799 0.78886163234710704 0.10435571894049646 0.51358735561370861 0.5278482735157014 1.0000000180025095e-35 0.68485072255134594 1.0000000180025095e-35 0.85839599370956432 2.5000000000000004 0.77015754580497753 0.47727273404598242 0.16025641560554507 0.50806450843811046 0.80982521176338207 0.51132091879844677 0.90521115064620983 0.66220691800117504 0.46580845117568975
decision_type=2 2 2 2 2 2 2 2 2 2 2 2 2 2 2 2 2 2 2 2 2 2 2 2 2 2 2 2 2 2
left_child=2 14 4 -4 5 8 7 -6 27 -10 -9 19 -13 -8 15 25 -17 -7 -19 20 -3 22 -21 -23 -22 26 -2 -1 29 -5
right_child=1 11 3 28 6 17 13 10 9 -11 -12 12 -14 -15 -16 16 -18 18 -20 21 24 23 -24 -25 -26 -27 -28 -29 -30 -31
leaf_value=0.019967194221613485 0.28874996858197816 0.11535542793702741 -0.074975425040282193 -0.00015317634269795331 -0.10337756447892091 -0.073322523602716003 -0.046159943039164805 1.1957251621408169 0.25500542388945718 5.0978486216763113 0.061996593183980535 -0.013384876327023357 0.074166107514453558 0.011208542596493523 0.015911197586954674 -0.10006461496811013 3.4584045257720364 -0.10003516494758465 2.4931609846241596 -0.01196456372722372 0.0082526637459923204 0.1011511491783401 0.039460652090068993 -0.027313257960609467 -0.0060170351578887069 0.011294934955163304 4.9266804656397234 -0.002873229594509581 0.023965902030590527 -0.025042687838024526
leaf_weight=416.62550531438183 1.8832351604796702 47.58347102481639 150.17867015597608 707.97402342471264 13.773431694675535 165.65272089889868 112.8384537579841 0.23127647927503758 1.6461354309903971 0.057714808441232779 264.0764087798068 58.344674485269934 99.815339964348823 264.79408175918797 1248.141600858813 0.049319846570142434 0.084236957132816315 0.25718401819176406 0.11550280451774597 945.85779867332894 2388.5066692577821 43.789829747984186 451.94581287819892 1215.2375508487457 2197.5096707646735 2.7464405314531177 0.059675461699953192 3398.5840417339568 151.90465802774997 780.44800237906929
leaf_count=51943 584 355 463447 186730 37030 821214 1689 732 2306 54 63849 1331 13078 4390 24205 128 1 1006 1 14244 44333 1102 2835 12437 19758 17 58 22135 3825 184784
internal_value=-0.000630171 0.00199611 -0.00418471 -0.0152315 7.93216e-05 -0.00316749 0.0198011 0.0547485 -0.000191798 0.419048 0.0629886 -0.000489403 0.0418689 -0.00593344 0.0167719 0.239523 2.14433 -0.0715784 0.703646 -0.00140833 0.00258504 -0.00837291 0.00466253 -0.0228452 0.00141496 0.185272 0.431202 -0.000379028 -0.00976173 -0.0132039
internal_weight=15130.7 8701.56 6429.16 1790.51 4638.65 3982.94 655.714 278.081 3816.91 1.70385 264.308 7448.59 158.16 377.633 1252.96 4.82291 0.133557 166.025 0.372687 7290.43 4633.6 2656.83 1397.8 1259.03 4586.02 4.68935 1.94291 3815.21 1640.33 1488.42
internal_count=1979601 134466 1845135 838786 1006349 898659 107690 101611 76438 2360 64581 109473 14409 6079 24993 788 129 822221 1007 95064 64446 30618 17079 13539 64091 659 642 74078 375339 371514
is_linear=0
shrinkage=0.1


Tree=90
num_leaves=31
num_cat=0
split_feature=6 5 11 14 5 1 10 1 4 3 11 9 5 6 6 6 14 6 10 4 6 11 7 14 1 1 3 5 6 6
split_gain=11.6734 41.9221 73.5242 36.1935 35.9346 85.6799 78.1422 46.0662 104.614 68.1563 59.0717 89.5809 57.4565 116.803 95.3145 41.9921 40.7701 31.7386 30.9235 1077.51 28.1208 36.4811 54.295 39.6509 58.5401 38.1229 29.6221 25.1693 35.673 28.5189
threshold=0.73727351427078258 8.5000000000000018 0.15894736349582675 0.79069387912750255 4.5000000000000009 1.0000000180025095e-35 0.73710790276527416 1.0000000180025095e-35 0.97332859039306652 0.85251155495643627 0.60434782505035411 0.81509971618652355 2.5000000000000004 0.86602565646171581 0.91751700639724743 0.79361054301261913 0.51948291063308727 0.44862772524356848 0.25324894487857824 0.62432795763015758 0.48181217908859258 0.50806450843811046 0.63068181276321422 0.82826295495033275 1.0000000180025095e-35 1.0000000180025095e-35 0.4907375723123551 17.500000000000004 0.33520600199699407 0.31762748956680303
decision_type=2 2 2 2 2 2 2 2 2 2 2 2 2 2 2 2 2 2 2 2 2 2 2 2 2 2 2 2 2 2
left_child=1 2 -1 17 7 16 15 8 12 -9 11 -11 14 -14 -2 -7 -6 -4 19 -18 27 23 26 -22 -25 -24 -23 29 -29 -3
right_child=4 20 3 -5 5 6 -8 9 -10 10 -12 -13 13 -15 -16 -17 18 -19 -20 -21 21 22 25 24 -26 -27 -28 28 -30 -31
leaf_value=-0.013431562351872024 0.05553820530465936 -0.028782351490592009 -0.1573473346116902 0.012437231455658258 0.0022766573543883113 -0.032765302279340568 0.056995820715043201 -0.11531299583029549 0.07623156962501626 -0.0020983879813128545 0.071612507471103592 -0.050936418279641973 0.020063405245105585 -0.043220145835138314 0.0045186247002756428 0.057006166820925956 36.969589852896455 0.057084868906154718 -0.037629166059320873 -0.10015368102660278 -0.0096884625729982549 -0.047132499579301559 -0.110086212717765 0.014532472967905172 0.15058046116414656 0.10189120381678785 0.0044432512593153882 0.012823686569857391 -0.036517498210627157 0.034288462001584114
leaf_weight=456.55506801013689 428.2832985042287 84.420124310603569 7.0025580372312097 365.24999625678174 343.30591705325605 267.13470368276103 272.69715337012894 56.778242531141586 213.70002612152894 3908.0427557725125 98.278819909668528 415.50898460589815 538.2373945688596 636.6253833130686 2524.9169628074605 64.733002383734856 0.0080928683346418451 483.19722938301857 1062.3916214907349 0.25216813300357899 940.5521299680322 184.23014660784975 104.84547279798426 200.37074092915282 37.555886272806674 9.2311119323130679 281.5321268029511 425.84912022599474 223.3944013264645 475.53888912136426
leaf_count=196454 46542 7740 112 2861 167498 32579 1701 48870 4858 411672 7214 6321 96993 88398 229248 7692 18 10885 52973 528 389806 1941 1162 1337 180 159 3343 34943 67201 57913
internal_value=-0.000334505 0.00408725 0.0189724 0.0362664 -0.00208164 -0.0141463 0.0173348 0.000668379 0.00800821 -0.00644718 -0.0050493 -0.0067919 0.00447645 -0.0142282 0.0119177 -0.0152548 -0.0276832 0.0540217 -0.0373622 1.05254 -0.00249379 -0.0105665 -0.0311014 -0.000462833 0.0360072 -0.0929329 -0.0159573 0.0092448 -0.00415383 0.0247798
internal_weight=15110.4 4279.53 1312 855.45 10830.9 2010.52 604.565 8820.37 4341.76 4478.61 4421.83 4323.55 4128.06 1174.86 2953.2 331.868 1405.96 490.2 1062.65 0.260261 2967.52 1758.32 579.839 1178.48 237.927 114.077 465.762 1209.2 649.244 559.959
internal_count=1979142 776037 210312 13858 1203105 262989 41972 940116 466039 474077 425207 417993 461181 185391 275790 40271 221017 10997 53519 546 565725 397928 6605 391323 1517 1321 5284 167797 102144 65653
is_linear=0
shrinkage=0.1


Tree=91
num_leaves=31
num_cat=0
split_feature=10 9 10 4 2 14 5 1 4 11 10 9 10 4 4 2 5 4 5 11 9 3 3 12 9 2 10 14 11 10
split_gain=16.9892 86.6848 88.1299 893.478 5593.38 7146.23 36.4121 63.2954 222.141 32.3062 29.4561 28.1961 28.5915 26.8063 25.2344 119.035 1301.74 53.1963 266.791 21.3979 22.8366 17.4566 208.579 16.9793 16.5264 41.8865 72.1743 213.606 31.71 25.944
threshold=0.47836488485336309 0.27511468529701238 0.24666429311037066 0.58102023601531994 0.76533168554306041 0.59000802040100109 1.0000000180025095e-35 1.0000000180025095e-35 0.99382716417312633 0.17519181966781619 0.4204836785793305 0.697758048772812 0.48943608999252325 0.86526826024055492 0.58745098114013683 0.77849927544593822 4.5000000000000009 0.58885449171066295 13.500000000000002 0.040408162400126464 0.37850958108901983 0.78317934274673473 0.77807807922363292 1.0000000180025095e-35 0.42889758944511419 0.93957647681236278 0.51628047227859508 0.68485072255134594 0.17519181966781619 0.56148993968963634
decision_type=2 2 2 2 2 2 2 2 2 2 2 2 2 2 2 2 2 2 2 2 2 2 2 2 2 2 2 2 2 2
left_child=1 10 3 4 -3 -6 7 13 -9 19 14 12 -10 -2 15 -1 -17 18 -16 23 -21 22 -11 -4 25 28 27 -27 29 -8
right_child=6 2 9 -5 5 -7 24 8 11 21 -12 -13 -14 -15 17 16 -18 -19 -20 20 -22 -23 -24 -25 -26 26 -28 -29 -30 -31
leaf_value=-0.053418151746853527 0.017433565089746635 -0.10001251368022644 -0.086853630572615192 -0.10133845527789667 -137.19638028098453 -0.10005216216869589 0.031762655290806394 -0.15165817218335687 0.12750101401128103 0.25342307681877035 0.12150678360292316 0.067019589500031423 0.0031337324780311634 0.056641712846062245 0.17994831955210605 -0.15208155065720744 -12.981235519885869 -0.0016008706189280675 5.3728792949498816 -5.5515050710831624e-05 -0.054481694086975535 0.10610074494188511 7.8567268845412972 -0.0063380677694101417 -0.0026900201453089346 0.22534529604814227 0.08439392306901311 2.680743844796607 0.03038706670286025 -0.023945629377576438
leaf_weight=18.370183169597812 342.92028433417727 0.08785359003198312 154.39146846261718 1.2073708478947081 0.0072941416225082998 0.0079418462264584377 112.36782144815515 90.211251391439873 19.130628347600577 0.84049048046654107 19.415169976939069 91.97362997115124 547.92513268240145 354.7818218528846 1.0142452718500852 1.0710996453562973 0.085396763418188359 3834.6086995826327 0.10962757861852868 138.51302331093183 173.85934873637871 6.8129670200287364 0.037698223837651312 31.542488192775636 8396.6965354861713 1.9963150795520079 20.481087757041678 0.43074509233701963 359.09183323352045 326.51517277228413
leaf_count=47603 11647 1326 1115876 3839 28 20 43002 3619 2461 1159 1424 11344 12511 7218 744 564 116 109762 236 94672 188633 161 2 9361 292001 87 140 26 10021 9317
internal_value=-0.00120493 -0.00644701 -0.0453173 -0.864325 -9.80032 -65.7341 0.000949013 0.0156971 -0.00448589 -0.0431962 -0.00135776 0.0156598 0.00732948 0.0373709 -0.0019765 -0.115368 -1.0994 -0.00139926 0.68649 -0.0463354 -0.0303479 0.16019 0.579812 -0.0731947 -0.00136608 0.0121763 0.145497 0.66112 0.00834893 -0.00968256
internal_weight=15046.5 4381.98 507.308 1.31046 0.10309 0.015236 10664.5 1446.94 749.241 505.997 3874.67 659.029 567.056 697.702 3855.26 19.5267 1.1565 3835.73 1.12387 498.306 312.372 7.69116 0.878189 185.934 9217.58 820.883 22.9081 2.42706 797.975 438.883
internal_count=1978920 1575526 1415077 5213 1374 48 403394 48800 29935 1409864 160449 26316 14972 18865 159025 48283 680 110742 980 1408542 283305 1322 1161 1125237 354594 62593 253 113 62340 52319
is_linear=0
shrinkage=0.1


Tree=92
num_leaves=31
num_cat=0
split_feature=11 4 5 6 5 6 6 5 6 2 7 7 10 11 3 2 7 14 3 4 2 6 11 3 2 3 4 6 2 10
split_gain=13.3515 19.4667 16.8699 27.4273 18.3543 13.9822 16.0528 12.5862 11.7504 11.7231 96.6424 76.4024 61.1 40.2904 36.2244 152.531 30.5612 162.201 96.8404 80.4027 43.3863 132.884 43.4743 18.155 120.24 17.4045 39.6707 14.334 14.0036 13.0638
threshold=0.86515152454376232 0.90054944157600414 12.500000000000002 0.4014925360679627 27.500000000000004 0.70871210098266613 0.44151847064495092 17.500000000000004 0.25211864709854132 0.47469820082187658 1.0000000180025095e-35 0.16025641560554507 0.53257653117179882 0.18019481003284457 0.85536885261535656 0.8521554470062257 0.10263158008456232 0.37784446775913244 0.41862435638904577 0.37952858209609991 0.2237871661782265 0.73105624318122875 0.096006143838167204 0.77807807922363292 0.65240275859832775 0.57801935076713573 0.49295215308666235 0.76230832934379589 0.58380147814750682 0.9492306411266328
decision_type=2 2 2 2 2 2 2 2 2 2 2 2 2 2 2 2 2 2 2 2 2 2 2 2 2 2 2 2 2 2
left_child=9 2 5 4 -4 6 -2 -5 -6 12 13 -12 -1 14 15 -11 20 19 -19 -18 22 -22 -14 24 -13 26 -15 -16 -27 -25
right_child=1 -3 3 7 8 -7 -8 -9 -10 10 11 23 16 25 27 -17 17 18 -20 -21 21 -23 -24 29 -26 28 -28 -29 -30 -31
leaf_value=-0.084830724999493914 -0.020278621769834845 0.098271088461127504 0.033191091195365958 -0.029424074001550116 -0.013411179678037274 0.0079822150782268442 0.10499775324381906 -0.140518863388958 -0.14097674953764527 0.032393172173916553 -0.099135152005384322 0.018460485226419163 0.31427079815584019 -0.046605187840968697 -0.56151275933339728 5.2513361592727428 1.7664851123227494 0.15293817054596048 -0.0067803939833862778 -0.10416890861989354 0.00041474986072698443 -0.088454921149071733 0.0018106154125099453 -0.00011828046556921119 -0.047590058729597817 0.13447324493220883 0.13304723077155955 -0.076733563257312176 0.068907926786830428 0.018150174509313232
leaf_weight=97.416566216163119 13.24896747805178 28.452405171701685 112.80462036654353 22.965985964983702 26.030111186206341 61.319099014159292 44.866562851704657 18.342646928038448 9.9928720761090499 78.248624864200053 79.368686501569755 580.7712599971037 4.4671869787125607 34.880041375698056 0.62063758361321575 0.056040728607910206 0.79960091778775566 46.972223702163319 197.8958930655208 0.32240869720408227 557.38776361251439 241.00343456207338 1393.1039517237914 10178.10603122945 524.53023630788448 38.969058101356495 18.979800298897317 35.35374354727432 198.55312499415595 407.09687449596822
leaf_count=470402 63 3243 387 131 91 445 142 139 57 31561 161859 195871 1446 1615 392 4 22 1497 17650 65 55943 43177 24834 864640 68901 299 342 19041 3136 12359
internal_value=-0.00053661 0.0191133 0.011838 -0.00666359 0.013346 0.0412919 0.0764377 -0.0787545 -0.0487982 -0.000987998 0.000301027 -0.00135297 -0.0071685 0.0482903 -0.00203279 0.0361282 -0.00407033 0.0293546 0.0238579 1.22895 -0.00781456 -0.0264116 0.00280936 -0.000689115 -0.0128844 0.0680268 0.016703 -0.0850971 0.0796649 0.000584307
internal_weight=15052.9 338.023 309.571 190.136 148.828 119.435 58.1155 41.3086 36.023 14714.9 12175.5 11769.9 2539.37 405.661 114.279 78.3047 2441.95 245.99 244.868 1.12201 2195.96 798.391 1397.57 11690.5 1105.3 291.382 53.8598 35.9744 237.522 10585.2
internal_count=1979754 4698 1455 805 535 650 205 270 148 1975056 1360020 1303630 615036 56390 50998 31565 144634 19234 19147 87 125400 99120 26280 1141771 264772 5392 1957 19433 3435 876999
is_linear=0
shrinkage=0.1


Tree=93
num_leaves=31
num_cat=0
split_feature=11 10 9 6 6 7 10 7 6 2 2 14 6 3 7 3 3 3 6 11 5 1 10 7 14 9 11 7 14 6
split_gain=12.3928 19.7722 19.4277 14.8301 14.3984 13.8341 66.0225 71.1247 56.0229 52.7421 47.262 83.0376 56.9686 34.4667 24.5654 22.7787 22.1002 34.6965 39.5539 21.1951 76.3324 36.2994 29.2748 19.5304 18.2169 13.6243 13.4503 18.63 13.0526 12.7289
threshold=0.76696833968162548 0.95531892776489269 0.92113238573074352 0.43613053858280187 0.74443343281745922 0.31666667759418493 0.55391839146614086 0.26136364042758947 0.51389962434768688 0.5388936996459962 0.60495716333389293 0.68928572535514843 0.83935481309890758 0.70579832792282116 0.38750000298023229 0.48912529647350317 0.71930795907974254 0.80078125000000011 0.7228132188320161 0.57518798112869274 8.5000000000000018 1.0000000180025095e-35 0.94146201014518749 0.63068181276321422 0.82826295495033275 0.58880877494812023 0.3717105239629746 0.96153846383094799 0.2700172364711762 0.96190130710601818
decision_type=2 2 2 2 2 2 2 2 2 2 2 2 2 2 2 2 2 2 2 2 2 2 2 2 2 2 2 2 2 2
left_child=5 2 3 -2 -4 6 16 10 24 13 11 -8 -12 14 28 -10 -1 18 -18 22 21 -21 29 -22 -9 -19 27 -15 -7 -11
right_child=1 -3 4 -5 -6 9 7 8 15 19 12 -13 -14 26 -16 -17 17 25 -20 20 23 -23 -24 -25 -26 -27 -28 -29 -30 -31
leaf_value=-0.094546877767578294 0.15603035359270176 0.0046108751021254378 -0.13556025093248816 0.049758632883441595 0.021239886187174685 0.5823259253551093 0.0016364880341612322 0.44645739180947086 0.64540339462418972 0.0035034578393630467 0.06176894963743107 -0.057142414039240967 -0.013657171324624724 -0.026268269859082073 0.12908057942937806 -0.11077628312020565 0.20612323218888601 -0.060631021555849589 -0.062705137616194812 -0.011046047473478822 -0.037577013883505178 0.036983114088258849 0.046697004486840707 -0.094855395397909423 0.082915298783979394 0.23960792560680833 0.045080838985915694 0.37240498980572534 0.035138881934327175 -0.0040745621189626977
leaf_weight=98.451953536352491 15.068487710319458 586.97766127216164 8.8612082642503101 102.1427984907059 17.269510288140737 0.43914994201622803 2123.2107773359276 2.0516490840964243 0.40014998315018502 6205.2222411677958 249.32004585654067 271.02222095309844 167.35068680226686 68.409759955049594 61.418022042114899 89.200581980141578 11.923264662300779 97.66633473338085 10.117363595474943 629.92891270143446 134.92839958169498 209.755782354041 140.97956768702716 106.52887154230848 4.2002091500908136 1.5351612256890792 60.311027537332848 1.1925686974427652 59.62703797769791 3448.3357976992993
leaf_count=608328 46 8106 69 1141 139 64 127578 70 43 516889 3640 7596 3564 23762 3256 3889 8962 302985 12557 6710 1030 7530 3307 812 14 297 465 542 10034 315806
internal_value=3.68419e-05 0.0127419 0.0460382 0.0634207 -0.0319327 -0.000614139 -0.00649146 -0.00249638 -0.0872049 0.00103725 0.000392203 -0.00501716 0.031475 0.0463203 0.0846104 -0.107399 -0.05935 -0.0307692 0.0827223 -9.49344e-06 -0.0132969 0.000951783 0.0014572 -0.0628477 0.202218 -0.0559848 0.0105146 -0.0194374 0.0391394 0.000796522
internal_weight=14983.8 730.32 143.342 117.211 26.1307 14253.5 3126.45 2906.76 95.8526 11127.1 2810.9 2394.23 416.671 251.398 121.484 89.6007 219.694 121.242 22.0406 10875.7 1081.14 839.685 9794.54 241.457 6.25186 99.2015 129.913 69.6023 60.0662 9653.56
internal_count=1979231 9501 1395 1187 208 1969730 1079523 146394 4016 890207 142378 135174 7204 38123 13354 3932 933129 324801 21519 852084 16082 14240 836002 1842 84 303282 24769 24304 10098 832695
is_linear=0
shrinkage=0.1


Tree=94
num_leaves=31
num_cat=0
split_feature=6 5 5 14 3 1 7 6 7 7 10 7 6 11 5 10 11 9 10 3 6 7 3 3 7 11 10 6 3 7
split_gain=12.3517 95.8835 63.4994 57.8063 57.7689 50.9741 398.165 50.5277 62.4498 41.5804 53.774 66.3351 40.7342 63.1845 38.9575 38.3384 160.637 35.1094 33.8833 33.8227 78.3511 62.4127 49.4573 41.5773 42.1954 38.1362 33.4775 31.27 30.7309 63.885
threshold=0.92940199375152599 2.5000000000000004 1.5000000000000002 0.54583492875099193 0.90521115064620983 1.0000000180025095e-35 0.73214286565780651 0.95916664600372326 0.240384615957737 0.31666667759418493 0.75484195351600658 0.43650794029235845 0.97646731138229381 0.045983087271451957 1.5000000000000002 0.45291082561016088 0.089572194963693633 0.66220691800117504 0.72100931406021129 0.85760369896888744 0.84262126684188854 0.63068181276321422 0.94804319739341747 0.90325224399566661 0.73214286565780651 0.26794873178005224 0.58260074257850658 0.80707195401191723 0.31706349551677709 0.10263158008456232
decision_type=2 2 2 2 2 2 2 2 2 2 2 2 2 2 2 2 2 2 2 2 2 2 2 2 2 2 2 2 2 2
left_child=1 9 5 -4 -5 7 -7 8 -2 -1 11 -11 17 -14 -12 16 -6 -9 -10 20 21 26 23 24 -21 -25 -3 -23 29 -22
right_child=2 19 3 4 15 6 -8 12 18 10 14 -13 13 -15 -16 -17 -18 -19 -20 22 28 27 -24 25 -26 -27 -28 -29 -30 -31
leaf_value=0.0062598415724063943 -0.011490439816877827 -0.029211255733931758 0.0079924115091580591 -0.09910368583432759 0.37319036107030229 -0.13797110987775268 0.0022159797979618167 0.0087187915571532073 0.13666960714249354 0.22948986136038885 0.11460482853244354 0.063333463573409854 -0.019173548737120821 0.032205879241095491 0.020672330838737756 0.024876653200442918 6.4064161827172939 -0.04090847520476118 0.051895438279706302 0.0047417734412133145 -0.014382504468393448 -0.11331864637643776 -0.0026169207556442165 0.025632089506460717 0.059984391518747564 0.090667514645689895 0.0046079710825912244 0.14907358527769735 -0.049543839200813115 0.31369459736849536
leaf_weight=236.16517418152762 134.36927729624222 323.31063179083503 127.69914180909109 181.60846977734036 1.0317073312289711 222.15608302529836 2301.9955618151216 264.66046915158222 62.618004315980215 36.416323657391331 53.700929827056825 70.628080739123106 359.94533979299376 714.39108469480561 248.32890609349124 31.95694238183205 0.046103407570626476 308.98389000944735 190.83206234639511 1471.8573283721407 224.87168938725904 64.035908899058995 3178.6031793018847 306.46229397407296 152.6016198725265 127.75064482376911 3091.7048476535128 4.888503301961463 521.09978042631587 6.096269926565582
leaf_count=58280 35865 789164 23203 8670 478 79258 212584 45852 10313 16982 293 4121 50733 27667 1720 476 12 3024 1472 140157 9187 2575 216065 16037 3627 1257 90695 34 129524 36
internal_value=0.000374394 0.00237038 -0.0037454 -0.0452824 -0.0769775 -0.000626979 -0.0101222 0.011146 0.0436217 0.0396699 0.0589581 0.11986 0.00350345 0.0149917 0.0373735 0.0446609 0.631262 -0.0180121 0.07284 -0.000170141 -0.00681412 -0.000495284 0.00520364 0.0172786 0.00993126 0.0447663 0.00140619 -0.0947083 -0.036086 -0.00572309
internal_weight=15020.8 10118.5 4902.29 342.342 214.643 4559.95 2524.15 2035.8 387.819 645.239 409.074 107.044 1647.98 1074.34 302.03 33.0348 1.07781 573.644 253.45 9473.28 4236.01 3483.94 5237.28 2058.67 1624.46 434.213 3415.02 68.9244 752.068 230.968
internal_count=1979361 1479754 499607 32839 9636 466768 291842 174926 47650 81396 23116 21103 127276 78400 2013 966 490 48876 11785 1398358 1021215 882468 377143 161078 143784 17294 879859 2609 138747 9223
is_linear=0
shrinkage=0.1


Tree=95
num_leaves=31
num_cat=0
split_feature=4 6 6 3 3 4 6 6 2 7 7 3 2 10 11 10 2 4 12 6 10 6 6 6 11 9 9 10 10 9
split_gain=10.5606 14.8989 14.4049 12.2732 11.3578 23.1058 40.9956 27.0111 28.1089 47.4002 43.473 27.5312 31.4959 25.2663 21.026 21.6877 18.8044 19.861 18.6335 17.7181 17.0136 16.8466 27.0587 18.7931 13.1415 10.4342 12.1705 10.1782 12.2366 101.063
threshold=0.080540537834167494 0.75235849618911754 0.78989815711975109 0.1352966129779816 0.21081871539354327 0.19399641454219821 0.6195238232612611 0.36435787379741674 0.42163743078708654 1.0000000180025095e-35 0.10263158008456232 0.33758117258548742 0.2930081188678742 0.73710790276527416 0.44722221791744238 0.97115117311477672 0.17082066833972934 0.11189358308911325 1.0000000180025095e-35 0.58658170700073253 0.50672701001167308 0.66954022645950328 0.63003221154212963 0.94201681017875682 0.7379862666130067 0.44124551117420202 0.44908872246742254 0.82691356539726268 0.62090381979942333 0.62375456094741832
decision_type=2 2 2 2 2 2 2 2 2 2 2 2 2 2 2 2 2 2 2 2 2 2 2 2 2 2 2 2 2 2
left_child=1 3 27 -1 16 6 14 11 10 -10 -9 12 -7 -13 18 -16 17 19 -6 -2 -21 22 -19 -23 -18 -4 -27 28 29 -3
right_child=4 2 25 -5 5 7 -8 8 9 -11 -12 13 -14 -15 15 -17 24 21 -20 20 -22 23 -24 -25 -26 26 -28 -29 -30 -31
leaf_value=-0.083185343670684059 -0.088623168432869673 -0.10046720161288736 -0.12088809132525929 0.0015679527032496348 -0.059870287799305769 0.077706696177433698 -0.16352384762161964 -0.026311021879079334 0.032680194161247962 -0.00042610217425501036 0.03605184236364465 -0.044489620854206421 0.64640246956103142 0.02698571095766196 -0.070576915581836555 -0.0012860022345312864 -0.08786816115626131 0.041063992943996923 0.03861736467106789 -0.14033474120455933 0.011319306488331272 0.0021107129847645584 0.2225552961052058 0.07764481883272388 0.078607673124962515 0.21469797678173644 -0.01175610867986222 0.12090074909292309 -0.13020293781838316 3.6962552954577657
leaf_weight=54.240631880182264 19.042509841949141 0.62353181338039831 8.5826979532248497 24.943545685096979 24.704738427544726 61.558175259945529 20.596120499336394 782.52951357428356 448.90004107076857 11818.049329868745 130.40923456906421 59.826030239572901 0.98950849490938608 285.35796339449007 97.623864557594061 84.071819519624114 28.817444983140376 23.15806713830716 86.371861169049225 7.4930766810757623 580.38841576899722 92.990341265020106 12.730634818490214 51.006662498024525 5.6756850965321055 2.4462089451335478 79.599082565480785 14.353328770026563 3.5640842823777348 0.07899050263222307
leaf_count=8785 1758 640 1114 1332 4575 2582 1187 219621 76586 1453122 131215 45252 63 2755 408 344 1211 803 4787 7446 8546 2334 235 536 23 76 1321 34 87 5
internal_value=6.4657e-05 -0.0234591 0.000480313 -0.0564875 0.00036574 -0.000309392 -0.0271555 0.000309755 -0.000474451 0.000785399 -0.0174028 0.0256592 0.0867035 0.0145979 -0.0175622 -0.0385155 0.0117927 0.0149609 0.0167126 0.00631125 0.00938634 0.0441442 0.105444 0.0288664 -0.0604753 -0.0159788 -0.0050043 0.080591 -0.0550155 0.32643
internal_weight=14910.7 188.432 109.248 79.1842 14722.3 13901 313.368 13587.6 13179.9 12266.9 912.939 407.732 62.5477 345.184 292.772 181.696 821.303 786.81 111.077 606.924 587.881 179.886 35.8887 143.997 34.4931 90.628 82.0453 18.6199 4.26661 0.702522
internal_count=1978783 13394 3277 10117 1965389 1942497 11301 1931196 1880544 1529708 350836 50652 2645 48007 10114 752 22892 21658 9362 17750 15992 3908 1038 2870 1234 2511 1397 766 732 645
is_linear=0
shrinkage=0.1


Tree=96
num_leaves=31
num_cat=0
split_feature=5 12 7 10 2 10 7 10 5 9 2 4 5 14 7 5 9 2 9 10 10 4 6 5 5 3 3 14 9 9
split_gain=10.548 11.0551 26.5985 22.8934 29.2499 20.5603 19.6418 58.4228 26.4376 64.2759 25.1291 31.4233 23.7642 18.2462 17.2614 16.223 15.9303 26.9303 14.4863 13.4888 39.9567 32.6041 21.5105 61.69 33.9212 14.2681 11.6579 11.077 10.3545 3.4849
threshold=40.500000000000007 1.0000000180025095e-35 0.84523808956146251 0.49767422676086431 0.86526826024055492 0.3175536990165711 0.31666667759418493 0.88251724839210521 39.500000000000007 0.67806351184844982 0.5388936996459962 0.8589511811733247 10.500000000000002 0.43809525668621069 0.26136364042758947 17.500000000000004 0.81509971618652355 0.7243877947330476 0.37850958108901983 0.75484195351600658 0.62871870398521434 0.54923510551452648 0.75235849618911754 6.5000000000000009 4.5000000000000009 0.61143791675567638 0.76028168201446544 0.88440898060798656 0.8705272674560548 0.50753843784332286
decision_type=2 2 2 2 2 2 2 2 2 2 2 2 2 2 2 2 2 2 2 2 2 2 2 2 2 2 2 2 2 2
left_child=1 6 19 4 5 -4 7 8 13 -10 11 15 -13 -1 28 -8 26 -18 -6 20 25 -22 23 -21 -24 -3 -12 -16 -9 -5
right_child=-2 2 3 29 18 -7 10 14 9 -11 16 12 -14 -15 27 -17 17 -19 -20 22 21 -23 24 -25 -26 -27 -28 -29 -30 -31
leaf_value=-0.011856719000017189 -0.11563976993117955 -0.048715585144894727 0.38963705478460536 0.052396213931113815 0.012459056162155561 0.064496859927527225 0.062924285409627342 0.026916405759535768 -0.10337237809724015 3.0603421487283757 -0.019332148740815285 -0.096323958461744616 0.032674516979049294 -0.042226941345716924 -0.1143750824139545 0.36693365792272586 0.014994147230006062 -0.015985280581878019 -0.1044348241821743 0.069438675672016212 0.01186942457641396 0.06962288202840701 -0.00088253493991541365 0.00086662754306356799 -0.037507379647512891 0.00019025396924441811 0.0013234607929771256 0.080073927731793212 -0.00059284589957004003 0.095583577529725558
leaf_weight=321.4135520748996 7.9927050003316245 75.608960184620798 2.6348583027720434 28.708756330772303 23.710552398115396 7.4267699029296637 112.17204364002464 304.2352585089393 0.19883619301708577 0.094851507805287838 283.68917055299607 24.977486423264054 33.347066763115436 514.46149093073109 16.507327131927017 1.7832332349389606 348.83425353094935 1434.6196508756839 19.175689991563559 144.44628928997554 236.21303662616992 166.75811153522227 1009.5762681816705 1430.2076835624175 337.39580112369731 282.71082642373477 7417.7059957875263 3.561730181798338 248.65824517491274 53.509486154536717
leaf_count=268663 1704 147044 21 1151 188 54 23204 3084 266 3 63704 3482 8333 608392 107 1448 1467 8331 102 1966 14515 3140 20063 16205 3860 23946 741558 13 2607 11122
internal_value=-0.000792269 -0.000730597 0.00390915 0.0474771 -0.00380671 0.149642 -0.0023314 -0.0133605 -0.0302156 0.918404 -0.000722084 0.0371276 -0.0225691 -0.0305489 0.0112375 0.0676816 -0.00140957 -0.00992587 -0.0398076 0.00231016 0.0141659 0.035769 -0.000779088 0.00715688 -0.0100565 -0.0101294 0.000562589 -0.0798655 0.0145444 0.0805035
internal_weight=14892.3 14884.3 3818.08 135.166 52.9479 10.0616 11066.3 1409.13 836.169 0.293688 9657.13 172.28 58.3246 835.875 572.963 113.955 9484.85 1783.45 42.8862 3682.92 761.291 402.971 2921.63 1574.65 1346.97 358.32 7701.4 20.0691 552.894 82.2182
internal_count=1979743 1978039 243377 12638 365 75 1734662 883135 877324 269 851527 36467 11815 877055 5811 24652 815060 9798 290 230739 188645 17655 42094 18171 23923 170990 805262 120 5691 12273
is_linear=0
shrinkage=0.1


Tree=97
num_leaves=31
num_cat=0
split_feature=11 6 6 2 4 2 3 1 1 4 7 1 7 6 7 2 7 2 4 4 7 7 11 1 7 2 6 6 2 2
split_gain=13.73 21.9421 59.4199 102.688 72.1622 70.9216 67.5761 52.0415 39.3471 141.769 38.3956 36.0083 91.7823 86.6574 55.5748 77.9004 33.0519 31.8174 31.4158 26.1904 23.2192 21.0538 39.6188 33.5894 58.8956 39.269 81.2688 24.383 27.1814 22.4251
threshold=0.21132376790046695 0.97958335280418407 0.95916664600372326 0.81418704986572277 0.83438816666603099 0.58204832673072826 0.85536885261535656 1.0000000180025095e-35 1.0000000180025095e-35 0.99382716417312633 0.58571431040763866 1.0000000180025095e-35 0.47727273404598242 0.92052632570266735 0.63068181276321422 0.91715687513351452 0.31666667759418493 0.51000401377677929 0.75905716419219982 0.98076212406158458 0.10263158008456232 0.18465909361839297 0.057983193546533592 1.0000000180025095e-35 0.58571431040763866 0.88047617673873912 0.8532998561859132 0.52041664719581615 0.7243877947330476 0.80206185579299938
decision_type=2 2 2 2 2 2 2 2 2 2 2 2 2 2 2 2 2 2 2 2 2 2 2 2 2 2 2 2 2 2
left_child=21 2 11 4 5 -4 10 -8 16 -10 -5 14 18 -14 19 -16 17 20 -13 -2 -3 22 29 -23 25 -25 -27 -26 -29 -1
right_child=1 8 3 6 -6 -7 7 -9 9 -11 -12 12 13 -15 15 -17 -18 -19 -20 -21 -22 23 -24 24 27 26 -28 28 -30 -31
leaf_value=-0.074546380002095833 0.0022170375301606058 -0.002078970310245034 0.0044858809626734083 -0.060298851923815171 0.063086324943136249 -0.12360780265593396 -0.032808133009366344 -0.15979176998021422 -0.13993196314503631 0.02577585667198078 -0.36591472022641791 0.23132851969094262 0.023911143746332433 -0.13871522591720578 -0.031259206831697132 0.072623410697131338 0.048222709165490492 -0.09500994418842558 -0.18873500308758137 0.034515607879496667 0.12627254773188321 0.010223554117236359 -0.012774214213148012 -0.056476636416853535 0.091467791658769018 0.20433460458437055 -0.11259848316563892 -0.049943394406549227 -0.0022467463860282228 -0.24125195102772304
leaf_weight=47.282587534937754 4582.2004434279224 89.193357441748958 137.52118539427465 5.9339281022548702 116.85343693057075 63.036650849098805 101.46530944434926 47.328356770798564 66.497478005039738 230.90994505141862 13.380188515409825 1.9078432309906954 1469.6407765141921 33.51320805773139 862.56286387797445 78.779066495131701 408.5920889491681 32.421547305799322 26.652749394765124 265.61224478983786 16.739507558726473 1630.2131482456261 332.68434043671056 319.72980897799789 27.066799435600842 17.615667441277765 14.963262879853572 123.44511919484648 3719.8424828711832 9.7297514267509708
leaf_count=436064 85002 1972 2415 41 659 570 1177 281 640 15151 79 24 11421 311 6216 992 6716 425 297 4431 277 430959 296553 182576 1974 876 16689 14624 433963 24666
internal_value=0.000106934 0.00268619 0.00102985 -0.0328482 0.000620443 -0.0357748 -0.0960419 -0.0731991 0.0179997 -0.0112748 -0.27202 0.00327664 0.0169111 0.0202853 -0.000330817 -0.0225655 0.033918 -0.00832687 -0.160675 0.00398668 0.0182031 -0.00346731 -0.0259737 -0.00196879 -0.00667581 -0.0458195 0.0587696 -0.00311265 -0.00377875 -0.102996
internal_weight=14893.3 8650.74 7806.39 485.519 317.411 200.558 168.108 148.794 844.354 297.407 19.3141 7320.87 1531.71 1503.15 5789.15 941.342 546.947 138.354 28.5606 4847.81 105.933 6242.57 389.697 5852.88 4222.66 352.309 32.5789 3870.35 3843.29 57.0123
internal_count=1978041 139097 113916 5222 3644 2985 1578 1458 25181 15791 120 108694 12053 11732 96641 7208 9390 2674 321 89433 2249 1838944 757283 1081661 650702 200141 17565 450561 448587 460730
is_linear=0
shrinkage=0.1


Tree=98
num_leaves=31
num_cat=0
split_feature=10 11 7 12 10 5 11 9 9 11 6 11 5 2 3 7 11 6 11 6 7 10 11 3 6 10 4 12 9 4
split_gain=12.0644 42.5796 29.1906 23.268 43.6833 22.5727 28.7558 54.4052 28.8633 21.7218 20.3072 39.8677 58.0397 26.8446 56.5435 52.3221 19.9569 27.3092 20.4948 19.1106 18.6306 18.3441 21.2882 17.0811 15.9549 15.5226 15.4699 12.227 32.9769 14.3362
threshold=0.87103942036628734 0.28869047760963445 0.96153846383094799 -1.0000000180025095e-35 0.40685302019119268 13.500000000000002 0.3717105239629746 0.76776695251464855 0.37051336467266088 0.040408162400126464 0.76230832934379589 0.50806450843811046 8.5000000000000018 0.7243877947330476 0.81455025076866161 0.47727273404598242 0.47493734955787664 0.29061582684516912 0.45804196596145635 0.91578015685081493 0.96153846383094799 0.38349066674709326 0.0745370388031006 0.1352966129779816 0.46453721821308142 0.78886163234710704 0.080540537834167494 1.0000000180025095e-35 0.42586620151996618 0.36882591247558599
decision_type=2 2 2 2 2 2 2 2 2 2 2 2 2 2 2 2 2 2 2 2 2 2 2 2 2 2 2 2 2 2
left_child=3 -2 10 16 9 6 8 -8 -6 27 11 23 -13 15 -15 -12 18 -18 26 -20 24 22 -11 -3 -7 -19 -1 29 -29 -5
right_child=1 2 -4 4 5 20 7 -9 -10 21 13 12 -14 14 -16 -17 17 25 19 -21 -22 -23 -24 -25 -26 -27 -28 28 -30 -31
leaf_value=-0.13502312725974666 0.049604937913499458 0.12228411081542433 0.074038752144822584 0.52251149846548606 0.015857533098976497 -0.0095768885639489851 0.032839367629217402 -0.010595966117963259 -0.011242338205476828 -0.027462227895048777 -0.0054465279409446196 0.034115143385475021 -0.01141663317620278 -0.067132486927096224 -0.0064407623624369408 0.043928222572088158 0.38731565270378049 0.2454396440626273 -0.061775397491658481 -0.41652244358264801 0.49732360044758511 -0.068768432741290381 0.084248791360759329 0.026936680687179526 -0.047656681611998576 0.031901214474660905 0.00249111074820436 -0.029660624533938931 1.1463510461793824 -0.093413392215803803
leaf_weight=8.1951898676506953 195.66506138816476 19.40170587040484 55.633763277670369 0.37928344960133031 457.85474506530318 239.99423755323096 573.16866442264291 580.36757337721065 2775.3283678310136 44.857104267189442 859.91490813251585 370.81907505041454 1142.5912497926038 173.50038145994768 1331.9916418949142 286.00543771125376 2.3313450729474416 3.5476981936953953 5.2433112435974172 2.137696273624897 0.67863239589496416 40.889262450032305 27.527020134311897 594.73350337939337 203.1790008265998 84.146721941418946 4638.6921109497362 32.362339465734294 0.24021433542111381 103.75836704880024
leaf_count=1465 1982 93 11001 4239 82926 55687 8435 6875 415530 36689 7116 3401 10337 1229 15386 2006 14 21 48 27 5 35330 8521 5778 61791 755 288027 5402 361 907630
internal_value=-0.00011073 0.00387203 0.00202113 -0.00214987 -0.00685254 -0.00474303 -0.00256861 0.0109862 -0.00740469 -0.047611 0.00118274 0.00845983 -0.000260339 -0.00465653 -0.0134352 0.00687671 0.00288615 0.0495202 0.00198412 -0.164518 -0.0262334 -0.0152255 0.0150205 0.0299489 -0.0270351 0.04054 0.00224859 -0.0744387 -0.0209958 -0.0911701
internal_weight=14855.1 5030.26 4834.59 9824.88 5080.58 4830.57 4386.72 1153.54 3233.18 250.014 4778.96 2127.55 1513.41 2651.41 1505.49 1145.92 4744.29 90.0258 4654.27 7.38101 443.852 113.273 72.3841 614.135 443.173 87.6944 4646.89 136.74 32.6026 104.138
internal_count=1978107 58329 56347 1919778 1629421 631249 513766 15310 498456 998172 45346 19609 13738 25737 16615 9122 290357 790 289567 75 117483 80540 45210 5871 117478 776 289492 917632 5763 911869
is_linear=0
shrinkage=0.1


Tree=99
num_leaves=31
num_cat=0
split_feature=11 4 3 9 9 11 3 3 5 11 1 4 3 7 3 4 2 7 7 3 7 4 10 11 12 4 11 6 2 7
split_gain=10.9658 18.3318 14.2966 13.6156 12.4899 20.8761 11.9634 12.4545 11.3206 11.2215 15.8399 19.3864 18.8967 13.3356 13.2032 48.1218 32.755 89.9078 59.524 26.9883 13.3009 12.9528 10.7847 16.6788 13.6563 8.56419 11.3746 8.55271 7.88072 8.80041
threshold=0.86515152454376232 0.91715687513351452 0.85251155495643627 0.93836656212806713 0.93836656212806713 0.5313725769519807 0.79205974936485302 0.1352966129779816 18.500000000000004 0.68990385532379161 1.0000000180025095e-35 0.63686314225196849 0.31257911026477819 0.47727273404598242 0.87196302413940441 0.89039039611816417 0.75134408473968517 0.52777779102325451 0.58571431040763866 0.89323708415031444 0.43650794029235845 0.81661397218704235 0.95531892776489269 0.72902098298072826 -1.0000000180025095e-35 0.21778655797243121 0.71714287996292125 0.70412456989288341 0.32690165936946874 0.38750000298023229
decision_type=2 2 2 2 2 2 2 2 2 2 2 2 2 2 2 2 2 2 2 2 2 2 2 2 2 2 2 2 2 2
left_child=4 2 3 -2 9 6 7 -6 22 14 11 12 -11 -12 16 20 18 -18 -1 -17 -16 -13 23 -7 -24 26 -10 -8 -5 -30
right_child=1 -3 -4 28 5 8 27 -9 25 10 13 21 -14 -15 15 19 17 -19 -20 -21 -22 -23 24 -25 -26 -27 -28 -29 29 -31
leaf_value=-0.0044938005298210595 0.062575618072013603 0.09787530211000707 -0.11586037580004588 0.012819593971135827 0.17329041461385275 -0.028098569713765422 0.12680171035512747 -0.06943523085594637 0.088247668902936616 -0.0011616452840299697 -0.19751509668502151 -0.038312792513847532 0.042858544525667223 0.061424583665563505 0.025363943533790807 -0.030620851310306819 0.00064036791282545333 -0.056649776952717702 0.037701373532250754 0.0014078228715615371 0.074702640314285987 0.002515459981179506 0.047067740049176861 -0.13018233464433013 -0.018170572855035667 -0.12067849612272219 -0.086340787383829332 0.034307335287729467 -0.049790798407482267 0.10846920377048441
leaf_weight=3425.4813648505592 49.094875770621002 26.18049635947682 8.6704151406884176 212.05485971271992 2.4465020298957851 88.084009740268812 13.452102189883588 15.551616528071461 5.8290139473974731 183.74504618905485 2.0436763297766438 110.93467748071998 207.8023151285015 74.226226210128516 120.92928978272539 272.46849473478142 787.65945921525736 419.99165036473278 370.4818388202184 7640.1989285025593 99.675452708641387 259.3964557563886 37.171086365124211 19.55861607089173 234.59173468756489 20.62209854228422 10.371216230094431 38.923605887335725 37.418017381802201 3.8778065983206025
leaf_count=1171429 235 3262 144 818 4 1230 48 166 18 957 15 696 1536 3501 17370 13477 115722 12287 8518 612860 5191 3082 329 201 3988 184 39 456 257 53
internal_value=-0.000314204 0.0175099 0.0107471 0.0143766 -0.000729924 -0.0164792 0.0338939 -0.0364413 -0.024996 -0.000181545 0.0110369 0.00668734 0.0222008 0.0544862 -0.000897298 0.00158929 -0.00493919 -0.0192837 -0.000375598 0.000304933 0.0476566 -0.00971486 -0.0198582 -0.0466471 -0.00924743 -0.0779339 -0.023522 0.0580635 0.00503652 -0.0349297
internal_weight=14798.9 337.296 311.116 302.446 14461.6 486.602 70.3738 17.9981 416.228 13975 838.148 761.878 391.547 76.2699 13136.9 8133.27 5003.61 1207.65 3795.96 7912.67 220.605 370.331 379.405 107.643 271.763 36.8223 16.2002 52.3757 253.351 41.2958
internal_count=1978073 4769 1507 1363 1973304 6663 674 170 5989 1966641 9787 6271 2493 3516 1956854 648898 1307956 128009 1179947 626337 22561 3778 5748 1431 4317 241 57 504 1128 310
is_linear=0
shrinkage=0.1


Tree=100
num_leaves=31
num_cat=0
split_feature=11 5 6 6 4 5 6 2 5 9 5 6 10 14 6 10 1 5 7 11 14 5 7 2 14 14 4 6 4 14
split_gain=11.563 17.9887 32.931 22.3397 17.5829 17.0273 29.0934 16.4277 16.2231 16.0422 16.2224 15.6793 23.5378 16.9425 14.5861 32.1002 43.7216 74.097 68.4155 43.676 44.0031 31.8979 22.8204 19.3627 17.2904 45.5221 17.6494 15.0204 13.5629 13.3085
threshold=0.68990385532379161 5.5000000000000009 0.61326980590820324 0.81909090280532848 0.20761494338512423 18.500000000000004 0.30471627414226538 0.64899963140487682 8.5000000000000018 0.8705272674560548 18.500000000000004 0.15470086038112643 0.96110200881958019 0.69295421242713939 0.85839599370956432 0.75484195351600658 1.0000000180025095e-35 1.5000000000000002 0.96153846383094799 0.26491229236125952 0.37462984025478369 2.5000000000000004 0.89444443583488475 0.83225107192993175 0.60238096117973339 0.56015315651893627 0.56691542267799389 0.82182541489601146 0.20761494338512423 0.70134988427162182
decision_type=2 2 2 2 2 2 2 2 2 2 2 2 2 2 2 2 2 2 2 2 2 2 2 2 2 2 2 2 2 2
left_child=5 3 4 -2 29 14 11 -8 -4 -6 -11 12 -7 28 21 19 17 -17 -18 -16 -21 24 23 -23 25 -1 -26 -24 -13 -3
right_child=1 2 8 -5 9 6 7 -9 -10 10 -12 13 -14 -15 15 16 18 -19 -20 20 -22 22 27 -25 26 -27 -28 -29 -30 -31
leaf_value=0.081456090844483048 0.066982644115131357 -0.005025875825799068 -0.0050031916689285763 0.013590977840785119 0.064487662990201366 -0.11720811153270071 -0.057642914443610728 0.034704590731896835 -0.048853096938346503 0.035059758109862817 -0.015684314987874256 0.0024045924202969584 0.09089909011140479 -0.09517282427856695 -0.00068156543376276168 0.012727301940909527 -0.059604598586204906 -0.026354398805589582 0.028581453008699909 0.14418521404013401 0.025118686945361776 -0.0025400646595633361 0.042584328127029378 0.0086628288297790259 -0.21945319239396396 0.44984837806894595 0.056766983869449388 0.17986025670036759 0.063426232089750692 -0.1228241028663567
leaf_weight=18.282357815031904 92.665553711936809 142.91903802752495 186.48440346587449 507.86256935197162 88.515128261875361 20.617298847850183 180.3714147121882 21.566271387418965 154.08381265914068 161.94121044804342 103.11659628595226 87.201757642151279 7.3804343501105896 12.089836472972818 3786.2410114622135 1019.814593045623 379.70023563643917 925.2799254815327 114.50386124616489 36.722106206638273 200.55192006356083 3787.8770397775079 41.74855838043004 2602.949482190219 2.5971557106822756 4.1079928168037432 21.160103660280583 9.8514664580288791 62.551372040852584 10.280655803158878
leaf_count=2355 1104 540 1623 9056 722 3734 91719 1081 1890 2102 1346 4748 26 388 679449 11628 2869 8709 11342 215 4797 920176 1145 200888 30 288 436 229 14647 54
internal_value=0.000101475 0.00858937 -0.000794313 0.0218297 0.0153667 -0.000819547 -0.0213587 -0.0477805 -0.0248423 0.0276278 0.0153186 0.00674681 -0.0623493 0.0187 -0.00019824 -0.00356085 -0.0126122 -0.00586383 -0.0391725 0.00192663 0.0435462 0.00315102 0.0025576 0.00202281 0.0859941 0.149046 0.0265705 0.068793 0.0278931 -0.0129309
internal_weight=14791 1447.87 847.341 600.528 506.773 13343.2 391.778 201.938 340.568 353.573 265.058 189.841 27.9977 161.843 12951.4 6462.81 2439.3 1945.09 494.204 4023.52 237.274 6488.57 6442.43 6390.83 46.1476 22.3904 23.7573 51.6 149.753 153.2
internal_count=1979336 18437 8277 10160 4764 1960899 116343 92800 3513 4170 3448 23543 3760 19783 1844556 719009 34548 20337 14211 684461 5012 1125547 1122438 1121064 3109 2643 466 1374 19395 594
is_linear=0
shrinkage=0.1


Tree=101
num_leaves=31
num_cat=0
split_feature=6 5 1 2 11 2 3 6 6 2 5 6 1 7 3 3 5 7 2 3 5 6 2 3 5 14 9 5 11 3
split_gain=10.2412 25.4106 74.1166 94.7053 77.6987 43.4644 42.9228 105.88 50.5015 40.2503 39.9146 33.3609 50.3758 47.9326 34.7085 62.9734 31.2528 27.5236 87.2309 68.3892 44.0805 55.956 50.9362 26.7158 26.3075 24.3553 23.6728 31.1374 32.7687 26.6459
threshold=0.63714733719825756 4.5000000000000009 1.0000000180025095e-35 0.77849927544593822 0.20294117927551272 0.17082066833972934 0.41290104389190679 0.89237451553344738 0.79361054301261913 0.8841681480407716 6.5000000000000009 0.86285266280174266 1.0000000180025095e-35 0.18465909361839297 0.85251155495643627 0.92370063066482555 2.5000000000000004 0.47727273404598242 0.70801281929016124 0.80513978004455578 2.5000000000000004 0.91751700639724743 0.340024083852768 0.81302964687347423 7.5000000000000009 0.90558066964149486 0.67806351184844982 14.500000000000002 0.44722221791744238 0.38876262307167059
decision_type=2 2 2 2 2 2 2 2 2 2 2 2 2 2 2 2 2 2 2 2 2 2 2 2 2 2 2 2 2 2
left_child=26 11 5 24 9 -3 7 -7 -8 -5 -6 12 13 16 -14 -16 -2 20 23 -20 21 -13 -22 -19 -4 -26 -1 28 29 -28
right_child=1 2 3 4 10 6 8 -9 -10 -11 -12 17 14 -15 15 -17 -18 18 19 -21 22 -23 -24 -25 25 -27 27 -29 -30 -31
leaf_value=-0.0054556437190234376 0.096596432776485663 0.016550269012693023 0.088213158119583412 -0.013634619550417115 0.0053669965811887722 -0.080140581934529803 -0.0088846747754215902 3.4740282209694868 -0.044051173320114337 0.076385077182517344 0.070826632526921063 0.040885928453028242 -0.1208533567462966 0.051720015996062754 0.059020311708825469 -0.0038040356443808363 -0.025593755676679465 0.061756301238436132 -0.071704694284212639 -0.0001372286799323476 -0.0041828447822118463 -0.013738974044136777 -0.080645219150913924 0.012466466967947619 -0.1283192772126624 -0.82049878120413011 0.11525407063383485 -6.1498411888129276e-05 0.013323651446440675 0.039502186157469761
leaf_weight=1083.5926354349285 24.231928410815271 309.62450917065462 5.8737658094214558 492.79810309752429 131.99181996705011 135.84372552221112 1317.1697440563325 0.083869733112804989 591.85648014719163 55.237432883150177 316.54658485681284 225.2154840379153 22.56115933802721 485.16207612586186 182.66416675204164 1260.9765359339799 153.72316955287897 290.07775676552046 137.72320952392147 4378.3037868446245 165.40264074707011 1120.62762199806 184.08659817855005 177.10129318806867 50.319108286897972 0.5135297067463388 61.6018041165662 764.10760530067637 468.1388955716975 188.59666946621292
leaf_count=478749 788 12854 432 62064 800 66504 263486 7 84175 7058 2258 47876 8172 50876 17825 134791 48952 7007 6355 324994 10216 223371 77022 10211 13627 6 1883 10313 4217 2277
internal_value=3.57146e-05 -0.00117067 -0.00850301 0.0135466 0.0206994 -0.0183665 -0.0236533 -0.0779476 -0.0197874 -0.00456138 0.0515638 0.0016663 0.0125657 0.0354371 0.00222173 0.00414514 -0.00895527 -0.00180877 0.00193565 -0.00231979 -0.012815 -0.00459796 -0.0444579 0.0430712 -0.112159 -0.135312 0.00577874 0.0139905 0.0289379 0.0581532
internal_weight=14781.8 12215.7 3407.86 1053.28 996.574 2354.58 2044.95 135.928 1909.03 548.036 448.538 8807.86 2129.32 663.117 1466.2 1443.64 177.955 6678.54 4983.21 4516.03 1695.33 1345.84 349.489 467.179 56.7064 50.8326 2566.04 1482.44 718.337 250.198
internal_count=1979166 1481727 513271 86245 72180 427026 414172 66511 347661 69122 3058 968456 261404 100616 160788 152616 49740 707052 348567 331349 358485 271247 87238 17218 14065 13633 497439 18690 8377 4160
is_linear=0
shrinkage=0.1


Tree=102
num_leaves=31
num_cat=0
split_feature=11 10 11 10 4 11 14 0 9 10 9 10 11 9 10 3 4 10 5 3 9 4 12 9 4 12 11 10 11 10
split_gain=9.51066 38.6413 43.9415 33.0871 32.36 38.6591 19.1191 18.5518 18.1433 16.6726 61.0788 41.9616 40.5692 24.9033 15.3764 13.5282 14.006 14.4752 14.2801 12.9905 18.4202 23.6127 12.3472 16.9167 16.9046 16.4224 43.0753 25.8967 15.6163 12.16
threshold=0.3717105239629746 0.78886163234710704 0.40454545617103582 0.90338954329490673 0.70659971237182628 0.47493734955787664 0.52750292420387279 1.0000000180025095e-35 0.52391350269317638 0.47836488485336309 0.18624359369277957 0.64722883701324474 0.040408162400126464 0.43043650686740881 0.30198507010936743 0.27970588207244879 0.20761494338512423 0.68307831883430492 19.500000000000004 0.97825059294700634 0.85304400324821483 0.98386678099632274 -1.0000000180025095e-35 0.66220691800117504 0.093933824449777617 1.0000000180025095e-35 0.11882352828979494 0.75484195351600658 0.067424245178699507 0.63775950670242321
decision_type=2 2 2 2 2 2 2 2 2 2 2 2 2 2 2 2 2 2 2 2 2 2 2 2 2 2 2 2 2 2
left_child=3 2 15 8 5 29 -7 19 9 10 14 13 -12 -11 -1 -2 18 -18 -17 -3 -21 -22 23 28 -25 27 -27 -24 -10 -4
right_child=1 7 4 -5 -6 6 -8 -9 22 11 12 -13 -14 -15 -16 16 17 -19 -20 20 21 -23 25 24 -26 26 -28 -29 -30 -31
leaf_value=0.00063596056424293404 -0.002209492859322214 0.0012586698769692685 0.35659394957192198 0.044028100318163121 0.05613081516723889 0.25090083817068681 -0.1154922361673843 0.066274388640135601 0.58725833944319117 0.038172397487568496 -0.070308096778661192 -0.005262424953124201 -0.014046385169757689 0.0041186683740213849 0.15450001377539313 0.30939966134734614 0.20452804393200041 0.070932016168885323 0.050254051589148412 -0.0027783495245500898 -0.54457707113067866 0.022002026477693851 -0.035157346633304574 -0.17767758446896911 0.044159384393311414 0.15651520954890721 -0.0039845020243011574 -0.0068791370205524048 -0.012422602599820011 -0.085318983868882092
leaf_weight=3804.8547111514504 17.87940057227388 5821.6536618118407 0.62971676501911034 153.85188221465796 49.198964394861832 5.7201881052460513 1.8963561358395962 43.986847309221048 0.43526722338356094 508.47151684743562 202.53096263499356 1142.3133112616488 349.05180275332123 371.75336068886941 6.5061334148231245 5.590568586252628 8.7962844395078701 103.99831330380403 3.431631036568433 4.6282599736005059 1.8453743220306933 1.2231035679578781 598.1024371480089 3.5418586112791663 113.94944928969198 17.358999269774358 455.46168081337964 706.25722664955538 185.1976574197688 55.657508703297935
leaf_count=56178 244 58628 21 1817 545 40 57 10218 400 63527 1226486 17408 288807 127965 142 53 417 2354 53 99 54 29 60792 64 1923 5153 35411 8438 9571 2043
internal_value=0.000210456 0.00322293 0.0415043 -0.00193056 -0.00483035 -0.0517638 0.159677 0.00157523 -0.00276579 -0.000123433 -0.00360251 0.0073815 -0.0347046 0.0237902 0.000898612 0.0790184 0.0909404 0.0813505 0.210833 0.00108702 -0.128742 -0.318737 -0.0108765 0.00777769 0.037472 -0.0140582 0.00190804 -0.0198459 -0.0110165 -0.0803751
internal_weight=14745.8 6126.14 252.799 8619.64 113.103 63.9038 7.61654 5873.34 8465.79 6385.48 4362.94 2022.54 551.583 880.225 3811.36 139.696 121.817 112.795 9.0222 5829.35 7.69674 3.06848 2080.3 303.124 117.491 1777.18 472.821 1304.36 185.633 56.2872
internal_count=1978937 74855 5827 1904082 2706 2161 97 69028 1902265 1780513 1571613 208900 1515293 191492 56320 3121 2877 2771 106 58810 182 83 121752 11958 1987 109794 40564 69230 9971 2064
is_linear=0
shrinkage=0.1


Tree=103
num_leaves=31
num_cat=0
split_feature=3 2 7 4 7 6 4 5 6 2 10 7 7 4 6 7 2 7 4 6 2 4 7 4 7 2 9 10 10 9
split_gain=8.37325 82.8535 122.134 66.0587 65.2242 39.2005 37.6325 39.4817 42.114 36.627 36.1313 30.7845 49.9974 30.0042 29.2478 26.2727 24.59 38.9122 37.0783 39.5274 52.3462 41.5209 38.2627 36.9064 22.9356 19.7462 18.6636 18.205 17.771 16.004
threshold=0.80939152836799633 0.69804355502128612 0.47727273404598242 0.69631093740463268 0.26136364042758947 0.79361054301261913 0.70064935088157665 1.5000000000000002 0.94804319739341747 0.43779762089252477 0.41563534736633306 0.31666667759418493 0.26136364042758947 0.36882591247558599 0.90521115064620983 0.21825397014617923 0.52689418196678173 0.27922078967094427 0.85053193569183361 0.53001201152801525 0.64660635590553295 0.67068272829055797 0.52777779102325451 0.81892696022987377 0.11437908560037614 0.50274726748466503 0.3284303098917008 0.22795913368463519 0.98879832029342662 0.81509971618652355
decision_type=2 2 2 2 2 2 2 2 2 2 2 2 2 2 2 2 2 2 2 2 2 2 2 2 2 2 2 2 2 2
left_child=1 2 3 11 5 13 -6 8 -8 10 -5 12 -1 -3 -9 -11 17 -2 19 21 23 24 -22 -21 -18 -19 -13 -15 -20 -27
right_child=16 4 -4 9 6 -7 7 14 -10 15 -12 26 -14 27 -16 -17 18 25 28 20 22 -23 -24 -25 -26 29 -28 -29 -30 -31
leaf_value=-0.0023593209470562371 -0.072731113837721059 1.0555860532486523 0.054189707293137018 1.5246295451075296 -0.19312812290208714 -0.035260581955609459 0.10000768969783669 -0.051765841565989915 -0.03047500229382244 0.073817685283926834 0.11059897320443675 0.15301925648060025 -0.12195443569730549 0.34424253683544076 -0.12442670315103443 -0.07873932772594433 0.068266374768219729 0.03799222933589378 7.7138954324546436e-05 -0.074342368659611177 0.039900259562164433 0.0020307568294831708 -0.065485120521598064 0.11891084567433532 0.2477946296850389 -0.14848305247957747 0.027314931851212521 0.067170471887403146 0.093461357961119429 0.046004206934235813
leaf_weight=2923.0066238518684 112.28744875717348 0.31533001434672669 395.24960824309346 0.184622934503749 18.208925700924738 50.085893657226848 29.905081241791777 272.36346943848912 143.08991857573528 12.04196592107837 8.5113452737232347 12.485743440833174 35.37898423758088 2.4655402933353079 69.542396691051181 180.44003011756467 11.128919029467854 73.858775477525342 9436.545181334981 81.263336701405876 430.89558590468511 21.491687300237572 37.44596989470665 11.250151647318487 19.735608107523149 11.676697543533011 218.62618415578982 62.106274993069249 20.422279474791139 6.6353552947984999
leaf_count=709284 209253 8 11847 1188 2939 7114 6240 21549 19252 3274 466 8919 24349 359 3770 42011 1684 18325 711686 50824 68403 8260 990 2198 6839 3784 22563 8879 2531 77
internal_value=-0.000440508 -0.00407251 0.00158319 -0.00454912 -0.0371116 0.0312008 -0.0518442 -0.0468478 -0.00791889 -0.0601258 0.14062 -0.00104362 -0.00378954 0.0825019 -0.0665448 -0.0691951 0.00112688 -0.0332061 0.00182395 0.0256533 0.0178962 0.10875 0.0314742 -0.0508417 0.183062 0.0149453 0.0341061 0.0777499 0.000278802 -0.0780108
internal_weight=14708.6 4434.01 3785.93 3390.68 648.083 114.973 533.11 514.901 172.995 201.178 8.69597 3189.5 2958.39 64.8871 341.906 192.482 10274.6 204.458 10070.2 613.211 560.855 52.3562 468.342 92.5135 30.8645 92.1708 231.112 64.5718 9456.97 18.3121
internal_count=1978865 894011 823901 812054 70110 16360 53750 50811 25492 46939 1654 765115 733633 9246 25319 45285 1084854 231439 853415 139198 122415 16783 69393 53022 8523 22186 31482 9238 714217 3861
is_linear=0
shrinkage=0.1


Tree=104
num_leaves=31
num_cat=0
split_feature=5 4 4 9 2 3 6 3 4 5 4 14 2 5 6 6 2 6 6 10 10 5 10 14 9 9 6 6 3 10
split_gain=8.21909 8.13047 18.6094 17.7032 18.2139 15.1866 25.0887 15.8852 15.1511 13.9741 16.2778 21.9123 15.3895 13.7436 19.1686 13.1997 27.3559 11.3991 10.7949 9.94549 31.1066 43.1157 21.2688 17.3388 17.3132 8.21976 7.1384 6.8736 5.76054 4.15178
threshold=43.500000000000007 0.13840996474027636 0.20761494338512423 0.31381341814994818 0.17082066833972934 0.41862435638904577 0.39433813095092779 0.76689496636390697 0.080540537834167494 32.500000000000007 0.24440020322799685 0.43513594567775732 0.42933948338031774 8.5000000000000018 0.38138528168201452 0.20185185223817828 0.312876507639885 0.35948719084262853 0.78501400351524364 0.75484195351600658 0.84384033083915722 5.5000000000000009 0.64722883701324474 0.2700172364711762 0.55332529544830333 0.38559618592262274 0.94804319739341747 0.57735043764114391 0.086335405707359328 0.94146201014518749
decision_type=2 2 2 2 2 2 2 2 2 2 2 2 2 2 2 2 2 2 2 2 2 2 2 2 2 2 2 2 2 2
left_child=1 8 3 4 26 6 -5 -7 13 10 11 -4 -12 25 17 16 -11 -15 -16 22 21 -21 23 -10 -24 29 -3 -22 -27 -1
right_child=-2 2 9 5 -6 7 -8 -9 19 15 12 -13 -14 14 18 -17 -18 -19 -20 20 27 -23 24 -25 -26 28 -28 -29 -30 -31
leaf_value=-0.19994882047713916 -0.16246332369856789 0.44331298708659078 -0.057412058470912325 0.0093741192559554012 -0.1041661347766832 -0.089843619546582251 -0.044505365356469859 0.38942782718932373 -0.091561544120770277 0.017864757110823533 -0.013657330727523391 0.034302537223829872 -7.0906990437451009e-05 -0.019477686496057616 -0.12250244611143045 -0.11317697475820079 1.0911194041063961 0.16850038424961422 0.081256835448200518 -0.070048708456038958 -0.0057222376676952852 0.037031150313028331 0.092635436476168787 0.026705234519851313 0.019442248083336812 0.0083300428635329059 1.090292155672153 0.025635767416460883 -0.16794940556723101 0.12346007913291718
leaf_weight=2.828689369004223 3.1389793674206876 0.5368697076664819 29.311170946933998 174.65755015509239 0.54288024132256396 40.336707229456806 171.07368749008128 0.70362434815615316 20.357723047372929 3.9944939569968509 895.53328412615338 234.14865077780632 12076.410383148946 24.301543788707935 31.741947913979402 19.166503011093482 0.25250198488356534 3.7197308698850966 2.8320424923094825 101.12775088474154 84.118196283467114 59.861170626245439 64.845319392043166 31.697956647453793 64.425409920804668 120.00301515627507 0.24992782564368099 413.60134615749121 1.8828722786147398 0.46174007654190052
leaf_count=754 1027 64 13357 5818 249 1476 6853 3 8066 543 385210 6352 1515254 2182 6858 5352 34 270 63 379 361 467 693 10780 1103 3090 2 1855 125 1
internal_value=-0.000666045 -0.000631436 -0.0012774 -0.0228612 0.341395 -0.0241135 -0.0172864 -0.0816267 0.00794554 -0.00064562 -0.000509075 0.0240988 -0.00100886 -0.0177348 -0.0559931 -0.0778327 0.0816743 0.00547578 -0.105812 0.0136858 0.00797698 -0.0302328 0.0344245 -0.0195461 0.0561577 0.00139656 0.648827 0.020336 0.00560691 -0.154565
internal_weight=14677.9 14674.7 13646.9 388.101 1.32968 386.772 345.731 41.0403 1027.81 13258.8 13235.4 263.46 12971.9 187.772 62.5953 23.4135 4.247 28.0213 34.574 840.035 658.708 160.989 181.326 52.0557 129.271 125.176 0.786798 497.72 121.886 3.29043
internal_count=1978641 1977614 1940567 14465 315 14150 12671 1479 37047 1926102 1920173 19709 1900464 13343 9373 5929 577 2452 6921 23704 3062 846 20642 18846 1796 3970 66 2216 3215 755
is_linear=0
shrinkage=0.1


Tree=105
num_leaves=31
num_cat=0
split_feature=3 2 6 4 5 6 6 11 4 5 10 5 4 6 5 5 11 10 3 9 4 5 6 2 4 3 5 6 14 2
split_gain=7.66658 67.6337 51.298 35.2729 33.2241 79.8502 37.6264 37.2451 32.6141 31.0087 18.5341 19.3174 25.1769 31.6628 25.2419 24.9195 16.4346 16.2945 28.1099 15.1132 14.8552 13.1501 23.1635 13.0518 25.7249 18.4099 12.4095 12.377 14.0617 14.4582
threshold=0.77752524614334118 0.65240275859832775 0.69604039192199718 0.77032968401908886 1.5000000000000002 0.943650782108307 0.90521115064620983 0.77097901701927196 0.71010184288024913 2.5000000000000004 0.95531892776489269 18.500000000000004 0.85053193569183361 0.92637759447097789 1.5000000000000002 2.5000000000000004 0.55902779102325451 0.55391839146614086 0.61143791675567638 0.50609847903251659 0.70064935088157665 16.500000000000004 0.54616478085517894 0.61938297748565685 0.51087471842765819 0.64739304780960094 12.500000000000002 0.96039214730262767 0.37125444412231451 0.63686314225196849
decision_type=2 2 2 2 2 2 2 2 2 2 2 2 2 2 2 2 2 2 2 2 2 2 2 2 2 2 2 2 2 2
left_child=1 3 -3 17 5 -4 9 -8 -7 -6 11 12 13 15 -15 -2 -12 18 19 -1 -20 26 -23 24 -19 -25 -14 28 -5 -30
right_child=10 2 4 27 6 8 7 -9 -10 -11 16 -13 21 14 -16 -17 -18 23 20 -21 -22 22 -24 25 -26 -27 -28 -29 29 -31
leaf_value=-0.091385689944379289 0.070653024805085674 0.094875998480405635 0.1234714485141067 0.32887675664585858 0.04613128417589097 -0.12124449746270589 -0.12105665763101565 -0.77300153456037468 -0.012554756893899547 -0.058285333795653732 0.083303522556055137 -0.044272025937642817 -0.00058028090318089712 -0.0012397444573509103 -0.084592107801029659 0.018191390311998869 0.015857002038460837 -0.0018928644209895954 0.064284326764183997 0.060455079435105363 -0.041632182714430963 -0.023981159554429702 0.12326902340258135 0.0045551213060398303 0.024700401488851963 -0.073816392978683032 -0.019678823740711848 -0.033120953635034082 0.044656519685964707 0.14456773842364984
leaf_weight=65.9787101444781 103.83322891172133 27.919919238908847 36.211342247208506 2.030430913437157 32.242408091537072 38.736563961240165 65.824804414132814 0.88811237923800845 96.093896390435475 241.22568518548405 41.37932075210847 96.742742888607609 8910.0314025022253 221.77263828297691 43.449876530326947 707.4091792291631 284.66369801823748 2582.7427673554557 30.818450137740911 7.2782137437343399 23.218256889134864 20.124292074629921 22.770949813202606 64.787503733969061 423.38685532141608 55.779008625831921 353.72270335037683 13.660766804201556 79.030539837996912 17.733941231783319
leaf_count=508396 13039 3569 4599 60 3062 6389 7197 10 9927 39553 1149 75183 675983 37947 3987 273039 11556 115545 66534 37202 19823 1813 637 1753 16539 1115 34589 2133 5602 1054
internal_value=-0.000435373 -0.00423254 -0.0371156 0.00103375 -0.0443242 -0.00837201 -0.0624008 -0.129736 -0.0437811 -0.0459744 0.000937041 0.00020655 0.000620971 0.0150998 -0.0148949 0.0249061 0.0244169 -0.000869159 -0.0359404 -0.0763 0.0187746 -0.00105374 0.0541866 0.000558658 0.00185256 -0.0317028 -0.00130953 0.0560958 0.0684321 0.0629672
internal_weight=14711.5 3905.59 539.143 3366.45 511.223 171.042 340.181 66.7129 134.83 273.468 10805.9 10479.9 10383.1 1076.46 265.223 811.242 326.043 3253.99 127.294 73.2569 54.0367 9306.65 42.8952 3126.7 3006.13 120.567 9263.75 112.456 98.7949 96.7645
internal_count=1978984 850062 74306 775756 70737 20915 49822 7207 16316 42615 1128922 1116217 1041034 328012 41934 286078 12705 766907 631955 545598 86357 713022 2450 134952 132084 2868 710572 8849 6716 6656
is_linear=0
shrinkage=0.1


Tree=106
num_leaves=31
num_cat=0
split_feature=7 4 7 4 3 10 2 6 6 9 3 2 4 3 6 9 4 4 4 2 4 2 3 6 5 10 2 9 10 12
split_gain=8.34085 50.3973 38.9191 60.1192 59.5418 29.3275 37.7307 39.7825 29.2487 185.543 20.5701 23.7036 19.2977 35.5765 44.5425 19.3068 19.0006 18.6936 17.7195 31.7004 16.2177 25.3117 18.4301 14.2732 17.3475 27.762 45.0439 17.1201 14.0766 12.9138
threshold=0.29285715520381933 0.64565756916999828 0.26136364042758947 0.39369101822376257 0.81302964687347423 0.54581964015960704 0.680425524711609 0.94519516825675975 0.50280898809432995 0.28151743113994604 0.84660634398460399 0.60736888647079479 0.77032968401908886 0.78317934274673473 0.7228132188320161 1.0000000180025095e-35 0.84028983116149913 0.84273937344551098 0.66312056779861461 0.5388936996459962 0.67068272829055797 0.67006802558898937 0.66424605250358593 0.93813776969909679 1.5000000000000002 0.50543543696403515 0.64326766133308422 0.67806351184844982 0.98879832029342662 1.0000000180025095e-35
decision_type=2 2 2 2 2 2 2 2 2 2 2 2 2 2 2 2 2 2 2 2 2 2 2 2 2 2 2 2 2 2
left_child=2 23 5 -4 -5 12 10 17 9 -6 16 -12 29 14 -14 -15 -7 -8 19 -3 21 22 -20 24 25 26 -2 -25 -22 -1
right_child=1 18 3 4 8 6 7 -9 -10 -11 11 -13 13 15 -16 -17 -18 -19 20 -21 28 -23 -24 27 -26 -27 -28 -29 -30 -31
leaf_value=-0.078222786613820358 0.41514458304922192 0.084805978103098548 1.9713816933999677 -0.12430173777492837 3.5837809943456413 -0.0027049861636746081 0.058300044786378485 -0.056337149315888284 0.00076315868511041903 0.15277231620514709 -0.058159413847414743 0.047468779610857936 1.005762606608015 0.07570954076515253 -0.10072089885066338 -0.092231647487780372 0.15274530120248672 -0.036872494448828182 0.02201203540472061 -0.17862887296291066 -0.00029023786427342105 -0.23845650089862738 0.12713253151325773 -0.0913282038030373 0.054598781798033985 0.12425547651379304 2.4822044305854094 0.056531403245232072 0.079533998665659994 -0.014345062841830555
leaf_weight=99.109624244215865 1.1432966080028588 6.7934348603848802 0.14445957290445122 65.742802419630607 0.16285898865862947 2808.668997094217 220.35031327829347 41.695948656473774 26.421717236767108 4.8963723382394164 124.98617921288678 25.595609628224338 0.81216083809431683 16.412357104418337 0.65904915908140538 11.743330467335907 7.8850072608620385 22.770756779471412 50.102111156436877 13.943623379067501 10866.195258850727 3.0159024857457544 25.000866252757987 12.522489670382127 89.505681098988134 24.355688309995458 0.11612972673901811 20.901313449256122 22.136600558354985 46.496242642576817
leaf_count=724206 735 900 3 31701 237 138969 3142 603 7036 1956 11641 471 1073 742 1364 30680 57 322 5543 2632 864999 530 3554 4030 12248 87 89 74 2751 126816
internal_value=-0.000536551 0.000805369 -0.00477631 -0.0671196 -0.0701485 -0.0030051 -0.000857748 0.0339087 0.0429417 0.263218 -0.004195 -0.0402049 -0.0428555 0.0307128 0.510098 0.0056637 -0.0022698 0.0493862 2.31481e-05 -0.0923279 0.00019778 0.0455986 0.0570054 0.0586628 0.0753654 0.147929 0.605745 0.00113464 -0.000127951 -0.0578247
internal_weight=14660.3 11135.7 3524.55 97.3682 97.2238 3427.19 3251.95 284.817 31.4809 5.05923 2967.14 150.582 175.233 29.6269 1.47121 28.1557 2816.55 243.121 10987.2 20.7371 10966.5 78.1189 75.103 148.545 115.121 25.6151 1.25943 33.4238 10888.3 145.606
internal_count=1979191 898172 1081019 40933 40930 1040086 155205 4067 9229 2193 151138 12112 884881 33859 2437 31422 139026 3464 880909 3532 877377 9627 9097 17263 13159 911 824 4104 867750 851022
is_linear=0
shrinkage=0.1


Tree=107
num_leaves=31
num_cat=0
split_feature=5 6 2 4 6 5 6 3 6 5 2 1 10 10 1 5 6 3 2 4 11 14 2 5 1 1 5 5 6 1
split_gain=10.4058 26.8092 41.1025 29.9391 54.9441 21.0764 21.3939 20.5622 20.2172 33.7906 58.0484 44.8322 120.622 48.1296 34.514 26.9922 25.5899 34.1307 42.8131 23.0679 21.5878 18.8893 18.2997 17.9734 23.9582 23.2871 17.7874 15.8398 15.0486 27.8353
threshold=12.500000000000002 0.36435787379741674 0.4246212244033814 0.63211598992347728 0.53390806913375866 15.500000000000002 0.47655677795410162 0.40951734781265264 0.6789083480834962 7.5000000000000009 0.79388421773910534 1.0000000180025095e-35 0.75484195351600658 0.50672701001167308 1.0000000180025095e-35 4.5000000000000009 0.75809821486473095 0.94804319739341747 0.43534001708030706 0.30471627414226538 0.54772728681564342 0.88440898060798656 0.57712131738662731 4.5000000000000009 1.0000000180025095e-35 1.0000000180025095e-35 24.500000000000004 11.500000000000002 0.36435787379741674 1.0000000180025095e-35
decision_type=2 2 2 2 2 2 2 2 2 2 2 2 2 2 2 2 2 2 2 2 2 2 2 2 2 2 2 2 2 2
left_child=8 -2 5 4 26 6 7 -3 15 16 14 13 -13 -12 27 19 17 18 -10 -1 -16 -8 -6 25 -25 -18 -4 -11 29 -17
right_child=1 2 3 -5 22 -7 21 -9 9 10 11 12 -14 -15 20 28 23 -19 -20 -21 -22 -23 -24 24 -26 -27 -28 -29 -30 -31
leaf_value=0.1310345164396205 0.0094311412947499663 0.06140070564941881 0.10554260054329584 -0.012809156740470354 -0.096023495229408257 -0.064673631106815357 -0.047646367265966522 -0.068602850041015184 -0.0064292328466260488 -0.031681685691335025 0.090468200869539939 -0.01726411297676186 0.074454133854872803 -0.03924044905135881 -0.10876376756059934 -0.068434636864757939 0.007342832943048304 0.00040663909106197207 0.080491664262985776 -0.048131410813618332 -0.34589527836937095 0.63709125129468169 0.011632495348981264 -0.018401232393817784 0.021722888650458627 -0.0031183952688212408 -0.19610692702519972 -0.12024669977197887 0.018383903779767129 0.24317827191467756
leaf_weight=7.7359254710620453 618.56056665435881 47.851359926139594 72.969014323098833 577.19577561159031 24.26886463341863 208.001888911283 104.18993130349281 16.314215346008496 87.168533525171938 343.48775365129018 31.106441983110244 415.87526201544097 218.84448611654807 356.04228321585106 36.966161857990301 36.68273655637654 4198.1049260130085 311.12527344166301 161.94352407710483 101.1180259472967 4.2840234674513331 0.40443725138902564 45.191142999452339 891.98735873016085 178.61253192309596 4315.0655918356488 2.0086350365863828 21.45549182810737 1249.9126462202685 3.1095832128848988
leaf_count=170 56293 3034 33140 78467 43267 76712 39248 3654 20517 116414 3093 45027 1730 2198 11686 3168 463515 27660 40573 47365 30 9 8179 153527 11922 465757 3078 6958 211677 765
internal_value=9.55754e-05 -0.00722026 -0.0165975 -0.00261996 0.0380977 -0.0433694 -0.0171113 0.0283471 0.00106399 -0.000308516 -0.0147106 -0.00199924 0.0143593 -0.0288187 -0.0466887 0.0124205 0.00171899 0.0224926 0.0500766 -0.0353986 -0.133391 -0.0449987 -0.0259818 0.000504626 -0.0117072 0.00204036 0.0974615 -0.0368885 0.0164565 -0.0440835
internal_weight=14687.6 1716.96 1098.4 721.633 144.438 376.762 168.76 64.1656 12970.6 11572.1 1428.06 1021.87 634.72 387.149 406.193 1398.56 10144 560.237 249.112 108.854 41.2502 104.594 69.46 9583.77 1070.6 8513.17 74.9776 364.943 1289.7 39.7923
internal_count=1978833 345081 288788 166131 87664 122657 45945 6688 1633752 1370607 187136 52048 46757 5291 135088 263145 1183471 88750 61090 47535 11716 39257 51446 1094721 165449 929272 36218 123372 215610 3933
is_linear=0
shrinkage=0.1


Tree=108
num_leaves=31
num_cat=0
split_feature=6 2 3 2 7 2 5 5 7 6 2 5 7 3 7 6 3 7 3 2 1 11 6 5 2 10 5 1 7 7
split_gain=8.74863 19.8852 19.5894 68.0614 99.877 50.6508 62.2831 29.8412 45.7296 47.635 25.0626 70.0873 39.2614 30.245 173.891 67.8872 29.7901 26.4048 41.3248 25.5376 25.4448 24.0497 23.7744 31.3192 19.5172 17.9062 27.7081 37.0097 69.7962 49.9884
threshold=0.73727351427078258 0.096006143838167204 0.81455025076866161 0.70801281929016124 0.47727273404598242 0.17082066833972934 3.5000000000000004 2.5000000000000004 0.43650794029235845 0.88047617673873912 0.81605800986289989 7.5000000000000009 0.42261904478073126 0.88589513301849376 0.52777779102325451 0.8019607961177827 0.87839940190315258 0.73214286565780651 0.85028737783432018 0.78305691480636608 1.0000000180025095e-35 0.39565217494964605 0.92403846979141246 1.5000000000000002 0.84889996051788341 0.75484195351600658 8.5000000000000018 1.0000000180025095e-35 0.47727273404598242 0.63068181276321422
decision_type=2 2 2 2 2 2 2 2 2 2 2 2 2 2 2 2 2 2 2 2 2 2 2 2 2 2 2 2 2 2
left_child=1 -1 3 4 5 21 -7 22 9 -9 11 17 16 14 20 -16 -13 18 -4 -19 -12 -2 -5 -24 -15 -3 -27 29 -29 -28
right_child=2 25 10 7 -6 6 -8 8 -10 -11 13 12 -14 24 15 -17 -18 19 -20 -21 -22 -23 23 -25 -26 26 27 28 -30 -31
leaf_value=-0.036590563017128687 -0.012474334695117861 -0.0045136520118424705 0.011521718606554524 0.031892831732879288 0.043262758525391548 -0.009263418197680966 -0.063067539731084463 -0.0059968616092450026 -0.11171580450326685 -0.17243654621540819 0.023106571803647672 0.24650428682365788 -0.090073361712330491 0.054755156601549629 0.054049760425434384 -0.097554856771726151 -1.1433497416376293 -0.018769757874763093 0.064271070866332422 0.061799214884845299 -0.042025292608707555 0.023834316584580618 -0.017510097520753869 -0.11441177416142939 0.00061662751989394323 0.027353436557151112 0.0071326531890396746 -0.1491691663119554 0.08062115773647352 -0.038192983168057387
leaf_weight=118.93597665870902 317.06267400142247 1342.6398278465444 317.24256066134899 71.914711578234289 414.74419014894738 692.93385237184339 312.03126223496224 130.65095724869349 114.74897966659228 19.801555370073402 469.65096132602048 4.7579072669720963 76.305879108367662 67.342388874249082 33.266805936065794 263.4293324737082 0.15938341565924918 197.23122230728404 279.24647193917372 49.143266612281877 68.762836359599532 429.60968843940645 200.32414064283603 40.016769098352597 5953.563089456974 663.70529784722021 1577.3018683195696 14.890157439745961 117.70956716034561 287.70456790947355
leaf_count=12939 16871 732485 12925 7705 12132 263282 256430 18345 6114 2344 37798 1494 4407 3141 943 9021 6 14974 8674 2306 33744 2003 24234 2460 461617 6504 20898 121 983 2225
internal_value=-0.000200187 0.00370451 -0.0017299 -0.00899488 -0.000863511 -0.0113115 -0.025969 -0.0395004 -0.0641674 -0.0279025 0.000832269 0.0162919 -0.0724241 -0.00125146 -0.0190855 -0.0805563 0.201455 0.0248411 0.0362163 -0.00269901 0.0147883 0.00841642 -0.0185506 -0.0336442 0.00122215 0.00490146 0.00965141 0.0037699 0.0548171 0.00014051
internal_weight=14646.8 4122.89 10523.9 2743.84 2166.38 1751.64 1004.97 577.457 265.201 150.453 7780.1 924.087 81.2232 6856.02 835.11 296.696 4.91729 842.864 596.489 246.374 538.414 746.672 312.256 240.341 6020.91 4003.95 2661.31 1997.61 132.6 1865.01
internal_count=1979125 776155 1202970 611920 550718 538586 519712 61202 26803 20689 591050 44786 5907 546264 81506 9964 1500 38879 21599 17280 71542 18874 34399 26694 464758 763216 30731 24227 1104 23123
is_linear=0
shrinkage=0.1


Tree=109
num_leaves=31
num_cat=0
split_feature=6 5 14 5 6 5 2 3 1 4 7 6 14 11 4 2 6 4 1 1 2 5 3 1 6 3 2 2 4 11
split_gain=9.24623 68.7733 31.5887 29.2141 43.4762 29.1593 42.0375 33.8571 28.7364 303.811 33.2188 37.0969 28.9775 27.5191 23.1313 22.5409 44.7485 33.2904 47.8575 37.8195 30.0353 28.505 22.2339 22.6511 21.5521 51.1315 24.405 21.0021 19.3871 19.1639
threshold=0.93142634630203258 1.5000000000000002 0.2700172364711762 2.5000000000000004 0.88047617673873912 1.5000000000000002 0.35751880705356603 0.90947505831718456 1.0000000180025095e-35 0.99382716417312633 0.47727273404598242 0.96190130710601818 0.82826295495033275 0.045983087271451957 0.96490147709846508 0.8841681480407716 0.87026646733284008 0.99382716417312633 1.0000000180025095e-35 1.0000000180025095e-35 0.8521554470062257 3.5000000000000004 0.90947505831718456 1.0000000180025095e-35 0.94519516825675975 0.41290104389190679 0.36442688107490545 0.3536857813596726 0.49295215308666235 0.084523811936378493
decision_type=2 2 2 2 2 2 2 2 2 2 2 2 2 2 2 2 2 2 2 2 2 2 2 2 2 2 2 2 2 2
left_child=1 2 -1 4 -3 8 27 -8 10 -10 24 14 -11 -13 -12 16 21 18 -17 -19 -18 -5 23 -4 25 -2 -26 29 -6 -7
right_child=5 3 22 15 28 6 7 -9 9 12 11 13 -14 -15 -16 17 20 19 -20 -21 -22 -23 -24 -25 26 -27 -28 -29 -30 -31
leaf_value=1.302954656532811 -0.088666351702289259 0.084320905126666998 0.11061353518297046 0.031599386373842485 -0.026771919489142218 0.77138906127634554 -0.071777160626889186 0.033422753172094692 -0.1312957281716067 -0.0015607331740169852 0.063524488976712451 -0.015175032470221709 0.054539895988968336 0.021254355099725467 -0.062434508149613911 -0.023225362956879162 -0.024217331142392662 0.037597588387743852 0.047598958759538935 -0.0059635864725441599 -0.1106605089886928 -0.0026352302895741152 -0.10299267951589619 -0.10573230355511386 0.01047766200593379 0.092353543409819813 -0.027474027175809365 0.50216574625934707 0.021104445236611521 0.023190290902667485
leaf_weight=0.21330890330227603 21.678839601855429 94.482914492787359 80.349804735748876 252.89747257638828 109.91129621009782 0.34403858862788084 192.95590393139719 36.357096885905776 188.55767294499674 2165.1290963899155 205.73357910800769 311.70484316958755 96.160904595104512 619.45895578086493 15.691460241883759 126.30549926602362 500.33660631572184 236.30278490552882 390.01759615165793 1272.9176000263396 43.705960245984897 6352.310441323636 5.9085291301089446 5.1495679856889174 264.2708329502766 55.685049061292375 472.18889451372991 0.94241687418070696 366.99618017882131 69.072777096320351
leaf_count=29 2367 7068 4122 44022 21308 1048 23766 630 79215 200617 4404 15394 11881 10338 347 5573 79957 2847 16759 111954 1283 1136170 917 9345 19897 11514 110578 167 43576 2071
internal_value=-0.00052487 0.00122027 0.0874546 0.000409603 0.0223483 -0.00416536 -0.0343516 -0.0550979 -0.00211703 -0.00934401 0.00688667 0.0178082 0.000824935 0.00905971 0.0545983 -0.000956701 -0.00359503 0.00835539 0.0302736 0.000856906 -0.0311618 -0.00132447 0.0846181 0.0975832 -0.00858105 0.0416283 -0.0138555 0.0332644 0.0100705 0.0268985
internal_weight=14553.7 9837.81 91.6212 9746.18 571.39 4715.93 299.672 229.313 4416.26 2449.85 1966.41 1152.59 2261.29 931.164 221.425 9174.79 7149.25 2025.54 516.323 1509.22 544.043 6605.21 91.4079 85.4994 813.824 77.3639 736.46 70.3592 476.907 69.4168
internal_count=1979164 1484930 14413 1470517 71952 494234 27682 24396 466552 291713 174839 30483 212498 25732 4751 1398565 1261432 137133 22332 114801 81240 1180192 14384 13467 144356 13881 130475 3286 64884 3119
is_linear=0
shrinkage=0.1


Tree=110
num_leaves=31
num_cat=0
split_feature=14 14 5 2 2 11 11 10 10 14 6 6 5 9 6 5 7 2 3 11 5 6 5 4 2 6 4 2 10 1
split_gain=8.51579 14.0227 26.4109 17.2273 14.4266 14.0233 21.6769 16.706 20.4317 14.5077 12.1133 11.4228 10.8148 10.2746 8.48222 29.6297 23.5971 60.3773 53.1267 31.6047 26.2511 67.415 22.0162 53.5351 51.7516 70.8077 34.1462 24.018 22.3525 87.9594
threshold=0.37125444412231451 0.36736550927162176 30.500000000000004 0.58380147814750682 0.51649147272109996 0.58578431606292736 0.41421568393707281 0.75484195351600658 0.72100931406021129 0.35253311693668371 0.84262126684188854 0.74133810400962841 5.5000000000000009 0.54416766762733471 0.81909090280532848 4.5000000000000009 0.47727273404598242 0.70801281929016124 0.80513978004455578 0.048199767246842391 2.5000000000000004 0.91751700639724743 7.5000000000000009 0.99382716417312633 0.84262126684188854 0.73956522345542919 0.54261502623558056 0.75134408473968517 0.75484195351600658 1.0000000180025095e-35
decision_type=2 2 2 2 2 2 2 2 2 2 2 2 2 2 2 2 2 2 2 2 2 2 2 2 2 2 2 2 2 2
left_child=1 5 3 4 -3 6 7 8 -1 -7 -9 13 -13 -8 22 16 20 19 -19 -18 21 -16 23 24 25 -2 -26 -25 -24 -30
right_child=14 2 -4 -5 -6 9 11 10 -10 -11 -12 12 -14 -15 15 -17 17 18 -20 -21 -22 -23 28 27 26 -27 -28 -29 29 -31
leaf_value=0.0077913586710528591 0.062937524534002559 0.086687857094898291 1.117533284464223 -0.10925662299762735 0.3860555986881275 -0.17833002130818232 -0.16262060998187947 0.0098079051448828058 0.090615097722072047 0.068623985733157797 -0.050340221690849542 0.073445834941462423 0.21473197800093069 0.071641550201304402 0.043167827064472364 -0.026365337271778328 -0.023721253038943582 -0.061371700401582699 0.0006699951952861225 0.047468121829388102 -0.032588998711774564 -0.016016613856245848 -0.012237535971237043 -0.052896179764792918 -0.5781775810018388 0.00023680986504107115 0.10872538341865859 0.0010976200337319273 -0.0037395869830556504 0.048653319129208589
leaf_weight=204.8345198718016 272.33709445393356 19.939202489367755 0.24518847809304034 4.2528925109218099 1.7511078877032549 7.6652139872312528 3.5387464975938192 59.503425502276514 34.85264210292371 3.4493117779493332 76.56581944739446 34.953163005411625 6.4115268187597385 3.9755550650879741 242.18849146466096 488.7603391917828 73.93773921083266 141.85076876529092 5112.4616428466397 398.33136302045023 435.66888597107754 937.33128990851378 1378.9723367760362 88.733437824117573 0.72985438767194821 531.83834374687126 85.655701004503825 1151.5644633087686 2356.5449065532302 370.86105650290847
leaf_count=98839 54822 7662 54 216 154 61 27 660 441 14 361 128 19 21 45469 54295 13653 6876 388331 5417 129861 204647 651552 27376 348 133746 3417 119193 27301 3119
internal_value=0.000105646 0.0134656 0.084536 0.0747732 0.110856 0.00919429 0.0120966 0.00394771 0.0198347 -0.10169 -0.0240373 0.074741 0.0953452 -0.0386807 -0.00033305 -0.00252456 -0.000937415 0.00207346 -0.00100495 0.0363228 -0.0116123 -0.00386439 0.00241827 0.0106659 0.0293715 0.0214706 0.102922 -0.00276521 -0.00186152 0.00338458
internal_weight=14529.7 461.938 26.1884 25.9432 21.6903 435.75 424.635 375.756 239.687 11.1145 136.069 48.879 41.3647 7.5143 14067.8 7830.53 7341.77 5726.58 5254.31 472.269 1615.19 1179.52 6237.24 2130.86 890.561 804.175 86.3856 1240.3 4106.38 2727.41
internal_count=1978080 108657 8086 8032 7816 100571 100496 100301 99280 75 1021 195 147 48 1869423 848549 794254 414277 395207 19070 379977 250116 1020874 338902 192333 188568 3765 146569 681972 30420
is_linear=0
shrinkage=0.1


Tree=111
num_leaves=31
num_cat=0
split_feature=5 6 6 6 5 10 10 11 5 3 7 9 9 11 4 1 6 3 11 4 5 11 11 3 6 11 5 5 5 10
split_gain=11.1701 50.3769 12.5743 25.8634 32.8039 21.1371 14.4735 19.3262 14.2415 17.7993 24.1441 12.0183 21.1024 11.1109 10.6125 10.5956 10.4395 10.231 24.2559 9.85534 8.82292 8.73693 8.21581 8.02512 7.86327 7.68486 7.02058 6.45392 11.622 14.1647
threshold=23.500000000000004 0.25211864709854132 0.2314560413360596 0.37176080048084265 11.500000000000002 0.96110200881958019 0.68307831883430492 0.37797619402408605 18.500000000000004 0.48733974993228918 0.057189542800188072 0.83482250571250927 0.81509971618652355 0.7379862666130067 0.19399641454219821 1.0000000180025095e-35 0.40778534114360815 0.24374609440565112 0.094494048506021514 0.13840996474027636 43.500000000000007 0.86515152454376232 0.78019323945045482 0.79827535152435314 0.15470086038112643 0.56385868787765514 7.5000000000000009 29.500000000000004 28.500000000000004 0.85810163617134105
decision_type=2 2 2 2 2 2 2 2 2 2 2 2 2 2 2 2 2 2 2 2 2 2 2 2 2 2 2 2 2 2
left_child=2 17 5 4 13 11 15 -8 21 16 -11 12 25 26 24 -6 -10 18 -2 -13 -19 23 -20 -5 -7 -1 -4 28 -3 -30
right_child=1 27 3 8 6 14 7 -9 9 10 -12 19 -14 -15 -16 -17 -18 20 22 -21 -22 -23 -24 -25 -26 -27 -28 -29 29 -31
leaf_value=-0.1021618008373007 0.59738298725849615 -0.071541205587776435 0.048905480509178367 -0.0035762863576801092 -0.059371029947910985 0.01974199306999827 0.093469939189037912 0.029744904909662487 -0.022617765100967219 0.10524078228910222 -0.028871135212545331 -0.075785513092925846 0.22969927589214337 -0.32541299973412685 0.086796928959442299 0.083279117832202321 -0.11037186341679406 0.022168864412099601 -0.1348556671767662 -0.25233050047979017 -0.16393719414421479 0.024817563673760309 -0.49324303488015486 0.0020805594683373503 -0.098413469736749054 0.058263195143163832 -0.09871466624003894 -0.11421098096079918 0.18794474647776691 -0.071988476499605422
leaf_weight=21.334905132391221 0.41964098501693925 70.477892167750269 4.0260201159917477 3325.0675216986401 24.828981565388862 14.993865584954621 58.653724633564707 252.32960309286136 22.858458598260768 16.811808489065697 66.610893591876902 5.9251023964025062 2.4192631742916992 1.8481080525089044 13.266088182572274 6.5886103959292077 33.313345917373681 160.0915001317544 3.6039820048299589 6.7804567823186517 2.5885534001558872 151.7700903302175 0.77768121659755696 10203.968364484295 9.0212538912892324 3.4719434753060332 16.125551179055037 27.952556751505199 4.0354033201310795 4.3631520792841911
leaf_count=5495 177 24623 235 825467 24122 73 1153 1492 3344 940 38164 40 15 41 165 3125 10538 8898 494 49 486 2957 5 1012061 38 12 1861 10357 2547 81
internal_value=0.000723509 -0.0192645 0.00110795 0.00132702 0.0276238 -0.0391376 0.035229 0.0417639 0.000633659 -0.0311453 -0.00184415 -0.0896926 -0.0522154 -0.0907437 0.0150116 -0.0294557 -0.0746614 0.0149615 -0.128906 -0.170001 0.0192076 0.000957921 -0.198464 0.000690261 -0.024643 -0.0797089 -0.0692221 -0.0729224 -0.0582904 0.0529063
internal_weight=14536.3 274.31 14262 14184.8 364.401 77.2129 342.401 310.983 13820.4 139.595 83.4227 39.9317 27.2261 21.9997 37.2812 31.4176 56.1718 167.481 4.8013 12.7056 162.68 13680.8 4.38166 13529 24.0151 24.8068 20.1516 106.829 78.8764 8.39856
internal_count=1979055 47668 1931387 1925500 32029 5887 29892 2645 1893471 52986 39104 5611 5522 2137 276 27247 13882 10060 676 89 9384 1840485 499 1837528 111 5507 2096 37608 27251 2628
is_linear=0
shrinkage=0.1


Tree=112
num_leaves=31
num_cat=0
split_feature=6 5 4 2 5 2 3 1 1 4 7 6 7 6 9 2 3 14 2 4 2 11 6 7 7 11 7 7 3 2
split_gain=7.75407 55.8854 35.6924 34.1599 33.2894 33.9177 36.3626 27.2672 26.5678 264.693 32.1847 33.9842 31.0172 29.1957 22.4477 22.0586 22.3842 21.849 21.5338 31.0231 32.35 32.5335 20.4665 31.3208 23.275 20.0455 17.9169 23.933 17.0937 58.1425
threshold=0.93405798077583324 1.5000000000000002 0.20761494338512423 0.908033847808838 1.5000000000000002 0.47673159837722784 0.77807807922363292 1.0000000180025095e-35 1.0000000180025095e-35 0.99382716417312633 0.63068181276321422 0.9569842815399171 0.240384615957737 0.97100839018821727 0.719255030155182 0.77849927544593822 0.84019228816032421 0.46558573842048651 0.87007671594619762 0.99382716417312633 0.93957647681236278 0.25403225421905523 0.76230832934379589 0.75961539149284374 0.63068181276321422 0.094494048506021514 0.63068181276321422 0.68333333730697643 0.94804319739341747 0.80206185579299938
decision_type=2 2 2 2 2 2 2 2 2 2 2 2 2 2 2 2 2 2 2 2 2 2 2 2 2 2 2 2 2 2
left_child=1 2 17 7 8 -6 -7 -4 10 -10 11 12 -2 -13 -11 -8 -17 -1 22 20 21 -20 28 24 -24 -22 -21 -28 29 -3
right_child=4 18 3 -5 5 6 15 -9 9 14 -12 13 -14 -15 -16 16 -18 -19 19 26 25 -23 23 -25 -26 -27 27 -29 -30 -31
leaf_value=0.01358643065430443 -0.0085924430692800504 0.0024364006350397166 0.11678982720250948 -0.12176034711305031 0.020806670813135784 -0.14396083196234552 0.025933117476615249 -0.10605990741525667 -0.12742881245810719 -0.0010870388294918795 0.041593234986271557 -0.025283263224242486 0.058067738614095837 0.0056437130982446224 0.059393736885626006 -0.16809346839244754 -0.041483274072926207 -0.24023840588563466 0.0015385460464199454 0.10223220601797077 0.15745197667855237 0.04999656094402348 -0.011080786664480979 -0.075793213952999164 0.020533169335578472 0.050709526574717834 -0.01707271870798167 0.0079655802583986964 -0.0098840477927706009 0.073134981414185479
leaf_weight=9.4790748793493531 111.90006781294323 3534.0795346598561 94.152487347186252 7.1978823346798881 69.537890832330959 41.186863150581303 39.791191805132257 5.8305706774353885 174.00986199503222 2167.9642542845468 237.27835812794001 448.12790658699851 185.54065769206682 957.31272069644183 63.154896087362431 16.588938734621479 88.242219925366953 5.2804216467629876 390.34891046176108 17.556068021731335 26.660183463565772 214.7804184226552 2196.3435974549548 69.52000740339281 260.50152772193906 51.729318386758678 536.80115747987293 1321.7345240835348 1018.8597856668348 120.28405520146862
leaf_count=226 30548 788605 6263 1182 7733 10401 909 9802 78683 201974 4456 47409 9560 80325 10800 843 2295 40 31082 258 1076 2341 420448 957 14050 761 67950 73249 60375 13835
internal_value=-0.000287647 0.00129127 0.0685701 0.0886468 -0.00367881 -0.0387692 -0.0610651 0.103794 -0.00161675 -0.00863967 0.00708925 0.00228148 0.0329895 -0.00421742 0.000624953 -0.0374573 -0.0615186 -0.077223 0.000450626 0.00832871 0.026568 0.0187379 -0.0023502 -0.00960171 -0.00772873 0.0870125 0.00168357 0.000733764 0.00157 0.00476346
internal_weight=14481.8 9881.14 121.94 107.181 4600.64 255.347 185.809 99.9831 4345.29 2405.13 1940.16 1702.88 297.441 1405.44 2231.12 144.622 104.831 14.7595 9759.2 2559.61 683.519 605.129 7199.59 2526.37 2456.85 78.3895 1876.09 1858.54 4673.22 3654.36
internal_count=1978436 1492500 17513 17247 485936 22181 14448 16065 463755 291457 172298 167842 40108 127734 212774 4047 3138 266 1474987 176717 35260 33423 1298270 435455 434498 1837 141457 141199 862815 802440
is_linear=0
shrinkage=0.1


Tree=113
num_leaves=31
num_cat=0
split_feature=7 1 2 2 2 2 2 10 11 10 10 2 10 11 7 6 6 1 5 5 6 2 5 2 7 6 10 4 11 1
split_gain=8.56588 30.1176 17.6404 27.7523 24.1743 15.5013 15.2978 47.0628 15.1185 13.8308 64.6823 14.0305 13.3532 12.0042 10.1067 11.8939 10.4262 214.216 51.7262 49.2084 52.3981 46.2392 41.253 19.461 19.3286 30.2892 18.5407 14.6544 10.4024 23.9904
threshold=0.88194444775581371 1.0000000180025095e-35 0.76239567995071422 0.73375529050827037 0.92805382609367382 0.73746865987777721 0.57294833660125744 0.69459062814712536 0.2788888961076737 0.4204836785793305 0.48198950290679937 0.90501254796981823 0.65682536363601696 0.16064515709877017 0.84523808956146251 0.81530213356018078 0.90521115064620983 1.0000000180025095e-35 3.5000000000000004 1.5000000000000002 0.93969696760177623 0.94360822439193737 2.5000000000000004 0.88589513301849376 0.27922078967094427 0.84409722685813915 0.50543543696403515 0.8521554470062257 0.15075758099555972 1.0000000180025095e-35
decision_type=2 2 2 2 2 2 2 2 2 2 2 2 2 2 2 2 2 2 2 2 2 2 2 2 2 2 2 2 2 2
left_child=14 6 3 -3 9 12 7 -2 -6 11 -11 -4 -5 -7 16 -16 22 19 23 20 -18 -21 24 -19 25 -1 -20 -26 -24 -30
right_child=1 2 4 5 8 13 -8 -9 -10 10 -12 -13 -14 -15 15 -17 17 18 26 21 -22 -23 28 -25 27 -27 -28 -29 29 -31
leaf_value=0.12499159524017067 2.2286162039879742 -0.0046282539656537598 0.0059678642282796554 -0.17332738533908187 0.0018331935075331309 -0.11884316700264611 0.075388011604850688 0.1014301805084563 0.048205506519917986 0.64990372439982436 0.067270966010077329 0.16504745682576114 -0.5183168523035544 0.026929039438443471 0.041674675368353703 -0.079735642071867729 0.070894393580569801 -0.058155777302668035 0.28536313811921143 -0.025863078639955264 0.0053670453472427397 0.081070561363966953 -0.0058546192690351415 -0.13171625083150021 0.078817969688596806 -0.017463940752219034 0.0045118224733863002 0.0142285326191813 -0.0018764239553167202 0.012186323397378712
leaf_weight=17.84700673218768 0.13481906347442318 97.635103779837664 59.769345479384356 6.0016314841195699 1950.3280272243574 18.351539282404705 50.802062825438043 0.4551053429604508 72.935130760539323 1.9858648869849265 47.050662300898694 6.111158754938514 1.3799179052002726 8.1614727705600654 10.754210743616566 32.314482308778679 130.5631375619198 47.024034754545028 4.0583103166936763 735.84085396165005 1867.4098201577008 42.788645016597002 2509.3292012117799 152.92113570681249 119.56257228520008 91.178292009292903 5.5859356643632054 49.741376317113463 4700.5147631758173 1635.0789881739329
leaf_count=557 10 9275 5747 176 181051 2291 1791 75 11871 863 1492 108 18 207 208 493 10206 51508 47 88861 167288 719 1228841 35109 9247 21495 66 1125 134460 13777
internal_value=-8.71962e-08 0.00556643 0.00385237 -0.0316927 0.00603892 -0.109653 0.0812673 0.587569 0.00350484 0.0506547 0.0908662 0.0207243 -0.23782 -0.0739703 -0.00106328 -0.0494196 -0.000891294 -0.0060201 -0.103505 0.00133849 0.00964911 -0.0199867 0.000787449 -0.114416 0.0386945 0.00585546 0.122694 0.0598416 -0.000405399 0.00175287
internal_weight=14473.6 2321.1 2269.71 131.53 2138.18 33.8946 51.392 0.589924 2023.26 114.917 49.0365 65.8805 7.38155 26.513 12152.5 43.0687 12109.4 2986.19 209.589 2776.6 1997.97 778.629 9123.25 199.945 278.329 109.025 9.64425 169.304 8844.92 6335.59
internal_count=1978982 214975 213099 11967 201132 2692 1876 85 192922 8210 2355 5855 194 2498 1764007 701 1763306 353804 86730 267074 177494 89580 1409502 86617 32424 22052 113 10372 1377078 148237
is_linear=0
shrinkage=0.1


Tree=114
num_leaves=31
num_cat=0
split_feature=3 2 6 4 10 14 10 4 4 3 11 11 11 6 2 9 9 9 2 6 3 3 3 6 6 4 3 2 4 4
split_gain=10.9371 40.2091 38.092 34.1251 24.0056 26.4024 23.5589 22.6918 18.8616 18.4238 16.3408 25.3238 20.9378 13.6614 20.2662 11.8516 20.9896 14.4286 10.8077 50.2367 54.7652 34.9629 21.2302 73.766 64.2374 53.1145 63.2154 33.7359 31.3774 26.9783
threshold=0.77752524614334118 0.65485891699790966 0.69604039192199718 0.77032968401908886 0.75484195351600658 0.71777617931365978 0.56476035714149486 0.77581480145454418 0.58885449171066295 0.66424605250358593 0.22401433438062671 0.24621212482452395 0.21807064861059192 0.97100839018821727 0.51649147272109996 0.31829488277435308 0.31298431754112249 0.50609847903251659 0.77581480145454418 0.83935481309890758 0.92015627026557933 0.94804319739341747 0.88024389743804943 0.7589399814605714 0.67799538373947155 0.85053193569183361 0.85028737783432018 0.83225107192993175 0.87026646733284008 0.89039039611816417
decision_type=2 2 2 2 2 2 2 2 2 2 2 2 2 2 2 2 2 2 2 2 2 2 2 2 2 2 2 2 2 2
left_child=1 3 -3 6 5 7 15 -4 -6 -10 12 -12 -8 -5 -15 16 -1 -17 19 21 -21 -2 23 24 -20 27 -27 -25 -26 -24
right_child=18 2 4 13 8 -7 10 -9 9 -11 11 -13 -14 14 -16 17 -18 -19 22 20 -22 -23 29 25 28 26 -28 -29 -30 -31
leaf_value=-0.023580598925847941 0.0011516692016753864 0.080373230128564607 0.011934629649703724 0.061842491539501582 0.068137889728570239 0.13254435489887889 0.011166686331209043 -0.080066936254091212 -0.21595757847394892 -0.052203553886107583 -0.077376287075530431 -0.0018177206784758702 0.09008398468571896 -1.1733751440841516 -0.045582175075351186 -0.093808810038270046 0.29845111138536479 0.031078699256530382 -0.070553600709664779 0.047014528235331615 -0.017086092508070829 -0.071561881936796162 0.045575826400519812 -0.018580831127560298 0.036721714043563662 -0.092232189832306188 -0.021086609079487822 0.038773978286615197 0.12907756296335701 0.0011151985530046934
leaf_weight=58.322344205995705 1583.2448235342381 29.235373170640116 87.94173367011507 109.5626361400009 12.784190672449766 13.193522094748912 223.98746423911507 38.565563955332436 7.0162993301637462 330.84594581229612 45.084101666812785 2750.290332854056 39.556269393928233 0.16222910377473354 8.933608613073373 56.502299593792941 2.0967465607891418 11.062141305381372 38.657780729942147 509.4006636553986 180.51675219520985 69.009042831632541 139.23400158614459 261.43510450410122 91.875475684717344 177.35200167884977 422.19956862200888 168.74985400666424 61.351107440033957 6895.2202392964255
leaf_count=109306 427303 3330 55854 7268 186 93 58215 10268 54 1874 5128 53346 6398 38 1965 477663 13327 45786 3370 14994 14567 3734 13934 39876 13925 10490 30052 25022 2217 529090
internal_value=-7.1468e-05 -0.00465511 -0.0305154 -0.00059027 -0.0371268 -0.00207263 -0.00255083 -0.0161119 -0.0510927 -0.0556042 -0.000792148 -0.00303634 0.0230117 0.0520659 -0.065697 -0.0445848 -0.012405 -0.0733613 0.00158287 0.00757838 0.0302426 -0.00188533 -0.000118001 -0.0122865 0.0446385 -0.0228941 -0.042132 0.0039179 0.0737005 0.00199521
internal_weight=14423.4 3825.14 519.583 3305.56 490.347 139.701 3186.9 126.507 350.646 337.862 3058.92 2795.37 263.544 118.658 9.09584 127.984 60.4191 67.5644 10598.2 2342.17 689.917 1652.25 8256.08 1221.62 191.884 1029.74 599.552 430.185 153.227 7034.45
internal_count=1978673 850099 71659 778440 68329 66215 769169 66122 2114 1928 123087 58474 64613 9271 2003 646082 122633 523449 1128574 460598 29561 431037 667976 124952 19512 105440 40542 64898 16142 543024
is_linear=0
shrinkage=0.1


Tree=115
num_leaves=31
num_cat=0
split_feature=7 2 14 2 10 14 7 2 11 10 4 11 3 2 11 10 9 4 14 9 9 1 7 2 9 10 10 1 11 11
split_gain=7.26058 21.7295 16.6362 19.7955 12.474 33.2625 25.6291 27.1099 25.8352 26.8431 20.2611 20.0764 18.8812 18.7807 14.7299 17.9526 18.4925 25.9921 18.6712 17.3873 27.342 12.2243 18.5913 10.6309 9.36549 21.1188 13.7428 23.5654 13.0789 11.8366
threshold=0.75961539149284374 0.47673159837722784 0.49879369139671331 0.76533168554306041 0.43643578886985784 0.47681170701980596 0.5634920895099641 0.7897985875606538 0.069366481155157103 0.35128542780876165 0.36882591247558599 0.13100686669349673 0.6442561447620393 0.680425524711609 0.067424245178699507 0.62090381979942333 0.34382070600986486 0.87585616111755382 0.65000665187835704 0.34765821695327764 0.36852425336837774 1.0000000180025095e-35 0.47727273404598242 0.65733855962753307 0.48107238113880163 0.92768564820289623 0.69459062814712536 1.0000000180025095e-35 0.27429467439651495 0.12973351776599887
decision_type=2 2 2 2 2 2 2 2 2 2 2 2 2 2 2 2 2 2 2 2 2 2 2 2 2 2 2 2 2 2
left_child=4 -2 3 -3 5 12 8 13 10 -10 -7 -9 -1 -8 15 16 18 -18 -6 -17 -21 23 -23 -14 25 28 27 -26 -16 -28
right_child=1 2 -4 -5 14 6 7 11 9 -11 -12 -13 21 -15 24 19 17 -19 -20 20 -22 22 -24 -25 26 -27 29 -29 -30 -31
leaf_value=-0.076377805050590719 0.75512060499585143 -0.018604871819251849 0.0014848954043331771 0.040845449991662119 0.10812464822329045 0.50173838704381468 -0.058662035602721499 -0.02973002766835936 0.20607423489370516 -0.030858851146674068 -0.090161462263038783 0.22913558484326502 -0.018624629054217579 0.13253178486490941 0.0010768083133370372 -0.097749659651031079 -0.1044442958103631 0.07120907183759502 0.58747912426031734 0.47863880383832441 -0.017486727500675352 -0.10160720213447781 -0.0058339033775474166 0.014345365866844468 -0.0027621621543427398 0.086897739292337531 0.057740680387273591 -0.044969005375695453 0.028269436636808743 -0.00057299208200781919
leaf_weight=34.156920955588475 0.38502730970503662 74.346732437610626 2867.1374206719302 227.07767371833324 30.893196791977783 0.58110013366183366 7.0040293182974009 210.45370892973733 5.9711620791549676 24.004273462966978 120.82205452449972 3.0392390409251666 116.79245855908448 19.280238843197367 1072.5753797787311 15.254681445600001 12.027878815969606 28.117088304138633 0.83451710858935157 1.4651464335038316 4.5933838400669629 20.614738976924855 1206.6979927744105 601.36930399735593 427.05794257309208 32.736069103702903 34.986617163143819 191.6497196770506 211.80346661468138 6840.9258933685487
leaf_count=327041 36 288 235817 687 9471 2576 8755 198479 1627 27252 595221 61 17149 15311 189582 178 67128 17598 11 12 184 2437 8511 7976 147220 351 488 11156 2433 84426
internal_value=-0.000303484 0.0039256 0.00383432 0.0261819 -0.00149203 -0.00793818 -0.0345852 -0.0142467 -0.0668006 0.0163387 -0.0873283 -0.0260449 -0.002673 0.0815839 0.000224146 0.0397736 0.0636755 0.0185814 0.120733 -0.0408285 0.102492 -0.00137895 -0.00744257 0.00898356 -0.000194097 0.00758264 -0.00156079 -0.0158361 0.00556107 -0.000276275
internal_weight=14444.7 3168.95 3168.56 301.424 11275.7 2370.79 391.156 239.777 151.379 29.9754 121.403 213.493 1979.63 26.2843 8904.92 93.1859 71.8727 40.145 31.7277 21.3132 6.05853 1945.47 1227.31 718.162 8811.74 1317.11 7494.62 618.708 1284.38 6875.91
internal_count=1979462 236828 236792 975 1742634 1212396 849282 222606 626676 28879 597797 198540 363114 24066 530238 94582 94208 84726 9482 374 196 36073 10948 25125 435656 192366 243290 158376 192015 84914
is_linear=0
shrinkage=0.1


Tree=116
num_leaves=31
num_cat=0
split_feature=3 4 6 11 11 6 5 2 5 6 11 9 5 6 2 4 5 11 9 6 6 12 2 2 6 11 11 5 11 11
split_gain=7.18128 19.7578 43.83 21.1132 22.205 20.5094 19.6139 23.8649 19.5342 25.1513 20.1987 32.271 16.7314 20.9406 16.1478 22.837 17.3313 20.1046 27.0194 16.3001 19.128 15.5965 14.5028 13.9408 12.5273 16.3938 12.4106 11.808 10.6564 9.58941
threshold=0.21081871539354327 0.20761494338512423 0.6760731339454652 0.50806450843811046 0.78759399056434642 0.42146381735801702 19.500000000000004 0.61311829090118419 23.500000000000004 0.25211864709854132 0.55902779102325451 0.90674948692321788 25.500000000000004 0.15470086038112643 0.17082066833972934 0.10063291341066362 9.5000000000000018 0.41421568393707281 0.66220691800117504 0.73105624318122875 0.94201681017875682 1.0000000180025095e-35 0.10596491396427156 0.39052423834800726 0.58102023601531994 0.092329546809196486 0.7379862666130067 10.500000000000002 0.50806450843811046 0.76696833968162548
decision_type=2 2 2 2 2 2 2 2 2 2 2 2 2 2 2 2 2 2 2 2 2 2 2 2 2 2 2 2 2 2
left_child=14 2 3 12 29 8 -7 -8 10 -10 27 -12 21 -14 15 16 17 18 -1 24 -21 -2 -6 -11 25 -17 -16 -3 -26 -5
right_child=1 5 -4 4 22 6 7 -9 9 23 11 -13 13 -15 26 19 -18 -19 -20 20 -22 -23 -24 -25 28 -27 -28 -29 -30 -31
leaf_value=0.00045301177817159537 -0.067549294498225526 -0.063796755076446887 -0.1646066999092822 -0.060007501621050591 -0.14122878263264929 -0.0010906501910992953 -0.093210833974145479 0.021105999950296855 0.034516524817011625 -0.08565632222595812 0.096492933676014248 0.014227800811957814 -0.11013830451653589 0.10140437421514457 -0.086508430854972396 0.61277058092347658 -0.041498207424903649 0.022499233102291086 -0.085243437694283442 -0.0029416919984224274 0.053815222671454138 0.010407229613630182 0.0093596690244032513 0.025171527921616373 0.12136256678296441 -0.025375544603916691 0.086403997124972653 0.015646666735898263 0.042486053247261207 -0.19079894415242671
leaf_weight=180.98508223529598 32.286579783341494 20.572845566482556 20.647153232951496 109.26464635506272 6.8927949368953696 12387.691461954542 49.705783388064901 28.867289995452211 50.715296191649486 48.824489303480277 89.236980578163639 102.40796072548255 5.5099841627866217 31.044053396202798 28.260539160934968 0.41277739504039601 92.419132976908713 298.89706323668361 46.179329468170181 161.28679070366525 93.977410054838401 125.1133936964161 88.631261743605137 14.78733695173605 39.180283513640461 16.274639866802318 4.8655249308794728 206.54996263636986 30.432248864322901 5.9088923931121817
leaf_count=13077 5177 2496 1428 393 27 1800488 36332 1883 5831 15951 452 834 1195 1802 1204 340 11240 1324 355 4186 1214 5842 365 8326 1908 614 21 54925 83 25
internal_value=-0.000672043 -0.00127907 -0.0224886 -0.0152371 -0.0371528 -0.000585164 -0.00140655 -0.0512115 0.0186228 -0.0180131 0.0286247 0.0525335 0.00857054 0.0695174 0.00753319 0.00990174 -0.0015599 0.00545651 -0.0169679 0.0306557 0.0179538 -0.00558356 -0.00150645 -0.0598931 0.0682263 -0.00959046 -0.0611112 0.00845066 0.0868804 -0.0667177
internal_weight=14417.8 13424.7 425.299 404.652 210.698 12999.4 12466.3 78.5731 533.095 114.327 418.768 191.645 193.954 36.554 993.171 960.045 618.481 526.061 227.164 341.564 255.264 157.4 95.5241 63.6118 86.2999 16.6874 33.1261 227.123 69.6125 115.174
internal_count=1979338 1943772 16254 14826 810 1927518 1838703 38215 88815 30108 58707 1286 14016 2997 35566 34341 25996 14756 13432 8345 5400 11019 392 24277 2945 954 1225 57421 1991 418
is_linear=0
shrinkage=0.1


Tree=117
num_leaves=31
num_cat=0
split_feature=6 5 6 1 10 3 2 3 3 11 7 2 10 1 7 7 3 2 7 11 1 6 9 6 1 2 3 10 7 6
split_gain=9.50645 43.8825 20.9959 104.725 34.1149 34.1489 27.8257 45.3595 26.0513 21.1176 25.336 69.4391 227.841 23.5356 86.0691 27.4656 22.6724 20.5808 27.6063 33.0501 27.8017 23.5685 18.4271 17.7125 17.6929 20.6102 24.5345 17.3028 31.2477 16.7754
threshold=0.93813776969909679 1.5000000000000002 0.97646731138229381 1.0000000180025095e-35 0.72100931406021129 0.91695404052734386 0.81418704986572277 0.86972236633300792 0.80939152836799633 0.11651583760976793 0.61250001192092907 0.077422577887773528 0.51132091879844677 1.0000000180025095e-35 0.73214286565780651 0.31666667759418493 0.92895960807800304 0.87226107716560375 0.63068181276321422 0.25403225421905523 1.0000000180025095e-35 0.84698995947837841 0.697758048772812 0.96720427274703991 1.0000000180025095e-35 0.312876507639885 0.90521115064620983 0.84384033083915722 0.68333333730697643 0.89528506994247448
decision_type=2 2 2 2 2 2 2 2 2 2 2 2 2 2 2 2 2 2 2 2 2 2 2 2 2 2 2 2 2 2
left_child=1 24 3 4 5 23 8 -8 -6 10 11 12 -4 15 -15 -11 -12 29 19 21 -21 -19 -16 -2 25 -1 -27 28 -20 -3
right_child=2 17 9 -5 6 -7 7 -9 -10 13 16 -13 -14 14 22 -17 -18 18 27 20 -22 -23 -24 -25 -26 26 -28 -29 -30 -31
leaf_value=-0.013888361797379687 0.023317128068491427 -0.00035318873674880383 -0.10190749976730214 -0.13305890890947453 -0.018515682942533165 0.095671198148910855 -0.12037127131804544 -0.019961526735849208 0.035323876767386228 -0.012126566290109825 0.12298891667052342 -0.030274656159403047 9.9477773489780841 -0.11947735837000491 0.0016728025698166575 0.036920996709768304 -0.001814858935181806 0.053030795958995229 -0.012013036169578439 0.031117799678419364 0.10537618797473698 -0.0033371132804835613 0.058911833326448927 -0.037268187789685464 -0.10954446180222405 0.095260815977920008 -0.073610228029017608 -0.010892730373904095 0.021161438504111382 -0.017144354307840979
leaf_weight=28.236954178518317 163.3402364927324 6632.897925897626 0.092302907392876388 71.386246796681007 401.62281554623041 51.178419404801389 63.297775781713426 155.54988025152124 115.78111994592473 152.6133638511601 14.671532818063495 369.68650064474059 0.029856508190277964 57.826696887350408 372.76466840994544 453.24330833923887 1848.340278328631 97.386755296528463 439.1563165771222 137.28476493293419 79.679330091690645 311.23665555752814 66.237761212687474 68.488683191196287 6.2269859011403232 105.40867633331072 9.3679265737082442 631.57127547089476 803.26669727225817 653.6257224145611
leaf_count=1084 76412 1217650 63 18547 4193 1744 515 2061 745 6351 1790 118070 18 1149 6463 7693 197506 5701 66633 1831 872 25082 11276 17925 10597 8638 1388 6034 67680 92961
internal_value=-6.99798e-05 0.00164726 -0.00392465 -0.0159693 -0.00776864 0.0217396 -0.0191113 -0.0490033 -0.00646783 1.37053e-05 -0.00557796 -0.029487 2.3543 0.0113362 -0.00479688 0.0245661 -0.000832008 0.000826545 0.00865637 0.0268454 0.0583889 0.010097 0.0103092 0.00541855 0.0554638 0.0626484 0.0814778 0.0025844 0.00943534 -0.00185941
internal_weight=14361.5 9935.35 4426.15 1090.65 1019.26 283.007 736.252 218.848 517.404 3335.51 2232.82 369.809 0.122159 1102.69 496.829 605.857 1863.01 9786.11 2499.58 625.588 216.964 408.623 439.002 231.829 149.241 143.014 114.777 1873.99 1242.42 7286.52
internal_count=1978672 1506151 472521 122142 103595 96081 7514 2576 4938 350379 317447 118151 81 32932 18888 14044 199296 1484444 173833 33486 2703 30783 17739 94337 21707 11110 10026 140347 134313 1310611
is_linear=0
shrinkage=0.1


Tree=118
num_leaves=31
num_cat=0
split_feature=3 11 6 10 6 5 7 10 11 3 3 10 4 5 4 3 3 6 10 5 5 10 14 3 3 14 11 4 5 14
split_gain=14.5296 151.624 84.4098 25.7527 9.23026 22.8215 20.2117 15.7788 17.0961 19.9363 39.0184 16.0808 16.1651 13.2658 8.38029 9.50836 24.7329 10.8338 8.34101 7.99131 7.67371 7.20012 11.4571 7.12728 27.9278 6.58086 18.2152 9.5491 21.6344 8.34758
threshold=0.075710531324148192 0.11269841343164445 0.99000000953674328 0.5275399684906007 0.38138528168201452 19.500000000000004 0.36931818723678594 0.70777875185012828 0.37797619402408605 0.4979898482561112 0.48733974993228918 0.87103942036628734 0.20761494338512423 15.500000000000002 0.055946791544556625 0.1352966129779816 0.34295634925365454 0.61620295047760021 0.51358735561370861 8.5000000000000018 22.500000000000004 0.9492306411266328 0.67018207907676708 0.41290104389190679 0.41548451781272894 0.39762175083160406 0.29520697891712194 0.13840996474027636 34.500000000000007 0.38618075847625738
decision_type=2 2 2 2 2 2 2 2 2 2 2 2 2 2 2 2 2 2 2 2 2 2 2 2 2 2 2 2 2 2
left_child=1 2 -1 18 7 14 23 25 9 10 -9 13 -13 -10 -6 17 -17 -16 -4 -3 -11 22 -8 -7 -25 26 29 28 -27 -2
right_child=4 19 3 -5 5 6 21 8 11 20 -12 12 -14 -15 15 16 -18 -19 -20 -21 -22 -23 -24 24 -26 27 -28 -29 -30 -31
leaf_value=-0.1007712240983264 -0.043913355722092234 -0.012167523192130934 -0.76025332003336288 -2.0978956626081477 -0.12050680680821134 -0.10965309247328714 0.12342637618746147 0.068811499121423342 -0.1278882388016197 0.0013374866390579497 0.64441130431538607 -0.0043633758429887535 0.032833936379622876 -0.0149269177739592 -0.056670634718557822 -0.022384315924660392 0.00019452467239795926 0.012971282147196526 -1.4294957533201083 -0.12283794508879409 -0.14147320820805187 0.095275689397123164 -0.038588333282674962 0.46664380981659309 -0.059405383843117492 0.03058593523864362 0.74446532487355344 -0.057739328910048605 0.90514808468959229 0.14557147886654317
leaf_weight=0.75728393762164947 7.431576504589426 80.869533908102312 0.35628492127580103 0.40824941266328096 5.7787075688374889 30.874873863456969 5.3960453162690127 76.959857227047905 12.795445481315253 15.801705860067161 1.1959841075586144 215.15401375340298 255.65176581742708 55.442865839810111 23.040939197998341 505.31376220060338 12154.502714416416 731.89460419350598 0.39017791301012039 7.0972226169697015 4.9384709669975555 8.9567976931575668 22.839437156570057 1.0298654011789938 50.32956329864578 6.0855584890696255 0.35386909738736072 57.09971914793914 0.29664191366464354 3.3834310362681208
leaf_count=2255 6899 1417 50 9 1391 8954 1350 1849 129 176 30 848 1860 724 3051 78271 1746634 19980 6 828 156 569 198 239 43462 1190 35 54764 79 1637
internal_value=-0.000164662 -0.0402452 -0.921237 -1.45932 8.80923e-05 -0.000495719 -0.0440166 0.0111811 0.0162714 0.0544906 0.0776196 0.0092595 0.0158351 -0.0361084 -0.000108435 -5.6571e-05 -0.000706705 0.0108458 -1.11007 -0.0210965 -0.0326674 0.0171553 -0.00762592 -0.0716829 -0.048857 -0.0323189 0.0384666 -0.0447728 0.0712352 0.0153662
internal_weight=14342.4 89.8788 1.912 1.15471 14252.5 13540 119.427 712.591 637.94 98.896 78.1558 539.044 470.806 68.2383 13420.5 13414.8 12659.8 754.936 0.746463 87.9668 20.7402 37.1923 28.2355 82.2343 51.3594 74.6508 11.1689 63.4819 6.3822 10.815
internal_count=1979040 4565 2320 65 1974475 1904099 54772 70376 5772 2211 1879 3561 2708 853 1849327 1847936 1824905 23031 56 2245 332 2117 1548 52655 43701 64604 8571 56033 1269 8536
is_linear=0
shrinkage=0.1


Tree=119
num_leaves=31
num_cat=0
split_feature=2 11 6 3 11 11 12 9 6 3 7 6 11 6 14 11 10 10 6 10 12 11 11 10 7 3 10 10 6 14
split_gain=11.011 59.8817 10.0525 9.47191 14.7875 15.444 16.7986 55.9655 15.063 13.5959 46.5186 32.9622 20.5021 17.1659 15.5623 12.8424 10.6461 13.1225 9.8377 9.97032 9.64377 25.53 41.6373 30.8087 15.119 49.9439 47.4833 8.89105 8.55669 22.1936
threshold=0.077422577887773528 0.11269841343164445 0.99000000953674328 0.1352966129779816 0.26491229236125952 0.16904762387275699 1.0000000180025095e-35 0.49545417726039892 0.93969696760177623 0.29582972824573522 0.10263158008456232 0.66954022645950328 0.5419580638408662 0.15470086038112643 0.2700172364711762 0.27429467439651495 0.64722883701324474 0.66807910799980175 0.58658170700073253 0.82691356539726268 1.0000000180025095e-35 0.44722221791744238 0.47493734955787664 0.62090381979942333 0.18465909361839297 0.42388592660427099 0.73710790276527416 0.89296945929527294 0.15470086038112643 0.52750292420387279
decision_type=2 2 2 2 2 2 2 2 2 2 2 2 2 2 2 2 2 2 2 2 2 2 2 2 2 2 2 2 2 2
left_child=1 2 -1 4 5 6 8 -8 -2 10 11 13 27 -5 -13 -6 -7 -18 -17 -20 24 23 -23 -22 26 -26 -11 -12 -3 -30
right_child=3 28 -4 9 15 16 7 -9 -10 20 12 14 -14 -15 -16 18 17 -19 19 -21 21 22 -24 -25 25 -27 -28 -29 29 -31
leaf_value=-0.10061207671323845 -0.069956690603434013 -0.13472491524411187 -0.45226541137897036 -0.238724554485583 0.097792085294814868 -0.098815461880905661 0.019666017236204588 0.44806893770997097 0.07524909179169928 -0.059717226763000189 0.4549530971122499 0.19258385046664961 0.060711542639650555 0.0056012251395687138 -0.062725093274561869 -0.09300102837475073 0.084572493096666562 -0.033910113007446271 -0.0074669548534101711 0.025102797314807086 -0.0095279001927958528 -0.094506125739788782 -0.00066031078183554899 0.024498503530270957 0.28744005919380938 -0.00069964813095174888 0.0022970133242055601 0.19347036052179112 -0.020636927879308771 0.15555486325911944
leaf_weight=1.0387086744403848 18.752636769717359 5.7965789141435371 3.7396267394724418 2.9195116237701759 19.906470708723646 21.396411792047729 15.287782692472321 3.8092214664993653 11.540513790674593 180.32559734897768 2.577699991878033 2.4232630894584863 6.9722835086286068 191.18297916301117 161.69843632650191 8.1539716174011101 10.523006159492068 83.695694575464586 121.75749767222442 412.13017487339675 366.05149259801874 48.787092321435921 1527.7502528776822 974.51159710728098 6.0193446426674191 9571.2517759185248 391.59379444192746 2.6241987496614456 125.65881526376234 7.5804520286619654
leaf_count=5934 5727 545 85 196 146 2238 6481 1573 1162 599340 38 355 22 8857 19829 96 233 731 687 1896 143266 1134 32237 34218 1615 1088536 16540 5 5160 23
internal_value=-0.000218846 -0.0277496 -0.375823 6.06948e-05 0.0111786 -0.0151419 0.0316659 0.105118 -0.0146389 -0.000540809 -0.0194338 -0.0259669 0.172803 0.0019263 -0.0589554 0.0189071 -0.0351379 -0.0206771 0.0160101 0.017675 -5.23878e-06 0.00506219 -0.00356444 0.0152073 -0.00146173 -0.000518551 -0.017256 0.323043 -0.0157871 -0.0106128
internal_weight=14307.5 143.814 4.77834 14163.6 726.953 165.005 49.3902 19.097 30.2932 13436.7 370.398 358.224 12.1742 194.102 164.122 561.948 115.615 94.2187 542.042 533.888 13066.3 2917.1 1576.54 1340.56 10149.2 9577.27 571.919 5.2019 139.036 133.239
internal_count=1978905 11747 6019 1967158 20970 18145 14943 8054 6889 1946188 29302 29237 65 9053 20184 2825 3202 964 2679 2583 1916886 210855 33371 177484 1706031 1090151 615880 43 5728 5183
is_linear=0
shrinkage=0.1


end of trees

feature_importances:
name_jaccard=428
addr_token_set=410
name_len_diff=368
name_ratio=367
name_len_ratio=354
name_wratio=352
addr_jaccard=333
addr_ratio=251
name_token_set=250
number_exact=191
name_no_suf_exact=167
name_addr_mean=124
name_exact=3
addr_exact=2

parameters:
[boosting: gbdt]
[objective: binary]
[metric: binary_logloss]
[tree_learner: serial]
[device_type: cpu]
[data_sample_strategy: bagging]
[data: ]
[valid: ]
[num_iterations: 200]
[learning_rate: 0.1]
[num_leaves: 31]
[num_threads: 6]
[seed: 0]
[deterministic: 0]
[force_col_wise: 0]
[force_row_wise: 0]
[histogram_pool_size: -1]
[max_depth: 6]
[min_data_in_leaf: 20]
[min_sum_hessian_in_leaf: 0.001]
[bagging_fraction: 0.85]
[pos_bagging_fraction: 1]
[neg_bagging_fraction: 1]
[bagging_freq: 1]
[bagging_seed: 3]
[bagging_by_query: 0]
[feature_fraction: 0.85]
[feature_fraction_bynode: 1]
[feature_fraction_seed: 2]
[extra_trees: 0]
[extra_seed: 6]
[early_stopping_round: 0]
[early_stopping_min_delta: 0]
[first_metric_only: 0]
[max_delta_step: 0]
[lambda_l1: 0]
[lambda_l2: 0]
[linear_lambda: 0]
[min_gain_to_split: 0]
[drop_rate: 0.1]
[max_drop: 50]
[skip_drop: 0.5]
[xgboost_dart_mode: 0]
[uniform_drop: 0]
[drop_seed: 4]
[top_rate: 0.2]
[other_rate: 0.1]
[min_data_per_group: 100]
[max_cat_threshold: 32]
[cat_l2: 10]
[cat_smooth: 10]
[max_cat_to_onehot: 4]
[top_k: 20]
[monotone_constraints: ]
[monotone_constraints_method: basic]
[monotone_penalty: 0]
[feature_contri: ]
[forcedsplits_filename: ]
[refit_decay_rate: 0.9]
[cegb_tradeoff: 1]
[cegb_penalty_split: 0]
[cegb_penalty_feature_lazy: ]
[cegb_penalty_feature_coupled: ]
[path_smooth: 0]
[interaction_constraints: ]
[verbosity: -1]
[saved_feature_importance_type: 0]
[use_quantized_grad: 0]
[num_grad_quant_bins: 4]
[quant_train_renew_leaf: 0]
[stochastic_rounding: 1]
[linear_tree: 0]
[max_bin: 255]
[max_bin_by_feature: ]
[min_data_in_bin: 3]
[bin_construct_sample_cnt: 200000]
[data_random_seed: 1]
[is_enable_sparse: 1]
[enable_bundle: 1]
[use_missing: 1]
[zero_as_missing: 0]
[feature_pre_filter: 1]
[pre_partition: 0]
[two_round: 0]
[header: 0]
[label_column: ]
[weight_column: ]
[group_column: ]
[ignore_column: ]
[categorical_feature: ]
[forcedbins_filename: ]
[precise_float_parser: 0]
[parser_config_file: ]
[objective_seed: 5]
[num_class: 1]
[is_unbalance: 0]
[scale_pos_weight: 3]
[sigmoid: 1]
[boost_from_average: 1]
[reg_sqrt: 0]
[alpha: 0.9]
[fair_c: 1]
[poisson_max_delta_step: 0.7]
[tweedie_variance_power: 1.5]
[lambdarank_truncation_level: 30]
[lambdarank_norm: 1]
[label_gain: ]
[lambdarank_position_bias_regularization: 0]
[eval_at: ]
[multi_error_top_k: 1]
[auc_mu_weights: ]
[num_machines: 1]
[local_listen_port: 12400]
[time_out: 120]
[machine_list_filename: ]
[machines: ]
[gpu_platform_id: -1]
[gpu_device_id: -1]
[gpu_device_id_list: ]
[gpu_use_dp: 0]
[num_gpu: 1]

end of parameters

pandas_categorical:null
