tree
version=v4
num_class=1
num_tree_per_iteration=1
label_index=0
max_feature_idx=79
objective=binary sigmoid:1
feature_names=name_exact name_ratio name_wratio name_jaro_winkler name_levenshtein name_token_sort name_token_set name_token_jaccard name_char_3gram_jaccard name_len_diff name_len_ratio name_first_token_match name_first_token_conflict name_translit_sim addr_exact addr_ratio addr_jaro_winkler addr_levenshtein addr_token_sort addr_token_set addr_token_jaccard addr_num_shared addr_house_num_exact addr_house_num_conflict postal_exact postal_prefix_match addr_present_both addr_len_ratio name_addr_prod name_addr_sum name_addr_max name_addr_min name_exact_addr_missing name_addr_combined_sim name_toks_only_s1 name_toks_only_sx addr_toks_only_s1 addr_toks_only_sx num_toks_diff name_tok_count_diff addr_tok_count_diff tfidf_score cand_rank cand_count top1_score score_diff_top1 score_ratio_top1 score_diff_mean score_percentile target_candidate_count target_rank target_best_base_score target_second_best_base_score target_margin target_score_ratio target_is_best_candidate s1_name_len sx_name_len name_len_diff_abs name_len_ratio_minmax s1_addr_len sx_addr_len addr_len_diff_abs s1_has_digits sx_has_digits digits_agree s1_name_words sx_name_words word_count_diff is_us is_in is_fr s1_cand_rank s1_cand_count s1_top1_score s1_top1_margin s1_score_gap_to_top1 s1_score_gap_to_median s1_score_ratio_top1 s1_is_top1
feature_infos=[0:1] [0:1] [0:1] [0:1] [0:1] [0:1] [0:1] [0:1] [0:1] [0:80] [0.039215687662363052:1] [0:1] [0:1] [0:1] [0:1] [0:1] [0:1] [0:1] [0:1] [0:1] [0:1] [0:9] [-1:1] [0:1] [-1:1] [-1:1] [0:1] [0:1] [0:0.98342543840408325] [0.23529411852359772:1.9834253787994385] [0.19354838132858276:1] [0:0.98342543840408325] [0:1] [0.052631579339504242:0.98648649454116821] [0:13] [0:17] [0:27] [0:28] [0:12] [0:15] [0:25] [0:1] [1:3577] [1:3577] [1.1567950017799921e-05:0.99999999999884159] [-0.9999788787560715:0] [0:0.99999899981378748] [-0.82850164743418009:0.99607359052728517] [0:1] [1:29] [1:24] [0:0.99981282222970158] [0:0.87982040088062652] [0:0.99981282222970158] [0:0.99999899981378748] [0:1] [3:89] [2:107] [0:80] [0.039215686274509803:1] [16:184] [0:217] [0:163] [0:1] [0:1] [0:1] [1:13] [1:19] [0:15] none none none [1:3576] [1:3577] [4.6446558658934945e-06:0.9941561661627597] [0:0.99338182817855825] [0:0.99415423386222068] [-0.96535354043562649:0.99412169570370601] [4.7627512426411293e-08:0.99999899408933646] [0:1]
tree_sizes=4838 4938 4068 4938 4841 4961 4932 4941 4951 4981 4973 4968 4942 4934 4943 4962 4965 4968 4983 4949 4951 4948 4984 4963 4970 4983 4987 5010 5003 4973 5008 5007 5005 5017 5005 4996 4926 4975 4988 4999 4998 4991 4994 4972 4995 4995 4995 5020 5029 5020 5045 5011 5010 5029 5016 5014 5037 5023 5023 5050 4219 5029 5002 5037 5035 5034 5058 5067 5065 5056 5092 5036 5056 5058 5084 4985 4783 5055 5072 5096 4966 5047 5070 5096 5087 5050 4659 5088 5068 5076 5054 4881 5082 4894 5100 5065 5106 5076 5082 5075 5101 5104 5103 5084 5093 5120 5073 5079 5082 5069 5082 5084 5092 5019 5107 5094 5097 5084 5070 4144 5068 5087 3460 4904 5118 5093 5062 5096 5104 5042 5100 5086 4875 4987 3504 5084 5098 5073 4361 4839 5091 5097 3731 4538 4802 5106 5013 4456 5070 4865 3493 5078 5058 5028 5062 5000 5065 5087 5040 5082 2794 5070 5055 5098 5027 5079 5030 5084 2911 5131 4426 5120 5110 5065 5062 5116 3314 5088 2563 5033 5088 5093 5046 5082 5078 5049 5034 5041 5045 5075 4997 5069 4936 5067 4644 5076 5056 5063 5074 5082

Tree=0
num_leaves=45
num_cat=0
split_feature=78 74 74 77 77 74 77 76 43 74 44 54 53 43 51 74 76 76 75 54 43 78 74 76 77 75 42 75 51 48 54 74 41 41 75 22 8 10 43 29 44 44 13 56
split_gain=2.3687e+06 133076 36103.1 12160.7 11792.1 9142.08 6187.15 5395.32 4915.22 6486.31 3883.03 2858.31 2531.53 2502.57 2178.79 2041.63 1505.36 1288.54 1247.44 1143.07 1116.61 1076.06 1283.98 1410.21 936.785 920.473 783.64 681.643 621.334 495.791 482.982 362.989 346.294 339.449 312.943 390.016 284.889 249.814 231.364 226.857 222.298 208.287 199.553 162.178
threshold=0.43092195823604534 0.50901617562930468 0.7582926300444407 0.74626141618161512 0.17962771777507108 0.29536426030390478 0.71016232810857505 0.29032840808060478 30.500000000000004 0.78368844419092343 0.98934870388096052 0.99999895787473358 0.31625573833342641 9.5000000000000018 0.96347501717398343 0.77235107975040262 0.082331710859778681 0.065820483200304508 0.11855648802436757 0.99999623426245787 3.5000000000000004 0.12449907904534323 0.7690225185272358 0.60146468131813691 0.039448129013839019 0.12789866733753621 5.5000000000000009 0.0017399982769702943 0.67865426389250116 0.99117639425946602 0.99997646188339295 0.75433969941297985 0.84276413917541515 0.63433352112770092 0.20629856493238763 1.0000000180025095e-35 0.83156028389930736 0.57032969594001781 23.500000000000004 1.8124243021011355 0.94743867909711921 0.42570007073423027 0.96922349929809581 19.500000000000004
decision_type=2 2 2 2 2 2 2 2 2 2 2 2 2 2 2 2 2 2 2 2 2 2 2 2 2 2 2 2 2 2 2 2 2 2 2 2 2 2 2 2 2 2 2 2
left_child=4 5 6 7 11 25 10 15 27 -10 16 21 26 -12 42 -4 -3 19 -16 38 -21 -1 -23 -24 -9 -2 30 -5 34 41 -6 -32 -19 -13 35 -14 39 -36 -7 -35 -31 -27 -8 -30
right_child=1 2 3 8 12 17 14 24 9 -11 13 33 28 -15 18 -17 -18 32 -20 20 -22 22 23 -25 -26 29 -28 -29 43 40 31 -33 -34 36 37 -37 -38 -39 -40 -41 -42 -43 -44 -45
leaf_value=-4.2096136657717684 -4.1778581684172051 -2.180795910276494 -2.2111589161824696 -1.397365983133902 -1.6159658028179118 -2.4620875826522894 -1.6129950382928793 -1.9842446356681966 -1.6437985433359019 -1.1890218378480584 -2.0038668297619804 -3.9268491581366489 -3.2994997334607259 -3.0496196868929291 -2.3645270681794424 -1.7746016889152383 -2.731637505444283 -3.8502710909513609 -1.9946436984392322 -2.1592509033409275 -3.1560126493399929 -4.1577840597716067 -2.7884378248510289 -3.8903375069331463 -2.5911203748527711 -2.10262601359182 -1.4497430044513893 -1.6926539460540546 -3.693503367480544 -3.8327667877708977 -3.4648394441687143 -2.8553002692091352 -2.3052402938265946 -2.5728251012476426 -3.0213601936335728 -4.2098144532799457 -1.6159658028179225 -3.8026103565366967 -1.5087819688939428 -3.8561078338847601 -2.5591835228946267 -3.5024012098289243 -1.9074583674502579 -4.123694581160791
leaf_weight=17929.401705366559 56.326946436427534 44.13463721703738 30.170280503109097 21.173720634542406 0.63612036500125846 1.0299091786146228 19.235068178735677 8.0878161247819644 136.14490390382707 184.86869317758828 6.5278066499158731 0.53010032698512022 13.676588276401162 46.285330651327968 53.812754484824836 238.43911751918495 17.250978828407824 4.5891542527824631 39.545482969842851 3.4380791503936079 15.37290926184505 74.956186558119953 3.271476234309378 25.823458768427372 29.746200465597212 0.71184898633509763 0.92388909868896085 253.85746316704899 3.1957476716488582 5.9674150990322232 3.4229335105046621 8.5270422324538213 0.39378880243748415 1.832632512785495 1.1359292529523362 1.287386515177787 0.63612036500126112 10.314237766899167 1.6660295240581033 0.42408026102930296 0.36349735781550396 0.42408025823533535 8.2089818976819497 6.9670328944921494
leaf_count=1183745 3695 1720 1188 604 20 44 604 294 4331 4760 239 33 737 2340 2229 8001 799 281 1443 133 799 4897 154 1595 1322 27 27 8241 189 364 192 409 16 81 57 85 20 625 50 26 16 24 290 452
internal_value=-4.06202 -1.9368 -1.79014 -1.6464 -4.20628 -3.78449 -2.34216 -1.90237 -1.5148 -1.3819 -2.60603 -4.20841 -3.44015 -2.92036 -2.09272 -1.82364 -2.3356 -3.00369 -2.20785 -2.83584 -2.97383 -4.20868 -4.04836 -3.76644 -2.46139 -4.10871 -2.85526 -1.66992 -3.65619 -3.58706 -2.95843 -3.0299 -3.72817 -2.76369 -3.52836 -3.37782 -2.55054 -3.72511 -1.87297 -2.81398 -3.75964 -2.62521 -1.70107 -3.98842
internal_weight=19314.7 1227.77 1137.49 902.488 18087 90.2837 235.001 306.443 596.045 321.014 114.199 18036.9 50.0869 52.8131 120.802 268.609 61.3856 26.4899 93.3582 21.5069 18.811 18033.5 104.051 29.0949 37.834 63.7938 13.51 275.031 36.5769 7.46684 12.5861 11.95 4.98294 3.42293 26.4141 14.964 2.89283 11.4502 2.69594 2.25671 6.33091 1.13593 27.4441 10.1628
internal_count=1237198 43854 38405 28741 1193344 5449 9664 10805 17936 9091 5098 1190551 2793 2579 4566 9189 2519 1323 3672 1026 932 1190391 6646 1749 1616 4126 648 8845 2145 431 621 601 297 160 1504 822 127 682 94 107 380 51 894 641
is_linear=0
shrinkage=1


Tree=1
num_leaves=45
num_cat=0
split_feature=54 76 72 74 76 74 76 74 74 76 47 47 43 51 74 76 74 74 76 74 52 74 76 54 76 74 47 64 47 30 74 76 52 20 56 40 18 60 75 76 74 28 72 76
split_gain=189000 4598.75 974.916 860.909 842.613 842.514 721.243 386.168 378.995 915.895 373.884 225.661 242.087 196.229 163.313 295.515 153.287 146.675 144.274 171.655 472.427 139.556 183.039 132.033 257.381 656.103 120.408 75.691 53.6134 47.557 39.215 101.1 85.5231 27.3064 21.067 19.7738 52.5218 19.5471 19.5293 18.5343 115.824 11.0901 10.0427 22.0414
threshold=0.99999146124839522 0.63571351946577648 2.5000000000000004 0.76109504776431736 0.29032840808060478 0.32450945056678204 0.46482154297154371 0.88639957800627434 0.14774319751329473 0.49641421295849492 0.65873203582663697 0.77827671854801139 87.500000000000014 0.92009233756444175 0.50901617562930468 0.073689778015138513 0.76519125784157427 0.71113311515227629 0.69790496872591057 0.77042835505102847 0.1030478663730587 0.1257459053250167 0.023417625366675982 0.99996408959079042 0.60146468131813691 0.70524947861366449 0.52664288881242227 1.0000000180025095e-35 0.020737301924496961 0.88473191857337963 0.82918684303657841 0.80131031253123208 0.19091884577378174 0.72902098298072826 9.5000000000000018 1.5000000000000002 0.63182720541954052 25.500000000000004 0.70509870069669744 0.70050620592178803 0.75138813546832772 0.85756292939186107 3.5000000000000004 0.61035662396954138
decision_type=2 2 2 2 2 2 2 2 2 2 2 2 2 2 2 2 2 2 2 2 2 2 2 2 2 2 2 2 2 2 2 2 2 2 2 2 2 2 2 2 2 2 2 2
left_child=2 3 8 5 7 21 10 13 -1 14 -7 12 -6 -5 15 -10 -16 -8 19 35 27 34 -23 42 25 37 -9 -21 -27 -13 -20 32 -32 38 -2 36 -3 -25 -11 40 -26 -33 43 -4
right_child=1 18 23 4 11 6 17 26 9 33 -12 29 -14 -15 16 -17 -18 -19 30 20 -22 22 -24 24 39 28 -28 -29 -30 -31 31 41 -34 -35 -36 -37 -38 -39 -40 -41 -42 -43 -44 -45
leaf_value=-0.04700897444179114 0.3084661408207362 0.36802889283999218 -0.0051236166647046716 0.23985557355781759 0.30491716499407212 0.32418168198034403 -0.016650336483277128 0.25246016106455454 0.32955554566144085 0.029620368490980639 0.26348190005177025 0.22235129371910381 0.46688370359999554 0.21050436586466029 0.50306540263617683 -0.050820079458501782 0.27046769447544489 0.1595333643312403 -0.045374594063160481 0.10822514185558843 1.4450778431484199 0.21164141112180543 -0.02693003565301659 0.29990790372121923 -0.050743904607010719 0.31550834290878216 0.22884847968696556 0.55589239980270333 0.53004302156762872 0.011573229860050493 0.090519967409197793 -0.045994573987779619 0.69979386015319378 0.45118480061087429 -0.050767222224407098 -0.05075056123210972 -0.0015135925833721442 -0.0405641425787166 -0.046537299275377003 -0.046347270724487272 0.2846415107252257 0.14790533533999897 -0.050662777611452658 -0.050758131208448548
leaf_weight=39.79362051282078 0.41755395103246229 1.0745573826134229 38.766519008204341 644.55037624388933 228.85188608709723 318.78022299613804 21.952279344201088 918.21669790148735 12.394230129197242 11.064753614366053 1242.4343818854541 4.3558472981676442 25.657197878696024 4886.8289110660553 11.007104572840037 8.6836091317236406 19.869834288954735 25.576597841456532 111.68175794184208 21.563877390697606 0.7018563374876966 22.679621478542686 12.455161636695264 0.42768697720021265 14.732776120305063 10.039651195518671 1310.6136892512441 0.9874582402408113 4.1020549908280364 6.9395819697529078 14.793395748361942 31.55085700750351 0.59930137172341424 0.29882614687085052 18.066537463106215 16.90415639989078 9.1388960955664498 29.431380601599813 35.18813250772655 135.2253523375839 3.1192798344418398 0.75507712550461192 16563.448755033314 83.352885061874986
leaf_count=2674 26 68 2420 2340 3011 3628 1445 3551 107 644 9079 88 403 15685 81 586 63 1094 7714 948 25 745 793 26 1020 48 4765 35 38 148 699 2173 28 18 1214 1162 620 2013 2408 9317 130 50 1148298 5770
internal_value=0.0520373 0.225772 -0.0489938 0.230786 0.224003 0.263536 0.270035 0.221005 0.0832181 0.135826 0.275876 0.31154 0.321245 0.213925 0.280142 0.172849 0.353385 0.078159 -0.00585392 0.0679094 0.167586 0.0685606 0.127069 -0.0500769 -0.0093911 0.0971862 0.238576 0.127827 0.377738 0.0928554 -0.0291662 0.00878425 0.114242 -0.0252406 -0.0426522 -0.0175628 0.037366 -0.0356874 -0.0283186 -0.0400258 0.0078578 -0.0414626 -0.0505575 -0.0362716
internal_weight=26919.1 9898.13 17020.9 9688.38 8026.01 1662.36 1608.74 7760.21 138.3 98.5065 1561.21 265.805 254.509 5531.38 51.9548 21.0778 30.8769 47.5289 209.751 50.3708 23.2532 53.6189 35.1348 16882.6 197.078 44.0008 2228.83 22.5513 14.1417 11.2954 159.38 47.6986 15.3927 46.5517 18.4841 27.1176 10.2135 29.8591 46.2529 153.077 17.8521 32.3059 16685.6 122.119
internal_count=1237198 61537 1175661 48015 29991 18024 15246 26341 6581 3907 12707 3650 3414 18025 837 693 144 2539 13522 2858 1008 2778 1538 1169080 12592 2125 8316 983 86 236 10664 2950 727 3070 1240 1850 688 2039 3052 10467 1150 2223 1156488 8190
is_linear=0
shrinkage=0.05


Tree=2
num_leaves=37
num_cat=0
split_feature=78 74 77 77 53 74 54 43 65 41 31 43 74 77 76 41 45 59 75 53 42 56 43 44 8 1 47 29 46 66 78 43 27 75 31 74
split_gain=151559 1410.03 720.584 570.254 369.401 368.01 336.752 388.54 212.095 202.419 194.154 185.329 232.665 171.417 151.416 408.142 137.697 135.457 130.024 129.392 118.339 61.1911 46.3609 45.1531 36.8521 35.6103 29.1264 25.1229 22.6359 17.8133 15.8985 36.3566 4.05892 21.9084 3.94637 3.09755
threshold=0.23390836776912052 0.14774319751329473 0.079371427573475192 0.74626141618161512 0.0081932272713367994 0.7582926300444407 0.99999856055236036 32.500000000000007 1.0000000180025095e-35 0.5123116970062257 0.8126426935195924 30.500000000000004 0.78368844419092343 0.3542742430227645 0.12387291353145517 0.5375427007675172 -0.085541502036153585 0.83935483870967753 0.010302711772152919 0.42606564308231526 5.5000000000000009 7.5000000000000009 18.500000000000004 0.99873967396657626 0.78679654002189647 0.83438816666603099 -0.022111708368501758 1.9001284241676333 0.99999899657686442 1.5000000000000002 0.068886077280793725 3.5000000000000004 0.99671053886413585 0.037721962740858934 0.90422871708869945 0.1257459053250167
decision_type=2 2 2 2 2 2 2 2 2 2 2 2 2 2 2 2 2 2 2 2 2 2 2 2 2 2 2 2 2 2 2 2 2 2 2 2
left_child=2 26 27 6 24 18 7 9 10 -3 17 22 -13 -9 16 -16 -8 -6 23 20 -10 -21 -7 -5 -4 -20 -2 28 30 -28 34 -32 35 -34 -1 -31
right_child=1 3 4 5 8 11 14 13 19 -11 -12 12 -14 -15 15 -17 -18 -19 25 21 -22 -23 -24 -25 -26 -27 29 -29 -30 32 31 -33 33 -35 -36 -37
leaf_value=-0.050659890567859384 0.45039827751599959 0.18129365334448055 0.94395467743619277 0.25030333949244027 -0.051409815485775036 0.18353311788222393 0.24159461376908534 0.22675921017071238 0.097677512217948903 0.27171090892176503 1.2434679786962606 0.18693091716404173 0.16135286365062715 0.29522474508819208 0.13787816112999116 0.22722398372491193 0.19852234295028925 0.83033162539184058 0.18623876698550379 0.5129007596356927 0.41342272931774438 -0.028685152545560588 0.19770248812689098 0.32557732676800893 0.5430823487649582 0.22672092978989944 0.25748707260487552 0.36855435624673727 0.33168413502606003 -0.050739028093795352 0.10307809075425929 -0.03728841791335577 -0.050741821069622467 0.38971998934423668 0.015225171034631682 0.0037500565396799863
leaf_weight=16184.620585707016 0.29929552227258582 323.18692150618881 1.0532798506319516 40.437695950269699 1.2096228310838335 1985.8575831651688 198.70437513850629 148.454894435592 41.240748087875545 76.564031070098281 0.69491735380142916 1403.357492133975 2426.0362013727427 237.96796030551195 329.17505878861994 208.96304600406438 2803.6807604487985 0.68067671265453089 78.65140238404274 0.53195648547262209 3.1976163368672124 26.653872950933874 813.87988539040089 39.268320128321648 1.2581171225756405 175.6262244284153 0.48646050877869029 0.35762818995863099 0.38737434335052867 60.903385221026838 4.8653927417471996 88.977626241743565 1.6683578090742224 0.33981796074658621 2.2731330487877122 2.7248834259808055
leaf_count=1178520 18 2339 17 211 54 6363 816 2887 1954 615 17 4331 4760 1305 2509 1227 12931 25 348 23 94 1316 2482 197 24 783 28 20 5 4247 264 6046 116 17 153 136
internal_value=0.0476292 0.187962 -0.0497939 0.189313 0.103281 0.180455 0.203568 0.233171 0.0838929 0.198611 0.528818 0.177875 0.170726 0.268922 0.196995 0.172572 0.201373 0.266096 0.231666 0.0678337 0.120397 -0.0180877 0.187652 0.287388 0.725756 0.214199 -0.0417349 -0.0505134 -0.0505226 -0.0439624 -0.0505317 -0.030011 -0.0461966 0.0237919 -0.0506506 -0.0484055
internal_weight=27714.2 11356.2 16358 11289.8 76.5208 6963.11 4326.7 786.174 74.2094 399.751 2.58522 6629.13 3829.39 386.423 3540.52 538.138 3002.39 1.8903 333.984 71.6242 44.4384 27.1858 2799.74 79.706 2.3114 254.278 66.4222 16281.5 16281.1 66.1229 16280.7 93.843 65.6364 2.00818 16186.9 63.6283
internal_count=1237198 48666 1188532 44104 3524 19475 24629 7146 3483 2954 96 17936 9091 4192 17483 3736 13747 79 1539 3387 2048 1339 8845 408 41 1131 4562 1185008 1184988 4544 1184983 6310 4516 133 1178673 4383
is_linear=0
shrinkage=0.05


Tree=3
num_leaves=45
num_cat=0
split_feature=78 74 41 47 78 53 48 74 53 77 74 53 13 60 48 48 57 78 54 62 61 76 47 75 51 57 66 77 65 60 50 43 61 46 33 28 8 62 3 74 54 74 74 76
split_gain=122090 1375.51 234.754 242.614 163.428 144.618 149.415 124.537 121.179 85.9753 81.8981 80.574 83.2022 81.4935 76.5682 70.5909 66.0064 75.4486 62.7985 58.7528 55.4154 43.3952 26.0957 25.3762 15.6933 15.0833 11.5667 8.88013 23.8674 101.257 15.6894 29.609 14.1273 4.05863 29.2958 3.54848 25.7683 3.07055 15.3541 2.81454 0.997039 4.98225e-06 2.39225e-06 3.31692e-08
threshold=0.12449907904534323 0.14774319751329473 0.51773047447204601 0.52664288881242227 0.23390836776912052 0.42606564308231526 0.76272848122299775 0.66960857994731116 0.06995794498432141 0.079371427573475192 0.53527161791297817 0.12936332719799057 0.93063354492187511 34.500000000000007 0.88639169472502821 0.68044287195754294 27.500000000000004 0.23390836776912052 0.99999623426245787 75.500000000000014 80.500000000000014 0.3887213723125818 -0.044023048238266353 0.31626477794015329 0.14503227693295503 33.500000000000007 1.5000000000000002 0.039448129013839019 1.0000000180025095e-35 73.500000000000014 1.5000000000000002 91.500000000000014 106.50000000000001 0.99891189053205143 0.77799394726753246 0.85756292939186107 0.79008570313453685 1.0000000180025095e-35 0.50049865245819103 0.1257459053250167 0.9999975384203722 0.32450945056678204 0.79250337953668148 0.69790496872591057
decision_type=2 2 2 2 2 2 2 2 2 2 2 2 2 2 2 2 2 2 2 2 2 2 2 2 2 2 2 2 2 2 2 2 2 2 2 2 2 2 2 2 2 2 2 2
left_child=9 22 4 16 8 6 -6 -7 14 27 23 12 42 -14 -3 -13 17 -4 -10 -15 -18 -12 -2 -5 -17 -26 -24 33 29 43 32 -32 -30 35 41 40 -37 38 -28 -39 -1 -35 -11 -29
right_child=1 2 3 10 5 7 -8 -9 18 11 21 15 13 19 -16 24 20 -19 -20 -21 -22 -23 26 -25 25 -27 37 28 30 -31 31 -33 -34 34 -36 36 -38 39 -40 -41 -42 -43 -44 -45
leaf_value=-0.050661579737769524 0.39703657477785376 -0.054050724647077254 0.053673280326205365 -0.015901060110970061 0.12004837354487347 0.12266665417182235 0.20338068401514708 0.15781821175308941 0.11616548047807825 -0.050966880463242686 0.16804955046966649 0.63582385438670574 0.88502373167208459 -0.051390308043893274 0.34891815483696575 0.27480042306453839 0.23544466840728631 0.20460964735108231 0.010546220271008357 0.71106778362624645 0.37438410958970653 0.085014891166145426 0.15125670949240694 0.12097849705855356 -0.050944062922474768 0.10201671792034867 0.26179495427155591 -0.050700532924291157 -0.044085620571546996 1.0277607407798195 -0.050762843626260948 0.3513712569163297 0.20093349953295811 -0.050685942302513866 0.5054712114947606 -0.050825199959065606 0.43813766204919591 -0.050708721936780554 -0.051072567711437436 -0.0014310843072855746 -0.042300036399809025 -0.050865991346917716 -0.05081351664047478 -0.050680383587814654
leaf_weight=15377.985945907421 0.33467997424304385 1.4702510712668289 8.5524891810491663 7.9212657157331687 65.263582712039351 257.84726486541331 305.9898896291852 11055.40904411301 24.065843827091157 0.64510774146765382 559.24864815920591 0.43647062871605058 0.80033863149583351 0.70530536863952853 5.9469380136579275 0.4580686017870893 114.22313618473709 259.37186175584793 33.89525016117841 0.39369082916527987 7.6577393477782598 16.190384803339839 0.74140672478824754 5.9140266291797161 9.1013465952128154 1.9584773117676366 0.47979204915463869 0.28593130875378736 45.269328903406858 0.27813982125371683 1.1848042095080007 0.74592788983136404 0.59604779351502557 1.4123679930344217 0.26964315865188826 2.2137755388393994 0.30678710713982571 77.172616809606552 2.146580683067441 3.0107060167938462 35.734461553394794 0.52781024295836676 0.4197004335001111 0.71494146250188351
leaf_count=1176368 14 47 359 166 365 2340 2421 34805 950 36 1892 16 22 33 137 15 763 1232 1493 18 71 354 36 61 561 109 29 21 3318 14 84 47 41 106 16 142 18 5609 143 155 2657 33 27 54
internal_value=0.0440442 0.158214 0.159544 0.183066 0.157584 0.158025 0.188731 0.157017 0.0787511 -0.0504395 0.162823 0.0695339 0.30289 0.501235 0.269041 0.0116722 0.213669 0.199792 0.0544001 0.221743 0.244174 0.165713 -0.0435906 0.0426094 -0.01198 -0.0238577 -0.0453557 -0.0505552 -0.0293199 0.183838 -0.0350239 0.104599 -0.0409015 -0.0506228 0.0171335 -0.0506325 0.0086883 -0.047116 0.00608282 -0.0488585 -0.0506422 -0.0507349 -0.0509064 -0.0506861
internal_weight=28295.3 12812.9 12729 979.08 11749.9 11684.5 371.253 11313.3 65.3783 15482.4 589.274 14.9185 2.96414 1.89933 7.41719 11.9544 389.805 267.924 57.9611 1.099 121.881 575.439 83.8858 13.8353 11.5179 11.0598 83.5511 15467.5 49.0751 1.27901 47.7961 1.93073 45.8654 15418.5 2.20982 15416.2 2.52056 82.8097 2.62637 80.1833 15413.7 1.94018 1.06481 1.00087
internal_count=1237198 53442 47456 4898 42558 39931 2786 37145 2627 1183756 2473 837 136 73 184 701 2425 1591 2443 51 834 2246 5986 227 685 670 5972 1182919 3579 89 3490 131 3359 1179340 155 1179185 160 5936 172 5764 1179025 139 63 75
is_linear=0
shrinkage=0.05


Tree=4
num_leaves=44
num_cat=0
split_feature=78 74 78 21 45 45 74 73 73 45 74 77 47 52 30 51 6 44 44 56 48 52 47 66 77 65 47 50 74 61 16 46 41 28 60 65 16 74 32 60 33 44 30
split_gain=101483 1060.94 161.11 154.761 135.861 135.084 114.69 136.475 103.451 102.057 88.6656 77.3917 64.0212 56.4675 52.4965 38.74 39.9629 48.1019 70.9143 34.5254 32.4412 34.2375 24.8257 9.88828 9.05492 16.8714 42.6392 13.4834 19.0355 11.3993 5.8752 3.9117 26.5111 3.46374 20.7394 3.14425 29.8688 2.61644 1.25226 0.000166927 1.46095e-05 9.0647e-06 4.51111e-07
threshold=0.12449907904534323 0.14774319751329473 0.23390836776912052 1.0000000180025095e-35 -0.93426550531084118 -0.82598199459296939 0.6791779542999502 5.5000000000000009 33.500000000000007 -0.5201962942968732 0.7582926300444407 0.079371427573475192 0.020737301924496961 0.0045124300866353079 0.83135533332824718 0.14503227693295503 0.84680575132370006 0.93075098674835044 0.99853904982385566 7.5000000000000009 0.68044287195754294 0.19091884577378174 -0.070588985514599009 1.5000000000000002 0.039448129013839019 1.0000000180025095e-35 0.020737301924496961 1.5000000000000002 0.82713300493718223 106.50000000000001 0.94018176198005687 0.99891189053205143 0.6919384002685548 0.85756292939186107 31.500000000000004 1.0000000180025095e-35 0.92135426402091991 0.1257459053250167 1.0000000180025095e-35 73.500000000000014 0.73219165205955516 0.99593189042198305 0.78753238916397106
decision_type=2 2 2 2 2 2 2 2 2 2 2 2 2 2 2 2 2 2 2 2 2 2 2 2 2 2 2 2 2 2 2 2 2 2 2 2 2 2 2 2 2 2 2
left_child=11 22 4 5 14 12 7 -5 -7 13 -8 24 -4 -6 -3 16 41 -18 -19 -11 -17 30 -2 -24 31 26 -26 29 -29 -27 -22 33 40 38 -35 36 -25 -37 -1 -28 -33 42 -13
right_child=1 2 3 6 9 8 10 -9 -10 19 -12 15 -14 -15 -16 20 17 18 -20 -21 21 -23 23 35 25 27 39 28 -30 -31 -32 32 -34 34 -36 37 -38 -39 -40 -41 -42 -43 -44
leaf_value=-0.050617766033432258 0.37705417257816309 0.12463322588594061 0.21583581761898452 0.16365414296907591 0.086618956448041087 0.13929648789858173 0.15003620482100039 0.084183587612789157 0.15858528118395857 0.31803852647268288 0.13575740101961511 -0.050848981006812781 0.39605839444052943 0.24392513039626779 0.6120985479820612 0.32996475712134865 0.71107111018186575 -0.051515580381714235 0.58627372305267078 -0.011980443047116355 -0.050919138854500515 0.2027367409513201 0.12386511964113681 -0.050683425434761155 0.48235081789112205 -0.04376461883327936 -0.050653310653910981 0.028864541369583871 0.4631381563781295 0.15627199796570282 0.061410516395077747 -0.050701849307982862 0.45716067738978156 0.35311258676405943 -0.050856028951295221 -0.050677720447678848 0.50532739407966931 -0.0044284357918825948 -0.029695488432524116 -0.05190957181021081 -0.05110617947024762 -0.051193790987843039 -0.05093116600181892
leaf_weight=14664.610586312599 0.34977985918521781 0.84956477582454626 17.08191475644708 73.154124250635505 47.38904944807291 1424.1943575702608 1228.3831521607935 206.57617219723761 1357.8934684805572 0.81141785532235999 9459.7636728528887 0.33582702092826655 6.9255720824003211 6.4856560677289954 1.5785228740423916 0.78375386446714301 0.58830422628670964 1.1418946972116826 0.70485902950167645 33.997577094472945 9.0375885181128961 1.7482499256730069 0.85665589943528075 2.3159134024754162 0.56155272945761581 43.369475083425641 0.69972140435129382 1.8823245679959648 0.29139874875545491 0.72408770769834419 1.3361543798819173 1.7330599930137389 0.29500768054276694 0.37124485615640823 2.2035466386005282 73.486964021809399 0.2696669241413473 3.1908052368089548 7.1553152119740835 0.42505914717912674 0.25647270213812579 0.3876794446259737 0.33207392785698175
leaf_count=1178467 9 26 60 290 1679 5404 5757 1768 6595 23 24200 21 30 100 25 16 7 48 16 1499 570 36 36 175 22 3318 55 122 9 41 85 130 12 20 140 5592 15 159 558 12 13 19 19
internal_value=0.0410752 0.137763 0.138814 0.139252 0.0725445 0.14973 0.136571 0.104966 0.148711 0.0624417 0.137398 -0.0503954 0.267826 0.105556 0.441539 0.0581725 0.205952 0.31734 0.191912 -0.00428751 0.0182022 -0.00195494 -0.0432634 -0.0450984 -0.0505163 -0.0288246 0.126522 -0.0344866 0.0870811 -0.0404797 -0.0364509 -0.0505872 0.0148342 -0.0505974 0.00738996 -0.0469245 0.00730655 -0.0487531 -0.0506076 -0.0511281 -0.050754 -0.0510015 -0.0508898
internal_weight=28686.5 13945.6 13865.1 13774 91.1118 2806.1 10967.9 279.73 2782.09 88.6837 10688.1 14741 24.0075 53.8747 2.42809 16.3964 3.49064 2.43506 1.84675 34.809 12.9057 12.122 80.4698 80.12 14724.6 47.9536 1.68633 46.2673 2.17372 44.0936 10.3737 14676.6 2.28454 14674.3 2.57479 79.2633 2.58558 76.6778 14671.8 1.12478 1.98953 1.05558 0.667901
internal_count=1237198 53442 47456 44104 3352 12089 32015 2058 11999 3301 29957 1183756 90 1779 51 837 130 71 64 1522 707 691 5986 5977 1182919 3579 89 3490 131 3359 655 1179340 155 1179185 160 5941 190 5751 1179025 67 143 59 40
is_linear=0
shrinkage=0.05


Tree=5
num_leaves=45
num_cat=0
split_feature=78 74 78 41 47 45 75 76 76 77 52 74 21 45 60 47 53 48 6 47 3 75 5 41 77 65 51 3 8 61 56 75 16 10 46 77 28 17 65 27 74 32 52 60
split_gain=86086 846.607 136.067 116.607 131.843 102.219 85.4834 78.6411 77.6582 71.5969 64.8714 60.8347 45.8746 50.6634 43.3643 39.6951 34.4158 28.2252 27.8813 25.3246 25.0066 21.0929 15.6747 15.2121 9.25126 13.868 24.4619 11.9562 22.826 10.4006 8.86988 10.5297 6.55935 20.0117 3.78586 23.1104 3.39607 25.4426 3.04425 29.6831 2.62043 1.28757 0.000252308 0.000124043
threshold=0.12449907904534323 0.14774319751329473 0.23390836776912052 0.52041974663734447 0.65873203582663697 -0.60381860047785718 0.015524800192328993 0.51987012477728023 0.16631494353984097 0.079371427573475192 0.017006682170061103 0.7582926300444407 1.0000000180025095e-35 -0.93426550531084118 54.500000000000007 -0.018025686642933931 0.17926877387329235 0.68044287195754294 0.098563045263290419 -0.12490339781894495 0.88562902808189403 0.023381514282589281 0.6789083480834962 0.78324431180953991 0.039448129013839019 1.0000000180025095e-35 0.081248133460092589 0.96356418728828441 0.61167800426483165 106.50000000000001 6.5000000000000009 0.015110543523568278 0.94018176198005687 0.88603895902633678 0.99891189053205143 -1.1090749364782872e-07 0.85756292939186107 0.83402201533317577 1.0000000180025095e-35 0.97570812702178966 0.1257459053250167 1.0000000180025095e-35 0.19091884577378174 73.500000000000014
decision_type=2 2 2 2 2 2 2 2 2 2 2 2 2 2 2 2 2 2 2 2 2 2 2 2 2 2 2 2 2 2 2 2 2 2 2 2 2 2 2 2 2 2 2 2
left_child=9 19 5 6 15 12 11 -8 -6 24 23 -4 13 -3 -12 -5 20 -18 -14 -2 -11 -22 -23 -7 34 26 -26 29 -29 -27 31 -21 42 -34 36 -36 41 -38 39 -32 -40 -1 -19 -28
right_child=1 2 3 4 8 10 7 -9 -10 16 14 -13 18 -15 -16 -17 17 32 -20 30 21 22 -24 -25 25 27 43 28 -30 -31 38 -33 33 -35 35 -37 37 -39 40 -41 -42 -43 -44 -45
leaf_value=-0.050585232109445127 0.38692303983481841 0.35971392184720302 0.14470561815016014 0.1961379432879452 0.12693607170907548 -0.017405684008351376 0.11970247360086779 0.070183389893203274 0.057717820949552072 -0.050959726959121501 0.25084778767702198 0.12569877083290618 0.30491827664416515 0.12769968356118705 -0.0013988988840866598 0.15125781303970501 0.2437972465925311 -0.050828980018153495 0.0056821203276760665 0.28282184503862695 -0.051651882560698387 0.39867999825605221 0.17634202923522602 0.10111614758505146 0.30754325961933349 -0.050653618339662809 -0.05069173276477508 0.4462394906113562 0.0035528706198654108 0.12719605084480251 -0.050693018735069907 -0.051378881441784124 -0.05092640788168961 0.40802460018721121 0.39937660572253625 -0.050765635391752009 0.43068107468880962 -0.050880389409755603 -0.050648740013290033 0.50158545309229075 -0.0042251306078813595 -0.029060790810552975 -0.052094701898894404 -0.051812077152352656
leaf_weight=13958.154711557552 0.34112302586436172 2.5288603976368895 467.27464790642262 54.341727428138256 523.53494054637849 39.731834809295833 8786.301353270188 80.914320137351751 43.921044431626797 1.4403911940753484 4.3981718420982352 4250.1174758244306 0.84162348508834739 33.817027568817139 2.7812366411089897 527.72409729473293 1.0076291672885407 7.6998229669406992 10.369048014283178 0.44899129867553611 0.82480850722640742 0.99607523530721653 3.8825345542281866 2.9052274022251359 0.83184597827494045 35.360285425558686 0.73908396717160918 0.30180350877344508 8.280203281901775 0.84160499833524127 2.3699216721579428 0.49611756578087807 0.8687577312812198 0.32688446715474129 0.33214839920401606 2.0144086992368093 0.31129452306777183 2.3068600809201598 70.11954100523144 0.27112835831940163 3.1774724936112753 6.9512479640543452 0.41494515724480141 0.37112590670585632
leaf_count=1178467 5 27 2231 185 1508 1754 26663 1047 328 86 71 10020 27 976 80 2122 15 521 330 20 34 16 78 87 21 2821 57 19 609 41 181 20 54 18 8 147 15 145 5592 9 159 558 15 11
internal_value=0.0385243 0.122188 0.123048 0.123437 0.138728 0.0641371 0.122144 0.119251 0.121579 -0.0503528 0.0140834 0.127581 0.116569 0.143843 0.15313 0.155448 0.0508288 -0.00757888 0.0281468 -0.0429341 0.135189 0.182201 0.221737 -0.00932978 -0.0504789 -0.028268 0.102538 -0.0339404 0.0191208 -0.0465191 -0.0448413 0.107389 -0.0347843 0.0745492 -0.0505532 0.0129507 -0.0505638 0.00637652 -0.0467359 0.0060035 -0.0486362 -0.0505745 -0.0508937 -0.0510662
internal_weight=28943 14908.7 14831.5 14734.1 1149.52 97.373 13584.6 8867.22 567.456 14034.3 49.8165 4717.39 47.5566 36.3459 7.17941 582.066 17.4618 10.318 11.2107 77.2243 7.14381 5.70342 4.87861 42.6371 14016.8 46.726 1.94206 44.7839 8.58201 36.2019 76.8832 0.945109 9.31041 1.19564 13970.1 2.34656 13967.7 2.61815 75.9381 2.64105 73.297 13965.1 8.11477 1.11021
internal_count=1237198 53442 47456 44104 4143 3352 39961 27710 1836 1183756 1992 12251 1360 1003 151 2307 837 623 357 5986 214 128 94 1841 1182919 3579 89 3490 628 2862 5981 40 608 72 1179340 155 1179185 160 5941 190 5751 1179025 536 68
is_linear=0
shrinkage=0.05


Tree=6
num_leaves=45
num_cat=0
split_feature=78 44 78 77 45 45 78 47 77 54 65 21 18 31 45 53 53 75 4 56 31 56 6 76 5 30 56 61 77 17 45 3 3 45 16 64 46 41 31 17 32 75 48 52
split_gain=74159.5 349.13 144.307 119.551 96.4844 92.2554 68.8349 208.574 67.333 62.9736 47.4748 39.9077 39.8469 39.4272 29.7915 26.3839 25.1959 55.7057 24.8112 23.4334 21.8728 41.1701 17.879 15.0357 12.2888 11.2697 11.1925 11.1169 9.45134 12.6838 50.0473 11.4756 20.122 8.65195 5.64005 23.3855 3.67614 19.6206 3.30834 16.9014 1.32323 0.0655844 0.00074555 0.000213558
threshold=0.12449907904534323 0.08898708399039934 0.23390836776912052 0.079371427573475192 -0.5201962942968732 -0.82598199459296939 0.74291585239718161 0.65873203582663697 0.079371427573475192 0.99999886430482721 1.0000000180025095e-35 1.0000000180025095e-35 0.82777160406112682 0.46679636836051946 -0.85927910228751514 0.17926877387329235 6.8973697994657832e-05 0.51753251043814097 0.74239632487297069 7.5000000000000009 0.8126426935195924 31.500000000000004 0.84680575132370006 0.66555195306502879 0.65733855962753307 0.83135533332824718 14.500000000000002 37.500000000000007 0.039448129013839019 0.88949939608573925 -0.84811453911904111 0.96356418728828441 0.9703982174396516 -0.96222952297764597 0.92135426402091991 1.0000000180025095e-35 0.99891189053205143 0.75829780101776134 0.90422871708869945 0.83402201533317577 1.0000000180025095e-35 0.3064602401990158 0.68044287195754294 0.19091884577378174
decision_type=2 2 2 2 2 2 2 2 2 2 2 2 2 2 2 2 2 2 2 2 2 2 2 2 2 2 2 2 2 2 2 2 2 2 2 2 2 2 2 2 2 2 2 2
left_child=8 3 4 34 10 13 7 -7 28 -8 12 -12 -3 18 -15 22 17 -6 -4 -18 42 26 -10 -24 -25 -5 -22 -27 36 31 -31 33 -33 -30 41 -36 38 -38 40 -40 -1 -2 -17 -44
right_child=1 2 5 25 16 6 9 -9 15 -11 11 -13 -14 14 -16 20 19 -19 -20 -21 21 -23 23 24 -26 27 -28 -29 29 30 -32 32 -34 -35 35 -37 37 -39 39 -41 -42 -43 43 -45
leaf_value=-0.050554214556525048 -0.05062093085692853 0.38422516703309206 0.13148131431040358 0.19363867911691457 -0.053430677214288493 0.10848708327601407 0.12062189916278426 0.050770824731827174 -0.050999330275775703 0.11019259956461472 0.097472646365772478 -0.0029174276695170076 0.048485284353007099 0.17972924065510354 0.30443151490376696 -0.052858226646755262 0.19851815661015063 0.47118010745347827 0.22643316391003543 -0.026452581283621841 0.20658013563498578 0.50630221580101475 -0.052659842183442142 0.31731651789104037 0.13836827416069553 0.020714723732820559 -0.051559020041782859 0.13474073756737093 0.099302822645582031 0.51297977186848731 -0.050721732620204907 0.14453250972137063 -0.027593063458945757 -0.050653230604650337 -0.050615534198143221 0.43835119317402321 -0.050787517341856742 0.34082696836215814 0.28758737587631583 -0.050833396179936756 -0.028422243416993266 -0.067722702955510097 -0.050795347401964556 -0.051991103950999776
leaf_weight=13285.336650575511 44.876407771371305 2.3964521922171111 60.533400176092982 3.9500102354213587 1.2511033825576299 882.00615603290498 1632.5816898550838 190.30675960704684 1.3714435230940596 12760.378553703427 52.31107930932194 12.210267337039111 1.4000481683760879 15.224129006266596 6.98773493990302 0.50085124000906756 1.1959211872890581 0.84967289865016926 7.7620822917670003 36.033257177099586 0.57218196056783277 0.53771660849452008 0.82422452885657538 1.2103615058585999 4.6267382642254233 3.3891903329640609 1.5778931491076944 5.7880032891407609 0.99015115201473136 0.52873681392520699 1.5423234524205316 2.303779657930134 6.4565089922398329 33.70169217698276 1.2297135535627592 0.30522014386951912 2.0126121193170543 0.38027323968708504 0.44192118663340751 2.2338007325306535 6.7570344349369398 0.56769827008247276 6.6887271255254745 0.39547469839453686
leaf_count=1178465 3746 34 182 20 58 6249 6297 1513 82 31443 1386 402 22 52 24 10 27 5 31 1785 15 20 26 14 92 25 93 30 56 14 119 157 470 2763 103 5 150 5 14 148 558 3 470 15
internal_value=0.0363008 0.109899 0.11036 -0.0103753 0.0526688 0.11076 0.110465 0.098244 -0.0503113 0.111376 0.088585 0.0784744 0.260413 0.161093 0.21896 0.0455171 -0.00971928 0.158752 0.142273 -0.0192258 -0.00756339 0.114999 0.1134 0.147247 0.175474 0.123024 0.0171374 0.0926303 -0.0504428 -0.0276992 0.0931899 -0.0334612 0.0176725 -0.0463733 -0.0476506 0.046615 -0.0505206 0.0114472 -0.0505318 0.00506005 -0.050543 -0.0508346 -0.0509939 -0.0508621
internal_weight=29084.5 15723.5 15663.4 60.1062 107.648 15555.8 15465.3 1072.31 13361 14393 68.3178 64.5213 3.7965 90.5073 22.2119 18.3056 39.33 2.10078 68.2955 37.2292 10.2728 2.68779 8.03277 6.66132 5.8371 13.1272 2.15008 9.17719 13342.7 45.5232 2.07106 43.4521 8.76029 34.6918 46.979 1.53493 13297.2 2.39289 13294.8 2.67572 13292.1 45.4441 7.58505 7.0842
internal_count=1237198 53442 49510 3932 3719 45791 45502 7762 1183756 37740 1844 1788 56 289 76 837 1875 63 213 1812 623 128 214 132 106 75 108 55 1182919 3579 133 3446 627 2819 3857 108 1179340 155 1179185 162 1179023 3749 495 485
is_linear=0
shrinkage=0.05


Tree=7
num_leaves=45
num_cat=0
split_feature=78 74 74 78 47 76 53 43 43 76 77 41 43 56 47 2 45 72 47 53 48 3 33 4 77 17 45 50 43 33 66 45 15 48 31 17 2 62 64 74 32 76 43 51
split_gain=64642.9 610.41 108.821 117.757 122.916 84.7717 94.6553 84.4659 74.9048 66.8744 63.6527 63.3351 63.334 48.4378 45.798 38.2902 37.0269 33.0441 25.6656 21.024 18.8724 14.2017 13.6303 15.8588 9.62562 10.8458 28.1549 11.0474 15.0038 8.57241 7.50637 6.73962 5.18771 18.5151 3.6601 27.5782 12.4247 2.73858 18.7844 2.5082 1.3226 6.88176 0.71667 8.80452e-05
threshold=0.12449907904534323 0.14774319751329473 0.66960857994731116 0.74291585239718161 0.52664288881242227 0.52979936332408595 0.42606564308231526 14.500000000000002 283.50000000000006 0.18440258647955873 0.079371427573475192 0.52238440513610851 7.5000000000000009 19.500000000000004 -0.0098474216149167758 0.84019228816032421 -0.13315738891739634 2.5000000000000004 -0.17408253740458196 0.17926877387329235 0.68044287195754294 0.88562902808189403 0.50988206267356884 0.48749218881130224 0.039448129013839019 0.88949939608573925 -0.84811453911904111 1.5000000000000002 91.500000000000014 0.58485049009323131 1.5000000000000002 -0.96222952297764597 0.88939857482910167 0.97035045476281334 0.8126426935195924 0.65133896470069896 0.8291795849800111 1.0000000180025095e-35 1.0000000180025095e-35 0.1257459053250167 1.0000000180025095e-35 0.59391413434887597 3.5000000000000004 0.8219897502975998
decision_type=2 2 2 2 2 2 2 2 2 2 2 2 2 2 2 2 2 2 2 2 2 2 2 2 2 2 2 2 2 2 2 2 2 2 2 2 2 2 2 2 2 2 2 2
left_child=10 18 3 12 17 6 7 -4 -6 -8 24 13 15 -7 -13 -3 -14 -5 -2 21 -21 -12 23 -23 34 27 -27 31 -29 -24 -20 -26 43 -34 40 -36 -37 38 -32 -39 42 -42 -1 -22
right_child=1 2 5 4 8 11 9 -9 -10 -11 19 14 16 -15 -16 -17 -18 -19 30 20 32 22 29 -25 25 26 -28 28 -30 -31 37 -33 33 -35 35 36 -38 39 -40 -41 41 -43 -44 -45
leaf_value=-0.03856823945225149 0.39520260176186106 0.23147512658530475 0.093251862028525936 0.11489615335278601 0.06158871191644414 0.093769324416159205 0.10211083940563746 0.1430847677293284 0.15155792808681856 0.087656782607060515 -0.050918784999007927 0.18841093661984024 0.035896019188901306 0.03926612644507671 0.091508776500697775 0.074295267445526766 -0.036199844612823551 -0.010045407969273992 0.085280009700307233 0.16668984836213818 -0.050807200365666196 0.1762476202111288 0.28795837857349371 -0.054686306479951444 0.081585227636882321 0.31801499718876158 -0.050686168177620131 -0.050927809096974676 0.19459793168003622 0.13552064707151956 -0.051112931218177282 -0.04283786356192848 -0.051070522264167285 0.36149830049506759 0.44572910838423446 0.17711238509736629 -0.043453059766872054 -0.050629112393349163 0.31830242174563705 -0.006043542257731075 0.086339633895295975 -0.050593111646304846 -0.050548342130062721 -0.051680374479340346
leaf_weight=12.495919021777807 0.33310866355895896 5.1831438047811416 127.54607150889933 304.44378776475787 296.72375743463635 61.030504018999636 14109.119008138776 255.11515439301729 25.09083585627377 848.35724418237805 1.3607294522225872 15.710211546160279 67.236917831934988 122.75991469807923 54.467347600497305 15.348244830034671 24.225398384965956 5.3856192715466014 1.0949702374637116 1.3479781076312054 7.1621656613424403 1.2916242033243182 1.3129486469551919 1.7515651658177374 1.1200349386781443 0.79988902434706721 1.4681068900972594 1.2711276654154056 1.2188654690980909 3.0994579689577222 2.3987781088799234 38.48775405716151 1.0815133647993205 0.36328708566725243 0.30048403702676552 0.65883311163634317 20.671619021333754 67.158684713765979 0.40175230428576458 3.3098423182964316 1.0948793282732356 5.6648211600258946 12615.425397530198 0.30082408804446448
leaf_count=1124 2 55 394 1506 1628 1055 32685 893 182 3991 86 162 1259 2270 728 121 492 35 36 15 514 12 19 53 59 14 119 84 48 44 169 3255 62 16 8 58 1784 5619 4 156 85 489 1175792 16
internal_value=0.0343331 0.0999018 0.100554 0.0818672 0.0902452 0.101445 0.101919 0.126475 0.0686033 0.101291 -0.0502709 0.0727939 0.0346149 0.0573648 0.113202 0.113975 0.0168002 0.112724 -0.0427044 0.0410044 -0.00766864 0.0976243 0.124735 0.0433292 -0.050408 -0.0271592 0.0793493 -0.0328973 0.0692584 0.18088 -0.0446659 -0.0393194 -0.0340536 0.0526676 -0.0504895 -0.0299397 -0.0366405 -0.0466079 0.00188184 -0.048535 -0.0505247 -0.0284139 -0.0505365 -0.0508424
internal_weight=29132.2 16412.4 16337.7 743.638 631.644 15594.1 15340.1 382.661 321.815 14957.5 12719.7 253.968 111.994 183.79 70.1776 20.5314 91.4623 309.829 74.6971 19.0721 10.2558 8.81633 7.4556 3.04319 12700.7 44.3658 2.268 42.0978 2.48999 4.41241 74.364 39.6078 8.90779 1.4448 12656.3 21.6309 21.3305 73.2691 2.80053 70.4685 12634.7 6.7597 12627.9 7.46299
internal_count=1237198 53442 47456 5278 3351 42178 37963 1287 1810 36676 1183756 4215 1927 3325 890 176 1751 1541 5986 837 623 214 128 65 1182919 3579 133 3446 132 63 5984 3314 608 78 1179340 1850 1842 5948 173 5775 1177490 574 1176916 530
is_linear=0
shrinkage=0.05


Tree=8
num_leaves=45
num_cat=0
split_feature=78 44 78 77 45 75 44 41 77 47 77 77 38 45 40 53 75 56 53 31 4 45 44 42 44 30 77 65 60 3 1 76 61 33 1 31 78 2 8 32 76 43 75 27
split_gain=56895.5 237.938 118.323 95.7216 71.8916 65.4225 81.8106 64.5617 166.767 73.546 60.5515 38.8494 30.8912 27.2156 28.2985 20.8995 30.9434 17.4551 17.014 16.9113 26.2951 13.7286 11.7034 12.9794 9.95425 16.4117 9.79483 9.96353 13.355 11.0359 21.5614 9.08694 8.87362 7.76013 5.99715 3.74378 21.4024 46.5049 6.93688 1.35654 6.17515 0.74367 0.0709902 0.00137303
threshold=0.12449907904534323 0.08898708399039934 0.23390836776912052 0.020397055716778426 -0.50117004732130133 0.030522014924919259 0.64528856710811444 0.5123116970062257 0.3542742430227645 0.65873203582663697 0.079371427573475192 0.079371427573475192 1.5000000000000002 -0.93426550531084118 1.0000000180025095e-35 6.8973697994657832e-05 0.51753251043814097 7.5000000000000009 0.17926877387329235 0.8126426935195924 0.70106381177902233 -0.95160356274721014 0.45889132778581293 5.5000000000000009 0.013378197374351497 0.89303049445152294 0.039448129013839019 1.0000000180025095e-35 74.500000000000014 0.96356418728828441 0.90366768836975109 0.69148842317304438 106.50000000000001 0.28746257722377783 0.99382716417312633 0.8126426935195924 0.068886077280793725 0.84912559390068065 0.79361054301261913 1.0000000180025095e-35 0.59391413434887597 3.5000000000000004 0.3064602401990158 0.94604986906051647
decision_type=2 2 2 2 2 2 2 2 2 2 2 2 2 2 2 2 2 2 2 2 2 2 2 2 2 2 2 2 2 2 2 2 2 2 2 2 2 2 2 2 2 2 2 2
left_child=10 3 4 42 13 6 11 8 -7 -9 26 -4 -8 21 -15 16 -6 -17 22 -20 -21 -3 -12 31 -5 33 35 28 -28 32 -31 -24 -29 -26 -27 39 38 -38 -37 41 -41 -1 -2 -22
right_child=1 2 5 24 15 7 12 9 -10 -11 18 -13 -14 14 -16 17 -18 -19 19 20 43 -23 23 -25 25 34 27 29 -30 30 -32 -33 -34 -35 -36 36 37 -39 -40 40 -42 -43 -44 -45
leaf_value=-0.038085262419737878 -0.050576377274224961 0.085622681301235903 -0.050804532125155469 0.17441232968677084 -0.05349224378950751 0.067953780630497881 0.094908143439827036 0.11336539846060277 0.090470272722360953 0.0860965065757303 0.36759792911673728 0.059576099812171629 0.10613943352103497 -0.0021974431404973354 0.076619173859780537 0.14205140944974518 0.30607644559343528 -0.030090126394725039 -0.05097719777284148 0.23611916902488619 -0.050984886144428782 0.25318889356869934 0.097637123618724758 0.24516937498293812 0.24243665829731775 -0.059923991438614571 -0.05091805525336468 -0.050580052575387183 0.18958205094687744 0.42195726552966922 0.0021380179595953063 -0.0095675021457273055 0.10270493343282078 0.092575501075635835 0.08502654313885144 -0.050648121584667062 0.54720570286347636 -0.050676009393676585 0.073080249787624146 0.075243723606765262 -0.050563852349600313 -0.05052131770045868 -0.068243481600511302 -0.054413659307198083
leaf_weight=12.033446867950259 40.436570097692311 2.119650661945343 12.774249141104518 3.0250569535419372 1.1747921593487256 938.24549388792366 7513.8828788073733 554.23163649812341 6656.417765038088 446.44244019221514 0.35372716933489101 21.202219858765602 666.54113011062145 14.015872253105043 60.753389768302441 1.5372856110334385 1.219377242028713 35.009017324075103 7.0046707447618228 1.5429569529369476 1.2509948275983331 2.8874866981059304 4.8303090259432757 0.99333393946290094 0.9584870832040896 2.5139891151338811 1.1082305451855057 31.109455132856965 1.2047412451356647 0.31727209221571584 8.4873199705034477 3.3458315366879106 0.97370284609496494 8.7475563203915936 0.99641169793903817 18.394933943636723 0.49839593842625507 0.93616745993494987 1.2071755547076453 1.1908059390261758 5.3915842026472092 12006.421335465275 0.57671080529689689 0.38086357060819853
leaf_count=1124 3711 27 948 14 57 5278 17223 2057 16736 1364 2 243 1942 399 1477 27 5 1703 495 39 79 24 100 12 8 61 76 2821 13 19 609 100 41 124 11 1676 12 76 86 85 489 1175792 3 10
internal_value=0.0325798 0.0916155 0.0919596 -0.0101412 0.0422179 0.0923109 0.0955017 0.0892615 0.0876886 0.1012 -0.0502316 0.0180759 0.0958233 0.069402 0.0618446 -0.0134737 0.12964 -0.0228492 0.0373506 -0.00759005 0.0881361 0.182254 0.0853884 0.0745017 0.0925938 0.0738667 -0.0503743 -0.0266089 0.0743495 -0.03232 0.0172661 0.053767 -0.045928 0.107375 -0.0187804 -0.0504596 -0.0293851 0.15704 -0.0430284 -0.0504964 -0.0278043 -0.0505089 -0.0508248 -0.0517851
internal_weight=29094.7 16985.7 16928.5 57.2548 118.717 16809.7 8214.4 8595.34 7594.66 1000.67 12109 33.9765 8180.42 79.7764 74.7693 38.9405 2.39417 36.5463 19.7027 10.1795 3.17482 5.00714 9.5232 9.16947 16.2415 13.2164 12089.3 43.2007 2.31297 40.8878 8.80459 8.17614 32.0832 9.70604 3.5104 12046.1 21.0367 1.43456 19.6021 12025 6.58239 12018.5 41.0133 1.63186
internal_count=1237198 53442 49510 3932 3719 45791 20356 25435 22014 3421 1183756 1191 19165 1927 1876 1792 62 1730 837 623 128 51 214 212 218 204 1182919 3579 89 3490 628 200 2862 132 72 1179340 1850 88 1762 1177490 574 1176916 3714 89
is_linear=0
shrinkage=0.05


Tree=9
num_leaves=45
num_cat=0
split_feature=78 44 78 76 77 22 43 53 77 75 41 43 75 43 45 19 29 43 6 5 42 45 77 17 45 44 75 75 45 30 61 16 30 8 31 78 75 41 32 38 43 75 57 48
split_gain=50439.6 200.111 130.465 123.589 86.6299 75.3045 105.358 78.8901 57.8709 48.1762 36.5275 39.3377 29.8198 26.2989 22.2909 17.9277 19.6639 14.3765 14.1515 20.0152 13.3442 11.6445 9.96614 9.07399 17.503 11.8473 23.6381 9.0476 7.40197 7.04276 8.30231 4.98606 12.9327 4.72987 3.78836 17.5261 21.7636 6.53824 1.39056 5.72268 0.771422 0.0600215 0.000216734 0.000100513
threshold=0.12449907904534323 0.08898708399039934 0.74291585239718161 0.16631494353984097 0.079371427573475192 1.0000000180025095e-35 7.5000000000000009 0.17926877387329235 0.079371427573475192 0.015524800192328993 1.0000000180025095e-35 32.500000000000007 0.011226115918175851 7.5000000000000009 -0.15490451137284186 0.93633908033370983 0.934656322002411 185.50000000000003 0.84680575132370006 0.628892481327057 3.5000000000000004 -0.17857253597739184 0.039448129013839019 0.88949939608573925 -0.84811453911904111 0.99952143483096434 0.063141307973147751 0.0088386314169607866 -0.63547223643682604 0.83135533332824718 37.500000000000007 0.92135426402091991 0.85300117731094371 0.79361054301261913 0.8126426935195924 0.068886077280793725 0.51753251043814097 0.80816438794136058 1.0000000180025095e-35 1.5000000000000002 3.5000000000000004 0.3064602401990158 38.500000000000007 0.76625425048137996
decision_type=2 2 2 2 2 2 2 2 2 2 2 2 2 2 2 2 2 2 2 2 2 2 2 2 2 2 2 2 2 2 2 2 2 2 2 2 2 2 2 2 2 2 2 2
left_child=8 4 3 15 31 7 -7 -5 22 12 11 -11 14 -12 -4 28 -17 -14 43 -20 21 -21 34 25 -25 33 -27 -22 -3 -6 -31 41 -33 -24 38 37 -37 -36 40 -40 -1 -2 -34 -10
right_child=1 2 9 5 29 6 -8 -9 18 10 13 -13 17 -15 -16 16 -18 -19 19 20 27 -23 23 24 -26 26 -28 -29 -30 30 -32 32 42 -35 35 36 -38 -39 39 -41 -42 -43 -44 -45
leaf_value=-0.037591330298256426 -0.050539480512248151 0.090913268566055333 0.10766598265953141 0.12242654081973046 0.14539503999385983 0.087226764219698175 0.034346756163015746 0.075397401887062565 -0.05172624019207768 0.079819114467771221 0.10810071493841647 0.086232731526718315 0.096080947316553089 0.088522980427101147 0.087426300728006612 0.2724856170363068 0.014696132490934613 0.12595002455743259 0.22154616624322387 -0.051546691352767654 -0.051700400416369779 0.17372176149017293 -0.050609183310354182 0.21918504234813665 -0.050670199986049186 -0.050613022010984887 0.17350943782862813 0.093024423611224871 -0.046707667793524213 0.010269764122109703 0.10480669272934279 0.25888905810878993 -0.05061470781801132 -0.002379529754744905 -0.050613452723151424 -0.050734340333880759 0.31147440714632196 0.06694384233092103 -0.050582051190437474 0.068195083936281639 -0.050495630479631383 -0.067054288828825345 -0.052363197134190242 -0.050856509027104119
leaf_weight=11.593200765550135 38.909411097876728 1.0144301168620611 140.57740307878703 98.663904492743313 4.6125331483781329 151.52821663580835 248.94757717754692 926.90265452302992 0.36634632013738455 4391.0472447704524 242.44460180122405 5248.3974505309016 1092.2711240025237 586.48705834150314 4212.7172580007464 0.90335652511566777 4.0842115543782711 41.828292845748365 1.6201138989999915 4.8736877460032728 1.2501198900863508 0.65020291693508259 28.60072591342032 1.0690401922911408 1.3721213852986682 2.8693865975365034 1.9940437739714978 7.9314352059736848 26.518069003708661 3.6266320357099158 6.4577725222334266 0.47258389461785455 0.95470334030687787 6.1823250576853743 17.534302178770311 0.84600168373435625 0.8135076966136694 1.2683290010318149 5.1496532801538697 1.2627464449033139 11426.523865818046 0.55806450545787711 0.21763328928500414 3.5632905280217528
leaf_count=1124 3746 19 362 812 20 501 1950 7042 20 10475 694 12910 2302 1651 9300 9 102 99 23 272 61 14 2604 14 119 257 135 195 1282 25 30 7 87 450 1669 67 21 93 464 110 1175792 3 14 252
internal_value=0.0309887 0.084555 0.0848579 0.070544 -0.00997237 0.0727419 0.054355 0.0799218 -0.0501933 0.0861664 0.0841773 0.0833111 0.0899612 0.094249 0.0880799 -0.0258363 0.0613874 0.0971826 0.0342471 0.0547514 0.0363755 -0.0250309 -0.0503419 -0.0260557 0.0675055 -0.0318165 0.0412789 0.0733193 -0.041637 0.094217 0.0708086 -0.0472182 0.0380741 -0.0420369 -0.0504311 -0.0289363 0.126824 -0.0426836 -0.0504695 -0.0271921 -0.0504826 -0.050773 -0.0509393 -0.0509376
internal_weight=28997.5 17470.1 17414.3 1458.56 55.8093 1426.04 400.476 1025.57 11527.3 15955.8 10468.4 9639.44 5487.39 828.932 4353.29 32.5201 4.98757 1134.1 20.2552 16.3256 14.7054 5.52389 11507.1 42.0876 2.44116 39.6465 4.86343 9.18156 27.5325 14.6969 10.0844 41.1124 1.64492 34.7831 11465 20.4621 1.65951 18.8026 11444.5 6.4124 11438.1 39.4675 1.17234 3.92964
internal_count=1237198 53442 49510 11717 3932 10305 2451 7854 1183756 37793 25730 23385 12063 2345 9662 1412 111 2401 837 565 542 286 1182919 3579 133 3446 392 256 1301 75 55 3857 108 3054 1179340 1850 88 1762 1177490 574 1176916 3749 101 272
is_linear=0
shrinkage=0.05


Tree=10
num_leaves=45
num_cat=0
split_feature=78 74 76 47 74 74 47 74 73 76 22 65 77 74 76 21 4 45 75 75 2 56 66 27 18 48 48 77 50 38 75 65 60 33 5 52 31 78 2 8 27 64 73 57
split_gain=44994.4 414.663 122.331 105.036 99.5308 89.1874 90.9106 77.5625 63.7997 61.9058 64.9796 56.219 55.5262 54.0823 52.5532 42.5703 74.0966 41.8065 41.7371 35.8541 34.2215 28.6045 14.6505 12.7734 22.6653 10.9192 15.2204 10.1165 8.73798 13.0538 21.5677 9.46879 8.86125 7.10703 6.80207 3.92064 3.83566 15.0993 18.7451 6.54935 3.10602 9.7704 0.798276 18.7608
threshold=0.12449907904534323 0.3452719104985626 0.40935916975331404 0.52664288881242227 0.10999672777298637 0.74197873022009542 0.77827671854801139 0.6791779542999502 95.500000000000014 0.023417625366675982 -1.0000000180025095e-35 1.0000000180025095e-35 0.079371427573475192 0.70524947861366449 0.24487749970953815 1.0000000180025095e-35 0.61326980590820324 -0.23788991908931387 0.030522014924919259 0.018643694753539445 0.65945294499397289 17.500000000000004 3.5000000000000004 0.87815481424331676 0.88642504811286937 0.96695455786364881 0.96350877121100698 0.039448129013839019 1.5000000000000002 1.0000000180025095e-35 0.71906434824593379 1.0000000180025095e-35 74.500000000000014 0.84733992815017711 0.087595909833908095 0.013529058578204148 0.8126426935195924 0.068886077280793725 0.84912559390068065 0.79361054301261913 0.99671053886413585 1.0000000180025095e-35 3.5000000000000004 8.5000000000000018
decision_type=2 2 2 2 2 2 2 2 2 2 2 2 2 2 2 2 2 2 2 2 2 2 2 2 2 2 2 2 2 2 2 2 2 2 2 2 2 2 2 2 2 2 2 2
left_child=12 4 5 11 40 6 14 -8 18 10 19 20 27 -13 -3 16 -5 -10 -7 -6 -4 -12 -17 24 25 26 -14 36 31 -30 -31 32 -29 -33 -11 -36 42 39 -39 -38 -2 -42 43 -1
right_child=1 2 3 15 9 8 7 -9 17 34 21 13 23 -15 -16 22 -18 -19 -20 -21 -22 -23 -24 -25 -26 -27 -28 28 29 30 -32 33 -34 -35 35 -37 37 38 -40 -41 41 -43 -44 -45
leaf_value=0.27558391816854305 -0.050599694717103211 0.087413135308108292 -0.015422033304694334 0.11714073286120504 0.27000088859099797 0.082712424657650621 0.034752581788420694 0.067430560450650393 0.12131492819112298 0.07835917576050401 -0.059492394711135203 -0.016776986662174011 0.030015646294534522 0.066221748240272632 0.050508410912201422 0.0081381441516297955 -0.0042990143868962237 0.087847930686531406 0.077002582552711585 0.08374653332285581 0.17071195617029827 0.031189219908736472 -0.056603885764170872 -0.051599801600473116 0.23174361104764563 -0.051247050187253222 0.18779175092290271 -0.050836186486736427 0.32818389453867125 -0.051065240848893571 0.37596354224946099 -0.045880929814349047 0.14221511254615721 0.025238531364644125 -0.052838490488525597 0.01777308547399252 -0.05059381695691656 0.26953533450624029 -0.050675727436353818 0.067508651131232167 -0.050747394254244065 0.1756426089270767 -0.050457496577753995 -0.050510839208330396
leaf_weight=0.46000393107533355 59.745332105085254 742.36145218834281 2.8499831855297115 18.923425507731736 2.7761156279593697 6878.0175295621157 224.71733962371945 946.06672835350037 97.778540328145027 1.1476212497800613 11.043504262343047 20.384086883626878 10.448455680161718 528.38570509105921 110.87365923635662 13.973498427309094 37.357579234987497 2044.096621260047 5985.754150763154 37.306542431004345 18.490978457033634 40.91616731043905 23.322745795361698 3.7726240009069434 1.5598022760823358 3.1531224790960541 1.7905119834467775 1.0050602601841085 0.39358619786798898 1.8851208398118617 0.35069201979786147 31.958834570832551 1.4548372626304624 3.9465718166902652 21.273386746644977 2.1659824643284074 16.777957753278322 0.90861635096371063 0.91961744520813227 1.2621796987950791 1.9070424893870943 0.63536346331238736 10880.620089285076 10.714127050712703
leaf_count=45 5484 2490 36 244 39 14005 1156 3288 208 33 157 486 366 4610 860 218 593 4082 13195 329 94 467 433 219 31 205 16 75 11 108 13 3023 13 336 684 89 1676 12 76 86 158 4 1176366 1079
internal_value=0.0295387 0.0784703 0.0792362 0.0581764 0.00273355 0.080057 0.0702046 0.0611584 0.0813859 0.0299869 0.0488143 0.0662351 -0.0501559 0.0631388 0.0826175 0.00907981 0.0365328 0.0893757 0.0800555 0.0966465 0.145855 0.0119158 -0.0323475 0.0316089 0.0501269 0.0317223 0.0530977 -0.0503106 -0.0255188 0.0626576 0.0159151 -0.0315621 0.0633386 -0.0380638 -0.0404942 -0.0463134 -0.0504037 -0.0284548 0.108466 -0.0423308 -0.0482964 0.00582891 -0.0504438 -0.0370865
internal_weight=28845.7 17872.3 17693.4 663.688 178.917 17029.7 2024.02 1170.78 15005.6 116.629 92.0423 570.111 10973.4 548.77 853.235 93.5772 56.281 2141.88 12863.8 40.0827 21.341 51.9597 37.2962 20.7245 16.9519 15.3921 12.239 10952.7 40.9947 2.6294 2.23581 38.3653 2.4599 35.9054 24.587 23.4394 10911.7 19.8684 1.82823 18.0401 62.2877 2.54241 10891.8 11.1741
internal_count=1237198 53442 45998 6714 7444 39284 7794 4444 31490 1798 992 5226 1183756 5096 3350 1488 837 4290 27200 368 130 624 651 837 618 587 382 1182919 3579 132 121 3447 88 3359 806 773 1179340 1850 88 1762 5646 162 1177490 1124
is_linear=0
shrinkage=0.05


Tree=11
num_leaves=45
num_cat=0
split_feature=78 74 76 47 41 77 74 74 53 45 43 77 77 43 74 74 77 74 76 22 13 30 43 6 5 53 48 77 45 44 5 5 46 17 45 1 8 52 31 78 5 41 27 64
split_gain=40363.9 360.033 133.058 135.646 84.4044 127.551 80.8776 74.3682 86.9804 73.3508 58.0594 56.6409 53.4291 51.35 134.581 129.313 47.0167 41.7409 40.6304 46.9417 39.4655 27.4466 26.3946 11.6078 12.4153 10.2916 15.9811 10.2598 9.46968 8.08657 20.3648 76.5328 13.3817 11.6171 13.5383 7.87646 4.7055 4.10205 3.86951 13.3195 14.1047 6.20367 3.03037 8.12369
threshold=0.12449907904534323 0.32450945056678204 0.14630926420287657 0.65873203582663697 0.51496410369873058 0.3542742430227645 0.10999672777298637 0.74197873022009542 0.85021877443604843 -0.064721701369836626 318.50000000000006 0.57819165034846887 0.079371427573475192 18.500000000000004 0.88639957800627434 0.81611493993381334 0.3542742430227645 0.6256694159269357 0.023417625366675982 -1.0000000180025095e-35 0.11852502077817918 0.79180648922920238 48.500000000000007 0.84680575132370006 0.628892481327057 0.17926877387329235 0.69656646035956393 0.039448129013839019 -0.88498356466938055 0.99952143483096434 0.91715687513351452 0.92403846979141246 0.039047912173934142 0.88949939608573925 -0.84811453911904111 0.087595909833908095 0.79361054301261913 0.013529058578204148 0.8126426935195924 0.068886077280793725 0.76253134012222301 0.80816438794136058 0.99671053886413585 1.0000000180025095e-35
decision_type=2 2 2 2 2 2 2 2 2 2 2 2 2 2 2 2 2 2 2 2 2 2 2 2 2 2 2 2 2 2 2 2 2 2 2 2 2 2 2 2 2 2 2 2
left_child=12 6 7 4 5 -4 42 8 17 16 -10 -11 27 14 -9 -15 -5 -3 19 21 -6 -8 -21 -14 -25 28 -27 38 -26 33 32 -32 -31 36 -35 -20 -29 -37 -1 41 -41 -40 -2 -44
right_child=1 2 3 9 20 -7 18 13 10 11 -12 -13 23 15 -16 -17 -18 -19 35 22 -22 -23 -24 24 25 26 -28 29 -30 30 31 -33 -34 34 -36 37 -38 -39 39 40 -42 -43 43 -45
leaf_value=-0.050419196689397587 -0.050570303467228885 0.069336188146070898 0.043179900324662179 -0.0047641867244608074 0.18679600438308266 0.078080371317923683 0.22879919159714412 0.060829458413424069 0.060007975807356721 -0.027523573438869638 -0.023306701673315895 0.037369991427274395 -0.050892807102437466 0.076510974198119475 0.077867678998626524 0.094102509648586796 0.059354274970101865 0.095753437896243299 0.10097316680092133 0.035578084116625171 0.083254476526361601 0.071881146770083101 -0.046983457694411257 0.16240025451308163 -0.053199647745731021 0.12836990575278648 -0.050910707334134581 -0.05057212894622877 0.09370821345873219 0.21394051310374451 0.86499048230552822 -0.050661957329119545 -0.050660145761382717 0.19793582827406381 -0.050659067767589772 -0.052419182830169442 -0.0018223292525993283 0.022999846102222398 -0.050561471581174383 0.21852468407323775 -0.050996250153175687 0.062270994521213333 -0.050710782824508943 0.14868834594344552
leaf_weight=10365.543878762051 56.863714919425547 319.82021363824606 541.21976613719016 32.946201049722731 9.3837035158649069 507.07239822298288 3.0589723363518706 1647.2224176079035 1258.5802635513246 66.965854120440781 21.264055587351322 67.537950783967972 3.7211844902485636 7463.8365981131792 3910.091606721282 1214.6661730408669 216.27162748575211 280.82859619706869 0.97796197049319999 28.491173976100981 477.83609561529011 31.302124553360045 14.662485540844498 2.0366615531966117 1.3089205380529163 1.5880743712186802 5.7209972757846117 26.292602832429111 6.7735244994983059 0.54785130731761356 0.32694307528436162 0.75564274005591869 3.7383089419454336 1.1306707803159954 1.0621607648208726 17.164176492951814 6.0979693848639718 2.0145360985770813 15.995461807586258 1.0647669723257411 0.8921471070498227 1.3186307288706292 1.8153115808963769 0.71080131083726872
leaf_count=1177490 5484 1241 5303 632 49 1590 20 3787 4342 554 125 203 272 15168 7872 1807 796 672 28 343 2011 316 232 23 31 12 410 2604 89 8 7 63 339 11 97 622 450 83 1669 26 62 93 158 4
internal_value=0.0282175 0.0731972 0.0738536 0.0614086 0.0680536 0.0600617 -0.00217713 0.0753356 0.0659905 0.034818 0.0586237 0.00506122 -0.0501192 0.0765701 0.0728174 0.0789731 0.0508779 0.0816874 0.0258012 0.042246 0.0852487 0.0858507 0.00752583 0.0292715 0.0463879 0.0310367 -0.0119576 -0.0502803 0.0699171 -0.0249911 0.0321015 0.225867 -0.0168392 -0.0338542 0.0775218 -0.0374392 -0.0413943 -0.0444972 -0.0503776 -0.0279933 0.0956515 -0.0419682 -0.0481898 0.00539643
internal_weight=28638.5 18192.6 18035.5 1919.23 1535.51 1048.29 157.061 16116.3 1880.49 383.722 1279.84 134.504 10445.9 14235.8 5557.31 8678.5 249.218 600.649 97.6714 77.5148 487.22 34.3611 43.1537 21.1494 17.4282 15.3915 7.30907 10424.8 8.08245 39.9521 5.36875 1.08259 4.28616 34.5834 2.19283 20.1567 32.3906 19.1787 10384.8 19.271 1.95691 17.3141 59.3898 2.52611
internal_count=1237198 53442 46152 11138 8953 6893 7290 35014 6380 2185 4467 757 1183756 28634 11659 16975 1428 1913 1644 911 2060 336 575 837 565 542 422 1182919 120 3579 417 70 347 3162 108 733 3054 705 1179340 1850 88 1762 5646 162
is_linear=0
shrinkage=0.05


Tree=12
num_leaves=45
num_cat=0
split_feature=54 76 77 74 76 76 47 74 77 19 43 51 51 74 43 41 53 43 77 13 62 3 31 3 54 56 58 75 41 21 38 43 51 77 65 47 45 77 76 77 17 43 57 31
split_gain=35047.6 732.65 620.43 262.625 117.942 92.512 110.873 86.2474 82.0361 80.4969 68.8812 63.7102 61.3866 71.0878 55.4445 55.3456 30.4182 28.5029 27.0853 26.7658 43.3205 23.2059 19.1933 22.2239 18.9545 16.451 12.4513 11.9036 10.941 8.00997 10.4693 7.07951 6.9953 6.58768 18.5032 7.89326 6.10356 7.66196 5.92227 5.37136 9.35983 4.89167 23.7089 16.2418
threshold=0.99997646188339295 0.66110557786447022 0.079371427573475192 0.66960857994731116 0.082331710859778681 0.14630926420287657 0.65873203582663697 0.10999672777298637 0.079371427573475192 0.66802722215652477 5.5000000000000009 0.92009233756444175 0.92009233756444175 0.74197873022009542 16.500000000000004 0.5375427007675172 0.17926877387329235 7.5000000000000009 0.17962771777507108 0.99404761195182811 31.500000000000004 0.91516974568367015 0.8126426935195924 0.75703614950180065 0.9999975384203722 39.500000000000007 10.500000000000002 0.48289773819559006 0.54424983263015758 1.0000000180025095e-35 1.5000000000000002 16.500000000000004 0.0083593393909866479 0.020397055716778426 1.0000000180025095e-35 -0.33251516012753041 -0.96427024449746379 0.57819165034846887 0.48261304045459763 0.039448129013839019 0.88949939608573925 3.5000000000000004 10.500000000000002 0.48782137036323553
decision_type=2 2 2 2 2 2 2 2 2 2 2 2 2 2 2 2 2 2 2 2 2 2 2 2 2 2 2 2 2 2 2 2 2 2 2 2 2 2 2 2 2 2 2 2
left_child=2 3 33 4 7 12 15 -2 17 -9 24 -8 14 -14 -5 -7 21 19 -12 25 -21 26 28 -24 -6 -3 -10 29 -18 30 -4 -23 -29 41 -35 -36 -31 -38 -34 -19 -41 42 43 -1
right_child=1 8 27 5 10 6 11 9 16 -11 18 -13 13 -15 -16 -17 22 39 -20 20 -22 31 23 -25 -26 -27 -28 32 -30 36 -32 -33 38 34 35 -37 37 -39 -40 40 -42 -43 -44 -45
leaf_value=0.030004373094541605 -0.050671081720812389 -0.029475874274425246 0.10595980958687304 0.06783130047924385 -0.022097868100693602 0.059127728482579911 0.049579039223077805 0.085747815936062524 -0.054401449477303604 0.045850593777804212 -0.028690453300765556 0.0057914865645970542 0.056609964106514504 0.071086016687723033 0.086719079660535145 0.080942314358876652 -0.034496089858214944 -0.050448401714089555 0.01265111148882846 0.054638855671725876 0.52592086815075001 0.040459231625476454 0.23658281691573013 0.030526772735589222 0.090346986166474894 0.27179054586480694 0.057200961449834109 0.10213156351953248 0.031916095358957473 0.12419930394056294 0.16669003100959695 0.12654938101776508 0.077736588045237254 0.16564833408376692 0.12053519302074665 -0.051099388696661002 0.030443369411280216 0.1003322266829285 -0.01011767410816216 -0.034717235483568608 0.070988685681923167 -0.050398286836863794 -0.051285214228274423 0.31505564069406344
leaf_weight=1.4214682327583426 19.942634643986821 19.543439018540088 19.74484183546156 594.91668264567852 4.3339729346334925 969.88829054217786 249.17135638091713 162.55074329487979 4.1168358670547622 568.864760982804 69.449402205646038 124.61605853680521 907.37661916017532 12976.553074896336 1120.0418726950884 415.23769017029554 23.800918550230563 116.75907323043793 92.237208135426044 7.9606493124738353 0.51942538283765305 2.9599988209083667 1.5350130926817644 8.8694108175113779 27.70885840523988 0.46389351412653823 6.3606371926143765 5.3145732991397363 8.3868796955794078 8.3638181462883967 11.078162046149371 12.357798421755431 3.3739605844020844 1.3087284769862879 0.73305169586092134 7.7712141610682002 6.6588647598400739 9.5400027185678464 4.4459431357681751 28.013521586544815 2.2633549589663735 9750.3110156180337 10.04056371655315 0.7706408193334936
leaf_count=66 1709 1307 50 1244 136 5557 1356 821 106 2618 4169 623 2998 25930 2199 1394 788 13624 704 324 19 30 20 253 118 29 85 10 223 17 39 88 6 15 2 720 38 14 38 2690 104 1163874 1036 7
internal_value=0.0270034 0.0674718 -0.0492662 0.068619 0.0429512 0.0700166 0.0591462 0.0519202 -0.0186133 0.0547174 0.00816607 0.0349808 0.0712423 0.0701399 0.0801669 0.0656674 0.0278421 -0.0367132 -0.00510637 0.00906223 0.083506 0.0706914 0.00189119 0.0609272 0.0751382 -0.0224907 0.0133499 0.100664 -0.0171917 0.110813 0.127787 0.109913 0.0578693 -0.0503175 -0.00937095 -0.0363048 0.0895125 0.071603 0.0277878 -0.045582 -0.0268152 -0.0503586 -0.0187602 0.130215
internal_weight=28387.7 18546.8 9840.88 18302.9 945.088 17357.8 1758.91 751.358 243.911 731.416 193.729 373.787 15598.9 13883.9 1714.96 1385.13 68.3875 175.523 161.687 28.4874 8.48007 25.7953 42.5922 10.4044 32.0428 20.0073 10.4775 68.5202 32.1878 55.3857 30.823 15.3178 13.1345 9772.36 9.81299 8.50427 24.5627 16.1989 7.8199 147.036 30.2769 9762.54 12.2327 2.19211
internal_count=1237198 71266 1165932 51576 10275 41301 8930 5148 19690 3439 5127 1979 32371 28928 3443 6951 1593 18097 4873 1679 343 309 1284 273 254 1336 191 212 1011 158 89 118 54 1165720 737 722 69 52 44 16418 2794 1164983 1109 73
is_linear=0
shrinkage=0.05


Tree=13
num_leaves=45
num_cat=0
split_feature=78 74 76 47 74 47 74 43 74 74 74 45 76 53 77 74 76 61 61 47 74 51 19 61 77 27 27 53 57 48 3 4 44 17 16 75 45 31 78 2 8 52 27 3
split_gain=32907.9 289.78 135.607 115.385 75.5429 78.2097 74.4824 64.7984 149.432 118.368 59.2995 58.9923 51.901 54.3439 48.6743 47.7379 43.7676 40.5647 39.3283 38.1066 26.0438 20.0344 17.3242 13.8502 10.3957 9.85788 10.8971 15.0977 9.8905 7.7828 7.64078 23.0441 14.9444 9.06555 12.9687 7.24972 5.85188 3.95746 11.2134 14.4577 6.30506 3.76072 2.89635 6.28269
threshold=0.12449907904534323 0.3452719104985626 0.2213038143741288 0.65873203582663697 0.74197873022009542 0.77827671854801139 0.10999672777298637 18.500000000000004 0.80381798312439978 0.88639957800627434 0.6791779542999502 -0.15490451137284186 0.52979936332408595 0.17926877387329235 0.079371427573475192 0.76020131785259137 0.023417625366675982 36.500000000000007 121.50000000000001 0.22913071008302102 0.6256694159269357 0.019936767888279455 0.86121249198913585 98.500000000000014 0.039448129013839019 0.87815481424331676 0.84231248497962963 0.17926877387329235 34.500000000000007 0.68044287195754294 0.96356418728828441 0.81934732198715221 0.99965151823322984 0.88949939608573925 0.94018176198005687 0.023381514282589281 -0.96222952297764597 0.8126426935195924 0.068886077280793725 0.83229166269302379 0.79361054301261913 0.013529058578204148 0.99671053886413585 0.45918790996074682
decision_type=2 2 2 2 2 2 2 2 2 2 2 2 2 2 2 2 2 2 2 2 2 2 2 2 2 2 2 2 2 2 2 2 2 2 2 2 2 2 2 2 2 2 2 2
left_child=14 6 4 12 5 20 42 9 -9 -6 -7 15 13 -4 24 -5 17 19 -14 -8 -3 -19 -13 41 37 26 27 35 29 -28 33 -32 -33 36 -35 -16 -26 -1 40 -40 -39 -18 -2 -44
right_child=1 2 3 11 7 10 16 8 -10 -11 -12 22 18 -15 25 -17 23 21 -20 -21 -22 -23 -24 -25 30 -27 28 -29 -30 -31 31 32 -34 34 -36 -37 -38 38 39 -41 -42 -43 43 -45
leaf_value=-0.050373270465185686 -0.050516201660654285 0.060942097671443429 0.099861866589677981 -0.018734224750587194 0.052603202144915463 0.026981891509623795 0.10592134400051167 0.066612629531918668 0.08170625452560587 0.068104523763708499 0.054760375142583743 0.014039699658312194 0.037398803036368125 0.058177314673488301 -0.052511175792402921 0.064135804793395951 -0.052789566058474541 0.16196541011786192 0.26964780668054555 0.020948881097222934 0.079139965122924094 -0.0030760459181396007 -0.027019110848910757 0.19758229142616021 0.058919199130061356 -0.051702326767508959 0.17436882772716578 -0.050976909671550823 0.20656956488642475 -0.0509090267630996 0.44612123601682252 -0.01424017312476665 0.28142569464853556 0.30798389749134952 0.0040888944643077772 0.071727247263062718 -0.050509224308615576 -0.050539869475922872 0.3742260244792579 0.022892045493452334 0.064765987275334003 0.015512961801727782 0.11896671161718425 -0.051054477678169556
leaf_weight=9388.4623681697994 51.537245742976665 414.20533029735088 85.521542624570429 22.91821320541203 1759.6571778357029 237.60590663179755 28.54728732816875 6900.5873784646392 2150.9643596112728 4103.0831316560507 1003.5955088511109 43.586262056604028 322.01131618581712 911.81608200073242 1.3520590793341458 71.893311719410121 20.331978736445315 1.9141766689717759 1.8331712745130051 24.533108011819422 374.25374545156956 46.68494831956923 62.573173046112061 0.59897823818027873 1.2833530474454189 3.5982369463890782 0.61357140541076605 4.9396011848002663 1.6708492189645765 1.0219516670331357 0.30153608322143455 8.0920498054474557 0.45121286157518703 0.41550816502422039 2.2636556047946215 8.9272256670519692 25.443335205316547 14.763611502945428 0.35101972147822325 1.766049521975219 1.2890860112383951 2.2370220767334095 0.81089188065379803 1.6468394454568622
leaf_count=1177490 5484 1475 391 279 3962 1112 185 14196 3379 8102 3192 353 3860 3859 44 396 702 6 15 256 920 545 507 15 56 219 1 378 10 69 11 589 30 15 115 116 2763 1676 5 83 86 89 13 149
internal_value=0.0258699 0.0644177 0.0650312 0.0507356 0.0663154 0.0572654 0.001078 0.067547 0.0701994 0.0634519 0.0494427 0.0154393 0.0561047 0.0617518 -0.0500489 0.0441041 0.0222981 0.0364295 0.0387135 0.0666481 0.06958 0.00342445 -0.0101614 -0.0397215 -0.0502224 0.0240284 0.0387379 0.0208636 0.121011 0.0336046 -0.024209 0.0165377 0.00137544 -0.036465 0.0512196 0.0553859 -0.0452547 -0.0503282 -0.0270159 0.0811448 -0.0412804 -0.0460195 -0.0479873 0.00504148
internal_weight=28112 18644.9 18466.1 1522.15 16944 2029.66 178.842 14914.3 9051.55 5862.74 1241.2 200.971 1321.18 997.338 9467.01 94.8115 124.847 101.68 323.844 53.0804 788.459 48.5991 106.159 23.168 9444.88 22.1235 18.5253 15.2189 3.30637 1.63552 38.2507 8.8448 8.54326 29.4059 2.67916 10.2793 26.7267 9406.63 18.1698 2.11707 16.0527 22.569 53.995 2.45773
internal_count=1237198 53442 45998 9660 36338 6699 7444 29639 17575 12064 4304 1535 8125 4250 1183756 675 1798 992 3875 441 2395 551 860 806 1182919 837 618 538 80 70 3579 630 619 2949 130 160 2819 1179340 1850 88 1762 791 5646 162
is_linear=0
shrinkage=0.05


Tree=14
num_leaves=45
num_cat=0
split_feature=78 74 76 47 74 74 41 48 38 45 43 74 74 43 76 78 74 22 38 76 47 56 1 1 8 15 61 33 33 33 43 47 33 3 41 3 5 52 16 27 64 43 72 78
split_gain=29864.7 255.385 138.579 87.8967 83.9025 69.2725 68.111 98.4741 62.4634 54.1146 53.9932 139.735 106.408 45.0852 39.349 38.8731 38.4132 36.5043 33.6088 25.6683 25.3546 24.0996 20.7022 20.6832 19.5293 17.3413 14.2882 10.3628 15.4063 9.24677 7.46378 5.7214 4.60113 22.6883 8.42244 18.4887 4.5379 3.67112 3.29182 2.82613 5.7124 2.1576 1.8715 9.11823
threshold=0.12449907904534323 0.3452719104985626 0.14630926420287657 0.65873203582663697 0.74348949484549276 0.10999672777298637 0.51496410369873058 0.78264710400983273 1.0000000180025095e-35 -0.064721701369836626 18.500000000000004 0.80381798312439978 0.88639957800627434 322.50000000000006 0.023417625366675982 0.068886077280793725 0.78672894678976457 -1.0000000180025095e-35 1.5000000000000002 0.35139525814675421 0.52664288881242227 17.500000000000004 0.79388421773910534 0.80982521176338207 0.7228132188320161 0.88939857482910167 100.50000000000001 0.50988206267356884 0.52528449892997753 0.25628395378589636 59.500000000000007 0.020737301924496961 0.86799004673957836 0.52339288592338573 0.80816438794136058 0.96197089552879345 0.87841832637786876 0.013529058578204148 0.83268406987190258 0.99671053886413585 1.0000000180025095e-35 60.500000000000007 2.5000000000000004 0.04189748574694898
decision_type=2 2 2 2 2 2 2 2 2 2 2 2 2 2 2 2 2 2 2 2 2 2 2 2 2 2 2 2 2 2 2 2 2 2 2 2 2 2 2 2 2 2 2 2
left_child=15 5 4 6 8 39 7 -4 13 18 12 -12 -6 -3 17 32 -11 24 -5 -8 -10 -19 29 25 -7 31 37 -25 -29 30 -17 -24 42 -34 -35 -36 -31 -16 -38 -2 -41 -32 43 -1
right_child=1 2 3 9 10 14 19 -9 20 16 11 -13 -14 -15 26 22 -18 21 -20 -21 -22 -23 23 27 -26 -27 -28 28 -30 36 41 -33 33 34 35 -37 38 -39 -40 40 -42 -43 -44 -45
leaf_value=-0.050401994766434768 -0.050490923805193468 0.046351021467462603 0.016423736745503643 0.026536729081548041 0.049865308976154238 0.095584688303960816 0.081280223787085243 0.054272286459484786 0.075522029161166654 -0.022563933278196648 0.063080141821707611 0.07792266138887341 0.064782556892515122 -0.037396910867171548 -0.05266377812222757 -0.055597786555913867 0.030661026009137549 -0.059777095400169435 0.062923155946726803 0.059007419267039354 0.05754219700349629 0.02275138179147632 0.10381907690436161 -0.052152976250968444 0.03176608054849963 0.27064252631044172 0.20661098638416509 0.14563735937064085 0.0051915744599273055 -0.050661195276694077 0.19236239220975326 -0.050606727311472921 0.39008214775108224 -0.050657028431422162 -0.050645621115647049 0.4225539049994203 -0.050660767591076683 0.014518358577412366 0.11205003149245701 -0.050645731818006093 0.11079357328501097 0.073529508876761671 -0.050368645950211122 0.015040172383043516
leaf_weight=30.99445443181321 49.047669243998826 1067.8805065266788 211.15476651489735 157.43713261000812 1698.9391621947289 25.679127015173435 235.47300592809916 923.37944043055177 270.72647791728377 72.313103806227446 6680.5865203887224 2079.2767356336117 4033.9989477843046 16.31591410189867 19.521181013435132 1.0499599166214459 63.814504725858569 11.056189272552727 106.31857365462929 287.04156671464443 711.08861228823662 44.248544819653034 1.7420809967443376 6.4506946620531407 22.4833849593997 1.3514627283439038 0.57609764393418927 2.1978973965160575 17.49824659479782 28.535405421629552 0.57849890924990166 0.9147356841713189 0.33646714827045698 6.278066657949239 0.60191323608160008 0.31416436657309532 0.52661682991310843 2.2698831018060437 0.75865224655717611 1.5973030314780765 0.83407447859644879 1.124420976731926 8903.9916812637821 6.4263528902083626
leaf_count=3957 5484 3431 1027 763 3783 199 540 5822 744 519 13505 3265 7872 101 706 35 235 157 665 1509 2217 467 41 536 169 10 11 68 1171 3014 2 93 4 659 53 5 50 89 4 158 4 42 1173415 597
internal_value=0.0248178 0.0607012 0.0612701 0.04903 0.0627905 0.00097863 0.0541075 0.0472281 0.053364 0.02799 0.0641343 0.0666032 0.0603619 0.0450907 0.0209678 -0.0500139 0.0023871 0.0339677 0.0412039 0.0690447 0.0625 0.00625279 -0.0107905 0.0190631 0.0657927 0.124825 -0.039168 0.00284992 0.020864 -0.0384277 0.0492517 0.0506506 -0.0502888 -0.0112224 -0.0299912 0.111636 -0.0465217 -0.0456657 0.0453821 -0.0478826 0.00473539 0.113898 -0.0503218 -0.0391635
internal_weight=27804.7 18793.1 18615.7 2056.93 16558.8 177.313 1657.05 1134.53 2066.01 399.883 14492.8 8759.86 5732.94 1084.2 125.834 9011.67 136.128 103.467 263.756 522.515 981.815 55.3047 62.7287 30.1551 48.1625 4.00828 22.3672 26.1468 19.6961 32.5736 2.75288 2.65682 8948.94 7.53061 7.19414 0.916078 29.8207 21.7911 1.28527 51.479 2.43138 1.70292 8941.41 37.4208
internal_count=1237198 53442 45998 11080 34918 7444 8898 6849 6493 2182 28425 16770 11655 3532 1798 1183756 754 992 1428 2049 2961 624 5066 1919 368 144 806 1775 1239 3147 79 134 1178690 721 717 58 3068 795 54 5646 162 44 1177969 4554
is_linear=0
shrinkage=0.05


Tree=15
num_leaves=45
num_cat=0
split_feature=78 74 78 47 74 43 74 74 53 45 74 77 41 77 43 43 77 74 72 78 61 47 5 61 77 6 51 35 44 50 4 65 33 45 31 43 47 52 74 62 64 32 74 43
split_gain=27174.5 226.544 133.324 87.9667 81.8337 64.6121 115.656 67.1942 64.5216 64.5141 64.4424 55.3582 86.1632 45.9618 45.2966 44.2341 31.9636 28.8881 28.7147 27.3997 29.9107 31.1188 16.9128 12.7088 10.7413 8.20882 7.64868 7.53334 8.06006 6.98552 8.4731 7.17233 6.43787 5.46578 4.04791 9.23033 15.9379 3.62063 3.34867 2.75287 5.04449 1.81514 7.0795 1.2789
threshold=0.12449907904534323 0.3452719104985626 0.74291585239718161 0.65873203582663697 0.74197873022009542 24.500000000000004 0.79470359839972693 0.90671793854888028 0.85021877443604843 -0.085541502036153585 0.10999672777298637 0.3542742430227645 0.51496410369873058 0.079371427573475192 32.500000000000007 318.50000000000006 0.3542742430227645 0.6256694159269357 2.5000000000000004 0.74291585239718161 36.500000000000007 0.22913071008302102 0.99350649118423473 100.50000000000001 0.039448129013839019 0.84680575132370006 0.4268504470574177 1.5000000000000002 0.99859060790282062 1.5000000000000002 0.92052632570266735 1.0000000180025095e-35 0.84733992815017711 -0.88498356466938055 0.8126426935195924 5.5000000000000009 -0.15353669969584335 0.013529058578204148 0.81707632756450399 1.0000000180025095e-35 1.0000000180025095e-35 1.0000000180025095e-35 0.60336812859337219 9.5000000000000018
decision_type=2 2 2 2 2 2 2 2 2 2 2 2 2 2 2 2 2 2 2 2 2 2 2 2 2 2 2 2 2 2 2 2 2 2 2 2 2 2 2 2 2 2 2 2
left_child=13 10 3 11 8 7 -7 -6 17 16 39 12 -3 24 -13 -10 -5 -4 -11 23 21 -21 -22 37 34 -15 27 28 -27 31 -31 33 -33 -26 41 36 -36 -12 -32 40 -2 -1 -43 -29
right_child=1 2 4 9 5 6 -8 -9 15 18 19 14 -14 25 -16 -17 -18 -19 -20 20 22 -23 -24 -25 29 26 -28 43 -30 30 38 32 -34 -35 35 -37 -38 -39 -40 -41 -42 42 -44 -45
leaf_value=-0.050348712168146764 -0.050614199410827669 0.029328636512008888 0.052515431546914793 -0.007867971638361438 0.052577511507985446 0.059403789719312941 0.072208071884325306 0.062567864639667209 0.044859795932786446 0.013764581833615437 -0.052095648817545928 0.049425500848630205 0.060790325632397502 -0.05083246866725899 0.078722486044158033 -0.026239155721570807 0.045940089948128107 0.073566635595855065 -0.045402373498895726 0.087572667830140768 -0.0078932715632785977 0.014139980641837829 0.094866572410970018 0.18577628675635072 0.1025365226134905 0.047843982435340021 -0.051476580413049068 0.14994806211358019 -0.052359360748606767 -0.051167488078746631 0.075818163787690462 -0.044960349038392029 0.022732529840414836 -0.051109402912085246 -0.050697868876746446 -0.050448366840550089 0.12372310192944946 0.016112810932902035 0.22730823815939646 -0.050466889608547533 0.099970036958417996 0.09816839030022799 -0.050409126075305039 0.087424047127494298
leaf_weight=8497.2818274591118 1.5203243400901549 551.54982491116971 334.19354970380664 34.688269362784922 3894.6869739890099 5531.7787375748158 2588.9958430379629 2964.0063638389111 1370.0581189468503 37.181770695373416 15.913127288222318 308.41638182848692 359.44008634611964 3.3118130792863694 230.56724824756384 22.231112480163574 135.05441166460514 318.08091694116592 45.723151181824505 31.346474096179008 45.836957273073494 26.729552804492414 4.3874034695327273 0.62380268052220245 1.7100443942472341 10.798738270998006 2.2762892693281165 1.3717663064599031 2.4649279871955505 1.1784753520041695 1.1601184168830512 26.999911328312013 4.0375742139294735 0.87500682659447093 2.8663671971298754 11.895945253781973 2.411639099474999 2.2165755629539481 0.5321097318083049 46.677245222963393 0.87696442008018483 1.0082452120259393 3.9145496264100075 2.0254843905568123
leaf_count=1176916 158 5135 1125 599 8184 11473 4149 5703 4377 252 647 967 1663 272 624 128 506 724 389 199 557 279 19 10 24 258 154 9 111 73 49 3023 336 64 303 1465 82 87 10 5484 4 86 488 33
internal_value=0.0238282 0.0573223 0.0578531 0.0445128 0.0591873 0.0604681 0.0634859 0.0568949 0.0498041 0.0172863 0.000880762 0.0492569 0.0417422 -0.0499796 0.0619582 0.0437245 0.034944 0.062781 -0.0188668 0.0196772 0.0293394 0.0537752 0.00108343 -0.0361213 -0.0501662 0.0217915 0.0344922 0.0462377 0.0292221 -0.0230977 0.0517683 -0.0294898 -0.0361544 0.0505293 -0.0502821 -0.0260321 0.028999 -0.0437563 0.123453 -0.0477831 0.00447179 -0.0503311 -0.0199787 0.11267
internal_weight=27480.9 18902.8 18726.7 1702.62 17024 14979.5 8120.77 6858.69 2044.56 252.648 176.128 1449.97 910.99 8578.12 538.984 1392.29 169.743 652.274 82.9049 127.054 108.3 58.076 50.2244 18.7535 8555.87 22.249 18.9372 16.6609 13.2637 36.4932 2.8707 33.6225 31.0375 2.58505 8519.38 17.174 5.27801 18.1297 1.69223 49.0745 2.39729 8502.2 4.92279 3.39725
internal_count=1237198 53442 45998 10135 35863 29509 15622 13887 6354 1746 7444 8389 6798 1183756 1591 4505 1105 1849 641 1798 1054 478 576 744 1182919 837 565 411 369 3579 132 3447 3359 88 1179340 1850 385 734 59 5646 162 1177490 574 42
is_linear=0
shrinkage=0.05


Tree=16
num_leaves=45
num_cat=0
split_feature=54 77 76 74 76 76 76 74 43 53 74 45 77 41 74 47 43 66 47 48 74 60 42 65 66 74 13 57 72 16 47 76 57 75 21 74 13 28 45 44 77 65 48 77
split_gain=23857.9 497.65 479.115 217.867 79.767 75.6552 73.4851 67.2137 87.7813 68.9969 65.0483 57.1702 79.7983 67.2781 53.7357 59.0648 41.2567 31.8066 27.6644 27.5919 25.4826 15.9387 13.3287 10.596 13.1227 10.1985 13.9388 10.9282 7.73899 7.62534 6.65625 29.1879 8.92385 51.9664 6.01429 8.36812 4.91472 4.64029 4.01384 3.45604 3.29344 14.5662 1.9398 1.3615
threshold=0.99997646188339295 0.079371427573475192 0.59391413434887597 0.67476956592363857 0.11077337920917406 0.73412268954314908 0.082331710859778681 0.77235107975040262 16.500000000000004 0.93853118710502292 0.75915296200172355 -0.23788991908931387 0.3542742430227645 0.52493408322334301 0.10999672777298637 0.52664288881242227 5.5000000000000009 2.5000000000000004 0.41632551829129177 0.95653416859323348 0.46099589752321984 51.500000000000007 2.5000000000000004 1.0000000180025095e-35 3.5000000000000004 0.82918684303657841 0.99404761195182811 19.500000000000004 1.5000000000000002 0.95641309022903453 -0.33251516012753041 0.55160686037988793 8.5000000000000018 0.50004729045526686 1.0000000180025095e-35 0.79127698397696344 0.10762548446655275 0.27947640419006353 -0.96222952297764597 0.57287269595531487 0.020397055716778426 1.0000000180025095e-35 0.24992997198879555 -1.0000000180025095e-35
decision_type=2 2 2 2 2 2 2 2 2 2 2 2 2 2 2 2 2 2 2 2 2 2 2 2 2 2 2 2 2 2 2 2 2 2 2 2 2 2 2 2 2 2 2 2
left_child=1 30 3 6 7 10 14 9 -9 -5 23 12 -6 -13 -2 -16 21 19 -19 -12 -18 -8 28 24 -4 -7 29 -28 -3 -27 31 42 33 -33 35 37 -25 -24 -36 -40 -32 -42 43 -1
right_child=2 22 5 4 11 25 16 8 -10 -11 17 13 -14 -15 15 -17 20 18 -20 -21 -22 -23 34 36 -26 26 27 -29 -30 -31 40 32 -34 -35 38 -37 -38 -39 39 -41 41 -43 -44 -45
leaf_value=0.034279134930416726 -0.050581930899151674 0.069021098256350985 0.18137066401584745 0.065409369793267169 0.038582514849423398 -0.050372413506234226 0.066514708350700016 0.054353158206398404 0.063145005332870013 0.048555653235886301 0.10978987986665585 0.029035727732798378 0.066508306678468992 0.054592386402302934 0.054901372246389669 0.02792336244374995 -0.038476376265257101 0.027240551418009656 -0.03346561755127727 0.0069429803420383131 0.0063091378158381638 -0.036593967328562835 0.10590626991877578 0.054043373531729583 -0.053520059009011925 -0.046568313445468551 -0.052206497639720587 0.049935390494213555 -0.0063594305343565114 0.014744566760844229 -0.050349400082234874 -0.050350744921917392 -0.050369037314668068 0.96975324449483669 0.099586633301039618 0.073880081102546624 -0.040293317059214302 0.15413544855966499 0.084618382775601353 0.036290501445742696 0.11742779034947962 -0.051209157562457287 0.14689276984757743 0.10541318155702256
leaf_weight=1.2227030959911642 16.467267495580018 8.7817373620346171 1.2506755166687065 740.92115868628025 432.87336196005344 66.672636731993407 31.437014007475227 5308.903780952096 6102.7524263262749 3366.3663164079189 19.300886767916385 675.60085136443377 625.40677570924163 416.13297109119594 384.01906947419047 430.13079968933016 42.422323640435934 119.1907187406905 22.274215972051024 9.8492387314327043 126.39658511290327 4.2553701261058441 11.062262669205671 1.4162630615755905 1.1335223573260007 30.780886978376657 3.5583858201280227 9.9160374649800342 5.5610963320359579 6.0712406877428284 7973.8408939037472 0.82803017832339065 28.563773165456951 0.14701113104820251 10.248455980792643 11.292132137343286 54.877401516307145 9.0816533761098963 6.9544602055102569 7.9034677837044001 1.5862907199189065 6.6428061933256668 1.3414997523650525 1.4953283071517938
leaf_count=58 1709 27 35 1596 2592 9375 190 10652 10742 8441 304 2359 1635 1124 1697 1814 2074 2175 772 304 2178 51 30 131 69 2860 245 552 33 405 1160662 120 4118 12 21 37 5185 20 16 28 15 720 13 2
internal_value=0.0229006 -0.0490569 0.0534453 0.0545242 0.0558303 -0.0048301 0.0322293 0.0570808 0.0590549 0.0515959 0.011864 0.0468045 0.0550857 0.0387771 0.0388397 0.0406484 0.00538112 0.0274819 0.0176821 0.07504 -0.00494497 0.0542217 0.0828423 -0.0335473 0.0696963 -0.037547 -0.0205559 0.0229613 0.0397941 -0.0364673 -0.0502233 -0.0280151 -0.0452915 0.103455 0.0937621 0.108335 -0.0379199 0.12765 0.0755149 0.058911 -0.0503168 -0.0187017 0.0976953 0.0734136
internal_weight=27136.9 8086.55 19050.4 18704.1 17669 346.292 1035.13 15518.9 11411.7 4107.29 229.293 2150.01 1058.28 1091.73 830.617 814.15 204.511 170.615 141.465 29.1501 168.819 35.6924 70.8853 58.6779 2.3842 116.999 50.3266 13.4744 14.3428 36.8521 8015.67 33.5983 29.5388 0.975041 56.5424 31.436 56.2937 20.1439 25.1064 14.8579 7982.07 8.2291 4.05953 2.71803
internal_count=1237198 1165932 71266 48854 39141 22412 9713 31431 21394 10037 8975 7710 4227 3483 5220 3511 4493 3555 2947 608 4252 241 212 5420 104 13437 4062 797 60 3265 1165720 4323 4250 132 152 87 5316 50 65 44 1161397 735 73 60
is_linear=0
shrinkage=0.05


Tree=17
num_leaves=45
num_cat=0
split_feature=78 78 76 77 47 43 77 45 43 76 43 53 41 77 41 77 37 29 76 76 76 56 75 19 53 72 43 41 33 18 75 30 44 62 77 45 31 43 56 41 52 32 38 33
split_gain=22668.7 173.07 99.9392 80.3876 70.8841 54.0202 45.0935 44.5088 64.9934 43.7642 42.148 41.4178 45.0136 38.9275 34.5117 30.472 29.1906 25.2836 24.4538 23.1417 22.5982 18.7328 14.3685 14.0009 14 13.4722 13.0898 12.2649 10.9793 14.3437 10.2312 9.85948 15.3421 12.9747 8.17842 6.51064 4.13098 8.60298 13.6774 10.982 2.58079 1.91505 6.89335 41.1532
threshold=0.12449907904534323 0.74291585239718161 0.16631494353984097 0.76657831827204215 0.86261791355625916 16.500000000000004 0.039448129013839019 -0.085541502036153585 28.500000000000004 0.11077337920917406 348.50000000000006 0.17926877387329235 0.5375427007675172 0.78727023968988885 0.54385399818420421 0.84336562637060275 4.5000000000000009 0.94854104518890392 0.0092831438837450448 0.011590359526620122 0.023417625366675982 36.500000000000007 0.032400446437424325 0.93633908033370983 0.17926877387329235 2.5000000000000004 10.500000000000002 0.64754667878150951 0.82574725151062023 0.80090090632438671 0.023381514282589281 0.92012271285057079 0.99953362202763552 32.500000000000007 0.079371427573475192 -0.63547223643682604 0.8126426935195924 5.5000000000000009 39.500000000000007 0.77684935927391063 0.013529058578204148 1.0000000180025095e-35 1.5000000000000002 0.5505102574825288
decision_type=2 2 2 2 2 2 2 2 2 2 2 2 2 2 2 2 2 2 2 2 2 2 2 2 2 2 2 2 2 2 2 2 2 2 2 2 2 2 2 2 2 2 2 2
left_child=6 2 23 7 11 15 36 8 14 10 -9 17 -13 19 -3 26 -11 -4 -15 -7 -10 25 -17 35 30 -6 -5 -25 -26 -30 -8 32 -32 -33 -31 -2 41 38 39 -38 -37 -1 -43 -44
right_child=1 3 4 5 21 13 24 9 20 16 -12 12 -14 18 -16 22 -18 -19 -20 -21 -22 -23 -24 27 28 -27 -28 -29 29 34 31 33 -34 -35 -36 40 37 -39 -40 -41 -42 42 43 -45
leaf_value=-0.050311896154217939 0.075697182011458461 0.039181343711112031 0.034454616636268275 0.045725976610205978 -0.00083342178053836397 0.052196024595197343 -0.051152756248350612 0.049491498862054693 0.051391997581084405 0.033934289288910756 -0.012640029007275727 0.032128181433015039 0.050890212317190958 0.061676992465651163 0.078929173485100174 0.056746959576020911 -0.040828443244738152 0.076035869750625248 0.074446951034327122 0.063430131702665746 0.074655465621570702 0.08435838577570276 0.04906156493090201 -0.053744530805869772 -0.05060025148230636 -0.058023734014670862 0.0278745693510313 0.095863782639180703 0.30101870407923836 -0.050578969259394861 -0.025494139691773478 0.10901259862814605 0.11242595892063428 0.0031897852414825832 0.053341303402435272 -0.051964603512882949 -0.050860613087206331 -0.050412550079914201 0.30213468192381637 0.10670894639022076 -0.0061293011285253026 -0.050422431465018708 -0.050485659213954849 0.78263326089891683
leaf_weight=7695.4554303651676 1.0889096241444338 385.46854393929243 52.423859936185181 272.30621510744095 18.536414474248886 1799.8931459635496 4.4881670884788063 7703.5467607839964 132.37303818110377 326.47808610647917 27.392669790424407 1083.9328209012747 453.41233717091382 2299.1678439378738 63.624912711791694 1363.5180052667856 13.599942862987517 120.79585934523493 447.93062494695187 615.06591963768005 493.84295526705682 3.7294501420110455 1097.8074863106012 2.2319131693802765 20.220337143167857 23.168321572244167 164.8617177605629 3.547010459471494 0.42563835624605229 3.6911411369219422 10.54767326731235 6.7932239300571364 2.4929372398182741 5.0496275457553566 3.8869353262707591 37.294893338810652 3.189478978514674 10.908422478009014 0.41690056771039952 1.6926452042534945 3.3466695668175808 3.6408218736760309 0.83903083577752091 0.18003358691930771
leaf_count=1176916 19 939 404 563 134 3458 386 20417 538 873 159 6937 1924 3958 127 2574 53 697 701 1039 1066 15 2220 100 2216 195 381 22 26 372 824 175 44 250 123 3640 340 1465 5 40 289 464 94 16
internal_value=0.0220211 0.051436 0.0367001 0.0529805 0.0386361 0.056621 -0.0499104 0.0497723 0.0593281 0.0484991 0.0492714 0.0402733 0.0376617 0.0596882 0.0448126 0.0511585 0.0309445 0.0634516 0.0637592 0.0550572 0.0697379 -0.0230036 0.0533191 -0.0348567 -0.0058329 -0.0326045 0.038994 0.0380826 -0.0309803 0.018587 0.0183319 0.0308647 0.000871662 0.0638912 0.00272366 -0.0449575 -0.0502394 -0.025023 0.0272431 0.00376916 -0.0481903 -0.0502925 -0.0182489 0.0966978
internal_weight=26784.3 19010.4 1803.51 17206.9 1756 8060.55 7773.92 9146.33 1075.31 8071.02 7730.94 1710.56 1537.35 5162.06 449.093 2898.49 340.078 173.22 2747.1 2414.96 626.216 45.4342 2461.33 47.5094 57.5957 41.7047 437.168 5.77892 28.2241 8.00371 29.3716 24.8835 13.0406 11.8429 7.57808 41.7305 7716.32 16.2074 5.29902 4.88212 40.6416 7700.12 4.65989 1.01906
internal_count=1237198 53442 14376 39066 10306 14894 1183756 24172 2670 21502 20576 9962 8861 9156 1066 5738 926 1101 4659 4497 1604 344 4794 4070 4416 329 944 122 2737 521 1679 1293 868 425 495 3948 1179340 1850 385 380 3929 1177490 574 110
is_linear=0
shrinkage=0.05


Tree=18
num_leaves=45
num_cat=0
split_feature=78 74 74 76 78 43 74 43 74 75 47 47 74 77 21 49 77 10 53 74 67 21 45 4 74 66 53 33 15 75 74 42 77 31 43 47 10 27 3 32 76 75 43 56
split_gain=20755.5 224.146 123.801 109.375 79.754 75.2714 142.847 85.7055 53.0306 55.7778 51.9501 49.8614 55.9856 47.0519 46.4598 45.4214 44.7291 31.376 29.8111 29.3551 26.6924 23.7562 35.0091 24.9503 20.574 13.1621 12.9403 10.4966 19.5351 9.34558 9.55946 8.82204 7.52122 4.12576 8.11559 11.8717 10.5138 2.56531 4.24338 1.91367 5.94002 28.2059 1.10304 6.63767
threshold=0.12449907904534323 0.74197873022009542 0.10999672777298637 0.40935916975331404 0.43092195823604534 33.500000000000007 0.79470359839972693 50.500000000000007 0.90671793854888028 0.049284429520269075 0.41632551829129177 0.52664288881242227 0.66960857994731116 0.76657831827204215 1.0000000180025095e-35 1.5000000000000002 0.039448129013839019 0.92380261421203624 0.23330776762750924 0.3578336947898571 3.5000000000000004 1.0000000180025095e-35 -0.82598199459296939 0.8473193645477296 0.82006021917769722 3.5000000000000004 0.17926877387329235 0.82574725151062023 0.80094340443611156 0.023381514282589281 0.7301381070570101 2.5000000000000004 0.079371427573475192 0.8126426935195924 5.5000000000000009 -0.15353669969584335 0.81016731262207042 0.99671053886413585 0.45918790996074682 1.0000000180025095e-35 0.59391413434887597 0.48057773470247273 3.5000000000000004 15.500000000000002
decision_type=2 2 2 2 2 2 2 2 2 2 2 2 2 2 2 2 2 2 2 2 2 2 2 2 2 2 2 2 2 2 2 2 2 2 2 2 2 2 2 2 2 2 2 2
left_child=16 2 37 5 21 8 7 -7 13 -10 15 19 -13 -3 17 20 33 -12 -17 -6 -5 22 -4 -23 -8 -16 29 -28 -29 -18 -31 -32 -30 39 35 -35 -37 -2 -39 42 41 -41 43 -1
right_child=1 3 4 10 11 6 24 -9 9 -11 14 12 -14 -15 25 18 26 -19 -20 -21 -22 23 -24 -25 -26 -27 27 28 32 30 31 -33 -34 34 -36 36 -38 38 -40 40 -42 -43 -44 -45
leaf_value=0.078910056999036346 -0.05042387958437583 0.04093915210111182 0.10602981774906711 0.022351949911912465 0.028116406694154845 0.061914691019171665 0.063091353289305568 0.04738989574715597 0.059714665932598478 0.046090131116785171 0.049161660862466899 0.019486499552187474 0.03964123845540693 0.050412744034237747 0.0032129068197169377 0.11079481201022712 -0.051098179804309057 -0.0075251520243559012 0.043390441869266695 0.055376022237124005 0.045410896218148311 -0.052253801322397347 0.0019704271583242251 0.10836977117198998 0.073603197012417507 -0.046166720011292656 -0.05057116897580384 0.38770133564122444 -0.050580196293042605 -0.050798538098863803 -0.024058130421851807 0.056258746853932562 0.047964893376290153 -0.050640638067323322 -0.050392327578347509 -0.051988893703697872 0.16265228597195561 0.087755608889069567 -0.051138496664786814 -0.050708752148612139 -0.050382220900856083 0.55140964428298811 -0.050315028385084073 -0.050388837858028529
leaf_weight=1.1590299531817416 41.989295097999275 2691.6997049823403 8.8360966406762582 247.09803498350084 120.60900547076017 1373.1110634580255 1378.7271887585521 3900.864141702652 1740.0424611270428 1321.8825808763504 63.246211880818009 465.15097438823432 1329.0284571945667 2554.5014661699533 21.039282702840865 33.999942258000374 4.2737215231172767 39.753375254571438 31.695714389905334 545.18506974726915 255.03234901092947 28.8067363020964 94.800217991694808 2.6391644119285038 702.73139007389545 37.633744234219193 19.244961960241202 0.34093087073415329 3.6994465785101056 3.2770241484977332 4.2369296313263503 17.70987109746784 4.0624744705855846 2.6139078699052334 10.380471534561364 0.81356462230905835 1.909811762627214 0.90984978992491905 1.3899929733015595 0.88853495474904665 3.509492208249867 0.24900521151721478 7314.5208597667515 6.9116573459468782
leaf_count=152 5484 6012 64 1644 1091 2766 2347 8363 3204 2733 640 2036 3962 4972 236 117 386 359 245 1536 1615 601 1653 33 1093 474 2216 14 383 318 250 725 124 303 1465 55 27 13 149 71 489 14 1175792 972
internal_value=0.0211796 0.0488066 0.0352836 0.0509838 0.0366983 0.0518652 0.0555489 0.0511715 0.0486039 0.0538327 0.032059 0.0387524 0.034416 0.0455521 0.0070532 0.0391787 -0.0498774 0.027283 0.0782747 0.0504379 0.0340636 -0.000707489 0.0108426 -0.0387731 0.0666403 -0.0284599 -0.0056956 -0.0304713 0.0172676 0.0172745 0.028859 0.0407532 0.000996844 -0.0502194 -0.0246299 0.0254753 0.0985317 -0.0476076 0.00380994 -0.0502743 -0.0181984 0.0810937 -0.0502946 -0.0318202
internal_weight=26432.2 19032.4 2639.34 16393.1 2595.06 15663.6 7355.43 5273.98 8308.13 3061.93 729.499 2459.97 1794.18 5246.2 161.673 567.826 7399.8 103 65.6957 665.794 502.13 135.082 103.636 31.4459 2081.46 58.673 56.8454 27.3478 8.10285 29.4975 25.2238 21.9468 7.76192 7342.96 15.7178 5.33728 2.72338 44.2891 2.29984 7327.24 4.64703 1.13754 7322.59 8.07069
internal_count=1237198 53442 16622 36820 10976 31490 14569 11129 16921 5937 5330 8625 5998 10984 1709 3621 1183756 999 362 2627 3259 2351 1717 634 3440 710 4416 2737 521 1679 1293 975 507 1179340 1850 385 82 5646 162 1177490 574 85 1176916 1124
is_linear=0
shrinkage=0.05


Tree=19
num_leaves=45
num_cat=0
split_feature=46 77 76 74 74 74 43 74 76 76 76 51 76 44 74 43 45 56 36 61 31 8 43 57 9 42 77 53 33 19 20 21 77 20 56 45 48 61 76 72 33 27 45 39
split_gain=18117.9 470.002 341.649 272.769 141.387 88.9405 134.757 89.4698 73.637 63.4092 57.2002 65.2362 54.0284 50.9819 40.9525 32.2003 31.9812 25.6585 25.2948 23.3761 20.0386 28.9158 11.8544 28.512 11.6819 9.91882 9.29959 15.5961 7.5224 16.4464 7.74748 7.1293 18.5966 14.1313 6.4889 13.9888 6.3907 5.91044 5.7239 4.60243 3.6867 1.88085 1.82737 1.7873
threshold=0.068690624084815521 0.079371427573475192 0.59391413434887597 0.67476956592363857 0.1257459053250167 0.77235107975040262 33.500000000000007 0.79470359839972693 0.082331710859778681 0.082331710859778681 0.49641421295849492 0.92009233756444175 0.71543051321435525 0.9995780593717708 0.75915296200172355 5.5000000000000009 -0.83659799654894662 19.500000000000004 2.5000000000000004 116.50000000000001 0.90422871708869945 0.79361054301261913 3.5000000000000004 10.500000000000002 8.5000000000000018 2.5000000000000004 0.039448129013839019 0.005500531964153438 0.82574725151062023 0.85120761394500744 0.76696833968162548 1.0000000180025095e-35 0.3542742430227645 0.32843138277530676 6.5000000000000009 -0.40249058483425354 0.40542476573995206 31.500000000000004 0.24487749970953815 1.5000000000000002 0.56183531880378734 0.99671053886413585 -0.95846365109098552 1.0000000180025095e-35
decision_type=2 2 2 2 2 2 2 2 2 2 2 2 2 2 2 2 2 2 2 2 2 2 2 2 2 2 2 2 2 2 2 2 2 2 2 2 2 2 2 2 2 2 2 2
left_child=1 22 3 4 34 10 8 -8 -7 13 11 -5 14 -6 28 -11 -12 18 -16 -19 26 -22 23 24 -1 38 36 -28 30 -30 -4 37 33 -33 35 -2 -14 43 -3 -24 -39 -36 -34 -27
right_child=2 25 12 5 9 6 7 -9 -10 15 16 -13 20 -15 17 -17 -18 19 -20 -21 21 -23 39 -25 -26 31 27 -29 29 -31 -32 32 42 -35 41 -37 -38 40 -40 -41 -42 -43 -44 -45
leaf_value=0.25021532931609441 0.30338238424416775 0.070165873404958404 -0.043455043504289942 0.053986612859681454 0.035356180361306465 0.048209161899549761 0.050651218628471564 0.064569219926900026 0.03489678498060507 0.044960462545588886 0.10853374119930091 0.039789838076084716 -0.0082396442590106766 -0.036641798809167951 -0.004365216563392154 -0.0063119817127952442 -0.0035778550752674216 0.0058144371083755208 0.074500497748246838 0.18657778128820751 -0.051099385597844785 0.25966454934603006 0.056930741085320619 -0.050851380174026017 0.033435517277460775 0.054026411235754607 0.071977495794817645 -0.026574761129590244 0.18086623458272311 -0.021997731808274551 0.09805685640328439 -0.082371520687031949 0.10039828448097909 0.055190206969565461 -0.050373379747681461 -0.051058039199936969 -0.050567398584713631 0.0924652611437288 -0.014812155176596457 -0.050263806802544581 0.14024440866425361 -0.01005495867626678 0.072975638907645371 0.086656219257249853
leaf_weight=1.3525166721083208 0.41563363559544086 3.3831351250410062 37.953447264619172 1037.0822885558009 827.34252839721739 6948.29738278687 2586.2773135304451 2086.0151404216886 1221.3812269493937 37.11981700733304 6.8397214338183394 3682.3893518038094 10.264182216953484 25.340660981833935 14.230625498574225 174.9287032824941 90.908322834409773 108.97255109297112 35.604676777031273 1.8183534909039725 1.5839842860586935 1.4192120106890795 1.0014860061928619 5.8909295056946576 1.1497574802488086 6.3610862866044071 4.5369377341121426 34.857487581204623 1.2588458769023407 4.8416086412034929 0.99248783057555456 3.4001797502860418 8.8219733238220233 4.140156579669565 65.149664694443345 0.84297489328309783 67.961240605916828 7.912538098171356 4.7834238214418292 6856.4969373927452 8.2438347758725268 3.0269911629147819 19.510202765464783 12.334060854278503
leaf_count=16 8 7 3561 2974 3263 13712 5263 3686 3245 241 36 9231 852 153 271 4619 966 1785 547 15 127 20 28 829 37 25 143 2023 32 336 67 34 13 22 9580 73 10828 20 36 1158097 22 281 35 39
internal_value=0.0203877 -0.0487812 0.0455118 0.0463925 0.0226234 0.0479191 0.0500923 0.0568651 0.0462189 0.0271316 0.0421254 0.0429095 -0.00521256 0.0332165 0.0103687 0.00266343 0.00426693 0.022184 0.0519801 0.00878121 -0.0317799 0.0957575 -0.0501755 0.00920998 0.150608 0.0725651 -0.0350363 -0.0152248 -0.0317621 0.0198638 -0.0398488 0.0785896 0.0629423 -0.00684079 -0.0465065 0.0659898 -0.0450135 0.0946953 0.0203914 -0.0502482 0.116845 -0.0485833 0.0815144 0.0755538
internal_weight=26064.4 6944.78 19119.7 18793.4 1134.17 17659.2 12842 4672.29 8169.68 1064.73 4817.22 4719.47 326.296 852.683 205.673 212.049 97.748 160.626 49.8353 110.791 120.623 3.0032 6865.89 8.3932 2.50227 78.8906 117.62 39.3944 45.0464 6.10045 38.9459 70.724 35.8725 7.54034 69.4353 1.25861 78.2254 34.8515 8.16656 6857.5 16.1564 68.1767 28.3322 18.6951
internal_count=1237198 1159260 77938 57331 18218 39113 25906 8949 16957 8276 13207 12205 20607 3416 6614 4860 1002 2618 818 1800 13993 147 1159007 882 53 253 13846 2166 3996 368 3628 210 104 56 9942 81 11680 106 43 1158125 42 9861 48 64
is_linear=0
shrinkage=0.05


Tree=20
num_leaves=45
num_cat=0
split_feature=46 77 76 74 74 43 74 43 76 76 76 41 74 75 74 74 52 41 52 20 28 3 3 30 43 57 45 53 77 53 9 42 76 8 18 36 48 76 77 45 5 76 57 51
split_gain=16645.5 442.056 309.599 258.85 158.374 75.2381 163.744 88.0979 66.2337 65.9221 63.2696 55.474 45.4301 38.2131 35.6227 26.6716 25.4049 31.496 29.0198 20.91 17.7042 19.3767 11.6013 24.1535 11.4538 25.0161 9.4982 14.6594 9.25478 13.7879 9.12165 8.85644 7.13675 7.43969 8.96272 6.69676 6.41549 5.17704 4.40963 6.02867 4.10102 5.00037 2.90085 2.42513
threshold=0.068690624084815521 0.079371427573475192 0.5635384120391268 0.74197873022009542 0.14774319751329473 33.500000000000007 0.79470359839972693 50.500000000000007 0.059167986936059618 0.71543051321435525 0.24487749970953815 0.52493408322334301 0.90671793854888028 0.38925519434202266 0.75340779026422677 0.55775765346823336 1.829696695499032e-05 0.51496410369873058 2.345178817206637e-05 0.065591398626565947 0.85756292939186107 0.96197089552879345 0.93325111269950878 0.83847248554229747 3.5000000000000004 10.500000000000002 -0.37783521128028003 0.17926877387329235 0.039448129013839019 0.005500531964153438 8.5000000000000018 2.5000000000000004 0.51186502733243644 0.23123827576637271 0.78772178292274486 6.5000000000000009 0.40542476573995206 0.24487749970953815 0.039448129013839019 -0.96222952297764597 0.25143678486347204 0.29032840808060478 38.500000000000007 0.036271333061266335
decision_type=2 2 2 2 2 2 2 2 2 2 2 2 2 2 2 2 2 2 2 2 2 2 2 2 2 2 2 2 2 2 2 2 2 2 2 2 2 2 2 2 2 2 2 2
left_child=1 24 3 4 26 8 7 -7 12 14 13 -10 -5 -6 22 -12 17 -16 -18 -8 28 -22 42 -24 25 30 27 -2 36 -30 -1 37 40 34 -34 -35 -11 -3 -26 43 -33 -42 -4 -40
right_child=2 31 9 5 10 6 19 -9 11 20 15 -13 -14 -15 16 -17 18 -19 -20 -21 21 -23 23 -25 38 -27 -28 -29 29 -31 -32 32 33 35 -36 -37 -38 -39 39 -41 41 -43 -44 -45
leaf_value=0.219295574711316 -0.050575575547847022 0.066810531440442175 -0.051240698284123337 0.042343952362074888 0.029871745326869877 0.056513458523415383 0.095060600313243329 0.042010979340627613 0.02809903110992773 -0.0078405106077649601 -0.029545024501050277 0.048708066264452281 0.050639925852853276 0.043270812885286031 -0.00089074886860923935 0.015033812929598387 0.28713406071453329 0.0403164440598687 0.048343304753453234 0.0616298741202208 -0.051352988441577631 0.19572963964586695 0.44831050450943943 -0.0038625033121367316 -0.050266276981075247 -0.05081480930611483 -0.046627106754493504 0.17004785647931692 0.064944971456856654 -0.025808933895597398 0.031505388621145367 0.057565712424361849 -0.065965653491204743 0.1186218123668108 0.051772966311082247 0.040205175870296796 -0.050548078460144398 -0.014148976200225906 0.023148495439629452 -0.051453452531862613 0.078091554209123185 0.11434816794724026 0.0022057745367990945 0.13680849067438608
leaf_weight=1.4628837099298819 1.7739158417098218 3.3755579181015474 25.941269600763921 4250.3510399162769 1563.417236556299 1417.8453393988311 47.897219985723495 4005.5960271582007 1104.9312290996313 10.176833527162669 40.15470186015591 463.4914177544415 2697.6334556788206 806.66060698032379 132.84665895998478 204.0863059014082 1.3117494685575355 71.23736943025142 42.339491839986295 1994.1250756718218 1.4413847611285739 1.7652337606996296 0.29944267077371733 21.515252010431141 6520.3777960650623 5.6075569069944322 69.721566942986101 1.308169436175376 4.7703756643459192 34.112083673477173 1.1589424950070677 11.597420293837784 2.6381019391119507 4.6170809930190426 4.1734850686043501 6.635476591065526 64.689666131976992 4.7579132644459605 1.4274278162047269 2.7652615820989004 26.24760954733938 14.912728194147347 2.8142108982428899 0.69918882194906462
leaf_count=16 250 7 2499 8678 6738 3043 134 9130 2913 855 2038 1065 5146 2040 2106 1638 19 666 568 3495 116 22 12 1491 1157797 829 9921 53 143 2026 37 24 37 15 17 38 10831 36 58 268 52 27 302 2
internal_value=0.0196303 -0.0487352 0.043318 0.0442678 0.0299095 0.046682 0.0503461 0.0458023 0.04347 0.000617581 0.0319352 0.0341893 0.045565 0.0344321 0.0130916 0.00770478 0.020898 0.013493 0.0555191 0.062414 -0.0311984 0.0846652 -0.0251512 0.00234432 -0.0501563 0.00879409 -0.04283 0.0430665 -0.0344646 -0.0146746 0.136285 0.0688654 0.0745404 0.0474153 0.00617324 0.0723806 -0.0447427 0.0194509 -0.0502307 -0.00277695 0.0838279 0.0912276 -0.0460101 0.0605176
internal_weight=25696.7 6612.45 19084.3 18669 2687.12 15981.9 7465.46 5423.44 8516.41 415.261 2614.32 1568.42 6947.98 2370.08 298.305 244.241 247.735 204.084 43.6512 2042.02 116.956 3.20662 50.5702 21.8147 6533.5 8.22938 72.8037 3.08209 113.749 38.8825 2.62183 78.9554 70.8219 18.0641 6.81159 11.2526 74.8665 8.13347 6525.27 4.89188 52.7578 41.1603 28.7555 2.12662
internal_count=1237198 1159260 77938 56282 22678 33604 15802 12173 17802 21656 12454 3978 13824 8778 7663 3676 3359 2772 587 3629 13993 138 4304 1503 1159007 882 10224 303 13855 2169 53 253 210 107 54 53 11686 43 1158125 328 103 79 2801 60
is_linear=0
shrinkage=0.05


Tree=21
num_leaves=45
num_cat=0
split_feature=54 77 77 72 74 43 74 74 77 45 44 74 47 74 43 74 74 61 43 43 44 66 52 43 62 44 74 75 62 75 75 20 19 19 47 57 31 39 46 77 51 1 77 62
split_gain=15475 314.014 230.958 165.01 86.028 54.8648 51.4736 49.0852 77.1462 56.3805 44.732 51.3264 42.7792 30.1512 99.3274 48.6531 43.7507 25.2733 24.4846 32.6184 23.2895 22.8317 17.625 18.0725 16.4662 14.0653 8.68245 10.8839 8.15258 18.2685 7.38632 6.84445 3.38867 4.40179 2.58646 16.4068 27.818 9.09969 5.58675 1.92036 1.54413 1.44453 1.30897 7.06089
threshold=0.99996408959079042 0.079371427573475192 0.74626141618161512 5.5000000000000009 0.69201196119866226 91.500000000000014 0.77554231743323909 0.88639957800627434 0.3542742430227645 -0.17857253597739184 0.99912619313022166 0.32450945056678204 0.65873203582663697 0.79622330252746398 16.500000000000004 0.87919462285902539 0.81611493993381334 99.500000000000014 24.500000000000004 50.500000000000007 0.99560922963743781 3.5000000000000004 8.0966854600473054e-05 140.50000000000003 6.5000000000000009 0.98244410721060094 0.80693854465389236 0.015814182820008685 52.500000000000007 0.0095126620874405616 0.44952608774693453 0.64852941036224376 0.76532474160194408 0.41457095742225653 -0.33251516012753041 9.5000000000000018 0.48782137036323553 4.5000000000000009 0.094780365521757073 0.57819165034846887 0.8219897502975998 0.094494048506021514 0.020397055716778426 1.0000000180025095e-35
decision_type=2 2 2 2 2 2 2 2 2 2 2 2 2 2 2 2 2 2 2 2 2 2 2 2 2 2 2 2 2 2 2 2 2 2 2 2 2 2 2 2 2 2 2 2
left_child=1 34 3 4 10 13 22 8 -6 -9 11 -2 28 18 15 -15 -16 -12 20 -20 -4 24 25 -24 -14 -7 27 -8 40 -30 32 -23 33 -3 35 36 37 -1 -37 -35 -5 -28 -36 -44
right_child=2 30 5 12 7 6 26 9 -10 -11 17 -13 21 14 16 -17 -18 -19 19 -21 -22 31 23 -25 -26 -27 41 -29 29 -31 -32 -33 -34 39 42 38 -38 -39 -40 -41 -42 -43 43 -45
leaf_value=-0.050456783161520052 -0.003676028359338895 0.095463576436641384 0.043690669638609334 -0.050174524715345385 0.025800700720514776 0.06957956962095134 0.066273509673264425 0.026395873106111772 0.039214526288123386 0.048320910666718023 -0.024127218328124093 0.030068965727952809 0.2225996390234668 0.023863475094805804 0.049267133374465234 0.043810257334551336 0.063910784998094258 0.063091608372739888 0.048763031696655287 0.03827596262829891 0.019765407425251569 -0.065591596266827701 0.0069079813402982589 0.048637381001900327 0.051160162532789155 0.044184117669372663 0.039692248243022352 0.053252022849386953 0.087312786704569337 -0.053607665835201469 0.03447838765877808 0.054333595437560417 0.11211264759612648 0.042707688968822544 -0.050272383620660305 -0.050286312023353485 0.64546491734635802 0.20018848332672198 0.083173398056692827 0.075301947471650726 -0.087028835730488363 0.068129581133665768 0.11729384536919354 -0.051950142173144302
leaf_weight=1.0147925084456826 126.24993660580367 15.622191144153474 176.92930576205254 64.324712109751999 1449.6646018517204 62.001373827457428 260.31197094917297 351.78328539291397 4113.2056770585477 1761.2172176237218 66.268155024386942 1048.6719702840783 2.6071908366866392 347.74661222100258 1148.7251676619053 2528.7288339585066 917.43063077330589 9.4959852048195881 1320.5113808810711 1690.9442153871059 239.26932030916214 2.9262208458967507 60.365904271602631 45.505060017108917 3.0263550626114011 452.01197785139084 4.5211690366268149 418.41241279244423 3.568987366743384 6.4673340069130063 9.6619275361299497 2.0049264365807176 8.0606326945126039 8.916422117501499 6198.3478395817801 21.802353634964678 0.21481448784470547 0.56302379816770542 0.81340396311134 9.1628868579864484 2.9735349100083104 363.8542548418045 0.74494418408721585 3.5679122372530401
leaf_count=158 3776 29 352 10220 17381 104 425 3539 10304 3559 523 5914 17 790 2149 4983 1545 53 2547 3469 555 104 153 91 26 940 9 755 163 914 36 9 19 32 1156474 4021 8 2 3 15 19 588 4 421
internal_value=0.0189046 -0.0491731 0.0413396 0.0355305 0.0362018 0.0465568 0.0548402 0.0381832 0.0357189 0.0446707 0.0240417 0.0264429 -0.0326412 0.0449071 0.0474061 0.0413988 0.0557693 -0.0131955 0.0413035 0.0428745 0.0299362 0.0617328 0.0434211 0.024844 0.130502 0.0472474 0.0616004 0.0582462 -0.0455337 -0.00349535 0.0738751 -0.0168319 0.0829898 0.0760243 -0.0501893 -0.033945 0.111659 0.0389828 -0.0454863 0.059227 -0.0518029 0.0677806 -0.0502532 -0.0227172
internal_weight=25330.2 6278.49 19051.7 9014.46 8926.56 10037.3 1666.98 7675.87 5562.87 2113 1250.69 1174.92 87.8993 8370.29 4942.63 2876.48 2066.16 75.7641 3427.65 3011.46 416.199 10.5647 619.884 105.871 5.63355 514.013 1047.1 678.724 77.3346 10.0363 51.4241 4.93115 41.7621 33.7015 6227.07 24.4084 1.79263 1.57782 22.6158 18.0793 67.2982 368.375 6202.66 4.31286
internal_count=1237198 1161222 75976 56521 45049 19455 3065 34783 27685 7098 10266 9690 11472 16390 9467 5773 3694 576 6923 6016 907 156 1288 244 43 1044 1777 1180 11316 1077 131 113 95 76 1161091 4192 168 160 4024 47 10239 597 1156899 425
is_linear=0
shrinkage=0.05


Tree=22
num_leaves=45
num_cat=0
split_feature=78 74 76 78 43 74 54 74 74 47 74 41 77 41 48 45 75 43 43 45 74 74 53 21 76 76 75 53 28 27 76 75 48 48 76 31 2 7 41 41 45 65 27 32
split_gain=14853.5 197.848 112.859 88.3183 56.1301 139.385 53.8379 51.77 50.8705 47.1036 51.2438 44.3078 43.211 41.6115 66.8931 69.4075 39.9106 37.0468 34.7047 36.7149 28.8105 28.5847 26.9432 33.1993 22.5961 21.5573 18.3055 11.0337 9.60473 8.85867 9.59485 8.25835 9.57808 10.5928 8.70445 4.03642 6.93338 7.30583 4.21192 6.11541 3.73142 3.48655 3.51195 2.04286
threshold=0.12449907904534323 0.74348949484549276 0.12387291353145517 0.43092195823604534 24.500000000000004 0.79470359839972693 0.99999898480686189 0.90671793854888028 0.10999672777298637 0.52664288881242227 0.46099589752321984 0.5123116970062257 0.039448129013839019 0.52238440513610851 0.78264710400983273 -0.17857253597739184 0.049284429520269075 14.500000000000002 7.5000000000000009 -0.064721701369836626 0.81611493993381334 0.46099589752321984 0.17926877387329235 1.0000000180025095e-35 0.42667860534672603 0.35139525814675421 0.37772161512816677 0.17926877387329235 0.70785412192344677 0.87815481424331676 0.67514923421191975 0.023381514282589281 0.96695455786364881 0.96350877121100698 0.7610378195419959 0.8126426935195924 0.84475743770599376 0.63068181276321422 0.80816438794136058 0.81695803999900829 -1.0000000180025095e-35 1.0000000180025095e-35 0.99671053886413585 1.0000000180025095e-35
decision_type=2 2 2 2 2 2 2 2 2 2 2 2 2 2 2 2 2 2 2 2 2 2 2 2 2 2 2 2 2 2 2 2 2 2 2 2 2 2 2 2 2 2 2 2
left_child=12 3 4 21 7 6 -6 17 41 11 -11 -10 35 14 24 -16 -9 -3 25 -20 -7 -2 23 -23 -4 -15 -24 31 -29 30 -30 -14 33 -33 -34 43 37 40 -38 -40 -37 42 -5 -1
right_child=1 2 13 8 5 20 -8 16 9 10 -12 -13 27 18 15 -17 -18 -19 19 -21 -22 22 26 -25 -26 -27 -28 28 29 -31 -32 32 34 -35 -36 36 38 -39 39 -41 -42 -43 -44 -45
leaf_value=-0.050233407635822805 -0.047390346241323947 0.032656902848985654 0.013264216963493121 -0.050421044008827777 0.050591884502113972 0.052807816381004874 0.039234599021553143 0.050597426186165334 0.032636455982162478 -0.016429788851259643 0.028194679604866765 0.059170886602634989 -0.051109542155023426 0.069932116798299956 0.039176160816277117 0.013305577034043775 0.038550292623830633 0.04296773342072871 0.039096155447653588 -0.0066276692290422783 0.064504644528967786 0.08207562526288964 0.0089915231866466074 -0.044908645900905791 -0.019530698466467333 0.043323163668839419 -0.035896365674734247 -0.050549584954090981 0.17162918734796551 -0.0513893437957956 0.015201353334673491 0.023821627249399759 -0.051518475973453305 0.11576990723095067 0.11991997139224662 -0.050901278817323085 -0.050458759082920683 0.21625534610522892 0.14963091820901495 -0.0508507590640489 0.093518402283000415 -0.050392903361546261 0.099416048842761895 -0.015862069772073228
leaf_weight=6008.72370027937 36.457882773131132 2291.2166957855225 175.00317223370075 0.75719007290899998 1440.2557208240032 1368.288520604372 3787.5571326315403 1646.1083579957485 453.85640271566808 66.615608299151063 1877.6526584774256 240.79643445834517 4.1490005622617927 126.41581599414349 900.10042535979301 364.14471633639187 1180.51188570261 1405.6165723949671 204.84926354512572 55.879292445257306 855.65926685929298 19.171785671263937 55.594315240159631 7.0362521670758715 75.04883018322289 191.30137319490314 38.40034204442054 17.947747587691996 1.3048852095380405 3.2054474032483995 3.9406341882422566 15.760087108239537 5.5082544405013314 3.9092466393485656 0.85537351202219714 1.1159965232945979 10.563367147464303 0.5373534895479678 0.68325318442657479 0.85809434577822685 0.74639725685119551 20.847030476666987 0.80876939930021763 4.3261078838258973
leaf_count=1176916 3302 4935 468 103 2837 2496 7983 3065 1956 521 5698 691 386 217 4297 1283 2410 2797 902 189 1440 187 735 92 592 620 627 2174 43 266 254 760 443 59 31 127 1625 5 6 86 1 2995 4 574
internal_value=0.0182062 0.0400941 0.0422373 0.027874 0.0438589 0.0468237 0.0423635 0.0404721 0.0300216 0.0306586 0.0266657 0.0418344 -0.0497369 0.0314085 0.0270509 0.0317246 0.0455661 0.0365773 0.0428161 0.0292966 0.0573081 -0.00860944 0.00315295 0.0479833 0.00342138 0.0539105 -0.00934686 -0.00624538 -0.0298544 0.014097 0.0541146 0.0144043 0.0248456 0.0420962 -0.0284744 -0.0501451 -0.0238004 0.0538398 -0.0391924 0.0380194 0.00697824 -0.044988 0.0269652 -0.0502087
internal_weight=24970.1 18886 16068 2817.99 13975.2 7451.76 5227.81 6523.45 2661.33 2638.92 1944.27 694.653 6084.13 2092.74 1514.3 1264.25 2826.62 3696.83 578.446 260.729 2223.95 156.661 120.203 26.208 250.052 317.717 93.9947 56.5807 26.3987 8.45097 5.24552 30.182 26.033 19.6693 6.36363 6027.55 14.5045 2.39975 12.1047 1.54135 1.86239 22.413 1.56596 6013.05
internal_count=1237198 53442 36531 16911 27963 14756 10820 13207 11968 8866 6219 2647 1183756 8568 6640 5580 5475 7732 1928 1091 3936 4943 1641 279 1060 837 1362 4416 2737 563 297 1679 1293 819 474 1179340 1850 133 1717 92 128 3102 107 1177490
is_linear=0
shrinkage=0.05


Tree=23
num_leaves=45
num_cat=0
split_feature=78 77 78 43 47 77 54 76 38 77 41 75 76 47 65 66 43 77 77 43 76 54 77 76 75 67 53 33 27 30 44 46 72 42 57 60 75 31 43 47 10 17 76 19
split_gain=13699.7 173.773 76.1913 54.1448 51.0121 84.7341 85.4924 50.9178 49.0385 42.9258 41.3981 37.9105 33.8977 32.9996 41.7235 25.8075 22.4965 63.4342 30.7994 24.2177 20.8197 19.6263 16.8758 20.165 19.6486 13.5946 10.2238 9.67485 9.96541 7.70473 9.67932 7.32736 6.89149 15.1551 6.8604 6.55703 6.27943 3.97933 6.57909 8.43103 6.38261 3.93413 3.45356 3.04828
threshold=0.12449907904534323 0.74626141618161512 0.43092195823604534 91.500000000000014 0.52664288881242227 0.57819165034846887 0.99999886430482721 0.35139525814675421 1.5000000000000002 0.039448129013839019 0.5123116970062257 0.031785632706462071 0.35139525814675421 0.52664288881242227 1.0000000180025095e-35 3.5000000000000004 16.500000000000004 0.78727023968988885 0.84336562637060275 10.500000000000002 0.00096828712068128763 0.99999895787473358 0.78727023968988885 0.00051416512613732749 0.18729103117916099 4.5000000000000009 0.17926877387329235 0.82574725151062023 0.87815481424331676 0.89488223195076 0.99954215820218428 0.99999899657686442 4.5000000000000009 4.5000000000000009 32.500000000000007 26.500000000000004 0.05592803053186169 0.8126426935195924 5.5000000000000009 -0.15353669969584335 0.81016731262207042 0.28059478104114538 0.25276139849043733 0.73126304149627697
decision_type=2 2 2 2 2 2 2 2 2 2 2 2 2 2 2 2 2 2 2 2 2 2 2 2 2 2 2 2 2 2 2 2 2 2 2 2 2 2 2 2 2 2 2 2
left_child=9 2 7 16 10 8 -7 31 -6 37 11 -4 -12 14 -9 -15 18 21 19 -3 -19 -18 23 24 -5 -20 29 -28 34 30 -11 42 33 -31 -29 -25 43 -1 39 -39 -41 -38 -2 -24
right_child=1 3 4 22 5 6 -8 13 -10 26 12 -13 -14 15 -16 -17 17 20 25 -21 -22 -23 36 35 -26 -27 27 28 -30 32 -32 -33 -34 -35 -36 -37 41 38 -40 40 -42 -43 -44 -45
leaf_value=-0.050193494879841143 -0.050999909835463868 0.034624982656664229 0.041854168735281541 0.035163077091012289 0.0031445511240248132 0.049921033957752631 0.030130478872849972 0.092202644064994149 0.030044731676071197 -0.050763874013530545 0.058398117745081704 0.031327188845359823 0.029183459223956307 0.021307381122291871 0.022451177533592916 -0.033224044595611645 0.049545226809284429 0.047003042937837664 0.03800188265954952 0.011532780466358909 0.058443272588629497 0.037489547244543335 0.041181462765971469 0.022724206159799809 0.052555713312207701 0.047210106396758128 -0.050523194983545051 0.002007703130265057 -0.051286796156819275 0.012718842020660998 0.072664089433944909 0.11748682962075459 -0.055896513554311411 0.1137755063031753 0.12032521471923339 0.057115279380158937 0.068880932028951944 -0.050594898654776913 -0.050342454524608948 -0.051988640128835917 0.11799033604377757 0.048401891024292529 -0.019303669779882651 0.063970244725242112
leaf_weight=5721.4793072491884 25.907040060963482 310.9220067858696 1715.2559805409983 398.44988253712654 393.09764633700252 672.99064119160175 2885.0457041114569 22.262317627668381 297.74627899657935 7.3422733466140944 416.03711963351816 1705.7621395625174 130.41521146893501 40.539809050038457 580.03178399056196 46.678834896534681 381.12385761737823 1464.8941094428301 1895.3861606568098 178.84767997264862 545.88951030373573 2955.8440728038549 15.406676903367041 14.324086725711821 274.08133015036583 508.3224014788866 17.350251828785989 2.471156829968093 3.3439285946078598 13.708851283416157 2.0268756579607725 0.74821658805012603 2.0776493228040627 5.0864903628826132 2.4298172681592405 427.5680173188448 27.468192845582962 2.3472674619406462 8.6821282273158413 0.73263419605791513 2.2432299116626382 160.36929874122143 12.859774027019737 308.62854245305061
leaf_count=1177490 3071 649 5718 857 1614 1419 7526 117 1204 812 1645 4946 307 538 4781 826 708 2793 3829 430 958 6074 31 32 507 965 2216 162 286 549 56 2 149 113 73 765 45 303 1465 55 27 306 253 526
internal_value=0.0175414 0.038242 0.033195 0.0428174 0.0345695 0.0307625 0.0338738 0.0177036 0.0147382 -0.0497036 0.0386466 0.0366053 0.0514258 0.0208669 0.0250294 -0.00787747 0.0411721 0.0430937 0.0376206 0.0261925 0.0501088 0.0388665 0.051155 0.0477031 0.0422512 0.0399492 -0.00607579 -0.0293321 0.0152616 0.013607 -0.0240621 -0.0374944 0.0305153 0.0400673 0.0606675 0.0560005 0.0586703 -0.0501283 -0.0235089 0.0202571 0.0761429 0.0513966 -0.0404856 0.0628867
internal_weight=24604.2 18812.9 8945.38 9867.53 8216.35 4248.88 3558.04 729.028 690.844 5791.32 3967.47 3421.02 546.452 689.513 602.294 87.2186 8241.23 5347.75 2893.48 489.77 2010.78 3336.97 1626.3 1114.42 672.531 2403.71 55.8373 25.5952 8.2449 30.2421 9.36915 39.515 20.873 18.7953 4.90097 441.892 511.873 5735.48 14.0053 5.32313 2.97586 187.837 38.7668 324.035
internal_count=1237198 53442 33967 19475 24379 11763 8945 9588 2818 1183756 12616 10664 1952 6262 4898 1364 16406 10533 5873 1079 3751 6782 3069 2161 1364 4794 4416 2737 521 1679 868 3326 811 662 235 797 908 1179340 1850 385 82 351 3324 557
is_linear=0
shrinkage=0.05


Tree=24
num_leaves=45
num_cat=0
split_feature=78 74 43 74 78 78 75 41 45 43 45 74 77 77 77 51 74 75 45 65 13 74 43 44 74 43 3 44 66 53 33 33 27 75 48 48 74 46 51 44 43 78 45 18
split_gain=12647.4 194.316 144.683 92.5858 88.0862 81.4323 62.9568 56.8605 55.6281 55.2795 51.3253 48.9884 42.6372 41.4853 40.8738 40.1462 34.981 43.9743 33.4874 31.0434 27.3556 22.8037 22.4718 18.1852 27.229 19.1158 18.0109 17.8552 13.0145 9.47944 9.29209 9.27232 8.91552 7.33661 8.00777 8.70757 7.29894 6.46326 6.34067 4.92243 3.99164 10.8501 23.5372 9.32679
threshold=0.12449907904534323 0.77235107975040262 33.500000000000007 0.79470359839972693 0.43092195823604534 0.92587920922628875 0.38925519434202266 0.52126514911651622 -0.085541502036153585 9.5000000000000018 -0.31743106009849426 0.15338868567184713 0.039448129013839019 0.71016232810857505 0.57819165034846887 0.99892458820636698 0.92499652337813132 0.029781326188362937 -0.064721701369836626 1.0000000180025095e-35 0.12599206715822223 0.82006021917769722 49.500000000000007 0.59556235071998842 0.67476956592363857 81.500000000000014 0.41910777986049658 0.985434263750946 4.5000000000000009 0.17926877387329235 0.25628395378589636 0.82574725151062023 0.87815481424331676 0.023381514282589281 0.96695455786364881 0.96350877121100698 0.82918684303657841 0.99999899657686442 0.31664329162558968 0.97271579290460475 5.5000000000000009 0.027819410049665715 -0.98786316618402048 0.88642504811286937
decision_type=2 2 2 2 2 2 2 2 2 2 2 2 2 2 2 2 2 2 2 2 2 2 2 2 2 2 2 2 2 2 2 2 2 2 2 2 2 2 2 2 2 2 2 2
left_child=12 4 5 13 10 7 8 15 14 -9 19 -10 40 18 -6 -3 17 -7 -4 27 -21 26 -15 25 -25 -8 -5 -2 -18 33 -12 -31 38 -14 35 -35 -36 -32 -33 -23 41 -1 -43 -44
right_child=1 2 3 21 6 16 23 9 11 -11 30 -13 29 22 -16 -17 28 -19 -20 20 -22 39 -24 24 -26 -27 -28 -29 -30 31 37 32 -34 34 36 -37 -38 -39 -40 -41 -42 42 43 -45
leaf_value=-0.050271647454671345 0.14169563120794415 0.015737748592394112 0.034541062996581051 0.030679567751688702 0.030048956944883871 0.040047678990942526 0.048196360913595339 0.048750222107307423 -0.041617854317102965 0.010743442775928723 0.13336997959025626 0.025167427887647253 -0.051063173564447145 0.054140452496256791 0.053445465415042026 0.046932397784103713 0.042745970662806741 0.030283685736094426 0.0018195151163321684 0.097513982739674834 0.0061687886485539273 0.053473778276956423 0.041248838443100316 0.022151425267866037 0.040622697594915491 0.10001302139884648 0.053237301202799674 0.016912028627878602 0.054461191729895997 -0.050497850574529601 -0.041386594070450283 -0.050791132197609827 -0.051229790100148012 0.020871225629682494 -0.051277710760640832 0.10223163127616008 0.098606946778008298 0.10134731111960123 0.084821318021084724 0.065001965837904324 -0.050205985272181543 0.46451970511273982 -0.050467156359602097 0.06682953771180819
leaf_weight=19.113831258378926 7.1974768238142115 938.3558820579201 336.69718555919826 95.494037285447121 464.77073790039867 3065.1067648977041 88.403839290142059 389.61171455867589 27.68136994400993 126.81028493866324 0.78709518443792958 3405.6395625267178 3.9134351816028383 423.5672417730093 311.97912096977234 115.87580622732639 1377.926950737834 1848.6338550299406 101.8405261207372 8.5007748394273204 228.78957890206948 111.69500445201993 1674.0274987518787 238.41478753089905 1222.8591629937291 22.285828664898872 1206.1478025931865 4.7644130066037178 286.32470610737801 16.512144479900602 60.704037519171834 1.1000150660984198 3.1842936053872108 16.154646222013987 5.1741122021339825 4.1291736979037514 0.96349269244819868 0.80361649952828784 3.9825168857350945 541.5578797981143 5431.2814310933463 0.28839047905057658 3.6925156991928807 3.1323786694556475
leaf_count=3810 39 3201 1374 238 2131 6113 203 1035 2971 481 39 9718 386 761 701 230 2687 3950 296 87 2642 269 3298 701 2626 39 2516 32 513 2216 3511 93 286 760 451 59 23 3 142 1037 1174865 3 545 117
internal_value=0.0168999 0.0364895 0.0400253 0.047231 0.0291553 0.0360539 0.0305508 0.0258249 0.0273627 0.0394174 0.00325733 0.024629 -0.0496701 0.0409281 0.0394461 0.0191665 0.0384963 0.0363743 0.0269422 0.013403 0.00944117 0.055408 0.043852 0.0390891 0.037609 0.0586289 0.0515824 0.0919944 0.0447615 -0.00591267 -0.0373372 -0.0288562 0.0143708 0.0128287 0.0222921 0.0374337 -0.0277485 -0.0395217 0.0554706 0.0630308 -0.050112 -0.0306529 0.022064 0.00336777
internal_weight=24245.9 18733.3 12639.7 4491.03 6093.58 8148.65 5782.03 1570.65 4210.07 516.422 311.547 3433.32 5512.62 2536.13 776.75 1054.23 6577.99 4913.74 438.538 249.252 237.29 1954.89 2097.59 1571.96 1461.27 110.69 1301.64 11.9619 1664.25 55.1138 62.2947 24.779 8.26683 30.3349 26.4214 20.2838 6.1376 61.5077 5.08253 653.253 5457.51 26.2271 7.11328 6.82489
internal_count=1237198 53442 27999 9789 25443 18210 19090 4947 15521 1516 6353 12689 1183756 5729 2832 3431 13263 10063 1670 2800 2729 4060 4059 3569 3327 242 2754 71 3200 4416 3553 2737 521 1679 1293 819 474 3514 235 1306 1179340 4475 665 662
is_linear=0
shrinkage=0.05


Tree=25
num_leaves=45
num_cat=0
split_feature=78 74 77 74 43 74 74 46 78 75 44 43 43 77 75 43 74 74 75 52 65 45 31 75 27 53 33 27 78 75 48 66 74 31 43 78 45 18 65 3 32 33 33 48
split_gain=11688.4 189.949 89.376 70.1866 63.3719 72.3107 63.3027 51.4163 48.5589 45.5271 45.4297 42.8742 133.799 42.2851 39.4599 29.5674 130.711 35.8394 28.9445 27.3638 24.373 25.359 21.6287 17.544 9.99353 8.80661 8.88631 8.03186 7.43096 6.77696 7.14128 7.5887 6.53126 5.99429 4.0069 10.3103 14.3189 8.44548 2.5372 3.70723 2.29922 5.74315 35.496 0.00263865
threshold=0.12449907904534323 0.74785458390773274 0.71016232810857505 0.10999672777298637 91.500000000000014 0.78185618811093727 0.88639957800627434 0.36866659035396082 0.43092195823604534 0.078475920353997017 0.99963924459869846 323.50000000000006 287.50000000000006 0.039448129013839019 0.094452860622355431 18.500000000000004 0.81611493993381334 0.93409761802761604 0.005404871294618808 8.5705426445428351e-06 1.0000000180025095e-35 -0.82598199459296939 0.75882840156555187 0.16486952821483122 0.81589472293853771 0.17926877387329235 0.82574725151062023 0.87815481424331676 0.99999872278343116 0.023381514282589281 0.96695455786364881 2.5000000000000004 0.82918684303657841 0.83448472619056713 5.5000000000000009 0.027819410049665715 -0.98786316618402048 0.88642504811286937 1.0000000180025095e-35 0.45206411182880407 1.0000000180025095e-35 0.56642282009124767 0.56949043273925792 0.71239521796997229
decision_type=2 2 2 2 2 2 2 2 2 2 2 2 2 2 2 2 2 2 2 2 2 2 2 2 2 2 2 2 2 2 2 2 2 2 2 2 2 2 2 2 2 2 2 2
left_child=13 3 6 38 15 18 7 19 20 22 -9 12 -10 34 -11 17 -17 -4 -6 -3 24 -22 -8 -13 -5 29 -27 33 -7 -15 31 -31 -32 -28 35 -1 -37 -38 39 -2 -36 -42 -43 -29
right_child=1 2 4 8 5 28 9 10 11 14 -12 23 -14 25 -16 16 -18 -19 -20 -21 21 -23 -24 -25 -26 26 27 43 -30 30 32 -33 -34 -35 40 36 37 -39 -40 -41 41 42 -44 -45
leaf_value=-0.05025835659498188 0.085185136314290658 0.039958372251869233 0.030840561671146949 0.13254742171490005 0.055445718838633411 0.062128598718870109 0.03514807392829649 0.021238473361697093 0.025243980146887654 -0.024708935574458829 0.04010229731112764 -0.066214838052451805 0.11059829143541294 -0.051012907322082517 0.030358137956528104 0.037104170951820267 0.059567971293960867 0.042692462045346755 0.033699155311903789 0.08392014605779613 0.05226123954608794 -0.014224765452753731 0.04824116044689488 0.0053917889068131174 0.016561157798701289 -0.050473727498113199 0.10386369524889981 -0.055735221042154698 0.053164438071412717 0.10088157027979963 -0.051217919173381657 0.020979128690094079 0.08679270844194073 -0.0031882585205939766 -0.050221976022857898 0.3078803782073814 -0.050444545782505817 0.061597315790196942 -0.050342487567123534 -0.050808994313374982 -0.05036695448452732 0.67719616166828756 -0.05047261456271053 -0.050698039174087363
leaf_weight=18.186325483955446 0.87158365314826314 269.60913353599608 2326.1559823900461 4.4776400532573453 193.16474664211273 495.54525445401669 497.73293363302946 2080.6929442584515 2928.1691186656244 34.269477240741253 376.99910558760166 16.773318871855736 46.645188376307487 3.7261503213085261 641.68376281112432 4828.1525760442019 747.8761365711689 878.85099984705448 736.09023015201092 40.746555659919977 16.074168629944324 133.09785227989778 861.11799843609333 17.455659922212362 3.173301815520972 15.714155275374653 2.6531093749217671 0.28718412946909699 433.36894915997982 3.5985182230360868 4.9273685938678673 17.056287297047675 1.0378178902901707 2.5785158630460501 5163.8236170061864 0.40897402726113785 3.5139642669819287 3.2259937156923115 32.663972053676844 1.1790219144895671 2.7500964095816012 0.20571263926103689 0.90437695244327188 2.7449636301025748
leaf_count=3810 16 1282 4901 25 361 866 1205 6834 9347 114 985 120 143 386 1779 9934 1329 1703 1584 136 128 2360 1738 69 37 2216 75 7 816 102 451 717 23 160 1174291 3 545 117 5465 165 436 9 129 279
internal_value=0.0162843 0.0348391 0.0371368 0.0237531 0.0396926 0.0480813 0.0314753 0.0265537 0.0245285 0.0381704 0.0241321 0.0259421 0.0265823 -0.0496368 0.0275663 0.0379174 0.0401171 0.0340905 0.0382196 0.0457301 -0.00259641 -0.0070605 0.0434453 -0.0296978 0.084441 -0.00575266 -0.0284004 0.0135737 0.0579465 0.0121424 0.0209826 0.0348999 -0.027207 0.0511009 -0.0500959 -0.0302601 0.0206139 0.00318284 -0.0469556 0.00699357 -0.0501931 -0.0116192 0.084373 -0.0511751
internal_weight=23890 18642.6 15442.1 3200.58 10639.2 1858.17 4802.85 2768.05 3165.87 2034.8 2457.69 3009.04 2974.81 5247.34 675.953 8781.04 5576.03 3205.01 929.255 310.356 156.823 149.172 1358.85 34.229 7.65094 54.3241 23.9779 8.26377 928.914 30.3461 26.62 20.6548 5.96519 5.23163 5193.02 25.3353 7.14893 6.73996 34.7146 2.05061 5167.68 3.86019 1.11009 3.03215
internal_count=1237198 53442 35567 17875 21494 3627 14073 9237 12229 4836 7819 9679 9490 1183756 1893 17867 11263 6604 1945 1418 2550 2488 2943 189 62 4416 2737 521 1682 1679 1293 819 474 235 1179340 4475 665 662 5646 181 1174865 574 138 286
is_linear=0
shrinkage=0.05


Tree=26
num_leaves=45
num_cat=0
split_feature=78 77 78 76 43 46 76 5 21 65 41 43 43 77 43 76 77 76 75 77 43 10 60 75 60 75 33 3 41 17 19 3 78 45 75 76 32 76 75 77 46 76 76 53
split_gain=10812.6 178.973 84.418 51.6436 51.1546 36.2611 35.8147 35.248 32.6546 39.5727 27.9176 23.9187 22.5065 57.2743 21.6642 21.5337 18.9308 19.7303 18.27 17.4168 33.2022 13.9588 11.2621 11.224 6.42529 6.42086 4.75835 11.6724 4.34453 4.05181 3.13866 3.10798 2.15426 15.2045 5.81659 6.7469 2.71713 7.00842 16.2921 0.0062833 0.00190286 0.000972335 0.000556495 0.000402042
threshold=0.068886077280793725 0.74626141618161512 0.43092195823604534 0.25276139849043733 91.500000000000014 0.13425840392468777 0.40935916975331404 0.58102023601531994 1.0000000180025095e-35 1.0000000180025095e-35 0.52238440513610851 16.500000000000004 14.500000000000002 0.78727023968988885 30.500000000000004 0.00096828712068128763 0.78727023968988885 0.00051416512613732749 0.18729103117916099 0.84336562637060275 10.500000000000002 0.40778534114360815 70.500000000000014 0.039163897264542009 26.500000000000004 0.05592803053186169 0.86799004673957836 0.52339288592338573 0.80816438794136058 0.28059478104114538 0.73126304149627697 0.96197089552879345 0.04189748574694898 -0.98786316618402048 0.71906434824593379 0.72096679257701213 1.0000000180025095e-35 0.59391413434887597 0.58105147084522546 0.079371427573475192 0.99999838919154427 0.091759116539973581 0.20070198694210828 1.0000000180025095e-35
decision_type=2 2 2 2 2 2 2 2 2 2 2 2 2 2 2 2 2 2 2 2 2 2 2 2 2 2 2 2 2 2 2 2 2 2 2 2 2 2 2 2 2 2 2 2
left_child=26 2 3 39 12 21 10 -8 9 -5 -7 -10 19 14 -14 -15 17 18 -6 20 -3 -4 -21 -23 -19 30 32 -28 40 -27 -18 -30 36 -34 43 -36 -1 38 -38 41 -29 -2 -41 -35
right_child=1 4 5 8 16 6 7 -9 11 -11 -12 -13 13 15 -16 -17 25 24 -20 22 -22 23 -24 -25 -26 29 27 28 31 -31 -32 -33 33 34 35 -37 37 -39 -40 42 -42 -43 -44 -45
leaf_value=-0.050211083969660598 -0.050289788066278089 0.030108238210657414 -0.003437136224744267 0.088256082803331637 0.030306266193746118 0.028738119832879872 -0.046134444638495135 0.016507408049590146 0.017948375662820381 0.018654865247664656 0.03785818607927411 -0.017122030357836066 0.025683804592041934 0.041082337609730638 0.035899254644357746 0.051833644235604638 0.036188925448214636 0.017429621078731566 0.047238486075148869 0.035620968856743158 -0.0060477919753053879 0.033786075400744811 0.025066298728227861 0.082630536783900199 0.052170125657400229 0.065408149400976431 0.21698122956917346 -0.050399151607898929 -0.050481227818418344 0.043799576773677976 0.060136915416806686 0.1185865412711912 0.23598325538890577 -0.050932152276043564 0.16362877613974935 -0.013912701022679759 -0.050653697286871684 -0.050287277270257204 0.38744009467918378 -0.051636973418402267 -0.055786908232625068 -0.050986009941180736 -0.052841567551831642 -0.050294723625438909
leaf_weight=4904.9456486096606 19.583714326843626 306.45702086389065 6.8514793007634571 21.205859548877925 392.74508255720139 6996.1467191316187 25.680084861814976 178.90631450712681 84.322729629464447 552.62056883331388 953.47653580503538 114.81890856381506 646.69526769220829 1574.1089883446693 2628.3885311186314 661.42881202697754 14.37157094478607 13.760075584053991 268.04157315194607 1824.0197451710701 80.089943394064903 15.2329018372111 293.39020788669586 51.608349028043449 406.42168395221233 25.37258192896843 0.53629081230610509 4.1495601967908442 0.42495871009305097 149.62559805810452 285.11345651745796 0.75437077786773443 0.50340897962451236 2.8002174529247048 0.64460160117596332 3.150375606957823 0.56574601400643532 2.3259594650007784 0.3396102711558342 1.3716434389352787 0.17062013223767269 6.7411012733355156 3.1853418052196503 21.214833487290889
leaf_count=1172637 4107 649 30 131 857 20305 106 522 684 7043 3054 2015 1406 3156 5424 1229 31 32 507 3697 209 265 636 97 765 45 4 657 53 306 526 5 5 303 7 341 50 434 4 49 2 553 72 4188
internal_value=0.0156876 0.0331534 0.028105 0.0126397 0.0379179 0.0296159 0.0293004 0.00864448 0.0151729 0.021227 0.029832 -0.00227214 0.0363075 0.0380935 0.0338821 0.0442633 0.0462158 0.0425613 0.0371747 0.0323768 0.022617 0.064532 0.0341585 0.071499 0.0510324 0.0545415 -0.0500473 -0.00567975 -0.0273928 0.0469326 0.0589877 0.0576648 -0.0501016 -0.0363493 -0.041279 0.0162439 -0.0501809 -0.00434642 0.113681 -0.0507648 -0.0506119 -0.0504681 -0.052479 -0.050369
internal_weight=23544.3 18601.8 9031.75 803.85 9570.03 8227.9 8154.21 204.586 772.968 573.826 7949.62 199.142 8014.58 5510.62 3275.08 2235.54 1555.45 1080.97 660.787 2503.96 386.547 73.6927 2117.41 66.8413 420.182 474.483 4942.53 6.0358 5.49951 174.998 299.485 1.17933 4936.49 28.3134 27.81 3.79498 4908.18 3.23132 0.905356 30.8818 4.32018 26.3248 4.55699 24.0151
internal_count=1237198 58508 39033 14654 19475 24379 23987 628 9873 7174 23359 2699 16406 11215 6830 4385 3069 2161 1364 5191 858 392 4333 362 797 908 1178690 721 717 351 557 58 1177969 4844 4839 348 1173125 488 54 4781 659 4660 121 4491
is_linear=0
shrinkage=0.05


Tree=27
num_leaves=45
num_cat=0
split_feature=72 76 77 76 43 51 77 76 47 77 45 76 76 48 62 66 77 77 56 77 9 46 13 44 75 60 47 7 41 67 1 43 33 16 3 43 48 46 48 46 67 47 46 47
split_gain=9509.07 381.434 157.036 66.566 63.6795 53.7271 50.6364 46.1039 72.0672 39.4178 37.2921 27.5271 21.14 20.5518 26.2836 26.7941 19.8837 18.6576 17.0224 14.661 14.6039 14.3895 14.1826 13.9296 13.1587 12.0283 9.82782 16.9052 7.70534 6.30519 5.08646 3.02298 2.19443 1.68649 4.95469 1.58634 1.54561 1.05299 0.374113 0.0678832 0.140765 0.0145457 0.00878405 0.100851
threshold=5.5000000000000009 0.59391413434887597 0.76657831827204215 0.73412268954314908 16.500000000000004 0.0044620549683566718 0.079371427573475192 0.2213038143741288 0.65873203582663697 0.78727023968988885 -0.085541502036153585 0.011590359526620122 0.0092831438837450448 0.96695455786364881 33.500000000000007 2.5000000000000004 0.84336562637060275 0.17962771777507108 24.500000000000004 0.17962771777507108 3.5000000000000004 0.25354477085722027 0.95040982961654674 0.36135363835848072 0.03111660066692901 101.50000000000001 0.093510150266923123 0.63068181276321422 0.79042959213256847 5.5000000000000009 0.70064935088157665 18.500000000000004 0.32270763814449316 0.96892714500427257 0.40905597805976873 3.5000000000000004 0.97370675403528828 0.8618690030540207 0.71239521796997229 0.64613580925817204 1.5000000000000002 -0.070588985514599009 0.36866659035396082 -0.046921424277898791
decision_type=2 2 2 2 2 2 2 2 2 2 2 2 2 2 2 2 2 2 2 2 2 2 2 2 2 2 2 2 2 2 2 2 2 2 2 2 2 2 2 2 2 2 2 2
left_child=1 2 5 13 16 17 37 10 -9 11 -7 -6 -11 14 15 -3 25 -1 20 -16 -8 33 32 -24 -18 -4 27 -23 -28 31 -22 -20 -15 35 -35 -5 -33 39 -39 42 -41 -42 -2 -44
right_child=6 3 4 21 9 7 18 8 -10 12 -12 -13 -14 22 19 -17 24 -19 29 -21 30 26 23 -25 -26 -27 28 -29 -30 -31 -32 36 -34 34 -36 -37 -38 38 -40 40 41 -43 43 -45
leaf_value=-0.050221207948950769 -0.050200606524544403 0.065231759808133269 0.0231045916510326 -0.019552538909497316 0.033335208254770564 0.038030587935380167 0.11437631259080841 0.02483528662922389 -0.0056211359982344901 0.043696005325739744 0.028508628412564713 0.046432994697604382 0.05659162761059932 -0.0072132047433068188 -0.0065129940886761994 0.0093289985114629118 0.036922318185283437 0.071421935040765924 0.034376579399696995 -0.066147930405828448 0.055685458948170355 -0.032428926155623983 0.277190401275072 -0.0040673765345129063 0.029394132443598772 -0.028267047383061572 -0.038219073190170788 0.085186808569871528 0.10860860289040093 0.057313082718823086 -0.039971553974093632 -0.064451722132555192 -0.050571522486817989 0.097346478664882122 -0.051853965550725717 -0.049540993239817019 -0.0028035532348267504 -0.092625527121423523 -0.051463729830639141 -0.081287034998073909 -0.063745779712625905 -0.050478325774403157 -0.071517847316963146 -0.050269214633023966
leaf_weight=28.299137284047905 4497.3289089156315 26.516678019426763 412.10331524908543 4.5697751585394135 1677.5656638592482 1177.2828798168339 6.7005355996079761 1368.6389235248789 226.35484048817307 1974.6679757237434 8123.5181125691161 527.22024776041508 378.76292186975479 3.2208394389599553 47.859825863037258 111.8350088307634 1260.4679100364447 3.5473995059728614 1.1233704797923545 13.134799931198357 2.6161501789465547 6.2868829965591413 0.44650397310033696 31.279578702058643 1075.943649828434 11.718537762761114 20.033935294020925 5.9432744639925659 0.93525745440274377 1.9876492964103807 2.9643895905464888 5.9165317416191101 31.058951016981155 0.78370684850960914 1.9188022306188939 126.05003919592127 1.2276898231357334 1.9831392145715647 0.76494560064747918 0.53260028222575728 0.23645155504345927 1.63558174483478 0.60316353384405363 7.5273421606980246
leaf_count=6579 1131206 802 910 768 3458 5184 35 8101 1325 3958 22356 1038 701 255 2825 4510 2526 6 5 89 18 451 3 1514 2268 34 2174 255 73 9 25 102 2332 9 288 28815 14 9 144 14 4 321 24 1661
internal_value=0.0151081 0.0308742 0.0319735 -0.0155689 0.0376416 0.0281775 -0.0498534 0.028367 0.020513 0.041271 0.0297139 0.0364672 0.0457714 -1.84759e-05 0.00798855 0.0200434 0.0316481 -0.0366713 0.0249081 -0.019355 0.0646175 -0.0403484 -0.0242007 -0.000109034 0.0334555 0.0216842 -0.0108945 0.0247267 -0.0316703 -0.0226457 0.00487234 -0.0418689 -0.0464977 -0.0476829 -0.00858698 -0.0484918 -0.0538579 -0.0502269 -0.0811679 -0.0502081 -0.0586067 -0.0521541 -0.0502036 -0.0518455
internal_weight=23211.1 18678 18246.1 431.874 7318.45 10927.6 4533.15 10895.8 1594.99 4558.22 9300.8 2204.79 2353.43 265.352 199.346 138.352 2760.23 31.8465 22.5363 60.9946 12.2811 166.522 66.0059 31.7261 2336.41 423.822 33.1994 12.2302 20.9692 10.2552 5.58054 8.26759 34.2798 133.322 2.70251 130.62 7.14422 4510.61 2.74808 4507.86 2.40463 1.87203 4505.46 8.13051
internal_count=1237198 103607 58444 45163 14893 43551 1133591 36966 9426 9155 27540 4496 4659 12330 8226 5312 5738 6585 208 2914 78 32833 4104 1517 4794 944 2953 706 2247 130 43 121 2587 29880 297 29583 116 1133383 153 1133230 339 325 1132891 1685
is_linear=0
shrinkage=0.05


Tree=28
num_leaves=45
num_cat=0
split_feature=78 77 78 43 47 77 54 76 45 41 75 76 21 65 43 77 76 77 43 77 76 54 13 20 67 75 60 33 19 33 10 41 72 78 67 47 41 32 76 76 77 54 76 32
split_gain=9282.08 173.603 71.6383 50.6438 49.08 73.9999 77.6736 46.6039 46.3936 36.6839 35.679 30.1501 28.5554 33.8344 21.8527 62.3552 23.1339 22.9574 21.3152 19.9855 19.923 18.5317 18.3206 13.9987 12.2699 6.50458 6.15701 5.67918 5.51227 4.61671 9.56967 3.86104 2.61664 7.68009 11.9816 3.4715 2.46499 2.1269 6.80999 17.6614 0.00582254 0.00167854 0.000934948 0.000731906
threshold=0.068886077280793725 0.74626141618161512 0.43092195823604534 91.500000000000014 0.52664288881242227 0.57819165034846887 0.99999886430482721 0.25276139849043733 -0.21357303789543022 0.5123116970062257 0.031785632706462071 0.35139525814675421 1.0000000180025095e-35 1.0000000180025095e-35 18.500000000000004 0.78727023968988885 0.00096828712068128763 0.84336562637060275 16.500000000000004 0.78727023968988885 0.00051416512613732749 0.99999895787473358 0.99404761195182811 0.4629120826721192 4.5000000000000009 0.13156748232646129 26.500000000000004 0.82574725151062023 0.73126304149627697 0.86799004673957836 0.54631218314170849 0.80816438794136058 2.5000000000000004 0.04189748574694898 2.5000000000000004 -0.33251516012753041 0.81695803999900829 1.0000000180025095e-35 0.59391413434887597 0.58598518198972938 0.079371427573475192 0.99999886430482721 0.091759116539973581 1.0000000180025095e-35
decision_type=2 2 2 2 2 2 2 2 2 2 2 2 2 2 2 2 2 2 2 2 2 2 2 2 2 2 2 2 2 2 2 2 2 2 2 2 2 2 2 2 2 2 2 2
left_child=29 2 7 14 9 8 -7 40 -6 10 -4 -11 13 -9 17 21 -17 23 -14 20 22 -16 -5 -3 -19 28 -22 -27 -21 32 -31 41 33 43 35 -35 -33 -34 39 -39 42 -32 -2 -1
right_child=1 3 4 19 5 6 -8 12 -10 11 -12 -13 18 -15 15 16 -18 24 -20 25 26 -23 -24 -25 -26 27 -28 -29 -30 30 31 36 37 34 -36 -37 -38 38 -40 -41 -42 -43 -44 -45
leaf_value=-0.050221017823239879 -0.050276469841703933 0.029970365307919869 0.033973273581269385 0.045700776602979838 0.030086523174382009 0.041322665185742478 0.022418818007847167 0.079785940572666747 0.00090026490523608066 0.049390921098033211 0.023714431067796422 0.021773872975111245 0.016050627780021046 0.016660609146641251 0.042149417310653636 0.039815174210059034 0.053210604862081151 0.030541949555126093 -0.016981765564072382 0.029700227019738373 0.015134884680515569 0.02999616296065534 0.028110135790727027 0.015404284925517965 0.039354000020301226 0.053687396799542299 0.049468082933394303 0.030735471417683048 0.057140031331056641 0.18332490141763688 -0.050378307944930749 0.10290447311184414 -0.050191454691678884 0.20547241835306043 -0.050421019832377678 0.064964000540288933 -0.050459805229357106 -0.050627863288965042 -0.050522861628185971 0.39963757399089528 -0.052422051962718701 -0.055411515849753505 -0.050970456642976003 -0.05264923638003053
leaf_weight=16.335206201300032 18.210925287334256 297.76964174211025 1683.624888128601 227.06913428008556 182.78541867062449 668.19033093750477 2909.4029788225889 22.058782905805856 533.74787706555799 413.98437604587525 1706.6598045825958 129.81634363532066 85.293872979469597 563.00736276153475 353.39536249637604 1229.8404504209757 436.78215666115284 1879.0701021403074 114.25829703221098 19.399480611085892 13.506112635135649 2790.2552984803915 425.1737871915102 369.78135071694851 500.17764051258564 50.871717810630798 393.70517063140869 57.319588199257851 323.64612023532391 0.60161955980583925 3.8573529564309865 0.79147107107564785 4445.7233023180161 0.55405547376722131 3.0924861878156662 2.1278855456039301 0.39165370422415435 0.64562064781784911 3.0604990948922932 0.32864462165161967 4.4681612309068433 0.17307892674580205 6.6164254329632959 0.31633691769093175
leaf_count=3924 4107 628 5718 439 532 1419 7526 131 2286 1645 4946 307 684 7043 692 2532 827 3924 2015 45 32 5966 925 852 985 100 765 130 633 7 654 7 1172828 3 487 107 50 61 524 2 121 3 553 33
internal_value=0.0145467 0.0302505 0.0253085 0.0350208 0.0267082 0.0230121 0.0259495 0.011158 0.00834559 0.0307427 0.028809 0.0427982 0.0134699 0.0190406 0.0334088 0.0355074 0.0433258 0.0300955 -0.00286285 0.0434049 0.0396517 0.0313624 0.0342341 0.0219017 0.0323945 0.052217 0.0483293 0.0415275 0.0555883 -0.0500148 -0.00549295 -0.0272816 -0.0500727 -0.0330364 0.0166515 0.0939913 0.0521358 -0.0501585 -0.0138726 0.101258 -0.0507605 -0.0505944 -0.0504614 -0.0502671
internal_weight=22887.9 18409.9 9042.13 9367.76 8228.21 4294.13 3577.59 813.914 716.533 3934.09 3390.28 543.801 784.618 585.066 7857.07 4810.27 1666.62 3046.8 199.552 1510.69 1059.45 3143.65 652.243 667.551 2379.25 451.237 407.211 108.191 343.046 4478 5.81518 5.21356 4472.18 22.426 5.77443 2.68194 1.18312 4449.76 4.03476 0.974265 29.2955 4.03043 24.8274 16.6515
internal_count=1237198 58508 39033 19475 24379 11763 8945 14654 2818 12616 10664 1952 9873 7174 16406 10017 3359 6389 2699 3069 2161 6658 1364 1480 4909 908 797 230 678 1178690 721 714 1177969 4554 597 110 57 1173415 587 63 4781 657 4660 3957
is_linear=0
shrinkage=0.05


Tree=29
num_leaves=45
num_cat=0
split_feature=54 77 76 74 43 74 76 74 75 75 38 74 46 74 74 21 8 38 43 8 8 6 53 30 74 74 74 56 19 75 57 7 48 41 29 47 57 54 46 30 74 77 27 48
split_gain=8232.25 236.705 218.892 175.872 136.933 84.5763 75.121 67.0592 48.2844 48.1411 67.1914 47.4192 65.6236 43.0066 40.4118 33.4752 30.7973 26.8226 26.634 25.6726 24.8126 16.8747 16.8091 15.8866 13.6105 11.8251 11.6098 9.14321 6.92371 6.62044 5.67717 4.71718 29.7855 3.40282 3.3377 3.01632 11.9039 7.14544 4.21316 1.59154 1.57305 1.15723 5.39671 0.0571632
threshold=0.99996408959079042 0.079371427573475192 0.37016848701995991 0.77235107975040262 28.500000000000004 0.80913729431727266 0.71543051321435525 0.3987402619367188 0.031785632706462071 0.36590217163983035 1.5000000000000002 0.79740795442389933 0.64613580925817204 0.79740795442389933 0.92499652337813132 1.0000000180025095e-35 0.26209992170333868 1.5000000000000002 91.500000000000014 0.53158244490623485 0.47295321524143225 0.46709956228733068 0.69733064575799342 0.91321465373039257 0.82918684303657841 0.90671793854888028 0.8384250785054137 10.500000000000002 0.98314553499221813 0.44952608774693453 14.500000000000002 0.73214286565780651 0.19588930907870414 0.79042959213256847 1.2966693639755251 -0.33251516012753041 9.5000000000000018 0.99987195613968172 0.094780365521757073 0.68612122535705578 0.76730666027727701 0.020397055716778426 0.99671053886413585 0.33142611613536854
decision_type=2 2 2 2 2 2 2 2 2 2 2 2 2 2 2 2 2 2 2 2 2 2 2 2 2 2 2 2 2 2 2 2 2 2 2 2 2 2 2 2 2 2 2 2
left_child=1 35 3 7 8 18 11 16 13 10 -9 12 15 -5 -10 -4 28 20 -6 -19 -13 -18 -11 31 30 -26 -7 -14 -2 34 -25 33 -33 -8 39 36 37 -1 -38 -3 -41 -37 43 -43
right_child=2 29 6 4 5 26 23 9 14 22 -12 17 27 -15 -16 -17 21 19 -20 -21 -22 -23 -24 24 25 -27 -28 -29 -30 -31 -32 32 -34 -35 -36 41 38 -39 -40 40 -42 42 -44 -45
leaf_value=-0.050293140521854796 -0.043666259524885211 0.061177709078068777 0.016370884302890264 0.015409173770538751 0.03409740166106838 0.050150295738156908 -0.0492687660165671 0.018088718833936878 0.020850157609439268 0.045296652730588492 0.035528847872538426 -0.0075606775382285 0.034414838212667422 0.034632934281990317 0.032942995565651216 -0.017038173481680314 0.19856193699627489 0.065731525915603314 0.044127005125884702 0.026081538424387159 0.023817903170223975 0.0047165277567826243 0.02949380242181876 0.014677004509844127 0.044721653838486218 -0.019767244145063336 0.062353640889194789 -0.036442202583862472 0.08661938150262681 0.022451321180671016 -0.050401336014602151 0.53527990830061511 -0.052798439549609923 0.012758528558427044 0.041833539044135046 -0.050184304716903431 -0.050210245341831543 0.15057434753814522 0.068825757702077744 0.098908669958034046 0.071361591475675334 -0.076685439710734493 0.095828920771890466 -0.05059473982092666
leaf_weight=0.65733261895366313 42.142087954794988 10.359822851605715 413.27277373615652 317.08237740397453 2454.5578405410051 714.42665883898735 65.253235721727833 3240.5682643144391 2160.4022866785526 191.57757240347564 665.73125357879326 90.002954968716949 4.7703695185482493 3528.306475803256 1015.6535429507494 91.595987682929263 1.1285804049111892 59.189594578463584 906.3409172296524 131.5781687782146 209.99316056631505 215.54622940439731 1383.3018927741796 4.1393614243716028 15.167890131007882 13.378048661164938 268.01239550113678 99.794370227726176 1.0450174293946464 9.1757112210616452 17.5999439524021 0.25497569097205897 1.3842537994496522 2.2886773676145813 8.5057905698195082 4167.2265229150653 14.751810202607881 1.3561941059306262 0.78279147017747241 10.397045560181143 10.332797437906263 0.22689166665077198 0.76785597624257196 2.8090773303993046
leaf_count=150 1673 27 7411 731 5197 1457 12292 8806 4867 436 1876 447 60 7219 2101 2280 3 294 1824 720 735 3720 3169 585 907 736 515 1527 44 36 3875 12 225 232 24 1156474 4021 18 3 25 19 1 4 420
internal_value=0.0140108 -0.0487969 0.0285336 0.0299928 0.0335962 0.0405744 0.00806877 0.0228596 0.0292796 0.0240363 0.021061 0.0121578 0.00284273 0.0330478 0.0247173 0.0103096 -0.00195852 0.0237253 0.0368021 0.0383838 0.0144039 0.0057262 0.0314162 -0.029588 -0.00820164 0.0144989 0.0534794 -0.0332096 -0.0405137 0.0607192 -0.0380098 -0.045133 0.0386748 -0.047167 0.0695873 -0.0500721 -0.0293859 0.0849995 -0.044212 0.0771804 0.0851778 -0.0501591 -0.0225933 -0.0525446
internal_weight=22562.8 4237.35 18325.5 17105.8 11364.8 4343.34 1219.66 5741.04 7021.44 5481.18 3906.3 1100.2 609.434 3845.39 3176.06 504.869 259.862 490.764 3360.9 190.768 299.996 216.675 1574.88 119.466 50.2852 28.5459 982.439 104.565 43.1871 48.7712 21.7393 69.1811 1.63923 67.5419 39.5955 4188.58 17.5481 2.01353 15.5346 31.0897 20.7298 4171.03 3.80382 3.03597
internal_count=1237198 1161222 75976 43638 23911 8993 32338 19727 14918 14287 10682 13474 11278 7950 6968 9691 5440 2196 7021 1014 1182 3723 3605 18864 6103 1643 1972 1587 1717 131 4460 12761 237 12524 95 1161091 4192 168 4024 71 44 1156899 425 421
is_linear=0
shrinkage=0.05


Tree=30
num_leaves=45
num_cat=0
split_feature=54 77 76 74 73 76 74 74 74 45 76 53 74 75 48 73 48 41 74 74 56 74 22 18 30 74 73 10 74 61 75 7 73 41 74 47 57 20 46 74 77 27 48 46
split_gain=7638.47 223.965 204.608 156.6 128.831 82.9611 75.3976 59.6804 57.2588 56.0357 50.1121 48.4137 58.754 44.9118 41.2397 33.3859 32.7988 37.486 31.6197 29.5635 26.1439 19.2965 16.1739 15.5607 15.49 12.7017 12.3204 12.0311 10.5958 6.95074 6.13201 4.37631 17.8379 3.33164 3.32202 2.97781 10.9076 6.03596 3.97044 2.31306 1.13376 4.99672 0.0476923 0.0137476
threshold=0.99996408959079042 0.079371427573475192 0.2213038143741288 0.77235107975040262 33.500000000000007 0.71543051321435525 0.79470359839972693 0.79470359839972693 0.32450945056678204 -0.21357303789543022 0.49641421295849492 0.93853118710502292 0.66960857994731116 0.027826613577560059 0.99985815602836892 49.500000000000007 0.91815656942343082 0.55889427661895763 0.94412727889595982 0.90671793854888028 23.500000000000004 0.81292707334013581 -1.0000000180025095e-35 0.90834090113639843 0.91321465373039257 0.82918684303657841 47.500000000000007 0.75809821486473095 0.92499652337813132 106.50000000000001 0.44952608774693453 0.73214286565780651 3.5000000000000004 0.79042959213256847 0.53527161791297817 -0.33251516012753041 9.5000000000000018 0.32843138277530676 0.094780365521757073 0.76430064571946865 0.020397055716778426 0.99671053886413585 0.33142611613536854 0.99891189053205143
decision_type=2 2 2 2 2 2 2 2 2 2 2 2 2 2 2 2 2 2 2 2 2 2 2 2 2 2 2 2 2 2 2 2 2 2 2 2 2 2 2 2 2 2 2 2
left_child=1 35 3 8 13 7 15 9 22 10 -4 12 -10 19 -13 -6 17 -9 -15 -5 -18 -8 27 -11 31 29 -24 -2 -27 -26 34 33 -33 -7 -3 36 37 -1 -38 -36 43 42 -42 -37
right_child=2 30 5 4 6 24 21 16 11 23 -12 14 -14 18 -16 -17 20 -19 -20 -21 -22 -23 26 -25 25 28 -28 -29 -30 -31 -32 32 -34 -35 39 40 38 -39 -40 -41 41 -43 -44 -45
leaf_value=-0.050311356427195732 0.038977688093958685 0.040869708339316774 0.021814615426592361 0.029193042441917751 0.046302242537811331 -0.049106989582294855 0.043492898990868174 0.0062631124326760455 0.01879160725184691 -0.011200802662310197 -0.0039616177410876042 0.012782498418171287 0.038433180956675674 0.022428093859818518 0.023791084046936382 0.030921340899531288 0.056527880798268454 0.031450507842335405 0.036566979897350783 0.038557188412207878 0.024986488625081293 0.054650028501794456 -0.0095170930089255677 -0.046589261189019994 -0.043818024977180625 0.033753360095110131 -0.051050743539301682 -0.0067855381084536513 -0.032042717567801172 0.094864057037580288 0.021388651957257959 0.33311789690123522 -0.052662275307329302 0.011978436764507723 0.092666371743410844 -0.050172769665775378 -0.050200151980075394 0.13521390842682612 0.066035457822524721 0.064021329298255714 -0.074715555255486885 0.091089158432465039 -0.050565999433632006 -0.053508647819960301
leaf_weight=0.6313284020870954 22.263579343212768 9.363007824867962 487.12580448831432 2471.3508231341839 443.92260591685772 62.270179857499897 867.22161103785038 327.03410986391827 643.57280696928501 141.32607936835848 307.63911756454036 1303.2422658987343 932.26287983357906 2846.0428259372711 2450.1270851902664 1718.959924519062 116.35260238591582 269.41665107849985 459.23301224410534 1279.1195661872625 150.90366387413815 700.62600091099739 48.656686369562522 39.814235096564516 19.988577767042447 20.00090403365903 28.205605035182089 40.466058794641867 8.8160394635051471 0.94627707079052825 9.1506692701950652 0.38623843481764097 1.3364749739412216 2.3151372727006665 11.434520465321841 3961.5855233324692 14.035106045426797 1.4347034154925493 0.77526567829772908 18.36813510581851 0.22136975824832905 0.76741753285750736 2.6735574656631798 3.0909080372657618
leaf_count=145 577 34 3369 5238 855 12292 1823 1327 2044 1277 8408 3569 2097 6281 5947 3671 416 747 920 2533 691 1436 1281 307 4382 1165 1358 940 478 78 36 11 226 232 22 1155960 4021 23 3 39 1 4 420 514
internal_value=0.0134934 -0.0487633 0.0272826 0.0291209 0.0326153 0.0120029 0.04013 0.0145895 0.0222286 0.00611723 0.0118371 0.0230566 0.0304115 0.0286418 0.0199687 0.0340782 0.0241624 0.0176403 0.0243925 0.0323867 0.0387183 0.0484787 -0.00938298 -0.0189791 -0.0289969 -0.00790895 -0.0247584 0.00945644 0.0136242 -0.0375495 0.0582398 -0.0448194 0.033831 -0.0469173 0.0668497 -0.0500606 -0.0291022 0.078522 -0.0441157 0.0750117 -0.0501497 -0.0223429 -0.0524127 -0.0501754
internal_weight=22244.5 4033.53 18210.9 16255.3 10786.5 1955.67 3730.73 1839.61 5468.8 975.905 794.765 5329.21 1575.84 7055.75 3753.37 2162.88 863.707 596.451 3305.28 3750.47 267.256 1567.85 139.592 181.14 116.06 49.7518 76.8623 62.7296 28.8169 20.9349 48.3163 66.308 1.72271 64.5853 39.1657 3985.22 16.8764 2.06603 14.8104 29.8027 3968.34 3.66234 2.89493 3964.68
internal_count=1237198 1161222 75976 40570 22757 35406 7785 16542 17813 13361 11777 13657 4141 14972 9516 4526 3181 2074 7201 7771 1107 3259 4156 1584 18864 6103 2639 1517 1643 4460 131 12761 237 12524 95 1161091 4192 168 4024 61 1156899 425 421 1156474
is_linear=0
shrinkage=0.05


Tree=31
num_leaves=45
num_cat=0
split_feature=78 74 76 43 74 74 43 74 60 75 38 75 75 43 47 76 43 53 38 56 56 41 74 13 77 67 30 17 31 74 32 38 78 65 3 42 43 57 42 50 76 35 47 51
split_gain=7430.88 184.31 102.501 60.0535 133.648 58.7261 50.6353 38.7051 41.69 38.2143 49.7263 45.9225 33.9449 32.1549 30.119 39.9129 41.655 30.1047 26.8767 22.4816 18.3231 14.8602 13.8088 11.3426 4.62098 9.42315 6.14382 3.3881 2.81956 3.89042 2.34711 4.29233 5.92862 1.97208 2.82556 1.56218 1.21815 5.62926 0.00113072 0.00048746 0.000395031 0.000358051 0.000222015 0.000125411
threshold=0.068886077280793725 0.74785458390773274 0.12387291353145517 33.500000000000007 0.79470359839972693 0.10999672777298637 50.500000000000007 0.78368844419092343 89.500000000000014 0.64589202720662053 1.0000000180025095e-35 0.14800473888730489 0.027826613577560059 48.500000000000007 0.65873203582663697 0.55160686037988793 32.500000000000007 0.85021877443604843 1.5000000000000002 33.500000000000007 19.500000000000004 0.70610550045967113 0.81162009452820072 0.8521554470062257 0.039448129013839019 2.5000000000000004 0.92012271285057079 0.74305018782615673 0.90422871708869945 0.92499652337813132 1.0000000180025095e-35 1.5000000000000002 0.019247659171958722 1.0000000180025095e-35 0.45206411182880407 4.5000000000000009 3.5000000000000004 8.5000000000000018 1.5000000000000002 1.5000000000000002 0.77799526327557167 6.5000000000000009 -0.070588985514599009 0.02398478280123496
decision_type=2 2 2 2 2 2 2 2 2 2 2 2 2 2 2 2 2 2 2 2 2 2 2 2 2 2 2 2 2 2 2 2 2 2 2 2 2 2 2 2 2 2 2 2
left_child=24 5 3 7 6 33 -5 8 -3 10 13 -12 -9 -7 15 16 -4 19 -19 -16 -17 23 -6 -11 28 26 -26 -23 30 38 36 -32 -33 34 -2 -28 37 -1 -30 -27 -41 -36 -35 -44
right_child=1 2 14 4 22 9 -8 12 -10 21 11 -13 -14 -15 17 20 -18 18 -20 -21 -22 27 -24 -25 25 39 35 -29 29 -31 31 32 -34 42 41 -37 -38 -39 -40 40 -42 -43 43 -45
leaf_value=0.078671409160299133 0.067118426934020245 0.0084114973651193813 0.019790110978395045 0.039245249407328701 0.042982441885465503 0.015443675092294587 0.026672902029276458 0.031821242779751097 0.047345933274926456 0.041444806627348868 0.029664736878334659 0.012195574947656045 0.024547856391600533 -0.0003180549543363084 0.028957142218010008 0.023657052063739789 0.038948785633518432 -0.013699538186937442 0.01887196390308591 -0.025229037326325462 -0.00043100358725204306 0.0742118862586819 0.052796197588593358 0.022485203854853902 -0.050396613031519003 -0.050377671915432035 0.041035219491279716 0.040184484212220761 -0.054914529358610645 0.090411792558602599 -0.050313814224319908 0.1658831325852036 -0.051541209789256005 -0.051843007764231709 -0.05034483164507695 0.11716619425561035 -0.050164535982010386 -0.050274307587153934 -0.050498759648046503 -0.050906112522832149 -0.053074072812169859 -0.053277442590754391 -0.050211988652842543 -0.050405629604255354
leaf_weight=1.0315882726572443 0.89153164252638761 446.0899997651577 878.14733545482159 1074.3200630992651 778.56985692679882 613.01039750990458 3146.3868574202061 3512.49354159832 81.282858729362488 108.16450733225793 714.78836258105002 794.19874354405329 2952.5522096008062 685.32896818756126 170.74879229580984 115.82860578084365 419.11958859488368 188.27071473374963 95.441082513425499 21.559092025738209 247.93749378295615 21.607706030830741 664.27151738107204 291.42129175644368 1.1995159504003807 6.8275077017024159 1.1639616861939432 11.059732898604123 0.17075007129460462 0.84984891396015871 2.2816744991578157 0.67344953306019284 0.58664553053677082 0.233384013408794 1.0737244198098777 1.6001826561987398 3838.0865114238113 4.7149805827066302 0.96022859122604132 0.6948038046248256 0.30121176177635789 0.11525416420772661 19.36703872657381 14.714097995543851
leaf_count=42 21 1082 2297 2216 1670 2034 6984 7306 155 275 3567 4250 6413 2544 705 1595 1332 639 402 114 3490 37 1424 780 197 1159 50 28 3 18 454 36 74 12 199 34 1175317 1113 131 53 9 4 4826 2107
internal_value=0.0129958 0.0264501 0.0288265 0.0305368 0.0343638 0.0157192 0.029873 0.0274371 0.0144124 0.0164288 0.0142979 0.0204705 0.0284995 0.00712384 0.018698 0.0218756 0.0259799 0.00760981 -0.00274244 0.0228825 0.007239 0.0302681 0.0475006 0.0276174 -0.0499662 -0.0187077 0.0441004 0.0626917 -0.0500619 0.00957648 -0.0500926 -0.00940836 0.0646598 -0.0474402 -0.00017242 0.085108 -0.0501301 -0.0271268 -0.0511654 -0.0505284 -0.0515617 -0.0506291 -0.0503061 -0.0502956
internal_weight=21930.1 18069 14793 12656 5663.55 3275.97 4220.71 6992.42 527.373 3239.58 2807.33 1508.99 6465.05 1298.34 2137.05 1661.03 1297.27 476.02 283.712 192.308 363.766 432.253 1442.84 399.586 3861.14 11.7872 3.96366 32.6674 3849.36 1.98083 3847.37 3.54177 1.2601 36.395 2.08051 2.76414 3843.83 5.74657 1.13098 7.82352 0.996016 1.18898 34.3145 34.0811
internal_count=1237198 58508 37824 27250 12294 20684 9200 14956 1237 13515 12395 7817 13719 4578 10574 8714 3629 1860 1041 819 5085 1120 3094 1055 1178690 1502 281 65 1177188 152 1177036 564 110 7169 224 84 1176472 1155 134 1221 62 203 6945 6933
is_linear=0
shrinkage=0.05


Tree=32
num_leaves=45
num_cat=0
split_feature=78 74 73 74 76 74 76 41 73 54 74 46 75 76 74 75 62 76 48 27 74 74 57 3 59 76 66 76 77 67 30 31 74 32 74 76 65 3 33 72 73 57 74 45
split_gain=6906.35 174.061 135.72 92.3452 69.3801 64.933 57.4298 52.6201 61.7208 50.2317 57.0283 49.1457 42.9713 37.9703 32.102 35.0943 31.6928 30.7733 29.5479 26.8264 24.4346 21.4259 20.7209 18.5756 18.527 17.8696 13.4138 6.65431 4.58256 8.79499 5.37884 2.73065 3.52136 2.33575 3.87204 7.58184 1.91505 2.60195 1.38168 3.83248 1.22364 5.15107 0.674403 0.000968038
threshold=0.068886077280793725 0.77235107975040262 33.500000000000007 0.79470359839972693 0.082331710859778681 0.32450945056678204 0.24487749970953815 0.5375427007675172 9.5000000000000018 0.99999886430482721 0.6256694159269357 0.64613580925817204 0.53637184124417125 0.091759116539973581 0.92499652337813132 0.025815472311926973 70.500000000000014 0.49641421295849492 0.91112678263595059 0.71747428178787243 0.82006021917769722 0.10999672777298637 12.500000000000002 0.41910777986049658 0.84045454545454557 0.3887213723125818 4.5000000000000009 0.51987012477728023 0.039448129013839019 2.5000000000000004 0.92012271285057079 0.90422871708869945 0.92499652337813132 1.0000000180025095e-35 0.60336812859337219 0.58598518198972938 1.0000000180025095e-35 0.45206411182880407 0.86799004673957836 2.5000000000000004 3.5000000000000004 8.5000000000000018 0.29536426030390478 -1.0000000180025095e-35
decision_type=2 2 2 2 2 2 2 2 2 2 2 2 2 2 2 2 2 2 2 2 2 2 2 2 2 2 2 2 2 2 2 2 2 2 2 2 2 2 2 2 2 2 2 2
left_child=28 5 4 13 14 21 9 16 -9 10 -7 17 -11 19 15 -3 -6 -8 -15 -4 23 36 42 -5 -24 -13 -16 -22 31 30 -30 33 43 40 35 -35 37 -2 39 -32 41 -1 -23 -33
right_child=1 2 3 20 7 6 11 8 -10 12 -12 25 -14 18 26 -17 -18 -19 -20 -21 27 22 24 -25 -26 -27 -28 -29 29 -31 38 32 -34 34 -36 -37 -38 -39 -40 -41 -42 -43 -44 -45
leaf_value=0.071514050130208243 0.063471694992104075 0.028802152362213014 0.019234656541745859 0.0185171738996916 0.0051962754580689658 0.016435051341936503 0.023937825979261505 0.037919843396906544 -0.0060292781070717498 0.015672887161101993 0.039002640672687647 -0.0070064966681417616 0.027740119994970378 0.082404362956064028 0.03125362655173667 0.020174616572876006 0.042814375062473535 -0.0035188608061298061 0.013015394653788231 0.035295936482463409 0.055125930996427687 -0.059786574947134102 0.022871415271988174 0.042887752026218008 -0.016553417897095211 -0.041727276055654357 0.043488627158576744 0.027852687090025974 -0.050377236635965543 -0.050502676636679324 0.098974891579346747 -0.050474347351502719 0.084369196013001774 -0.050626094653622361 -0.050247802603527569 0.19009026964773129 -0.050291134622858849 -0.050598389063162635 0.13886225462908591 -0.050586501917165051 -0.050156487427856902 -0.050261046303904183 -0.087794732277112306 -0.054655222503018498
leaf_weight=1.0768495616503049 0.89550679014064316 2774.0626703649759 308.67923209071159 84.501834803260863 841.12596340826713 461.54527540691197 275.58399299811572 366.91687465365976 102.11985009443015 3241.9581226408482 711.4404768794775 121.6485528210178 955.07814361155033 15.985346040222792 1316.0452637225389 2049.5531445890665 59.982244447804987 162.06547143030912 381.28629870386794 1647.9412351697683 521.44771423563361 8.9050372706260514 59.358961862046272 1046.7978891988751 59.839865675428882 53.29155046492815 269.97412869334221 23.367270261980593 1.1414426590781639 7.4456618505064398 1.5698160463944084 0.91382832010276605 0.86477081105113018 0.72280073584988647 2.173177476041019 0.59754991438239813 32.65045914426446 1.1316602926235644 0.70323782507330168 0.58906119083985675 3651.4720362939406 4.4861817930359393 2.8330315896309903 0.1631735903210928
leaf_count=42 21 5890 718 254 3519 1561 1549 1126 568 8550 1585 608 2154 101 2734 4575 161 2931 1891 3447 1135 171 891 2713 784 908 517 271 197 1221 9 131 18 71 488 5 6945 203 3 72 1175317 1113 27 3
internal_value=0.0125097 0.0252883 0.0288401 0.0362874 0.0249823 0.0184659 0.0193208 0.0147696 0.0283511 0.0209754 0.0301228 0.00481653 0.0184189 0.0299006 0.0271653 0.0251363 0.00770032 0.0137704 0.0158075 0.0327621 0.0452569 -0.0124174 -0.00316227 0.0410674 0.00307947 -0.0175834 0.0333363 0.0539562 -0.0499516 -0.0183682 0.0413943 -0.0500503 0.00922705 -0.0500818 -0.00921749 0.0583147 -0.0473634 -0.000207607 0.0779937 0.0581663 -0.0501208 -0.0266887 -0.0665465 -0.0511078
internal_weight=21631.9 17958 11809.8 4030.01 7779.78 6148.23 5982.61 1370.14 469.037 5370.02 1172.99 612.59 4197.04 2353.89 6409.64 4823.62 901.108 437.649 397.272 1956.62 1676.11 165.615 130.937 1131.3 119.199 174.94 1586.02 544.815 3673.92 11.4492 4.00356 3662.47 1.94177 3660.53 3.49353 1.32035 34.6776 2.02717 2.86212 2.15888 3657.04 5.56303 11.7381 1.077
internal_count=1237198 58508 29620 10530 19090 28888 19846 5374 1694 13850 3146 5996 10704 6157 13716 10465 3680 4480 1992 4165 4373 9042 1873 2967 1675 1516 3251 1406 1178690 1502 281 1177188 152 1177036 564 76 7169 224 84 81 1176472 1155 198 134
is_linear=0
shrinkage=0.05


Tree=33
num_leaves=45
num_cat=0
split_feature=78 74 77 74 43 74 74 74 53 44 75 67 43 43 75 56 3 74 21 13 19 19 75 28 74 77 67 30 28 74 32 38 75 27 64 43 57 43 29 46 50 74 53 54
split_gain=6424.11 167.867 79.3691 59.8787 51.9464 166.999 49.0147 46.2092 45.0103 42.8771 38.6346 37.9798 52.2088 48.3111 35.9855 32.8886 32.3007 31.7961 27.0454 26.6927 20.9091 20.8192 18.2688 17.1622 8.25998 4.48839 8.25523 4.83589 2.63255 3.21116 2.30612 3.55365 4.38134 1.86436 2.49145 1.22948 4.73607 1.16253 3.65087 0.000829969 0.000363424 0.000241738 0.000138493 9.84095e-05
threshold=0.068886077280793725 0.74348949484549276 0.71016232810857505 0.88639957800627434 18.500000000000004 0.81611493993381334 0.10999672777298637 0.7893625098381466 0.42606564308231526 0.99963924459869846 0.078475920353997017 2.5000000000000004 287.50000000000006 323.50000000000006 0.094452860622355431 29.500000000000004 0.96524760127067577 0.93409761802761604 1.0000000180025095e-35 0.90521115064620983 0.95898419618606578 0.89488223195076 0.044432601129475897 0.60009935498237621 0.84164048756937737 0.039448129013839019 2.5000000000000004 0.92012271285057079 0.85756292939186107 0.92499652337813132 1.0000000180025095e-35 1.5000000000000002 0.58105147084522546 0.99671053886413585 1.0000000180025095e-35 3.5000000000000004 8.5000000000000018 40.500000000000007 0.92820656299591076 0.99891189053205143 1.5000000000000002 0.81707632756450399 0.31625573833342641 0.99994914122396128
decision_type=2 2 2 2 2 2 2 2 2 2 2 2 2 2 2 2 2 2 2 2 2 2 2 2 2 2 2 2 2 2 2 2 2 2 2 2 2 2 2 2 2 2 2 2
left_child=25 6 3 8 17 7 33 -6 19 -10 21 16 15 -14 -12 -13 18 22 -8 -3 -18 -5 -4 -19 -7 28 27 -27 30 39 35 -32 -33 43 42 36 -1 -29 -39 -30 -28 -42 -35 -2
right_child=1 2 4 10 5 24 11 -9 9 -11 14 12 13 -15 -16 -17 20 23 -20 -21 -22 -23 -24 -25 -26 26 40 37 29 -31 31 32 -34 34 -36 -37 -38 38 -40 -41 41 -43 -44 -45
leaf_value=0.06533870243257596 -0.05019806881455955 0.04316845556896419 0.023805072637596032 0.026341694974393284 0.02548657609613075 0.049070349354350042 0.023670727155084031 0.034829077086901472 0.010903032712027135 0.029298304877039917 -0.032236793840507476 0.019802855447609832 0.098017373074926598 -0.0060891855691020819 0.020708962000021647 0.006691571150011128 -0.031819121679068314 0.046166757203092906 -0.00044168362040257491 0.019143298865571076 0.028339765192510975 0.038997899953613004 0.014410510969182494 0.028160463945013564 0.060179550997624377 -0.050358808637711916 -0.050341660803044724 0.1040771280291799 -0.05045176590870596 0.079022812340537582 -0.050285453432773047 -0.050468952100499676 0.13123578788722093 -0.050361459343651972 0.06268781202543873 -0.050148829941220587 -0.050248084697956344 0.11238257231927029 -0.05065069458857055 -0.054410567571937213 -0.050835707783776399 -0.052568581466612599 -0.052121259751137072 -0.050378954360012086
leaf_weight=1.1185556729324151 18.325680784415457 224.12795914756134 1375.5254575014114 634.15656932583079 4264.5248086154461 613.78614600002766 180.8930562522728 1919.2063133716583 2041.947358280886 374.94267650181428 33.806061665993184 1550.0431863169651 36.457226444035769 16.04952391423285 633.19179806346074 691.74415521579795 89.439860270358622 165.85037548840046 325.64025057572871 238.77997404988855 17.225350320339203 666.3866298282519 829.57770296931267 654.78398507833481 230.02962782979012 1.0861611529253408 6.1812116773799062 1.4925308013334873 0.87829890055581816 0.87678518705070008 2.0709897628985341 0.57801310019567587 0.7786777401342988 0.96238482277840265 0.87650610436685372 3473.8975518282969 4.2666251675691456 0.77957295812666394 0.61371698183938861 0.15589578961953521 0.60237128427252162 0.30223629809916019 0.1264950861223042 12.750985666643826
leaf_count=42 5020 1479 3007 1676 9428 1305 899 4248 7131 1061 123 6470 134 101 2015 3106 449 312 1256 1863 54 1438 1909 1391 484 197 1159 10 132 18 454 86 24 188 6 1175316 1113 3 71 3 50 12 9 1946
internal_value=0.0120425 0.0241866 0.0263411 0.0210859 0.028875 0.0312334 0.0132689 0.0283862 0.0164924 0.0137568 0.027809 0.0139571 0.0169115 0.0661955 0.0180255 0.0157571 0.00290331 0.0233976 0.00816933 0.0307757 -0.0221041 0.0328266 0.0202708 0.0317995 0.0520988 -0.0499383 -0.0181335 0.0395686 -0.0500392 0.00863009 -0.0500714 -0.00907961 0.0538212 -0.0472855 -5.79721e-05 -0.0501118 -0.0262396 0.0734154 0.0405696 -0.0510485 -0.0504786 -0.0514147 -0.0505659 -0.0502723
internal_weight=21336.8 17841.2 14900.6 4847.34 10053.3 7027.55 2940.53 6183.73 2879.8 2416.89 1967.54 2907.49 2294.29 52.5068 666.998 2241.79 613.199 3025.74 506.533 462.908 106.665 1300.54 2205.1 820.634 843.816 3495.68 11.0578 3.97198 3484.62 1.91098 3482.71 3.42768 1.35669 33.0421 1.96539 3479.28 5.38518 2.88582 1.39329 1.03419 7.08582 0.904608 1.08888 31.0767
internal_count=1237198 58508 38870 16786 22084 15465 19638 13676 11534 8192 5252 12469 9811 235 2138 9576 2658 6619 2155 3342 503 3114 4916 1703 1789 1178690 1502 281 1177188 153 1177035 564 110 7169 203 1176471 1155 84 74 135 1221 62 197 6966
is_linear=0
shrinkage=0.05


Tree=34
num_leaves=45
num_cat=0
split_feature=78 74 76 43 74 54 74 74 43 43 43 74 21 74 22 52 76 47 27 76 46 36 43 57 33 10 74 27 72 78 67 13 65 3 44 47 51 66 43 43 46 35 28 47
split_gain=5977.89 157.682 93.4425 57.0794 133.398 48.9122 47.1773 46.4577 43.4195 35.3627 94.139 58.3655 33.4625 30.9353 28.9075 28.6409 24.7008 28.7328 26.5885 22.1026 37.0532 21.5052 11.064 8.41303 4.31441 5.29223 3.11622 2.82377 2.62236 6.49688 7.8234 1.83891 1.80976 2.29124 1.5747 1.17233 5.62527 5.9957 0.00117613 0.0022801 0.000738382 0.000337177 0.000155206 0.000142255
threshold=0.068886077280793725 0.74785458390773274 0.12387291353145517 24.500000000000004 0.79470359839972693 0.99999895787473358 0.88639957800627434 0.10999672777298637 14.500000000000002 323.50000000000006 287.50000000000006 0.52014156185220484 1.0000000180025095e-35 0.81611493993381334 1.0000000180025095e-35 0.0063645288212225851 0.40935916975331404 0.65873203582663697 0.98726060986518871 0.52979936332408595 0.36866659035396082 11.500000000000002 583.50000000000011 21.500000000000004 0.86799004673957836 0.54631218314170849 0.92499652337813132 0.88939857482910167 2.5000000000000004 0.04189748574694898 2.5000000000000004 0.99404761195182811 1.0000000180025095e-35 0.45206411182880407 0.99843563879756203 0.41632551829129177 0.4268504470574177 3.5000000000000004 287.50000000000006 297.50000000000006 0.99999838919154427 7.5000000000000009 0.85756292939186107 -0.070588985514599009
decision_type=2 2 2 2 2 2 2 2 2 2 2 2 2 2 2 2 2 2 2 2 2 2 2 2 2 2 2 2 2 2 2 2 2 2 2 2 2 2 2 2 2 2 2 2
left_child=24 7 3 6 5 -5 8 32 -3 10 12 -12 -9 -6 19 -8 17 -16 -18 20 -4 -21 23 -11 28 -26 40 -24 29 38 34 -28 33 -2 -31 42 37 -37 -1 -40 -27 -35 -30 -34
right_child=1 2 14 4 13 -7 15 9 -10 22 11 -13 -14 -15 16 -17 18 -19 -20 21 -22 -23 27 -25 25 26 31 -29 35 30 -32 -33 43 41 -36 36 -38 -39 39 -41 -42 -43 -44 -45
leaf_value=-0.050178210896115183 0.05903598272611791 0.011171307695052597 0.046306290438142834 0.038371473597101309 0.037116232724931975 0.023733421637699779 0.027390717588030869 0.019263892668170329 0.024703174329438068 -0.065376416514689173 -0.038047407443045342 0.10346999385695783 0.0088601403261154513 0.050983413814495518 0.02226467680303142 -0.052508569947259859 -0.015982960238841222 -0.0012906377962274066 0.044846355041879359 0.012995563900957657 0.019693530348898779 -0.030610698478463053 -0.010195945244179183 -0.0050609735865014462 0.1184846928997869 -0.050328013947932904 -0.050311206849122575 0.051022430584439331 -0.050142081880239955 0.028961699012227522 -0.050330369129230203 0.086920929479918863 -0.051585073013142094 -0.050296121199643086 0.10424985113456493 -0.050282483773838461 -0.050193783812511439 0.17774155088525589 -0.05825520422274523 -0.0503165018706637 -0.054170876154353315 -0.05325890636456642 -0.052070241138221597 -0.050254971052177959
leaf_weight=12.309496037196368 0.88276359601877885 1160.6074239909649 152.8543863594532 669.07026278972626 1100.8455137312412 3880.5728781819344 3630.7861202955246 1341.3885446041822 1211.6991964429617 21.215058898553256 8.7111606006510538 44.527200027368963 1823.6601770753041 633.68619717657566 322.402822509408 11.250819772481917 153.56121717905626 216.32872285693884 20.344103878363967 345.48781032580882 906.23662308976054 30.793988625053316 3.9541414543054989 7.9471528073772779 0.75171140721067686 3.0807947695720945 0.35044131078757323 3.5973968515172601 3296.1875349425245 1.2120009802747511 2.4145772343035787 0.8045518952421844 0.20240536751226201 0.92837804113514699 1.6266367083881048 0.54188127419911214 5.5174963718745857 0.61599399545229971 0.13387648691423315 0.27881345245987177 0.13028671965003003 0.10710654151625931 0.10437020030803879 29.361126823350784
leaf_count=3889 21 2731 366 1389 2496 8770 7745 6773 2643 158 63 134 6297 1440 753 36 1347 635 130 4329 2627 387 25 50 7 634 69 15 1171689 85 487 9 12 200 25 116 1591 11 3 65 2 3 8 6933
internal_value=0.0115853 0.0231224 0.0253712 0.0270518 0.0303841 0.0258861 0.0235699 0.0132372 0.018083 0.0138218 0.0143785 0.0803141 0.0132694 0.0421824 0.0157491 0.0271439 0.00751714 0.012806 -0.00886692 0.0198362 0.0235344 0.00942693 -0.034972 -0.0489395 -0.0499254 -0.00405262 -0.02515 0.0189672 -0.0499961 -0.0309503 0.0158287 0.0452828 -0.0472104 -0.000147726 0.0721044 -0.0500998 -0.0291674 0.0710272 -0.0502662 -0.0528918 -0.0504839 -0.0506026 -0.0501421 -0.0502641
internal_weight=21059.1 17733 14446.5 12298.5 6284.17 4549.64 6014.34 3286.48 2372.31 3255 3218.29 53.2384 3165.05 1734.53 2148.01 3642.04 712.637 538.732 173.905 1435.37 1059.09 376.282 36.7138 29.1622 3326.06 5.11779 4.36607 7.55154 3320.94 17.9754 5.25321 1.15499 31.4818 1.91825 2.83864 3302.97 6.67537 1.15788 12.7222 0.41269 3.21108 1.03548 3296.29 29.5635
internal_count=1237198 58508 37824 27250 14095 10159 13155 20684 5374 13515 13267 197 13070 3936 10574 7781 2865 1388 1477 7709 2993 4716 248 208 1178690 721 714 40 1177969 4554 597 78 7169 224 110 1173415 1718 127 3957 68 636 203 1171697 6945
is_linear=0
shrinkage=0.05


Tree=35
num_leaves=45
num_cat=0
split_feature=78 74 73 76 78 75 74 45 76 73 74 74 74 45 35 74 75 44 56 73 74 29 74 76 53 67 44 44 75 33 74 46 77 67 30 31 17 32 74 76 73 78 73 60
split_gain=5566.44 152.549 129.03 75.9555 53.8357 53.0422 42.5082 39.7888 51.867 37.7467 90.3405 75.2894 33.9598 33.4968 24.8361 28.4469 22.4836 22.9654 18.7337 23.4121 20.8062 16.9059 19.8895 14.9803 14.7788 12.6585 11.4265 11.3702 10.6363 7.4009 6.2336 5.72785 4.32659 7.34224 4.08884 2.47716 2.7716 2.24203 3.1031 4.44259 1.22339 4.27648 0.951995 2.97931
threshold=0.068886077280793725 0.77235107975040262 79.500000000000014 0.11077337920917406 0.43092195823604534 0.38925519434202266 0.79298274993015416 -0.085541502036153585 0.091759116539973581 16.500000000000004 0.81611493993381334 0.88639957800627434 0.66960857994731116 -0.31743106009849426 1.0000000180025095e-35 0.70524947861366449 0.035329320115973013 0.99756899022253942 28.500000000000004 32.500000000000007 0.81611493993381334 0.99674776196479808 0.74896864984785394 0.60146468131813691 0.06995794498432141 4.5000000000000009 0.99971168568543189 0.95275155902383435 0.19253458303394885 0.25628395378589636 0.69201196119866226 0.99999899657686442 0.039448129013839019 2.5000000000000004 0.92012271285057079 0.90422871708869945 0.83402201533317577 1.0000000180025095e-35 0.60336812859337219 0.58598518198972938 3.5000000000000004 0.04189748574694898 40.500000000000007 30.500000000000004
decision_type=2 2 2 2 2 2 2 2 2 2 2 2 2 2 2 2 2 2 2 2 2 2 2 2 2 2 2 2 2 2 2 2 2 2 2 2 2 2 2 2 2 2 2 2
left_child=32 4 3 9 13 7 16 12 -9 11 -11 -3 -6 14 25 -16 26 -18 19 -5 -20 27 -23 28 -25 -2 -4 -7 -8 30 -15 -31 35 34 -34 37 -37 40 39 -39 41 -1 -36 -44
right_child=1 2 6 18 5 21 23 8 -10 10 -12 -13 -14 29 15 -17 17 -19 20 -21 -22 22 -24 24 -26 -27 -28 -29 -30 31 -32 -33 33 -35 42 36 -38 38 -40 -41 -42 -43 43 -45
leaf_value=-0.050246426169670705 -0.020451720148635177 0.011881573595109229 0.038657853271749892 0.012913246399646361 0.0070735921353526354 0.052312662929576016 0.050410820546461135 0.013309720997424938 -0.011557848703664957 0.025212400361722495 0.045377736763197792 0.026116336232085292 0.030281025045128303 -0.051158486630036505 -0.022283837421900238 0.023943011684923115 0.03106456772072106 0.0039517268384247064 -0.0069465147936835191 0.030178638246569352 0.01405977089286365 0.018978214525417949 0.031129588725234688 0.10372560710301065 -0.033904622801489426 0.083100948844815628 -0.0072748419438001368 0.0011769732424198899 0.033420194911446009 -0.039916826860497079 0.2148382585204463 0.093345973099215385 -0.050335709820292965 -0.050433725903344717 0.094199384006538323 0.072899621442037363 -0.050937425456293921 -0.050543498396500831 -0.05022201402696258 0.12920858482729031 -0.050134627396049618 0.060349357152959131 0.098317203199837791 -0.051025102843598492
leaf_weight=3.8971741816494605 91.333787123905495 1253.4357019811869 499.42571879923344 844.70989520242438 215.47381121199578 81.154138714075089 650.18625818938017 3219.4538552223239 224.29192534461617 2758.1520004272461 695.44902753829956 3587.7693580985069 587.24572950601578 0.37404325883835454 42.328271717764437 155.69191028457135 204.21309465961531 126.47224659426138 205.44841273128986 255.80959319742396 276.55360977258533 896.38304759562016 539.39499501883984 2.4195909341797224 10.061478303745387 3.0497567935381076 13.917055984027682 12.552162647247313 107.31364932283759 61.597903240704909 0.53570538759231567 0.81702719442546268 1.0039711138233527 6.4203939840663224 1.5113654090091588 0.86820121109485515 0.94211158133111894 0.62672089599072867 1.9073294843547044 0.76127945072948933 3144.2110728796106 1.1267989473417399 0.80993698420934357 0.56826625182293355
leaf_count=1078 1102 2931 1157 3445 1302 166 1493 11765 924 6255 1493 7725 1530 56 1327 2049 578 389 1122 1259 1170 2234 1131 14 255 21 46 38 288 5239 1 3 197 1221 10 14 138 71 488 5 1175317 77 12 62
internal_value=0.0111438 0.0221081 0.0255062 0.0233645 0.0157397 0.0169024 0.038613 0.0140268 0.0116901 0.0252796 0.0292731 0.0224308 0.0240515 -0.00313883 0.00400132 0.0140617 0.0308628 0.0206951 0.0133262 0.0169265 0.00510606 0.0248862 0.0235433 0.0471086 -0.00722351 -0.0171057 0.0374126 0.0454629 0.0480038 -0.0361087 0.105474 -0.0381724 -0.0499128 -0.0175816 0.0365911 -0.0500185 0.00845313 -0.0500521 -0.00883151 0.0480455 -0.0500952 -0.0254415 0.0667936 0.0367398
internal_weight=20787.7 17623 11491.3 9877.33 6131.68 5775.95 1614.01 4246.47 3443.75 8294.81 3453.6 4841.21 802.72 355.728 292.404 198.02 844.028 330.685 1582.52 1100.52 482.002 1529.48 1435.78 769.981 12.4811 94.3835 513.343 93.7063 757.5 63.3247 0.909749 62.4149 3164.65 10.3139 3.89354 3154.34 1.81031 3152.53 3.29533 1.388 3149.24 5.02397 2.88957 1.3782
internal_count=1237198 58508 29620 25400 28888 19090 4220 15521 12689 18404 7748 10656 2832 9798 4499 3376 2170 967 6996 4704 2292 3569 3365 2050 269 1123 1203 204 1781 5299 57 5242 1178690 1502 281 1177188 152 1177036 564 76 1176472 1155 84 74
is_linear=0
shrinkage=0.05


Tree=36
num_leaves=44
num_cat=0
split_feature=72 76 74 43 74 43 74 74 43 54 77 44 44 66 74 74 74 57 43 66 40 47 56 48 60 67 77 74 27 27 43 31 64 54 75 54 67 32 47 76 62 32 77
split_gain=4935.19 185.536 154.304 63.2645 163.146 79.9085 45.09 43.9278 61.7502 41.7348 40.0697 33.1041 30.6191 45.2662 28.8506 23.3416 16.6898 18.2324 15.5488 18.2313 21.6715 14.5561 13.9962 12.6844 9.48028 5.34747 4.31863 3.90398 3.7746 4.3181 2.20431 4.43548 1.79688 1.46397 0.393366 0.134296 0.109867 0.074487 0.0994329 0.0530888 0.0153958 0.000366826 0.000119346
threshold=5.5000000000000009 0.59391413434887597 0.74197873022009542 33.500000000000007 0.79470359839972693 50.500000000000007 0.32450945056678204 0.80381798312439978 18.500000000000004 0.99996408959079042 0.079371427573475192 0.99445436115853647 0.95042453781657465 2.5000000000000004 0.66489795452513611 0.82006021917769722 0.10999672777298637 12.500000000000002 118.50000000000001 2.5000000000000004 14.500000000000002 0.41632551829129177 24.500000000000004 0.85666097838452793 52.500000000000007 5.5000000000000009 0.079371427573475192 0.82577494622058778 0.97446763515472423 0.97515434026718151 3.5000000000000004 0.48782137036323553 1.0000000180025095e-35 0.99999886430482721 0.0038922630492294612 0.99999856055236036 1.5000000000000002 1.0000000180025095e-35 -0.078296305064787422 0.61035662396954138 2.5000000000000004 1.0000000180025095e-35 -0.018545217684821477
decision_type=2 2 2 2 2 2 2 2 2 2 2 2 2 2 2 2 2 2 2 2 2 2 2 2 2 2 2 2 2 2 2 2 2 2 2 2 2 2 2 2 2 2 2
left_child=1 2 6 7 5 -5 16 11 -9 26 33 -4 14 -14 -8 -6 32 -18 19 20 -11 -21 23 -12 -25 27 30 34 39 -30 31 -3 -1 35 -24 37 -37 42 -39 -20 -38 -32 -2
right_child=10 9 3 4 15 -7 12 8 -10 18 22 -13 13 -15 -16 -17 17 -19 28 21 -22 -23 25 24 -26 -27 -28 -29 29 -31 41 -33 -34 -35 -36 36 40 38 -40 -41 -42 -43 -44
leaf_value=-0.05025011029557222 -0.050414640323734654 -0.050219394833105752 0.023548246923804028 0.03340425120145251 0.037428372539090246 0.019115510263139096 0.012554467420212809 0.020718840311396335 0.037347312788769085 0.020119266808590917 -0.042332619762309058 0.0076831677601161795 -0.014291851209734585 0.011132817415381472 0.029040512010047079 0.050857162463164997 -0.065189060519499173 -0.0011306016849800102 -0.059515684121121272 -0.0037344708166113672 0.26248051428860802 -0.04303647394624302 -0.088601572761749667 0.039073261184048476 0.14014989451136503 0.046617987404391478 0.0086539716827613699 0.017535957173161261 0.11565156329678002 -0.052379828651765603 -0.050131838963767029 0.086677565278992105 0.00098028699990784676 -0.091295734185487448 -0.057687800823507052 -0.084703307692648971 -0.066560380675268774 -0.091199858251651694 -0.05481670711158964 -0.052086162596100695 -0.050962917219258365 -0.052463129187756585 -0.050127865879522837
leaf_weight=29.25702243484557 3.6325848835986099 1.7365144924260669 486.67425945401192 1327.7605581693351 1032.4023904390633 3719.3785281497985 722.35259288549423 5705.382865011692 618.86737171560526 51.459488075692207 2.7641578316688564 1013.6227252501994 201.44029857148416 1337.154766065767 419.48579346761107 471.32086628302932 12.171446098014711 127.11686932854354 2.8204570084344658 211.22420970536768 0.93919911957345803 26.516510469838977 1.3011512188240866 5.8609872711822373 3.8396126190200448 1.9831793783232559 3.4564354373142114 1.9120808374136684 0.73626357316970714 0.79538463335484266 72.371697484282777 0.89749347278848279 1.8179616059642274 2.1624445684719822 4.9205945474095643 0.49475254747085162 0.2125010066665709 0.24767227470874786 0.77667392417788395 16.3031745783519 0.6192528132814914 0.16913011809810896 2875.2082651886158
leaf_count=7557 1264 560 1158 3106 2543 9335 5805 12936 1330 2098 20 2579 858 4844 1111 1162 448 3453 77 10659 28 1306 17 38 20 9 27 17 1 83 28072 50 219 26 87 6 6 1 146 2179 121 23 1131813
internal_value=0.0107186 0.0206775 0.021449 0.0235563 0.0271814 0.0228745 0.0108225 0.0205213 0.022346 -0.013451 -0.0496516 0.0128296 0.0124078 0.0078041 0.0186111 0.0416374 -0.0141201 -0.00672823 -0.00521786 -0.00223389 0.0244634 -0.00811804 0.0166929 0.0521563 0.0790806 -0.0270001 -0.0459932 -0.0449496 -0.0471329 0.0283929 -0.0485058 -0.00357408 -0.047253 -0.0501712 -0.0641528 -0.0501404 -0.0660459 -0.050133 -0.0636136 -0.0531819 -0.0549478 -0.0501373 -0.0501282
internal_weight=20521.6 17615.6 17226.2 14375.4 6550.86 5047.14 2850.8 7824.55 6324.25 389.426 2905.94 1500.3 2680.43 1538.6 1141.84 1503.72 170.363 139.288 310.795 290.139 52.3987 237.741 22.5818 12.4648 9.7006 10.117 78.6313 8.13383 20.6553 1.53165 75.1748 2.63401 31.075 2883.35 6.22175 2881.19 1.32651 2879.87 1.02435 19.1236 0.831754 72.5408 2878.84
internal_count=1237198 103607 58444 34149 16146 12441 24295 18003 14266 45163 1133591 3737 12618 5702 6916 3705 11677 3901 16431 14091 2126 11965 208 78 58 130 28732 121 2340 84 28705 610 7776 1133383 104 1133357 133 1133224 147 2256 127 28095 1133077
is_linear=0
shrinkage=0.05


Tree=37
num_leaves=45
num_cat=0
split_feature=78 74 43 76 75 41 48 74 74 21 61 75 43 74 74 43 27 44 74 76 53 44 74 57 6 75 10 19 74 77 17 43 43 28 74 32 33 33 62 64 43 57 37 42
split_gain=4838.74 138.341 121.797 71.8255 48.534 46.7905 44.202 39.9369 39.9121 39.7381 42.069 41.5891 35.5438 51.0073 37.2309 31.7923 26.5476 18.0879 15.099 13.0497 12.3566 11.3831 14.2417 16.905 13.1578 10.838 10.8046 9.02212 7.51736 4.2471 6.13279 2.5964 3.80424 2.4074 2.56836 2.24959 2.82787 3.53932 1.7973 2.13427 1.18878 3.83159 1.00919 0.000537722
threshold=0.068886077280793725 0.77235107975040262 79.500000000000014 0.11077337920917406 0.59540499793870738 0.52160504460334789 0.7317390752032521 0.10999672777298637 0.79298274993015416 1.5000000000000002 32.500000000000007 0.010302711772152919 24.500000000000004 0.81611493993381334 0.90671793854888028 7.5000000000000009 0.79925373196601879 0.98613452536999235 0.77662412612045773 0.60146468131813691 0.06995794498432141 0.94085164647736752 0.7290236495815311 9.5000000000000018 0.87585616111755382 0.19253458303394885 0.79205974936485302 0.71087193489074718 0.65107833610720711 0.039448129013839019 0.88949939608573925 116.50000000000001 117.50000000000001 0.85756292939186107 0.92499652337813132 1.0000000180025095e-35 0.56642282009124767 0.56949043273925792 1.0000000180025095e-35 1.0000000180025095e-35 3.5000000000000004 8.5000000000000018 2.5000000000000004 1.5000000000000002
decision_type=2 2 2 2 2 2 2 2 2 2 2 2 2 2 2 2 2 2 2 2 2 2 2 2 2 2 2 2 2 2 2 2 2 2 2 2 2 2 2 2 2 2 2 2
left_child=29 4 3 12 7 6 -5 38 16 11 -11 -9 14 -14 -3 -7 17 -4 -18 25 -21 24 26 -24 28 -10 -23 -26 -6 33 31 -31 -33 35 43 40 -37 -38 39 -2 41 -1 -32 -35
right_child=1 2 8 5 21 15 -8 9 19 10 -12 -13 13 -15 -16 -17 18 -19 -20 20 -22 22 23 -25 27 -27 -28 -29 -30 30 42 32 -34 34 -36 36 37 -39 -40 -41 -42 -43 -44 -45
leaf_value=0.054696357380407803 -0.050538533485927677 0.017530615642556441 0.047083665364153988 -0.014493154454636335 0.011726704682562069 0.034095301354294436 0.010822956965429335 0.02374300794684088 0.048297118911500028 -0.035443522673425737 0.0059829298511381145 0.011865202952867379 0.025352331553409213 0.045739806602436955 0.02568289523378129 0.0086815892856491415 0.018928836464715035 0.010112753339739117 0.039093707111228074 0.091980837994972031 -0.032417827848402629 0.031887623428812503 -0.030621589367319818 0.0261746115887267 0.043249077173516226 0.030835058085073547 0.0011231931710068684 0.013934853415764404 0.050864675804122045 -0.05044325134732458 0.034549510710585422 0.10154689044047532 -0.050333224186418314 -0.053800610039336408 0.069681600823092354 -0.050264444520647635 0.11131293241276444 -0.050351089253116814 -0.050236133571735411 0.058577325345061541 -0.050121905348057653 -0.050222958196619198 0.11013722765946626 -0.050396786417002008
leaf_weight=1.1428085067309428 0.94081280846148974 3170.0963571071625 38.927568022161722 216.24468284472823 13.982286885380743 311.22296368610114 850.78113727131858 951.81821084534749 619.26841907948256 66.283867272082716 812.43968349765055 3264.8387261328753 2106.6163876801729 359.08826763927937 2508.9071527123451 203.54950736789033 116.75402569025755 220.35999137023464 453.06849262397736 2.5206929510459295 9.5941619435325247 36.97297576861456 13.407069776207207 574.53142320550978 37.306521272286773 103.74461874738336 125.12621351424605 88.546055546496063 100.12797991652042 6.3601374609861505 1.0718702152371395 0.76596651924774029 0.89292169036343694 0.1368879573419679 0.86817487422376871 1.7431690206285559 0.82725357543677069 0.57310255151242018 26.568272730801255 0.85577483824454248 2847.5345065654255 3.6475871461443603 0.75094899721443642 0.76141703524626791
leaf_count=42 197 7198 112 1063 35 976 3900 2763 1493 249 2587 13274 4888 875 5443 1057 300 707 1051 14 255 138 53 1620 106 288 425 238 231 1252 50 5 193 3 18 427 9 128 6966 6 1175316 1113 2 132
internal_value=0.0103027 0.0202174 0.0234977 0.0214151 0.0141595 0.0116654 0.00569236 0.0122013 0.0364472 0.0125307 0.00285805 0.0145464 0.0233086 0.0283214 0.0211322 0.0240463 0.0289267 0.0156633 0.034962 0.0449292 -0.00653466 0.0242943 0.0212617 0.0248795 0.0337731 0.0457915 0.00814021 0.0226245 0.046069 -0.0498844 -0.0170952 -0.0359131 0.0197951 -0.0499974 0.00835457 -0.0500334 -0.00775936 0.0451511 -0.0469632 0.001437 -0.05008 -0.0251931 0.0656895 -0.0509155
internal_weight=20271.6 17404.5 11290.7 9726.51 6113.75 1581.8 1067.03 5123.75 1564.24 5095.38 878.724 4216.66 8144.71 2465.7 5679 514.772 829.11 259.288 569.823 735.128 12.1149 990.001 750.038 587.938 239.963 723.013 162.099 125.853 114.11 2867.08 9.84184 8.01903 1.65889 2857.23 1.76648 2855.47 3.14353 1.40036 28.3649 1.79659 2852.32 4.7904 1.82282 0.898305
internal_count=1237198 58508 29620 25400 28888 6996 4963 26042 4220 18873 2836 16037 18404 5763 12641 2033 2170 819 1351 2050 269 2846 2236 1673 610 1781 563 344 266 1178690 1502 1450 198 1177188 153 1177035 564 137 7169 203 1176471 1155 52 135
is_linear=0
shrinkage=0.05


Tree=38
num_leaves=45
num_cat=0
split_feature=78 74 43 78 78 74 41 43 74 38 8 47 43 43 41 45 43 74 74 10 74 43 62 62 77 8 77 74 40 62 56 46 77 67 30 31 17 32 74 74 43 78 45 60
split_gain=4513.62 129.93 115.309 52.6079 46.8632 39.1503 37.8258 47.1008 32.8822 54.7778 50.0619 43.5131 36.4512 36.2909 31.5912 29.3466 25.9253 72.4395 66.6745 23.22 23.801 22.7578 18.9315 14.2484 13.3525 9.58523 12.9386 8.04028 7.47202 6.92966 17.7399 6.15281 4.15945 6.55561 3.42168 2.34111 2.41729 2.21069 2.62394 3.14646 1.18901 3.63638 0.797724 2.42233
threshold=0.068886077280793725 0.77235107975040262 79.500000000000014 0.92587920922628875 0.43092195823604534 0.79298274993015416 0.52126514911651622 14.500000000000002 0.66960857994731116 1.5000000000000002 0.85239651799201976 0.52664288881242227 283.50000000000006 50.500000000000007 0.55835041403770458 -0.31743106009849426 16.500000000000004 0.81611493993381334 0.88639957800627434 0.95875850319862377 0.70524947861366449 9.5000000000000018 12.500000000000002 45.500000000000007 0.3542742430227645 0.057417582720518119 0.57819165034846887 0.81707632756450399 18.500000000000004 30.500000000000004 8.5000000000000018 0.99999899657686442 0.039448129013839019 2.5000000000000004 0.92012271285057079 0.90422871708869945 0.83402201533317577 1.0000000180025095e-35 0.60336812859337219 0.59514543181355706 3.5000000000000004 0.04189748574694898 -0.84811453911904111 30.500000000000004
decision_type=2 2 2 2 2 2 2 2 2 2 2 2 2 2 2 2 2 2 2 2 2 2 2 2 2 2 2 2 2 2 2 2 2 2 2 2 2 2 2 2 2 2 2 2
left_child=32 4 3 6 15 22 7 -3 11 13 -11 14 -13 -10 -6 19 18 -18 -5 20 -2 -8 24 -24 -4 26 -7 -27 -21 31 -31 -17 35 34 -34 37 -37 40 39 -39 41 -1 -36 -44
right_child=1 2 5 16 8 25 21 -9 9 10 -12 12 -14 -15 -16 29 17 -19 -20 28 -22 -23 23 -25 -26 27 -28 -29 -30 30 -32 -33 33 -35 42 36 -38 38 -40 -41 -42 -43 43 -45
leaf_value=-0.05023091870702643 -0.020596522636020381 -0.0010495845436339607 -0.016998765656210956 0.0096786841378232909 0.0081533922956177132 -0.036517182891899168 0.03158657410445475 0.016699197043968203 0.019809476549471721 0.038370727533592913 0.006628931098438093 -0.0077583151075788608 0.037332142636265338 0.010184165323380612 0.033419928259379506 -0.048341954497686725 0.022297149491819025 0.042007846944579624 0.023631272178417165 -0.022820200596612977 0.019771164473771405 0.01070137914868155 0.0047760292969900734 0.038666933017541094 0.032724318016053446 0.041309425887992794 0.033709173241859354 0.052803938600789552 0.068306642527523373 0.32149014479868393 -0.016064902792333378 0.091958292062767066 -0.050305888732628437 -0.050390621055303175 0.086339008563561581 0.067762262876470761 -0.050858031643175372 -0.050491048577123936 -0.050195287025054117 0.10252688365726917 -0.050115941154231139 0.052187056949071664 0.086900209805816461 -0.050916022932827543
leaf_weight=3.4888562089763573 46.605029572732747 629.38449329021387 13.79419186292216 1150.5530422925949 377.27339713694528 7.8672199114225796 382.16201429464854 920.45180927496403 1687.9029030352831 470.18535497039557 168.8177182674408 479.72454348625615 49.440338897518814 2332.6047848463058 184.07250361214392 43.889739813050255 2449.2670153826475 575.69989132881165 3347.1177489161491 79.613162423484027 168.65221987385303 198.02006514556706 129.01159183075652 40.827136154286563 636.58600257337093 436.23037122422829 39.438108295202255 233.60491552343592 2.3149047309998414 0.398911153664815 16.032490151235834 0.7956075556576242 0.90251522487960611 5.7548809654545039 1.5092671038582923 0.8576690419577051 0.86028248048387468 0.55252291914075546 1.6616084019187836 0.85709617286920547 2708.9776111368556 1.1531297094188628 0.82062791637144961 0.52143284096382558
leaf_count=1078 1366 2389 180 2720 4292 59 1213 3683 4167 1112 441 1884 213 6024 957 3833 5760 1318 7360 1026 2084 957 444 150 1396 1214 100 677 23 15 1449 2 197 1221 7 14 138 70 488 6 1175317 77 12 65
internal_value=0.00990267 0.0193291 0.0225307 0.0205051 0.013464 0.0352488 0.0135682 0.00949146 0.0145572 0.0163864 0.0299849 0.00674143 -0.00354547 0.0142251 0.0164386 -0.00408031 0.0224693 0.0260484 0.020062 0.00240888 0.0110312 0.0244583 0.0277879 0.012923 0.0316697 0.043782 0.02203 0.0453181 -0.0202454 -0.0356345 -0.00786996 -0.045844 -0.0498723 -0.0168605 0.0345433 -0.0499877 0.00836189 -0.0500246 -0.00762789 0.042549 -0.0500726 -0.024789 0.0614002 0.0333543
internal_weight=20026.3 17298.3 11190 9652.66 6108.32 1537.36 2130.02 1549.84 5750.02 4659.51 639.003 1090.51 529.165 4020.51 561.346 358.302 7522.64 3024.97 4497.67 297.185 215.257 580.182 820.219 169.839 650.38 717.141 47.3053 669.835 81.9281 61.1167 16.4314 44.6853 2727.92 9.50872 3.75384 2718.41 1.71795 2716.69 3.07123 1.40962 2713.62 4.64199 2.85133 1.34206
internal_count=1237198 58508 29620 25400 28888 4220 8242 6072 19090 11744 1553 7346 2097 10191 5249 9798 17158 7078 10080 4499 3450 2170 2170 594 1576 2050 159 1891 1049 5299 1464 3835 1178690 1502 281 1177188 152 1177036 564 76 1176472 1155 84 77
is_linear=0
shrinkage=0.05


Tree=39
num_leaves=45
num_cat=0
split_feature=78 74 43 74 78 78 41 43 75 45 75 51 43 43 45 43 74 74 75 21 10 29 53 74 43 45 66 44 43 76 75 30 77 67 30 31 74 32 33 33 43 57 43 29
split_gain=4212.63 121.599 110.676 77.2809 53.3533 44.8602 43.4188 46.051 40.8523 45.1613 40.5211 37.2616 36.4067 58.3252 35.2814 33.9212 33.2668 27.7432 32.499 25.3736 29.9224 18.0237 17.8817 17.496 15.8798 12.8825 12.4136 10.6134 11.4813 10.281 9.59107 9.54514 4.04662 6.18593 3.14176 2.26474 2.23457 2.17007 2.44724 2.70261 1.18989 3.47893 0.741016 2.27591
threshold=0.068886077280793725 0.77235107975040262 31.500000000000004 0.81162009452820072 0.92587920922628875 0.74291585239718161 0.5375427007675172 9.5000000000000018 0.38925519434202266 -0.085541502036153585 0.0069609669033257613 0.99892458820636698 49.500000000000007 79.500000000000014 -0.13315738891739634 7.5000000000000009 0.70118375635586705 0.92499652337813132 0.029781326188362937 1.5000000000000002 0.95875850319862377 0.99674776196479808 0.97240428877375595 0.74896864984785394 34.500000000000007 -0.034940736509320051 4.5000000000000009 0.99879724447123774 83.500000000000014 0.37016848701995991 0.73393649917705661 0.74439030885696422 0.039448129013839019 2.5000000000000004 0.92012271285057079 0.90422871708869945 0.92499652337813132 1.0000000180025095e-35 0.56642282009124767 0.56949043273925792 3.5000000000000004 8.5000000000000018 40.500000000000007 0.92820656299591076
decision_type=2 2 2 2 2 2 2 2 2 2 2 2 2 2 2 2 2 2 2 2 2 2 2 2 2 2 2 2 2 2 2 2 2 2 2 2 2 2 2 2 2 2 2 2
left_child=32 5 4 12 6 14 11 -8 9 16 -11 -3 24 -14 19 22 -7 18 -6 20 -2 31 -16 -23 -4 -17 -19 28 -5 -21 -29 -10 35 34 -34 37 -37 40 -39 -40 41 -1 -36 -44
right_child=1 2 3 27 17 8 7 -9 21 10 -12 -13 13 -15 15 25 -18 26 -20 29 -22 23 -24 -25 -26 -27 -28 30 -30 -31 -32 -33 33 -35 42 36 -38 38 39 -41 -42 -43 43 -45
leaf_value=0.050473577518277579 0.016530868055122005 0.00074381424581501134 0.020682016702425653 0.029846213611059571 0.021596635034833042 0.0086234104904609685 0.030788510406525867 -0.0054128077806669169 0.017874513144340982 0.019827585581310023 0.0067086943296498676 0.031734485414087993 0.014712375036943913 0.030185756404956757 -0.015903798871412533 -0.018391626759596342 0.03640051236497293 0.024038346257779314 0.012655885296548286 -0.013479095448115109 -0.0075349810447298054 0.0158841671386688 0.052503313587028089 0.027466217232877191 0.039483380411913155 -0.052596463544418874 0.036263166158065074 0.051256857633945323 0.048150015657928584 -0.065570457297199333 0.0008825707723279317 0.054743771463823636 -0.050290958088937555 -0.050371874468555691 0.083086294624162005 -0.050836521881158371 0.064616120177503913 -0.050241105807434405 0.092938426431548371 -0.050320908454534498 -0.050110279335496111 -0.050212187419528292 0.083806693786214581 -0.050576525878004958
leaf_weight=1.1542048938572396 436.38844797154889 936.67179828463122 142.78262158297002 205.46249180473387 2645.6253650337458 169.18199904449284 365.98588731791824 115.59381023794413 24.843801155686378 763.05031888117082 2574.720208408311 108.19669386744499 1241.618048502598 1195.3114060922526 17.989094514399767 59.833307874621823 297.04094050824642 1219.548955604434 1650.4739201813936 29.883593225851655 183.46270810556598 881.08665345609188 20.371437448775396 517.62843728065491 526.17771670874208 50.983391971327364 250.27702206373215 333.64928558189422 146.94776451843791 13.867630330380051 9.7244769791141135 59.832508593797684 0.85874748695641612 5.4761980571784079 1.4940977427177133 0.82094225613400229 0.85623698029667139 1.5817863007541739 0.89515492832288124 0.52072050445713103 2577.1431729535107 3.3421959888655692 0.81336425524204947 0.51428213738836348
leaf_count=42 5000 3757 397 694 5940 770 1135 590 61 2971 8432 226 3756 3272 409 1034 669 2687 3856 174 1625 2204 43 1110 1363 4041 513 945 449 226 40 119 197 1221 10 134 18 427 9 128 1175317 1113 3 71
internal_value=0.00951499 0.0184778 0.0215958 0.0285125 0.0179899 0.0128073 0.00967786 0.0220991 0.0144884 0.0117439 0.00970781 0.00395291 0.0251383 0.0223021 0.0018712 -0.0201003 0.0263208 0.0201904 0.0181618 0.00681038 0.00940789 0.0215264 0.0204239 0.0201704 0.0354704 -0.0341282 0.0261199 0.0435742 0.0374785 -0.0299903 0.0498302 0.0439264 -0.0498609 -0.0166807 0.0334484 -0.0499784 0.0081046 -0.0500161 -0.00749902 0.0402515 -0.0500654 -0.0243666 0.058933 0.0317515
internal_weight=19789.7 17194.2 11094 3801.67 7292.37 6100.16 1526.45 481.58 5287.38 3803.99 3337.77 1044.87 3105.89 2436.93 812.78 149.177 466.223 5765.93 4296.1 663.602 619.851 1483.39 38.3605 1398.72 668.96 110.817 1469.83 695.784 352.41 43.7512 343.374 84.6763 2595.47 9.15669 3.68049 2586.31 1.67718 2584.64 2.99766 1.41588 2581.64 4.4964 2.82174 1.32765
internal_count=1237198 58508 29620 10916 18704 28888 5708 1725 16336 12842 11403 3983 8788 7028 12552 5527 1439 12996 9796 7025 6625 3494 452 3314 1760 5075 3200 2128 1143 400 985 180 1178690 1502 281 1177188 152 1177036 564 137 1176472 1155 84 74
is_linear=0
shrinkage=0.05


Tree=40
num_leaves=45
num_cat=0
split_feature=78 74 43 74 76 41 43 75 75 74 53 76 44 62 75 74 74 74 75 76 78 57 74 20 13 36 60 64 76 17 19 33 10 41 72 78 67 48 44 44 44 74 43 43
split_gain=3933.86 113.437 103.862 79.577 49.6085 41.9473 43.8154 41.0756 36.0906 35.1687 40.0233 41.3594 33.8638 28.4714 27.9251 24.9922 22.4944 20.8363 19.3822 18.5255 15.8383 15.5931 16.6656 11.3562 14.2744 15.5253 11.8545 10.4713 8.94731 7.95814 7.89524 3.80575 3.39006 2.57564 2.45564 5.3435 5.38303 1.56233 3.19582 4.2053 0.825793 0.721892 0.00445119 0.00592505
threshold=0.068886077280793725 0.77235107975040262 33.500000000000007 0.79470359839972693 0.11077337920917406 0.51385396718978893 9.5000000000000018 0.59540499793870738 0.037721962740858934 0.32450945056678204 0.12936332719799057 0.24487749970953815 0.99751274306248383 70.500000000000014 0.027826613577560059 0.90671793854888028 0.82006021917769722 0.95617254397737439 0.015110543523568278 0.20070198694210828 0.23390836776912052 12.500000000000002 0.10999672777298637 0.5847701132297517 0.92206478118896495 3.5000000000000004 44.500000000000007 1.0000000180025095e-35 0.51987012477728023 0.57416576147079479 0.94649675488471996 0.86799004673957836 0.54631218314170849 0.80816438794136058 2.5000000000000004 0.04189748574694898 2.5000000000000004 0.99117639425946602 0.99908771571345367 0.99909536293025913 0.99843563879756203 0.29536426030390478 287.50000000000006 294.50000000000006
decision_type=2 2 2 2 2 2 2 2 2 2 2 2 2 2 2 2 2 2 2 2 2 2 2 2 2 2 2 2 2 2 2 2 2 2 2 2 2 2 2 2 2 2 2 2
left_child=31 7 4 8 14 13 -7 9 19 21 20 -12 -10 -6 15 -3 18 -16 -5 -4 -11 41 -23 24 26 -26 -9 29 -18 -25 -29 34 -33 -34 35 42 40 -36 -39 -40 -37 -2 -1 -44
right_child=1 2 3 16 5 6 -8 23 12 10 11 -13 -14 -15 17 -17 28 -19 -20 -21 -22 22 -24 27 25 -27 -28 30 -30 -31 -32 32 33 -35 37 36 -38 38 39 -41 -42 -43 43 -45
leaf_value=-0.050142007506279757 -0.057156219920362142 0.01907608035102069 0.028294752314746402 0.044233441625026536 -0.0026859248340982285 0.027508818743532309 -0.0093765120692215088 0.036744530746482269 0.020946538854894437 0.0041192913027539926 0.012180319410496559 -0.0022924916840560473 -0.00033916407053834863 0.034649780288489584 0.014339545745317372 0.028197395627285467 0.047920006432133774 0.031695493076826842 0.028380930784111077 0.0070670313438161401 0.054358430443901963 -0.046394926195503124 -0.00043089031511980727 0.043801630787440822 0.003690317406429785 0.026454557880993258 0.011858543116576888 0.081770482565975286 0.017196327233957833 0.022826467399168448 0.029891516355317518 0.091183201092043434 -0.050395885739110219 0.043504524836631767 -0.050105390600384894 0.025279228039830706 -0.050256015906468325 -0.05019173113554927 0.12588288671903108 -0.050145902479435372 0.081307391067755946 -0.085757142414734477 -0.062872469213603885 -0.050238859210018839
leaf_weight=9.3851444760803098 11.433817642973734 2200.9386445730925 1264.818377122283 262.97442960971966 654.61442623334005 368.94173313584179 102.98560864012688 127.3161287875846 518.12526456452906 19.964187410660088 4301.3477464076132 557.63354717777111 292.24596436601132 55.382308395113796 2679.0680795460939 1139.9397704601288 417.65723956376314 184.8594673126936 722.75625870190561 111.86895172437653 73.239087389782071 23.458272748393938 123.77936245431192 52.139378724619746 241.48365310765803 108.57416399009526 76.671860687434673 15.095175415277483 25.121942023281008 340.80740048596635 14.263171076774595 0.78065897268243034 2.5753803534898911 1.0193233846221117 2446.5273219039664 1.0825988210272037 1.8883930253796277 2.766738762613385 0.72372778551653005 0.6387308924458921 1.675462477141991 2.7337309524882576 0.1628211438655861 0.21582310134544969
leaf_count=3889 957 5041 2895 736 2971 1230 610 375 1578 557 11567 4668 970 151 6219 2480 1135 388 2231 714 208 6383 1675 109 710 443 316 23 271 838 32 7 657 57 1172100 85 487 1056 5 254 25 27 1 67
internal_value=0.00913993 0.0176626 0.0206931 0.0276369 0.0172943 0.00790596 0.0194596 0.0121876 0.0216419 0.0103933 0.0111419 0.0105194 0.0132702 0.000226395 0.0190827 0.0221884 0.0368152 0.0154598 0.0326101 0.0265698 0.0435972 -0.0125748 -0.007754 0.0215852 0.0168773 0.0107509 0.0273908 0.0277617 0.0461768 0.0256096 0.0565661 -0.0498498 -0.00325925 -0.0237692 -0.0499325 -0.0293526 0.0147837 -0.0500535 -0.0193239 0.0433593 0.0593151 -0.062675 -0.0503564 -0.0556714
internal_weight=19561.7 17092.2 11002.3 3615.57 7386.73 1181.92 471.927 6089.94 2187.06 5113.59 4952.18 4858.98 810.371 709.997 6204.81 3340.88 1428.51 2863.93 985.731 1376.69 93.2033 161.405 147.238 976.351 554.046 350.058 203.988 422.305 442.779 392.947 29.3583 2469.44 4.37536 3.5947 2465.07 14.4102 4.64645 2450.66 4.1292 1.36246 2.75806 14.1675 9.76379 0.378644
internal_count=1237198 58508 29620 10530 19090 4962 1840 28888 6157 26042 17000 16235 2548 3122 14128 7521 4373 6607 2967 3609 765 9042 8058 2846 1844 1153 691 1002 1406 947 55 1178690 721 714 1177969 4554 597 1173415 1315 259 110 984 3957 68
is_linear=0
shrinkage=0.05


Tree=41
num_leaves=45
num_cat=0
split_feature=78 77 74 76 38 43 74 47 47 43 44 43 43 78 47 60 43 3 76 52 21 43 74 44 74 75 44 27 44 15 33 77 67 30 31 44 17 47 45 42 43 78 45 49
split_gain=3675.75 107.729 51.9767 53.2984 52.6669 48.2272 53.0222 43.3978 42.8487 41.2558 33.577 38.1 57.6098 33.673 29.3627 22.8556 22.6608 21.4616 19.4512 17.2358 17.1964 16.8947 15.7331 12.8336 12.1744 13.2186 11.8779 17.2795 17.2012 10.997 10.6983 3.85734 5.54407 2.73718 2.16032 2.08263 2.04297 1.19496 3.77384 1.72951 1.17192 3.13516 0.645887 1.99433
threshold=0.068886077280793725 0.74626141618161512 0.69201196119866226 0.37016848701995991 1.5000000000000002 91.500000000000014 0.77554231743323909 0.52664288881242227 0.41632551829129177 26.500000000000004 0.9974404123052526 287.50000000000006 297.50000000000006 0.43092195823604534 0.52664288881242227 33.500000000000007 5.5000000000000009 0.84937837719917308 0.52979936332408595 8.0966854600473054e-05 1.0000000180025095e-35 140.50000000000003 0.79622330252746398 0.98244410721060094 0.80693854465389236 0.015814182820008685 0.99504873657599535 0.62547710537910473 0.99338679920838235 0.73350083827972423 0.46718320250511175 0.039448129013839019 2.5000000000000004 0.92012271285057079 0.90422871708869945 0.99971168568543189 0.83402201533317577 0.41632551829129177 -0.55865731462183332 2.5000000000000004 3.5000000000000004 0.04189748574694898 -0.84811453911904111 2.5000000000000004
decision_type=2 2 2 2 2 2 2 2 2 2 2 2 2 2 2 2 2 2 2 2 2 2 2 2 2 2 2 2 2 2 2 2 2 2 2 2 2 2 2 2 2 2 2 2
left_child=31 2 10 4 7 15 19 -4 18 -6 13 16 -13 30 -15 26 -12 29 -5 23 -10 -21 -19 -7 25 -8 28 -28 -3 -17 -2 34 33 -33 37 -26 -36 40 39 -39 41 -1 -35 -44
right_child=1 5 3 8 9 6 24 -9 20 -11 11 12 -14 14 -16 17 -18 22 -20 21 -22 -23 -24 -25 35 -27 27 -29 -30 -31 -32 32 -34 42 36 -37 -38 38 -40 -41 -42 -43 43 -45
leaf_value=-0.050212098208291547 -0.051093299245209292 0.015228347182397316 0.019405882163859384 0.017710443549122643 0.01603556643470485 0.045706895220798051 0.045597056106806678 0.010379968412160875 -0.0029043370451896353 0.036786527313292523 0.0090323543619193081 0.10130651375826386 -0.061747015861122946 0.016892196588325834 0.0010095076059446031 0.035473635335807878 -0.04669965567803086 0.015829000201559158 0.0027123878309379991 -0.01862811380468091 -0.028508753569118778 0.023772911764502507 0.022174446540592682 0.019677481146785584 0.050852408624819871 0.028544289189359275 -0.023836288153788406 0.013161904032862163 0.037017155206908119 0.024250943909166142 -0.012097291090045663 -0.050273191644470139 -0.050337242707343133 0.077842204969225851 0.062467199192267335 0.029738020007092344 -0.050745224181605944 -0.056924079822022966 -0.050134676936183176 0.085333386472884742 -0.050099808896672704 0.046707561311154416 -0.050959457765744898 0.07762910691013393
leaf_weight=3.0438326825387767 26.009722006274387 299.43870431184769 2485.999361410737 442.21609489992261 442.70366629958153 53.481186971068382 183.56468635797501 2868.329795345664 186.84098964976147 521.89258064329624 23.792933793738484 13.914618740789594 8.87077424302697 567.37872698716819 597.38186382642016 295.42903878539801 78.13938846392557 1748.8592144846916 422.93682014010847 55.229007422924042 101.0385015103966 40.883780539035797 2212.9019264131784 413.34625671803951 193.06447695940733 298.33076128363609 32.317510962486267 1342.7475282773376 129.8632079064846 835.92245521396399 54.318170983344316 0.79339089081622516 4.9630000500474125 1.4648958048783245 0.83101652143522986 12.430671237409113 0.76561240456067026 0.27890739194117464 3.7320396468276149 0.91323194256983697 2330.3193633285118 1.1495209280401466 0.48325017048045971 0.80186958704143763
leaf_count=1078 2548 710 5667 1468 1047 104 425 7464 1676 1199 67 43 72 5248 2137 665 446 4164 5199 153 1090 91 5231 940 559 757 96 3294 272 1974 3662 197 1221 7 14 40 138 32 1531 66 1174252 77 65 12
internal_value=0.00877856 0.0168849 0.0130629 0.0147043 0.0165082 0.0210325 0.0300675 0.0145707 0.0048185 0.0272628 0.00410936 -0.0206248 0.0378268 0.00658693 0.00874629 0.0193947 -0.0336907 0.0211078 0.0103785 0.0186897 -0.0118908 -0.000591864 0.0193733 0.0226595 0.0393853 0.0350401 0.0145591 0.0122924 0.0218194 0.0271815 -0.024724 -0.0498386 -0.0162298 0.0315422 -0.0499607 0.0495752 0.0081798 -0.0500004 -0.0253955 0.0520515 -0.0500523 -0.0236436 0.0551462 0.0292753
internal_weight=19339.1 16989.6 8841.76 7471.96 6318.93 8147.81 1250.33 5354.33 1153.03 964.596 1369.81 124.718 22.7854 1245.09 1164.76 6897.48 101.932 5093.11 865.153 562.94 287.879 96.1128 3961.76 466.827 687.391 481.895 1804.37 1375.07 429.302 1131.35 80.3279 2349.54 8.50641 3.54341 2341.03 205.495 1.59663 2339.44 4.92418 1.19214 2334.51 4.19335 2.75002 1.28512
internal_count=1237198 58508 39033 24810 15377 19475 3069 13131 9433 2246 14223 628 115 13595 7385 16406 513 12034 6667 1288 2766 244 9395 1044 1781 1182 4372 3390 982 2639 6210 1178690 1502 281 1177188 599 152 1177036 1629 98 1175407 1155 84 77
is_linear=0
shrinkage=0.05


Tree=42
num_leaves=45
num_cat=0
split_feature=78 74 76 43 74 75 67 43 41 77 43 74 75 44 74 43 22 43 65 42 43 66 56 21 58 75 15 61 44 75 77 67 30 31 32 74 76 60 43 57 77 43 60 42
split_gain=3436.14 101.365 72.5186 50.292 66.8906 34.2182 32.6571 38.2686 41.0943 47.2793 38.7115 38.8758 31.6643 32.8348 32.4224 28.5448 27.0582 23.8205 22.0186 22.7831 21.2663 23.5493 20.4806 20.2841 20.2305 17.8198 15.8841 13.1338 11.4481 8.73512 3.74282 5.24062 2.53058 2.08853 2.03618 2.07216 2.12747 1.93833 1.17071 3.01733 0.903951 0.605983 1.84368 0.000250774
threshold=0.068886077280793725 0.74785458390773274 0.12387291353145517 95.500000000000014 0.78185618811093727 0.004201543811271192 2.5000000000000004 287.50000000000006 0.5115720033645631 0.3542742430227645 323.50000000000006 0.52014156185220484 0.025815472311926973 0.99301693141775904 0.74896864984785394 318.50000000000006 1.0000000180025095e-35 5.5000000000000009 1.0000000180025095e-35 5.5000000000000009 7.5000000000000009 3.5000000000000004 21.500000000000004 1.0000000180025095e-35 3.5000000000000004 0.47786476548987816 0.51138958334922802 83.500000000000014 0.99966604389177649 0.05592803053186169 0.039448129013839019 2.5000000000000004 0.92012271285057079 0.90422871708869945 1.0000000180025095e-35 0.60336812859337219 0.58598518198972938 31.500000000000004 3.5000000000000004 8.5000000000000018 0.71016232810857505 40.500000000000007 30.500000000000004 1.5000000000000002
decision_type=2 2 2 2 2 2 2 2 2 2 2 2 2 2 2 2 2 2 2 2 2 2 2 2 2 2 2 2 2 2 2 2 2 2 2 2 2 2 2 2 2 2 2 2
left_child=30 6 3 12 5 -5 15 8 9 -8 11 -9 14 -14 -3 22 18 -10 24 -20 26 -22 23 -2 -4 -12 -18 -24 40 -6 33 32 -32 34 38 36 -36 -35 39 -1 -17 -34 -43 -39
right_child=1 2 16 4 29 -7 7 10 17 -11 25 -13 13 -15 -16 28 20 -19 19 -21 21 -23 27 -25 -26 -27 -28 -29 -30 -31 31 -33 41 37 35 -37 -38 43 -40 -41 -42 42 -44 -45
leaf_value=0.045621253872534018 0.0073137968576183461 0.075588288549990321 0.0052747441738896228 0.041014882000601105 0.0454711977260219 0.014830935386609775 -0.010381808729583084 -0.032814361216603985 0.037622603318987632 0.010212212875374247 -0.057808382430698912 0.096988697370382793 0.021743161922565271 0.012816976705428265 0.0208282085011618 -0.065293159445301216 -0.032114012221647316 0.014232786834511344 0.011177983501018137 0.048490079953989997 0.009200502277674924 -0.013738209402095644 0.0061972169087785292 -0.015495087458697751 0.068618551476576736 0.045290124071697919 0.017509211909181987 0.035617099265247268 0.036793693402602266 0.032595804084989466 -0.050259861641302576 -0.050321024858164726 0.075450645625032953 0.060992183444929453 -0.050410125584707789 -0.050165464179504959 0.08076215972323357 -0.052947521738268603 -0.050094891906417263 -0.050194724158498419 -0.090802744768667967 0.074169215584462669 -0.050983654414428516 -0.050353704890306217
leaf_weight=1.1434104242362071 160.37489765125792 27.175799131393433 20.148581072688103 151.24759005010128 397.47416485100985 712.87455135583878 331.60809941624757 6.8823516231495878 180.55167176248506 1746.5763090848923 9.6778421774506587 35.636217413470149 1471.0787513330579 3438.024466380477 5060.6184033453465 14.541396211832767 17.417811044491827 274.10945234005339 1350.8796070830431 42.189977695932612 185.78139385767281 281.30040466389619 217.81955400842708 248.52175298857037 33.666537626646459 7.3927790867164722 217.46741663757712 45.93612193770241 2.8046383769251397 197.03094898164272 0.75489187822677051 4.7224348280578852 1.4402828770689668 0.81756207393482216 0.4677477935329073 1.3940386173781005 0.91146336449310184 0.10936847934499383 2218.8608612433309 2.9198350944789127 4.5623741745948783 0.79791887151077368 0.46619961829856038 0.62973406864330173
leaf_count=42 1327 44 70 309 1036 1701 7929 94 719 4911 159 97 3409 8371 11849 294 59 2229 7210 320 777 1429 1656 1017 109 27 600 189 17 531 197 1221 10 22 71 488 5 3 1175317 1113 19 12 62 127
internal_value=0.00842746 0.0161371 0.018041 0.019622 0.0282951 0.0194139 0.00825716 0.0108368 0.00990502 0.0069261 0.0504425 0.0759779 0.0183566 0.0154918 0.0211207 -0.00137132 0.00961229 0.0235212 0.0135203 0.012308 0.00155712 -0.00461436 0.000457992 -0.00654913 0.0449024 -0.0131595 0.0138294 0.011321 -0.0575367 0.041204 -0.0498279 -0.0160719 0.0306831 -0.0499519 -0.0499924 -0.00717572 0.0362762 0.00794305 -0.0500458 -0.0232318 -0.0713854 0.0532771 0.0280136 -0.0507375
internal_weight=19126.8 16891.4 13604.4 11455.5 1458.63 864.122 3287 2592.43 2532.85 2078.18 59.5892 42.5186 9996.9 4909.1 5087.79 694.561 2148.85 454.661 1446.88 1393.07 701.967 467.082 672.652 408.897 53.8151 17.0706 234.885 263.756 21.9084 594.505 2235.44 8.18173 3.45929 2227.25 2225.7 2.77325 1.37921 1.55666 2222.92 4.06325 19.1038 2.7044 1.26412 0.739103
internal_count=1237198 58508 37824 27250 3577 2010 20684 16165 15788 12840 377 191 23673 11780 11893 4519 10574 2948 7709 7530 2865 2206 4189 2344 179 186 659 1845 330 1567 1178690 1502 281 1177188 1177036 564 76 152 1176472 1155 313 84 74 130
is_linear=0
shrinkage=0.05


Tree=43
num_leaves=45
num_cat=0
split_feature=78 74 43 74 76 56 75 76 41 43 67 43 41 38 62 74 43 47 53 74 2 38 44 20 13 44 66 40 75 65 75 77 67 30 28 32 43 74 76 60 43 78 61 49
split_gain=3213.46 96.1574 98.136 79.3224 41.8278 38.0209 37.7914 37.6192 35.6437 45.6843 31.9806 29.5102 48.9693 42.038 29.2074 29.0328 42.6031 32.2333 26.2108 22.9678 22.4516 20.9744 10.8577 11.8467 13.9187 10.7002 9.93752 9.27471 10.3902 7.62277 5.40759 3.62981 4.95587 2.34329 2.01119 1.9911 1.95133 1.93781 1.90367 1.84814 1.16987 2.86276 0.562725 1.73817
threshold=0.068886077280793725 0.77235107975040262 28.500000000000004 0.81611493993381334 0.11077337920917406 27.500000000000004 0.59540499793870738 0.082331710859778681 0.5375427007675172 9.5000000000000018 2.5000000000000004 32.500000000000007 0.5123116970062257 1.5000000000000002 44.500000000000007 0.90671793854888028 14.500000000000002 0.65873203582663697 0.93853118710502292 0.75606340182311305 0.38038460910320288 1.5000000000000002 0.64528856710811444 0.5847701132297517 0.92206478118896495 0.97271579290460475 3.5000000000000004 2.5000000000000004 0.69368743842404901 1.0000000180025095e-35 0.73393649917705661 0.039448129013839019 2.5000000000000004 0.92012271285057079 0.85756292939186107 1.0000000180025095e-35 16.500000000000004 0.60336812859337219 0.58598518198972938 31.500000000000004 3.5000000000000004 0.04189748574694898 67.500000000000014 2.5000000000000004
decision_type=2 2 2 2 2 2 2 2 2 2 2 2 2 2 2 2 2 2 2 2 2 2 2 2 2 2 2 2 2 2 2 2 2 2 2 2 2 2 2 2 2 2 2 2
left_child=31 6 7 4 18 -6 10 15 14 -10 19 12 -12 -13 -9 16 -3 -17 -4 21 -21 -2 27 24 -24 26 -5 36 -29 -25 -27 34 33 -33 35 40 -8 38 -37 -36 41 -1 43 -35
right_child=1 2 3 25 5 -7 22 8 9 -11 11 13 -14 -15 -16 17 -18 -19 -20 20 -22 -23 23 29 -26 30 -28 28 -30 -31 -32 32 -34 42 39 37 -38 -39 -40 -41 -42 -43 -44 -45
leaf_value=-0.050203668494312084 -0.0090621373017208424 0.0085948509275447869 0.038616021211442399 0.05238984067857954 0.019200254179059104 -0.0074567063358524201 0.043786350240433557 -0.0030105166195870678 0.026492992608708271 -0.012399862339805823 -0.0080568743041299438 0.0099558212359789604 0.019305828926833021 0.024226132913941569 0.023960141454561438 0.026691977523827411 0.020219481784446457 0.01494121665899277 0.022579847532693056 0.047762633556769761 0.0069173873509329577 0.011332039232592912 0.024010124634685198 0.052308254149786106 0.0069066533992763086 0.046008280410537339 0.01634668597681227 -0.025141687896044703 0.056865136457555122 0.022941888228139719 0.015152319631159761 -0.05024718199928542 -0.050305577621029267 -0.050896992674247854 0.059649658206011494 -0.050390028315362247 0.07008942096299127 -0.050157383058953786 0.075414994079242237 -0.050692579023901202 -0.050090254217660217 0.043586835724064153 0.073096750172201561 0.071949250777226914
leaf_weight=2.7844069506973019 540.10397761128843 1912.1667367815971 284.40033830702305 26.69813261507079 364.65207660151646 211.26114212768152 11.576082565821709 712.79548465134576 355.91455355100334 95.833708706777543 465.36147371772677 2631.8988183537731 252.08304849825799 641.95610137702897 116.83409600472078 1143.2041183114052 1340.8671743571758 1192.2077035754919 2449.1997663602233 37.112102611456066 359.99910511914641 164.46048816561233 188.30167001252994 23.44448621571064 322.98341366276145 454.8303693770431 67.406885976437479 8.4941445109434408 7.0834172517061225 384.75445829518139 14.656819784548132 0.71825200004968737 4.4934635787503794 0.45429529575631045 0.80298029002733418 0.44510844210162692 18.038614556193352 1.3262588176876304 0.9268627567216754 0.71952008223161101 2110.8342821404804 1.1494633685797455 1.4151458658743648 0.78635637555271387
leaf_count=1078 2779 4574 644 85 1810 1130 24 3052 1126 531 3386 9746 1533 5616 359 2498 3075 2815 6153 121 1037 1824 662 44 1099 1429 278 31 13 944 61 197 1221 63 19 71 29 488 5 134 1175316 77 9 12
internal_value=0.00808577 0.015416 0.0182565 0.024621 0.0216682 0.00942173 0.0103786 0.0146682 0.00694127 0.0182423 0.0086598 0.0107414 0.00155735 0.012754 0.000787675 0.01644 0.0133864 0.0206933 0.0242482 0.0011183 0.0107346 -0.0043017 0.0194528 0.0182768 0.0132057 0.0419605 0.0265723 0.0433798 0.0121484 0.0246285 0.045045 -0.0498176 -0.0159184 0.0298774 -0.0499434 -0.0499847 0.0598078 -0.00706068 0.0346001 0.0075029 -0.0500395 -0.0227984 0.0515469 0.0269661
internal_weight=18927.4 16800.6 10742.9 3873.11 3309.51 575.913 6057.65 6869.82 1281.38 451.748 5092.98 3991.3 717.445 3273.85 829.63 5588.45 3253.03 2335.41 2733.6 1101.68 397.111 704.564 964.676 919.484 511.285 563.592 94.105 45.1923 15.5776 408.199 469.487 2126.86 7.86751 3.37405 2118.99 2117.47 29.6147 2.69823 1.37197 1.5225 2114.77 3.93387 2.6558 1.24065
internal_count=1237198 58508 29620 11590 9737 2940 28888 18030 5068 1657 26042 20281 4919 15362 3411 12962 7649 5313 6797 5761 1158 4603 2846 2749 1761 1853 363 97 44 988 1490 1178690 1502 281 1177188 1177035 53 564 76 153 1176471 1155 84 75
is_linear=0
shrinkage=0.05


Tree=44
num_leaves=45
num_cat=0
split_feature=78 77 74 76 54 43 74 43 74 47 44 43 43 78 47 41 75 30 43 43 76 13 29 74 17 74 74 75 74 31 77 67 1 30 31 32 38 78 17 43 57 45 29 42
split_gain=3006.83 90.9836 45.0949 47.9344 48.8527 56.6263 54.6745 43.4706 49.4697 38.1659 30.3773 33.8721 46.6726 29.497 27.2927 22.4255 21.2731 23.5804 20.477 18.5962 17.812 17.0465 15.5061 13.3291 11.6095 10.1958 9.25224 10.3104 9.2331 9.19133 3.51797 4.6885 2.69971 2.17334 1.95092 1.94645 1.81825 2.05006 1.71455 1.16682 2.75992 0.536646 1.648 0.000189775
threshold=0.068886077280793725 0.74626141618161512 0.69201196119866226 0.37016848701995991 0.99999886430482721 19.500000000000004 0.88639957800627434 91.500000000000014 0.78185618811093727 0.41632551829129177 0.9974404123052526 287.50000000000006 297.50000000000006 0.43092195823604534 0.52664288881242227 1.0000000180025095e-35 0.018643694753539445 0.89976075291633617 5.5000000000000009 19.500000000000004 0.52979936332408595 0.99404761195182811 1.8124243021011355 0.75554174442240263 0.15694377571344378 0.46099589752321984 0.80693854465389236 0.05592803053186169 0.77498531734571885 0.5118139684200288 0.039448129013839019 2.5000000000000004 0.094494048506021514 0.92012271285057079 0.90422871708869945 1.0000000180025095e-35 1.5000000000000002 0.019247659171958722 0.83402201533317577 3.5000000000000004 8.5000000000000018 -0.84811453911904111 0.92820656299591076 1.5000000000000002
decision_type=2 2 2 2 2 2 2 2 2 2 2 2 2 2 2 2 2 2 2 2 2 2 2 2 2 2 2 2 2 2 2 2 2 2 2 2 2 2 2 2 2 2 2 2
left_child=30 2 10 4 5 -4 -6 15 21 20 13 18 -13 25 -15 16 19 -18 -12 -3 -5 28 -11 -17 -23 -2 27 -10 -9 -25 34 33 -28 -32 35 39 -37 -38 -36 40 -1 -35 -43 -40
right_child=1 7 3 9 6 -7 -8 8 26 22 11 12 -14 14 -16 23 17 -19 -20 -21 -22 24 -24 29 -26 -27 32 -29 -30 -31 31 -33 -34 41 38 36 37 -39 43 -41 -42 42 -44 -45
leaf_value=0.042670848593859625 -0.046676606940479787 0.014654078827560604 0.0091662757502059267 0.015665867302869379 0.0087452119142198519 0.030093523695550062 0.020503023462447378 0.024525294359458164 0.039298719446430867 -0.016046842110347518 0.0073392758561266012 0.087254156963784621 -0.060782665022839022 0.015089178497348416 -0.00020701456874416409 -0.019541134808977983 0.023465006953283903 0.012202004647516695 -0.045773351322552121 0.022999271013194784 0.0013648932622180067 0.059106961971795151 0.023796468449616977 0.049574024044647204 0.011207280905088803 -0.0099215082804634952 -0.004876213612072031 0.019645714476158951 0.049871706780793328 0.027894264498059831 -0.050235121428571089 -0.050290865003079055 0.048496246590748464 0.071249546494420821 0.057405043610431694 -0.050181288141848003 0.075726474574062536 -0.055169868441420966 -0.052659491243091439 -0.050085845899322107 -0.050186707964474823 0.070073834460930406 -0.050486067841461549 -0.050298627698321365
leaf_weight=1.1416302770376199 30.96516617317684 1103.5804349929094 500.77594210207462 443.65192108601332 3458.1975110769272 911.81667667627335 1384.5723665356636 188.85906735062599 245.27410063147545 261.74801552249119 23.744701785966754 14.768499543890359 8.3259597220458073 568.29345107264817 599.00127201108262 12.828170567750929 547.12343356758356 3085.1235609650612 76.981585471890867 1689.634279973805 427.57091209525242 13.036188781261442 26.931689645163715 62.219806380569935 426.92449399828911 48.296229393454269 2.4000679180026046 91.68011450022459 44.371255189180374 228.17857073247433 0.68338233127724324 4.2755337066482753 184.92195019125938 1.3847541273571553 0.79498641053214558 1.2622584420023479 0.91881391662172951 0.4435114529915154 0.099686993751674891 2008.0618290926795 2.6756719520781189 0.77122586406767346 0.44819051306694746 0.58255642047151923
leaf_count=42 5173 2639 1236 1468 8889 2126 3126 420 656 2554 67 43 72 5248 2137 36 1308 7673 446 4107 5199 23 212 133 1026 1037 9 258 87 510 197 1221 590 7 14 454 36 74 3 1175317 1113 3 74 135
internal_value=0.00775633 0.0147264 0.0112223 0.0127622 0.0144933 0.0226746 0.0121068 0.0186106 0.027388 0.00342652 0.00288947 -0.0207308 0.0338843 0.00523567 0.00723988 0.0170485 0.0164214 0.0138985 -0.0332529 0.0197021 0.00864736 0.0184196 -0.0123298 0.030336 0.0126266 -0.0242807 0.0389039 0.0339514 0.0293474 0.0325393 -0.0498074 -0.0157702 0.0478124 0.0291246 -0.0499351 -0.0499772 -0.0069465 0.0331126 0.00750389 -0.0500333 -0.022416 0.0499501 0.0257626 -0.0506436
internal_weight=18735.3 16711.8 8785.64 7415.27 6255.36 1412.59 4842.77 7926.16 1197.47 1159.9 1370.38 123.821 23.0945 1246.56 1167.29 6728.69 6425.46 3632.25 100.726 2793.21 871.223 673.191 288.68 303.227 439.961 79.2614 524.276 336.954 233.23 290.398 2023.54 7.56309 187.322 3.28755 2015.98 2014.5 2.62458 1.36233 1.47723 2011.88 3.8173 2.60417 1.21942 0.682243
internal_count=1237198 58508 39033 24810 15377 3362 12015 19475 3069 9433 14223 628 115 13595 7385 16406 15727 8981 513 6746 6667 1556 2766 679 1049 6210 1513 914 507 643 1178690 1502 599 281 1177188 1177036 564 110 152 1176472 1155 84 77 138
is_linear=0
shrinkage=0.05


Tree=45
num_leaves=45
num_cat=0
split_feature=78 77 43 74 74 76 51 43 44 74 60 22 53 74 56 43 43 56 78 19 75 75 22 43 74 43 75 78 74 28 20 43 77 67 30 32 28 76 3 76 43 78 43 49
split_gain=2815.18 86.0234 50.765 76.5044 46.8047 47.2281 51.0156 47.7134 39.6234 37.054 41.3642 31.8435 31.8105 30.5174 29.1765 29.0928 27.9291 29.305 26.6615 30.6144 25.4635 30.9662 23.9889 35.3112 22.3227 21.2204 20.4526 17.8571 17.7237 17.9991 16.593 16.5708 3.40642 4.43753 2.01944 1.90327 1.88336 1.7364 1.71095 1.6777 1.1653 2.62221 0.499254 1.53594
threshold=0.068886077280793725 0.76657831827204215 14.500000000000002 0.80591444768643317 0.69201196119866226 0.35139525814675421 0.92009233756444175 19.500000000000004 0.99962494045685157 0.87919462285902539 30.500000000000004 1.0000000180025095e-35 0.17926877387329235 0.8459307587484719 29.500000000000004 7.5000000000000009 18.500000000000004 26.500000000000004 0.96965873025692451 0.66802722215652477 0.019473281338284149 0.35782773069678669 -1.0000000180025095e-35 7.5000000000000009 0.81887673610045775 19.500000000000004 0.047708451391293989 0.43092195823604534 0.93409761802761604 0.60009935498237621 0.26491229236125952 10.500000000000002 0.039448129013839019 2.5000000000000004 0.92012271285057079 1.0000000180025095e-35 0.85756292939186107 0.59391413434887597 0.96197089552879345 0.58598518198972938 3.5000000000000004 0.04189748574694898 40.500000000000007 2.5000000000000004
decision_type=2 2 2 2 2 2 2 2 2 2 2 2 2 2 2 2 2 2 2 2 2 2 2 2 2 2 2 2 2 2 2 2 2 2 2 2 2 2 2 2 2 2 2 2
left_child=32 4 9 20 14 6 7 -6 -8 10 13 12 -7 -3 18 -12 17 -5 26 -20 25 -22 27 -24 -18 -4 -2 -16 31 -30 -13 -11 35 34 -34 36 40 39 -38 -37 41 -1 -36 -44
right_child=1 2 3 16 5 11 8 -9 -10 28 15 30 -14 -15 22 -17 24 -19 19 -21 21 -23 23 -25 -26 -27 -28 -29 29 -31 -32 -33 33 -35 42 37 38 -39 -40 -41 -42 -43 43 -45
leaf_value=-0.05019749517166177 -0.028454802513394259 -0.0041176970373416914 -0.014560856377166965 0.010464473034273718 0.0096780311462321481 0.030783366798242773 0.010304029485627657 0.027271542079610495 0.021558583386579254 0.014848680351381828 0.020552007420317594 -0.046162312994715522 0.0041484167386297488 -0.12771259053326486 -0.049203635457848088 -0.021088456542206827 0.02863095576378144 0.036616601763336802 0.031800801998478311 0.0067986817018591637 0.005769186749794976 0.021133640084101846 0.017524611991082541 -0.029552173630625941 0.044507355185980368 0.023737706799686918 0.0021902656315092141 0.013637267182308954 0.036844050707705828 0.017017892101821527 -0.0074501807358882859 0.0020730684732822228 -0.05022364952808505 -0.050276852551963805 0.069239236222257833 -0.05037057196869249 -0.050617991227980497 -0.050143566702307546 0.058446551008227043 0.07010627406301978 -0.050081653628796144 0.040854858716781642 -0.050954213292627393 0.0673582862918405
leaf_weight=2.552053411724045 74.81555226421915 8.6370929926633853 37.348806843161583 249.91498972475529 569.84107618033886 128.79496225621551 5364.7126988247037 1190.4099812805653 915.51191141456366 851.49895407259464 83.703011557459831 31.69002958224155 864.83163229282945 11.842298761010168 12.495118970051406 84.083192005753517 414.80945763736963 187.47534091770649 155.49395075673237 575.92155248788185 754.33408331125975 580.15864650160074 51.168311691610143 179.80046105734073 474.85398510843515 1144.3051574528217 199.9787548375316 118.67785163386725 142.64890782535076 579.62846904993057 218.76834931690246 361.60365927219391 0.65019812167156432 4.0681183976121247 1.3566832779906692 0.42083103186450832 0.67937375500332453 1.2146641517756505 0.7639498864300549 0.92219625134021044 1910.2820776624139 1.1457088196184488 0.42792506166733779 0.76419362449087203
leaf_count=1078 4447 22 103 603 1391 1224 13337 2812 2177 2005 186 284 6553 50 622 234 1121 385 1216 2576 2028 1395 308 2248 1349 2834 2117 689 297 1362 1613 920 197 1221 10 72 139 489 14 3 1175316 77 62 12
internal_value=0.00743993 0.0140703 0.0188768 0.0223051 0.0113782 0.0126505 0.0140532 0.021576 0.0119447 0.0126726 -0.00850339 0.0035847 0.00760087 -0.075587 0.00274515 -0.0003154 0.0320189 0.0216739 0.00712524 0.012114 0.0171819 0.0124487 -0.00942491 -0.0191229 0.0371049 0.0225272 -0.00615317 0.00765124 0.0147326 0.0209335 -0.0123484 0.0110405 -0.0497973 -0.0156295 0.0284309 -0.0499268 -0.0499843 -0.00682387 0.00710977 0.0323554 -0.0500274 -0.021986 0.0484957 0.0248886
internal_weight=18545 16619.8 5966.85 3843.2 10652.9 9284.56 8040.48 1760.25 6280.22 2123.65 188.266 1244.08 993.627 20.4794 1368.35 167.786 1327.05 437.39 1006.21 731.416 2516.15 1334.49 362.142 230.969 889.663 1181.65 274.794 131.173 1935.38 722.277 250.458 1213.1 1925.25 7.26712 3.199 1917.98 1915.42 2.55769 1.44332 1.34303 1913.98 3.69776 2.5488 1.19212
internal_count=1237198 58508 14894 9818 43614 29391 19717 4203 15514 5076 492 9674 7777 72 14223 420 3458 988 10356 3792 6360 3423 3867 2556 2470 2937 6564 1311 4584 1659 1897 2925 1178690 1502 281 1177188 1176624 564 153 75 1176471 1155 84 74
is_linear=0
shrinkage=0.05


Tree=46
num_leaves=45
num_cat=0
split_feature=78 74 43 76 74 75 41 21 61 43 75 38 48 43 43 74 19 74 75 44 43 43 41 43 62 52 77 60 47 75 17 77 67 41 30 32 28 33 3 33 43 60 45 29
split_gain=2636.79 83.1651 88.4012 48.6555 37.5556 34.9437 34.1919 33.4121 36.71 32.9237 39.4293 37.413 32.7269 31.4101 30.2127 46.9637 29.9783 29.6391 27.1373 26.0107 22.079 21.5557 13.9808 28.8387 15.9968 12.5158 15.0068 11.8373 11.0266 10.1869 7.72643 3.29825 4.20089 2.67013 1.87775 1.85771 1.81856 1.63231 1.58705 1.38836 1.16281 2.55722 0.473682 1.45913
threshold=0.068886077280793725 0.77235107975040262 80.500000000000014 0.11077337920917406 0.79740795442389933 0.5602476959586965 0.52160504460334789 1.5000000000000002 32.500000000000007 32.500000000000007 0.0020021021278705778 1.5000000000000002 0.7317390752032521 41.500000000000007 24.500000000000004 0.81611493993381334 0.93633908033370983 0.88639957800627434 0.035329320115973013 0.99928356858150791 345.50000000000006 7.5000000000000009 0.52238440513610851 24.500000000000004 6.5000000000000009 1.9260276447677536e-05 0.57819165034846887 25.500000000000004 0.41632551829129177 0.65239380760991006 0.10268392041325571 0.039448129013839019 2.5000000000000004 0.57630562782287609 0.92012271285057079 1.0000000180025095e-35 0.85756292939186107 0.56642282009124767 0.96197089552879345 0.56949043273925792 3.5000000000000004 59.500000000000007 -0.84811453911904111 0.92820656299591076
decision_type=2 2 2 2 2 2 2 2 2 2 2 2 2 2 2 2 2 2 2 2 2 2 2 2 2 2 2 2 2 2 2 2 2 2 2 2 2 2 2 2 2 2 2 2
left_child=31 5 3 14 18 7 12 9 16 10 -2 -11 -5 -10 17 -16 -9 -3 20 -20 -4 -8 23 24 -7 26 -6 -25 33 -30 -27 35 34 -24 -33 36 40 -37 -38 -39 41 -1 -36 -44
right_child=1 2 4 6 25 22 21 8 13 11 -12 -13 -14 -15 15 -17 -18 -19 19 -21 -22 -23 28 27 -26 30 -28 -29 29 -31 -32 32 -34 -35 42 37 38 39 -40 -41 -42 -43 43 -45
leaf_value=-0.050213747910393527 -0.063714895594214227 0.0092423106917058611 0.030598049728478072 -0.016092283720851024 0.0044704420583596303 -0.03279945687038003 0.025519791672484849 -0.065559024107715969 0.01538885092853305 0.008185127290024366 0.0014652275359706643 0.020970785806993755 0.0057032460639934324 -0.0059884535909921011 0.018055175195214334 0.039302620359637275 0.0059154058281269666 0.016905871171235775 0.018592124017734437 -0.01374446137294805 -0.052475334867994931 0.0044203075218150626 0.091618540899929934 -0.032101930495285064 0.0061869690376288328 0.08493896173788773 0.037179874850332334 0.018759079409552629 0.0048631367679476747 0.038127468264607584 0.045960082205255194 -0.050212738050793272 -0.050263507925211504 0.053420622952062249 0.067570676210511729 -0.050178397891323001 -0.0505887039182389 0.063179083325106924 0.056097019989812369 -0.050241132669186297 -0.050077662490082581 0.040668840647245165 0.065883470353780213 -0.050466599741271351
leaf_weight=2.4567254700232293 23.968260932946578 2037.9744023382664 497.50245950929821 215.85843193577603 41.295113667845726 43.352629603352398 303.04029554547742 39.273363552754745 253.45305568317417 2627.4378566336818 725.89634267496876 731.43781132006552 852.15085238101892 533.57559424999636 1941.9286333024502 300.28381702303886 23.418426946969703 3312.1237736791372 271.41879255371168 80.670854603406042 8.1289673089049739 201.5616313375067 6.1109313364140716 11.600075773894785 66.936901521403342 13.59921967377886 232.45297265797853 828.34680962609127 37.316384704317898 60.057730617001653 195.16658134991303 0.61861859716009293 3.8707154097501189 18.202718324027956 1.3250828790478411 1.1557106171967455 0.64660500444006064 0.95296619879081823 0.75634576007723808 0.37637574702966958 1817.2575764086796 1.1300353461410848 0.7467486956156788 0.42159799742512405
leaf_count=1002 1870 4911 1323 1063 248 148 976 177 857 10426 3722 6616 3921 1813 4942 884 73 7730 860 276 35 1059 33 52 195 51 708 2546 139 139 633 197 1221 82 7 427 139 9 14 128 1175316 153 3 74
internal_value=0.0071326 0.0134379 0.0161245 0.0143705 0.0281187 0.00875773 0.00636576 0.00698807 -0.0020373 0.00885459 -0.000618154 0.0109694 0.00129809 0.000895849 0.0160286 0.0209007 -0.0388599 0.0139866 0.021841 0.0111832 0.0292625 0.0170917 0.0169438 0.0149003 -0.00913782 0.0392779 0.0322456 0.0180567 0.0329006 0.0253797 0.0484992 -0.0497875 -0.0154895 0.0630212 0.0277618 -0.0499188 -0.0499777 -0.00671765 0.00692671 0.0310665 -0.0500215 -0.0215805 0.0471072 0.0238985
internal_weight=18367.3 16535.5 10505.2 9164.92 1340.23 6030.38 1572.61 4958.46 849.72 4108.74 749.865 3358.88 1068.01 787.029 7592.31 2242.21 62.6918 5350.1 857.721 352.09 505.631 504.602 1071.92 950.236 110.29 482.514 273.748 839.947 121.688 97.3741 208.766 1831.72 6.98276 24.3136 3.11205 1824.73 1822.25 2.48505 1.40295 1.32934 1820.84 3.58676 2.49343 1.16835
internal_count=1237198 58508 29620 25486 4134 28888 7019 25554 2920 22634 5592 17042 4984 2670 18467 5826 250 12641 2494 1136 1358 2035 3334 2941 343 1640 956 2598 393 278 684 1178690 1502 115 281 1177188 1176624 564 153 137 1176471 1155 84 77
is_linear=0
shrinkage=0.05


Tree=47
num_leaves=45
num_cat=0
split_feature=78 74 43 74 78 21 43 74 75 45 75 74 75 44 43 74 74 76 75 44 74 43 43 56 45 53 65 66 44 75 66 77 67 28 30 74 43 57 48 44 61 29 33 48
split_gain=2470.83 78.2388 110.222 58.3063 42.5207 38.0868 36.8445 53.5631 37.622 35.5123 35.4436 39.1523 32.4249 35.3567 30.7226 29.8693 30.765 27.5715 26.6752 26.1359 25.1321 24.3264 24.2273 21.5424 18.791 17.7508 17.0992 14.9598 8.04021 14.5868 7.19785 3.19096 3.9783 1.75294 1.74865 1.50853 1.15461 2.46931 1.12462 1.82136 0.452423 1.36141 0.000108535 0.000105882
threshold=0.068886077280793725 0.77938050280719606 28.500000000000004 0.82006021917769722 0.74291585239718161 1.0000000180025095e-35 50.500000000000007 0.67476956592363857 0.26579961782474254 -0.21357303789543022 0.033893096282266506 0.79740795442389933 0.015814182820008685 0.99902648303900909 18.500000000000004 0.77880060907285509 0.7290236495815311 0.52979936332408595 0.78826304949374348 0.99477413331883036 0.46099589752321984 7.5000000000000009 80.500000000000014 31.500000000000004 -0.085541502036153585 0.97240428877375595 1.0000000180025095e-35 3.5000000000000004 0.99916874090618391 0.59540499793870738 3.5000000000000004 0.039448129013839019 2.5000000000000004 0.85756292939186107 0.92012271285057079 0.92499652337813132 3.5000000000000004 8.5000000000000018 0.99117639425946602 0.99908771571345367 67.500000000000014 0.92820656299591076 0.93356561660766613 0.99117639425946602
decision_type=2 2 2 2 2 2 2 2 2 2 2 2 2 2 2 2 2 2 2 2 2 2 2 2 2 2 2 2 2 2 2 2 2 2 2 2 2 2 2 2 2 2 2 2
left_child=31 4 10 12 9 15 7 -7 -8 17 11 19 22 -14 -13 16 -6 20 23 -3 -2 25 -4 -12 -23 -11 -19 -20 30 -30 -5 33 34 36 -33 43 37 -1 -38 -40 41 -36 -39 -35
right_child=1 2 3 28 5 6 8 -9 -10 21 18 14 13 -15 -16 -17 -18 26 27 -21 -22 24 -24 -25 -26 -27 -28 -29 29 -31 -32 32 -34 35 40 -37 38 42 39 -41 -42 -43 -44 -45
leaf_value=0.040004152728411249 -0.037476375530814177 0.028535455503308417 0.023138768202172987 0.047171885595592516 0.010478907940957323 -0.0078348563016662608 9.6126017680831335e-05 0.016672972896466836 0.013776312345950437 -0.017217243705491336 0.0076378688194253565 0.015320065720454402 0.021891599814388076 0.0061970585359972276 0.030408894616218221 -0.077467057899171521 0.024270601908538435 0.045580360826345971 0.0085558987690062416 -0.010682957039162657 0.012456911475240895 -0.011414727772310514 0.041201708282321323 -0.0056115190390552171 -0.043225671766399541 0.047544378882450625 -0.017259103791629839 0.022533874138651655 0.052010386824574942 -0.021611658507857661 0.028937234831280429 -0.050202358497495062 -0.050250799993793428 -0.050317533307001776 0.063474879555270633 0.054964773105084679 -0.050073903974331993 -0.050131158880658361 -0.050109552060446511 0.019998113890114702 0.06610609814629563 -0.050476519910599253 -0.052570700748569711 -0.052153734491082737
leaf_weight=1.1187703046016388 26.50711809063796 53.051487287506461 590.87318761413917 81.973141251597553 811.81704723928124 259.29450376424938 1796.0703372121789 1590.3088039159775 697.83900257572532 20.627121500787325 1913.091256498592 2922.3097666311078 1114.6127234376036 529.24106052424759 381.38143913354725 8.3491572141647321 805.62454764544964 11.609782274812458 347.37180891726166 213.21127431234345 510.73062256490812 101.51215700362809 270.68036655150354 365.38638917403296 85.54460922209546 21.72484423732385 160.2623256330844 426.35557720577344 171.71846101945266 7.002338394522666 159.26730624493212 0.58856680721510146 3.6828460502438247 0.53102638979907968 0.73659028206020616 0.74097768682986498 1727.2526436218759 2.3140819949330766 2.419403873966075 1.5012664939276872 1.2919652645941822 0.40691431809682399 0.046508729457855114 0.092130697797983885
leaf_count=42 1285 127 1741 279 4348 1218 5120 3883 1722 446 5440 7397 3536 1744 971 30 1848 78 922 647 2312 1313 774 1156 4647 46 3167 1072 578 41 620 197 1221 129 3 18 1174254 1112 1312 314 9 72 1 6
internal_value=0.00683546 0.0128312 0.0157638 0.0238467 0.00877792 0.0103334 0.00788991 0.0132372 0.00392408 -0.00111535 0.0121931 0.0155754 0.0209567 0.0168387 0.0170619 0.0168614 0.0173484 0.00441671 0.00823702 -0.00286889 0.00999322 -0.0182151 0.0288137 0.00551314 -0.0259625 0.0160028 -0.0130144 0.0162583 0.0410881 0.0491259 0.0351333 -0.0497778 -0.0153561 -0.0499108 0.0271408 0.00674623 -0.0499554 -0.0211812 -0.0500132 -0.0232646 0.0458319 0.0229255 -0.0501792 -0.050589
internal_weight=18198.1 16455.3 9547.53 2925.37 6907.82 5969.3 4343.51 1849.6 2493.91 938.519 6622.16 3569.95 2505.41 1643.85 3303.69 1625.79 1617.44 709.11 3052.21 266.263 537.238 229.409 861.554 2278.48 187.057 42.352 171.872 773.727 419.961 178.721 241.24 1742.72 6.70688 1736.02 3.02404 1.36413 1734.65 3.47936 1731.17 3.92067 2.43547 1.1435 2.36059 0.623157
internal_count=1237198 58508 27045 9313 31463 18169 11943 5101 6842 13294 17732 9142 7795 5280 8368 6226 6196 6842 8590 774 3597 6452 2515 6596 5960 492 3245 1994 1518 619 899 1178690 1502 1177188 281 153 1177035 1155 1175880 1626 84 75 1113 135
is_linear=0
shrinkage=0.05


Tree=48
num_leaves=45
num_cat=0
split_feature=78 74 75 43 60 74 66 66 75 43 74 44 74 67 74 38 48 43 48 47 56 1 77 16 74 77 67 62 64 32 28 74 57 78 27 43 56 75 42 75 3 47 45 54
split_gain=2316.51 73.0965 49.8885 34.8634 29.5815 34.3539 40.0588 30.1166 28.7318 40.3995 37.6358 26.7487 30.4269 29.2643 26.1759 29.665 43.7118 39.5601 38.4354 27.831 25.8961 23.9193 11.2426 12.8481 7.50536 3.08604 3.76838 1.87514 1.97525 1.83147 1.69679 1.50628 1.50319 1.46304 1.44061 1.15531 2.35583 0.800674 0.269959 0.0072613 0.000195565 8.23959e-05 7.84656e-05 6.29716e-05
threshold=0.068886077280793725 0.74197873022009542 0.015524800192328993 158.50000000000003 27.500000000000004 0.76430064571946865 2.5000000000000004 3.5000000000000004 0.011226115918175851 22.500000000000004 0.77134341402560314 0.94743867909711921 0.78564564992411667 3.5000000000000004 0.10999672777298637 1.5000000000000002 0.99117639425946602 44.500000000000007 0.96350877121100698 0.65873203582663697 32.500000000000007 0.92403846979141246 0.3542742430227645 0.71598818898201 0.79186550052253923 0.039448129013839019 2.5000000000000004 1.0000000180025095e-35 1.0000000180025095e-35 1.0000000180025095e-35 0.85756292939186107 0.60336812859337219 12.500000000000002 0.019247659171958722 0.88583961129188549 3.5000000000000004 15.500000000000002 0.054419691143513783 4.5000000000000009 0.58105147084522546 0.38249973952770239 -0.070588985514599009 -0.17857253597739184 0.99994914122396128
decision_type=2 2 2 2 2 2 2 2 2 2 2 2 2 2 2 2 2 2 2 2 2 2 2 2 2 2 2 2 2 2 2 2 2 2 2 2 2 2 2 2 2 2 2 2
left_child=25 14 4 11 5 6 -3 -7 9 -6 -10 13 -13 -4 27 16 21 20 -19 -18 -17 -16 24 -24 -5 29 32 28 40 30 35 33 -27 -31 -32 36 -1 -34 -39 -35 -2 -29 -36 -43
right_child=1 2 3 22 8 7 -8 -9 10 -11 -12 12 -14 -15 15 17 19 18 -20 -21 -22 -23 23 -25 -26 26 -28 41 -30 31 34 -33 37 39 42 -37 -38 38 -40 -41 -42 43 -44 -45
leaf_value=0.038447814361000171 -0.053264860205881698 0.060629466558854678 0.009374771602696761 -0.044780571980677523 0.011142071059029274 -0.013111494388190531 -0.090894723753171119 0.026930633764458884 0.0059756344158535431 0.021871705426282684 0.031680133875487994 0.0059914990816578653 0.012480147448788616 0.030318129990907772 -0.0034150851591011632 0.0063882624666069228 0.021157860488801444 0.071144341874295386 0.01871257246250891 0.0035522373681929663 -0.031954286449593965 -0.026698737934299124 0.05578160564057804 0.026180737390078881 0.022507845333662114 -0.050224166201900171 -0.050238698654588965 -0.051330694060995552 0.058835564900154326 0.062330033197601165 0.054106227456418132 -0.050128538833236105 -0.050535386248304039 -0.05026477839512581 -0.050316049609734084 -0.050070267058689888 -0.050244192182753084 0.027872037391976467 0.064715124886166195 -0.064725563187808602 -0.050315400889659592 -0.050142891767426805 -0.051864014543164576 -0.050310329809531186
leaf_weight=1.1210220659850159 0.060733719379643558 5.6729429243132499 311.45434337668121 8.4159012772142905 1663.7909301267937 93.396331974305212 18.873720987699926 94.442126990761608 176.30832923995331 1855.8808450400829 740.52650402486324 2792.2507170776371 5118.8507537667174 359.11638856027275 564.38212173897773 328.81042160699144 291.07860752311535 38.051424484234303 429.23142165224999 981.01092102914117 50.846059461357072 137.09673010720871 43.292221147567034 239.21908631175756 8.1643437827005965 0.52386689244303797 3.5040540972258896 0.1677994946949245 0.83777138870209455 0.95069061149842971 0.7238520182436321 1.0581274748547 0.20810591941699419 0.17154357582330704 0.50443497148808092 1644.588348653866 2.2543707558652386 0.75724084826651994 1.4477962634991852 0.17574794590473175 0.75310826580971479 12.413739913143216 0.097724426072090864 10.253502478008157
leaf_count=153 2 15 943 127 4348 287 79 238 524 5235 1893 8767 14838 1035 3098 1605 1002 364 2181 2910 306 693 97 661 93 158 1221 13 6 36 27 488 49 39 118 1175316 1002 49 25 1 195 5013 8 1940
internal_value=0.00654974 0.0122524 0.0137843 0.0115875 0.0179807 -0.000248385 -0.0558762 0.00702104 0.0188533 0.0167997 0.0267371 0.0110027 0.01019 0.0205907 0.00496726 0.00541413 0.00205499 0.0132417 0.0229822 0.00758074 0.00125318 -0.00796563 0.0283684 0.0307168 -0.0116468 -0.0497672 -0.0152252 -0.0465057 0.00494234 -0.0499019 -0.0499648 -0.00585023 0.0265483 0.0302459 0.0065726 -0.0500103 -0.0207882 0.0432148 0.0520627 -0.0575827 -0.0505355 -0.0502268 -0.0505673 -0.0502186
internal_weight=18032.7 16374.6 13529.7 8880.76 4648.89 212.385 24.5467 187.838 4436.51 3519.67 916.835 8581.67 7911.1 670.571 2844.99 2820.51 1973.57 846.939 467.283 1272.09 379.656 701.479 299.092 282.511 16.5802 1658.09 6.44106 24.4867 1.65161 1651.65 1649.29 2.35611 2.93701 1.29798 1.32601 1647.96 3.37539 2.41314 2.20504 0.347292 0.813842 22.835 0.602159 22.6672
internal_count=1237198 58508 39180 26561 12619 619 94 525 12000 9583 2417 25583 23605 1978 19328 12159 7703 4456 2545 3912 1911 3791 978 758 220 1178690 1502 7169 203 1177188 1176624 564 281 76 153 1176471 1155 123 74 40 197 6966 126 6953
is_linear=0
shrinkage=0.05


Tree=49
num_leaves=45
num_cat=0
split_feature=78 78 74 43 74 47 60 74 43 42 41 76 54 48 74 65 75 72 43 74 44 19 48 56 72 16 75 78 67 62 74 74 32 31 38 62 78 3 75 48 46 53 76 17
split_gain=2172.4 72.5917 55.2329 85.2215 65.1463 41.6937 33.8056 32.7121 32.366 32.1225 31.087 36.4162 30.0976 41.4631 39.212 29.2673 26.8269 21.3335 20.1167 19.356 16.8671 12.2571 11.5328 11.2775 10.4212 13.0743 8.39715 3.01296 5.38543 2.99561 2.97634 2.61485 1.98473 1.79229 1.50478 1.43657 1.34911 1.22227 1.21874 0.000183019 0.000154694 2.79621e-05 4.70332e-05 1.34176e-05
threshold=0.068886077280793725 0.74291585239718161 0.77235107975040262 33.500000000000007 0.79470359839972693 0.86261791355625916 25.500000000000004 0.43949605872518499 49.500000000000007 5.5000000000000009 1.0000000180025095e-35 0.11077337920917406 0.99999895787473358 0.97035045476281334 0.68312054501319508 1.0000000180025095e-35 0.0056925230042553796 5.5000000000000009 9.5000000000000018 0.83336649555529141 0.99956496853146082 0.92419019341468822 0.99117639425946602 36.500000000000007 2.5000000000000004 0.86203312873840343 0.00056394783463010036 0.04189748574694898 2.5000000000000004 52.500000000000007 0.77089015138668904 0.77369378692805479 1.0000000180025095e-35 0.90422871708869945 1.5000000000000002 30.500000000000004 0.019247659171958722 0.96197089552879345 0.054419691143513783 0.98751063528077154 0.99999838919154427 1.0000000180025095e-35 0.78697729361661395 0.91715687513351452
decision_type=2 2 2 2 2 2 2 2 2 2 2 2 2 2 2 2 2 2 2 2 2 2 2 2 2 2 2 2 2 2 2 2 2 2 2 2 2 2 2 2 2 2 2 2
left_child=27 5 6 10 8 7 16 21 -5 15 11 -4 14 -14 -8 -9 26 -11 -12 -6 -18 29 -23 24 25 -7 -3 32 30 -2 43 -26 33 -1 -34 38 -36 -35 -32 -37 41 42 -30 -29
right_child=1 2 3 4 19 23 12 9 -10 17 18 -13 13 -15 -16 -17 20 -19 -20 -21 -22 22 -24 -25 31 -27 -28 28 40 -31 35 -33 34 37 36 39 -38 -39 -40 -41 -42 -43 -44 -45
leaf_value=-0.050066928729777541 -0.052754334429591244 -0.023603204475316674 0.012123609567940643 0.030182667291683386 0.029278875925783477 -0.05171016874633895 0.0065995288417023557 0.032652599757352394 0.013263197473418859 0.054928470277595134 0.046606819457067759 -0.0073681296891163275 -0.01327539751576548 0.0081600154528946155 0.02143880537742671 0.0026704128813612158 -0.01926807144120609 -0.011678324248501416 0.018399564773446859 0.047186614330641981 0.057763334001889044 -0.03276560277226042 0.094537655231480874 0.041106210045652063 -0.053491524286204808 0.027555416387616112 -0.12953823131056233 -0.050129455208467656 -0.050243533510729056 -0.020637265596040719 -0.050363459455826147 -0.08449802479764161 -0.050154090680527841 -0.050358709604046141 0.06582450908737654 -0.050295279064323566 -0.058143386160107446 0.053188394537934031 0.061262666281850522 -0.052858624422294526 -0.052134671062451024 -0.050114315637069952 -0.051163394430522528 -0.050874483443117437
leaf_weight=1561.3563220930519 33.701149314176291 2.5662350764032436 5668.2483340576291 353.74848993122578 873.59763882309198 13.639694964047523 823.00744949630462 85.135674175340682 1406.4318293780088 51.080073417164385 98.442583426833153 250.20289185643196 243.55614257603884 3059.8811778277159 969.70975680649281 1852.4004447145853 75.249481305480003 15.721757260151206 176.60195089876652 182.4008761420846 7.8474023863673201 3.9393476577242827 3.2442470045061782 3.9134889598935834 14.885429846122863 8.409683399833737 6.9014294873923063 1.1622341426555056 0.83719608199316631 9.2538650080095959 0.26755545486230481 12.517452711239455 0.89659109106287305 0.477365382015704 0.90044561261311151 0.29214718262664963 0.29019705182872713 0.70718389819376171 2.8405979627277702 0.091425983351655304 0.099302988499403777 7.1118374506477267 0.16661995183676481 0.063747075502760597
leaf_count=1173028 5354 39 13723 842 2644 100 5013 341 3644 309 193 652 723 7931 2314 11764 266 282 411 621 17 166 63 15 131 49 33 601 267 788 95 80 407 122 36 98 45 16 103 9 6 3835 14 8
internal_value=0.00626999 0.0116903 0.0129757 0.0153423 0.0225539 0.00303193 0.00886636 0.00416529 0.0166636 0.00516316 0.0120632 0.0112996 0.00941028 0.00657962 0.0146263 0.00398784 -0.0210792 0.0392526 0.0284954 0.032372 -0.0119935 -0.0357255 0.024727 -0.0406001 -0.0470661 -0.0214781 -0.100824 -0.0497565 -0.025722 -0.0458353 0.0168548 -0.0676551 -0.0499552 -0.0500203 -0.00123099 0.0403873 0.0356096 0.0114596 0.0516537 -0.0509063 -0.0501732 -0.0501492 -0.0503962 -0.0501682
internal_weight=17883.8 16306.2 14198.4 9009.67 2816.18 2107.84 5188.72 2054.48 1760.18 2004.34 6193.5 5918.45 5096.15 3303.44 1792.72 1937.54 92.5645 66.8018 275.045 1056 83.0969 50.1386 7.18359 53.3657 49.4523 22.0494 9.46766 1577.56 12.9327 42.955 4.71771 27.4029 1564.63 1562.54 2.08723 3.49173 1.19064 1.18455 3.10815 0.383573 8.21496 8.11565 1.00382 1.22598
internal_count=1237198 58508 39066 22730 7751 19442 16336 19067 4486 12696 14979 14375 15981 8654 7327 12105 355 591 604 3265 283 6371 229 375 360 149 72 1178690 5036 6142 914 211 1173654 1173166 488 305 81 138 198 107 4122 4116 281 609
is_linear=0
shrinkage=0.05


Tree=50
num_leaves=45
num_cat=0
split_feature=78 78 74 43 74 47 13 74 76 47 45 75 74 76 21 74 23 21 43 51 74 48 10 10 75 44 19 52 44 48 76 62 78 67 74 32 31 76 62 66 75 48 16 52
split_gain=2038.76 66.4237 51.9788 113.039 42.8216 38.6666 32.1725 44.5599 38.7123 34.7577 31.5827 30.8314 30.6417 33.749 30.8217 30.4421 29.7187 27.4968 27.2944 27.0981 26.0574 25.5889 24.2274 21.2206 18.1657 14.2923 12.362 10.9018 10.2133 10.1063 10.0089 3.05895 2.93679 5.13197 2.77502 1.93508 1.7274 1.39666 1.32452 1.17609 1.11605 0.000157469 8.08895e-05 2.32073e-05
threshold=0.068886077280793725 0.74291585239718161 0.78185618811093727 28.500000000000004 0.81292707334013581 0.65873203582663697 0.83935481309890758 0.55775765346823336 0.044949603787714197 0.65873203582663697 -0.085541502036153585 0.029781326188362937 0.43949605872518499 0.40935916975331404 1.0000000180025095e-35 0.79740795442389933 1.0000000180025095e-35 1.0000000180025095e-35 90.500000000000014 0.8219897502975998 0.94412727889595982 0.97035045476281334 0.91366460919380199 0.31866537034511572 0.18729103117916099 0.99731433055495333 0.92419019341468822 0.008807162766097108 0.9907918713712317 0.99117639425946602 0.3203222811016227 52.500000000000007 0.04189748574694898 2.5000000000000004 0.77089015138668904 1.0000000180025095e-35 0.90422871708869945 0.59391413434887597 30.500000000000004 3.5000000000000004 0.054419691143513783 0.98751063528077154 0.98163071274757396 0.19091884577378174
decision_type=2 2 2 2 2 2 2 2 2 2 2 2 2 2 2 2 2 2 2 2 2 2 2 2 2 2 2 2 2 2 2 2 2 2 2 2 2 2 2 2 2 2 2 2
left_child=32 5 6 11 18 12 7 17 21 -10 22 15 26 16 -15 -4 -14 -3 -5 -9 -13 -8 23 -7 27 -24 31 -12 -6 -28 -26 -2 35 34 -34 36 -1 -37 40 -38 -36 -40 43 -35
right_child=1 2 3 4 28 10 8 19 9 -11 24 20 13 14 -16 -17 -18 -19 -20 -21 -22 -23 25 -25 30 -27 29 -29 -30 -31 -32 -33 33 42 38 37 39 -39 41 -41 -42 -43 -44 -45
leaf_value=-0.050063661779000262 -0.052561967906386543 0.013281250892720682 -0.0034811206044726493 0.017371553706521811 0.023835585434261002 -0.058308395244360295 -0.0038966517238411442 0.034756681680847411 0.017673697155590636 -0.013212713295390536 -0.064402072923504791 0.0053330254700467705 0.0083158796527222079 0.0058924305001758145 -0.014120969877106263 0.016116132805451936 0.030072841869623841 -0.026553951700099662 0.031785619068555003 0.015645452917843188 0.019329804014417071 0.0097898545514430897 -0.046925160852111819 0.015290691164065666 -0.00084420924169444208 -0.0012501235577502252 -0.029792961465622221 0.038887865501385531 0.041831257876011829 0.091889271379494097 -0.051700655843440961 -0.019277375017732617 -0.050160000406536134 -0.050107523116606614 -0.050345939918129051 0.033845926121498386 0.05261181461254244 -0.050117224959162432 -0.050280959028933273 -0.05039532974976673 0.058990386969067971 -0.052716326319191632 -0.051255904880568054 -0.050367349531990846
leaf_weight=1485.3024988092948 30.784476275672205 82.87162056658417 212.8116599470377 1283.0073323026299 99.925522983074188 10.617007416673003 373.12100736214779 235.35182726383209 119.03925420343876 387.90685964375734 46.161323381355032 2244.6503801494837 539.54978328524157 735.87259803153574 260.47235884633847 2879.0742436945438 221.34250763058662 90.76723259780556 441.42533387988806 875.3547128289938 390.34268546104431 4031.3562761172652 38.639183274004608 126.31502326880582 34.074288597563282 30.763290085829794 3.6145768117858088 2.7042530332691959 373.72879994660616 3.2322987391380593 13.510675789322702 8.8980161222862062 1.1663750970037634 6.6626802267273888 0.25459295557811934 1.1852911901660257 0.68884786940179654 0.85079559485893685 0.27797614526934911 0.46359908336307853 2.8034729338251054 0.087195911211892962 0.1662350526312365 0.98667343065608282
leaf_count=1173028 5301 1204 560 3524 355 64 1219 516 310 1217 365 5533 1568 6672 2337 6866 615 823 1248 2215 906 11327 244 737 145 184 163 24 1243 58 182 783 609 3793 95 54 32 434 98 106 103 9 33 296
internal_value=0.00600549 0.0111622 0.0123978 0.01508 0.0247188 0.0028799 0.0089669 0.0160127 0.00712442 -0.00596008 -0.013654 0.0113805 0.00565533 0.00671576 0.000660369 0.0147673 0.0146449 -0.00754203 0.0210613 0.019695 0.00740648 0.00863042 -0.00261335 0.0095842 -0.037273 -0.0266793 -0.0343933 -0.0586859 0.0380348 0.0276512 -0.0152837 -0.0450986 -0.0497476 -0.0255204 0.0164461 -0.0499495 -0.0500162 -0.00123877 0.0391403 0.0111748 0.0498878 -0.0508625 -0.0501648 -0.050141
internal_weight=17728.2 16227.3 14120.7 7924.97 2198.09 2106.55 6195.77 1284.35 4911.42 506.946 302.785 5726.88 1803.77 1757.24 996.345 3091.89 760.892 173.639 1724.43 1110.71 2634.99 4404.48 206.335 136.932 96.4505 69.4025 46.5294 48.8656 473.654 6.84688 47.585 39.6825 1500.9 12.4052 4.58961 1488.49 1486.45 2.03609 3.42324 1.15245 3.05807 0.365172 7.81559 7.64935
internal_count=1237198 58508 39066 20235 6370 19442 18831 4758 14073 1527 1945 13865 17497 11192 9009 7426 2183 2027 4772 2731 6439 12546 1229 801 716 428 6305 389 1598 221 327 6084 1178690 5036 914 1173654 1173166 488 305 138 198 107 4122 4089
is_linear=0
shrinkage=0.05


Tree=51
num_leaves=45
num_cat=0
split_feature=72 76 74 43 74 75 74 38 76 77 43 47 75 74 74 74 46 44 42 57 44 43 74 74 56 9 46 74 41 42 75 36 10 48 20 45 3 75 54 28 54 67 54 47
split_gain=1823.13 81.6766 66.1027 107.926 45.0755 35.0091 38.0926 54.7368 30.0342 29.9478 28.9086 27.5222 27.2744 32.5155 22.8178 21.7385 20.4174 22.0477 19.8266 18.3414 17.1078 17.8376 17.1957 15.0185 11.4811 10.687 8.82258 7.53842 7.46225 7.1798 13.3016 5.35615 3.70851 3.28701 3.09323 2.95737 1.97362 1.96178 1.36848 0.39203 0.140771 0.086934 0.0339888 0.115632
threshold=5.5000000000000009 0.40935916975331404 0.78185618811093727 28.500000000000004 0.82006021917769722 0.38925519434202266 0.46099589752321984 1.5000000000000002 0.73123283269754957 0.079371427573475192 90.500000000000014 0.41632551829129177 0.030522014924919259 0.90671793854888028 0.94412727889595982 0.70524947861366449 0.64613580925817204 0.9937241572587906 5.5000000000000009 11.500000000000002 0.59556235071998842 66.500000000000014 0.67476956592363857 0.91620579917227818 24.500000000000004 3.5000000000000004 0.25354477085722027 0.8384250785054137 0.51806464791297924 2.5000000000000004 0.094452860622355431 9.5000000000000018 0.65545505285263073 0.96695455786364881 0.71714287996292125 -0.72604625514239529 0.50427141785621654 0.81653373059795398 0.99999886430482721 0.65616059303283703 0.99999856055236036 1.5000000000000002 0.9999975384203722 -0.070588985514599009
decision_type=2 2 2 2 2 2 2 2 2 2 2 2 2 2 2 2 2 2 2 2 2 2 2 2 2 2 2 2 2 2 2 2 2 2 2 2 2 2 2 2 2 2 2 2
left_child=1 2 5 12 10 6 19 -8 11 38 -5 15 13 -4 -14 28 17 -13 -17 -1 21 -7 -22 -18 25 -11 34 -6 -3 35 -31 33 -27 39 37 -28 -36 -10 40 -26 42 -42 -2 -44
right_child=9 8 3 4 27 20 7 -9 26 24 -12 16 14 -15 -16 18 23 -19 -20 -21 22 -23 -24 -25 31 32 29 -29 -30 30 -32 -33 -34 -35 36 -37 -38 -39 -40 -41 41 -43 43 -45
leaf_value=-0.050633599133398113 -0.050061118604068457 -0.042009825611092677 0.010288391364189207 0.017066239517088057 0.033501693192158059 0.021794243588592704 0.004554861263005445 0.019234390184718644 -0.051091472714835488 0.081003224070881508 0.030856317527419297 0.031129770726606817 0.0055125299622829308 0.020799826553528081 0.018389740933546457 0.0043409793925927691 -0.035521264980496854 -0.0169547222761267 0.046197707233769689 -0.0069260961998097214 0.00073553763198446918 0.069060971419747902 0.015144521070949253 0.018790992910741846 -0.061672935482258495 0.031985004899999975 0.057752241964095931 0.048374260879723352 0.011771727661281199 -0.023293058866201297 0.062124483055840986 0.032600276429402157 -0.050814139833581656 0.016272916620111429 0.055632340898632039 -0.054035706778029671 -0.051979282394747174 -0.023878217346799322 -0.090248708187245993 -0.09164855367182112 -0.083614707267793631 -0.055903460332315247 -0.076978577757301214 -0.05030370043532454
leaf_weight=25.900526104262099 1361.4964100553188 32.857661929912865 2057.6249505728483 1456.8062883168459 186.56060580164194 81.303641594015062 4002.1900712642819 754.79581020772457 41.988650007988326 7.0037353928200918 514.17968974262476 37.878032678272575 2448.4510949254036 1145.1651857942343 400.24387408792973 717.41451321274508 110.53577170602512 64.320942228194326 29.453159963944927 327.57269089110196 247.78700128418859 26.454899433068931 1259.7359183095396 14.384685963392256 4.6820503659546358 2.5216447324492037 0.63507385959383 156.82202590256929 8.0250185616314393 12.925042034708897 7.0404055258259168 2.4302898803725839 2.9163850923068821 1.400702836923301 1.2334801051765669 8.6503174073295686 0.6509178087580948 7.8627387270098543 2.1243154871044672 1.4220249475911257 0.48571737855672725 0.67819411039818078 0.51630662381649051 1.9062028300249938
leaf_count=1218 1132205 5079 5043 4065 651 234 10870 2041 26169 35 1490 473 6061 2709 943 7872 1611 862 987 12411 757 66 3016 74 74 11 28 537 1119 1575 719 26 32 15 37 736 180 3974 26 15 6 127 16 1003
internal_value=0.00575096 0.010469 0.011426 0.0143931 0.0235763 0.00773543 0.00570736 0.00688408 -0.00271117 -0.0492098 0.0206637 -0.000372859 0.010881 0.0140468 0.00732179 0.00404833 -0.0157075 0.000866846 0.00599162 -0.0101287 0.0141519 0.0333983 0.0127762 -0.0292672 0.00816584 0.0401701 -0.0320134 0.040294 -0.0314528 -0.0100657 0.00682769 -0.0319133 -0.0124197 -0.0528049 -0.0444223 -0.04639 0.0184606 -0.0467993 -0.0501489 -0.0686562 -0.0500865 -0.0674678 -0.0500716 -0.0559889
internal_weight=17577 16187.5 15091.6 8365.85 2314.37 6725.74 5110.46 4756.99 1095.86 1389.58 1970.99 1014.87 6051.49 3202.79 2848.69 787.75 227.119 102.199 746.868 353.473 1615.28 107.759 1507.52 124.92 22.3768 12.4418 80.9866 343.383 40.8827 29.2508 19.9654 9.93507 5.43803 7.50478 51.7358 9.28539 1.8844 49.8514 1367.21 6.10408 1365.08 1.16391 1363.92 2.42251
internal_count=1237198 103607 52112 21499 6743 30613 26540 12911 51495 1133591 5555 18077 14756 7752 7004 15057 3020 1335 8859 13629 4073 300 3773 1685 208 78 33418 1188 6198 3058 2294 130 43 104 30360 764 217 30143 1133383 89 1133357 133 1133224 1019
is_linear=0
shrinkage=0.05


Tree=52
num_leaves=45
num_cat=0
split_feature=78 74 76 54 75 47 76 43 51 41 66 77 44 43 47 74 43 60 52 74 56 43 74 34 56 77 56 75 27 57 76 78 67 74 32 31 66 78 45 17 75 43 29 46
split_gain=1799.26 59.2317 48.288 38.1202 35.7413 34.4691 32.0995 37.4118 29.1624 28.3095 35.2039 33.7918 45.2557 28.7651 27.202 33.3079 27.0735 25.9734 25.0433 24.1873 23.6231 22.8543 22.7918 21.8278 20.8876 20.6078 20.3938 20.1075 18.102 13.2143 3.32081 2.85139 4.83464 2.55353 1.95169 1.59038 1.34481 1.24315 1.23361 1.07519 0.980143 0.00419162 0.000155082 0.000119575
threshold=0.068886077280793725 0.74348949484549276 0.12387291353145517 0.99999895787473358 0.029781326188362937 0.65873203582663697 0.3887213723125818 22.500000000000004 0.92009233756444175 0.5123116970062257 2.5000000000000004 0.3542742430227645 0.59556235071998842 287.50000000000006 0.65873203582663697 0.55775765346823336 16.500000000000004 81.500000000000014 1.829696695499032e-05 0.73868890741983451 21.500000000000004 95.500000000000014 0.71894715964871347 4.5000000000000009 28.500000000000004 0.71016232810857505 24.500000000000004 0.59540499793870738 0.81853973865509044 8.5000000000000018 0.37016848701995991 0.04189748574694898 2.5000000000000004 0.77089015138668904 1.0000000180025095e-35 0.90422871708869945 3.5000000000000004 0.019247659171958722 -0.61529285525282729 0.83402201533317577 0.054419691143513783 287.50000000000006 0.94505837559700023 0.99999838919154427
decision_type=2 2 2 2 2 2 2 2 2 2 2 2 2 2 2 2 2 2 2 2 2 2 2 2 2 2 2 2 2 2 2 2 2 2 2 2 2 2 2 2 2 2 2 2
left_child=31 9 3 16 21 6 7 -4 26 11 27 19 24 -14 15 -12 23 -6 -8 22 -16 -5 -2 -3 -13 -10 -7 28 -11 -18 -21 34 33 -33 35 -1 -36 -38 40 -37 -35 -39 -40 -34
right_child=1 2 5 4 17 8 18 -9 25 10 14 12 13 -15 20 -17 29 -19 -20 30 -22 -23 -24 -25 -26 -27 -28 -29 -30 -31 -32 32 43 38 36 39 37 41 42 -41 -42 -43 -44 -45
leaf_value=-0.05005764826193132 -0.014384958509877513 0.010378939969906579 0.0078198036069698218 0.013192941517507599 0.0065875002674132561 0.015146476609339127 -0.0011550124517096601 0.031132276654528574 -0.030870173300182116 -0.0010053938126131177 0.010431951735701862 0.041014515021883552 0.00056604926109712222 0.032333875646985637 -0.034455837408272592 0.043172132046196084 0.04873474822111299 0.018011878812311432 0.023551538220825723 -0.11794150843834919 0.011433683131793732 0.023139656952449461 0.019476893266496476 0.049086524979529672 0.0021336792507616058 0.016823427377767035 -0.010882526828644977 0.048651224903188274 -0.072013620023154076 0.023853381760309003 -0.060662148701223474 -0.050151704939115783 -0.05013210586374111 -0.050303457997081795 -0.050169347469338391 0.050987973531798507 0.062395980872566037 -0.050113525039467803 -0.053118439775791476 -0.050327794881724723 0.057009384753743134 -0.062616604898906109 -0.050463917576426744 -0.0519583972965049
leaf_weight=1344.9607666472439 328.83248232956976 673.48107078671455 508.72922363877296 4524.6471573784947 3504.7901635915041 152.34194641187787 821.91664046328515 260.07747256755829 146.0943182008341 15.10230281180702 153.77853481716011 114.42107059061527 1758.2069633677602 74.267373841255903 34.833880439400673 156.98580990871415 56.66037654876709 579.8198072090745 117.19130427204072 3.1470142155885723 143.89010110870004 661.98654057085514 58.539808540837839 38.503685340285301 49.480726405978203 26.804699838161469 148.71329484716989 7.0928096491843453 22.122928620432504 916.77962864935398 12.914158888626842 1.0875539768021534 7.1651481153676286 0.23078212398104447 0.80692772741895069 0.6529838575515885 0.89745258109178372 0.10908821993507445 0.068559415754862019 0.43717780732549727 2.7274118299828842 0.17387762316502631 0.27863412071019411 0.09076250111684192
leaf_count=1173028 9294 1628 1274 11445 9144 595 6150 586 600 198 2032 273 5140 248 156 548 119 1465 967 13 511 1759 634 73 142 68 667 23 232 2330 194 609 4116 104 358 13 68 57 5 125 119 5 77 6
internal_value=0.00550572 0.010178 0.0116123 0.0129649 0.0117075 0.0048196 0.00813019 0.0157061 -0.00711027 0.00375433 0.0141687 0.0014378 0.00410498 0.00185355 0.0180323 0.026971 0.019882 0.00820922 0.00192812 -0.0117606 0.00248967 0.0144625 -0.00926775 0.0124722 0.0292767 -0.0234762 0.00228884 -0.0285045 -0.0432055 0.0253016 -0.0718854 -0.0497228 -0.0250914 0.0163065 -0.0499356 -0.0500087 -0.000422687 0.0335839 0.0381729 0.0103582 0.0486374 -0.0577965 -0.0509881 -0.050155
internal_weight=17431.8 16072.2 13138.5 10956.7 9271.24 2181.87 1707.91 768.807 473.954 2933.62 533.806 2399.81 1996.38 1832.47 489.488 310.764 1685.42 4084.61 939.108 403.433 178.724 5186.63 387.372 711.985 163.902 172.899 301.055 44.318 37.2252 973.44 16.0612 1359.69 11.6489 4.39294 1348.04 1346.05 1.98735 1.18042 3.30539 1.09016 2.95819 0.282966 0.347194 7.25591
internal_count=1237198 58508 38870 27963 23813 10907 8977 1860 1930 19638 3700 15938 5803 5388 3247 2580 4150 10609 7117 10135 667 13204 9928 1701 415 668 1262 453 430 2449 207 1178690 5036 914 1173654 1173166 488 130 305 138 223 62 82 4122
is_linear=0
shrinkage=0.05


Tree=53
num_leaves=45
num_cat=0
split_feature=78 77 73 74 65 76 47 74 45 38 74 44 17 35 76 75 47 73 56 74 38 4 74 74 47 28 48 74 44 74 66 66 78 67 74 32 28 38 45 3 75 29 46 53
split_gain=1690.62 55.565 43.1411 68.9013 33.6259 35.9372 40.5202 40.0049 38.5287 35.3317 33.2503 37.1804 52.996 26.3328 26.0837 24.3859 24.1371 23.8475 28.1557 22.1008 16.4035 28.5515 23.1828 16.1238 36.8942 17.9603 14.9902 14.1278 10.999 10.7375 10.5789 4.64987 2.78046 4.60762 2.38206 1.90228 1.52727 1.31836 1.1386 1.07179 0.898951 0.000133008 0.000102764 1.63326e-05
threshold=0.068886077280793725 0.76657831827204215 14.500000000000002 0.80591444768643317 1.0000000180025095e-35 0.14630926420287657 0.65873203582663697 0.90671793854888028 -0.034940736509320051 1.5000000000000002 0.87919462285902539 0.92039042218756673 0.50187969207763683 1.0000000180025095e-35 0.52979936332408595 0.020368635406344319 0.020737301924496961 18.500000000000004 26.500000000000004 0.81887673610045775 1.5000000000000002 0.70106381177902233 0.55775765346823336 0.93409761802761604 0.65873203582663697 0.60009935498237621 0.95295961644846028 0.74785458390773274 0.16801995576086282 0.68449088951691117 5.5000000000000009 3.5000000000000004 0.04189748574694898 2.5000000000000004 0.77089015138668904 1.0000000180025095e-35 0.85756292939186107 1.5000000000000002 -0.61529285525282729 0.96197089552879345 0.054419691143513783 0.94505837559700023 0.99999838919154427 1.0000000180025095e-35
decision_type=2 2 2 2 2 2 2 2 2 2 2 2 2 2 2 2 2 2 2 2 2 2 2 2 2 2 2 2 2 2 2 2 2 2 2 2 2 2 2 2 2 2 2 2
left_child=32 4 10 13 20 7 14 8 -6 -8 11 31 -13 15 -7 -4 -9 18 -5 -19 22 27 28 24 -12 -25 -15 -22 -2 -23 -24 -3 35 34 -34 36 -1 -37 40 -38 -36 -40 43 -35
right_child=1 2 3 17 5 6 9 16 -10 -11 23 12 -14 26 -16 -17 -18 19 -20 -21 21 29 30 25 -26 -27 -28 -29 -30 -31 -32 -33 33 42 38 37 39 -39 41 -41 -42 -43 -44 -45
leaf_value=-0.050054836284522536 0.06415422754184609 0.0050970206084394974 0.014471064364524583 0.0060354872967223923 0.015780628603261907 0.0080884488410258928 -0.024868827471646617 0.0096264296645754456 0.0057427111511006088 0.0042388247563068925 0.015413903591978965 -0.077998770527115513 -0.0070047625019633618 -0.00029620591665747878 -0.0053130532513096093 0.00070595790744105438 0.027567743155751969 0.023250742350873779 0.032272357473746412 0.040126722238526785 0.10282640585855306 -0.059729297057533062 0.020677223837048529 0.032412554451144653 -0.0024161102774440339 0.012025184075510911 0.019850875462004095 0.036149384841470032 -0.070024397044132311 0.022572176465680466 -0.029996351807390034 0.036216629676637753 -0.050144355603810691 -0.050330708126926429 -0.050288823300750102 -0.050140352466226251 -0.050313331538784561 0.033751262595830188 -0.052959160761371415 0.051777930383508579 0.054924365735994719 -0.050441643624768523 -0.051860030100157661 -0.050096484507852958
leaf_weight=1279.4327613145579 1.7866356823360536 19.612869992852211 617.07227050513029 240.05006958544254 1146.5514339689398 1410.1304134211969 243.86845391173847 340.14691598713398 5750.6401072680019 182.10136353271082 570.98603349924088 36.044613212347031 97.103382363915443 102.11998450756073 488.98264875519089 672.2938529998064 417.62867116928101 373.36818705499172 178.13490182161331 403.83964598178864 20.219875957700424 4.5824509313097215 356.23486725613475 134.43546728789806 589.84585988521576 549.91913485527039 962.621088065207 13.085897595621644 10.522276575677095 29.319213848095387 10.60614465177059 30.939503744244576 1.034661149373276 0.85035928664728988 0.21958902513142753 0.79062514076940615 0.43580205191392341 1.1487756170099599 0.065406918874941655 0.62689101998694241 2.6903604713734239 0.26515906408894807 0.086495588067918905 5.9661890468560159
leaf_count=1173027 99 48 1681 603 4805 5550 1165 836 21133 1089 1372 128 253 278 6602 1879 924 1121 385 1349 165 48 920 297 1553 1362 2522 66 82 93 37 63 609 281 104 407 128 81 5 11 119 77 6 3835
internal_value=0.00526737 0.00971131 0.013739 0.0170634 0.00755638 0.00695588 0.00151175 0.00860945 0.00741136 -0.0124254 0.00792313 -0.0123632 -0.0262236 0.0120992 0.00463784 0.00729374 0.0195143 0.0268393 0.0172116 0.0320196 0.0209829 0.0437493 0.0169474 0.00994277 0.00635406 0.0160301 0.0179186 0.0766289 -0.0505484 0.0114476 0.0192121 0.0241431 -0.0497137 -0.0248848 0.0159063 -0.0499301 -0.0500051 -0.000448384 0.0369955 0.00991111 0.0469848 -0.0509398 -0.0501474 -0.0501257
internal_weight=17298.4 16004.8 5578.39 3549.5 10426.4 9980.05 2325.08 7654.97 6897.19 425.97 2028.89 183.7 133.148 2354.11 1899.11 1289.37 757.776 1195.39 418.185 777.208 446.357 67.2074 379.15 1845.19 1160.83 684.355 1064.74 33.3058 12.3089 33.9017 366.841 50.5524 1293.61 11.1782 4.27518 1282.43 1280.5 1.9394 3.24052 1.06269 2.90995 0.330566 6.90304 6.81655
internal_count=1237198 58508 14894 9818 43614 42104 14406 27698 25938 2254 5076 492 381 6360 12152 3560 1760 3458 988 2470 1510 372 1138 4584 2925 1659 2800 231 181 141 957 111 1178690 5036 914 1173654 1173166 488 305 139 223 82 4122 4116
is_linear=0
shrinkage=0.05


Tree=54
num_leaves=45
num_cat=0
split_feature=78 74 75 43 41 78 60 74 75 74 74 66 41 43 56 74 43 38 56 48 43 30 74 56 63 33 74 44 44 75 1 78 67 74 31 47 45 42 62 74 75 48 46 53
split_gain=1589.23 53.1527 43.1387 29.8592 28.6588 33.8594 27.4194 31.9407 26.0992 39.3659 33.6235 26.0909 24.9102 32.531 35.9452 37.5168 27.6844 29.3008 35.6221 35.0265 24.5231 23.405 23.1459 24.9328 19.5016 16.2898 9.85628 14.0451 10.0781 9.82121 9.19584 2.71266 4.39196 2.22236 1.47169 1.29402 1.99317 1.12903 1.11597 0.977212 0.845566 9.95339e-05 8.83238e-05 1.40825e-05
threshold=0.068886077280793725 0.74197873022009542 0.015524800192328993 158.50000000000003 0.5375427007675172 0.92587920922628875 29.500000000000004 0.76430064571946865 0.011226115918175851 0.75138813546832772 0.77938050280719606 2.5000000000000004 0.5123116970062257 5.5000000000000009 22.500000000000004 0.63448895195058641 3.5000000000000004 1.5000000000000002 29.500000000000004 0.99117639425946602 25.500000000000004 0.92599797248840343 0.53912397517524824 19.500000000000004 1.0000000180025095e-35 0.50335630774497997 0.75722064116282894 0.99695743547399018 0.99902648303900909 0.14800473888730489 0.82807883620262157 0.04189748574694898 2.5000000000000004 0.77089015138668904 0.90422871708869945 0.41632551829129177 -0.55865731462183332 2.5000000000000004 30.500000000000004 0.92499652337813132 0.054419691143513783 0.98751063528077154 0.99999838919154427 1.0000000180025095e-35
decision_type=2 2 2 2 2 2 2 2 2 2 2 2 2 2 2 2 2 2 2 2 2 2 2 2 2 2 2 2 2 2 2 2 2 2 2 2 2 2 2 2 2 2 2 2
left_child=31 12 6 4 5 -4 7 11 9 -8 -10 -3 16 22 21 -16 24 19 -19 -18 -9 -15 23 -14 30 -6 27 -5 -28 -24 -2 34 33 -33 35 -1 37 -37 40 -36 -35 -40 43 -34
right_child=1 2 3 26 25 -7 8 20 10 -11 -12 -13 13 14 15 -17 17 18 -20 -21 -22 -23 29 -25 -26 -27 28 -29 -30 -31 -32 32 42 38 39 36 -38 -39 41 -41 -42 -43 -44 -45
leaf_value=-0.050052217966519166 -0.082697337439097574 0.039703445706825997 0.0012080015507355078 0.028418604146345061 0.051661187362900075 0.00898206866275548 0.03755752659572343 -0.0011928427318779885 0.0074692607060006374 0.012555257624304367 0.029979696398720435 -0.049725900324911781 -0.035084919255337549 -0.0075208765813445993 -0.012051831157103609 0.031002675316172252 -0.011931844577937648 0.017257844632870372 -0.0096190141791129263 0.0034369391649190246 0.024032028303189852 -0.06214708050624717 0.067111881861377662 0.024440780926118826 0.076640237544913226 0.015825191021638606 0.035977001909791029 -0.027709548851174704 0.014003780895017533 0.034311158038042654 -0.031374263582577291 -0.050137360844089929 -0.050314743977962539 -0.050283303853640486 -0.050336648788389421 -0.058765185091023159 -0.050071943648323514 0.063828872112911231 -0.05026543869360315 0.049374914541643458 0.053701805395737871 -0.052320184977596475 -0.051766738752766751 -0.050091778019252457
leaf_weight=1216.2426067990018 13.778332642512394 10.022950804792343 1850.1925125299022 24.763933822978288 33.219280288089067 5764.2790467068553 166.13066931534559 268.56089629698545 228.57661866233684 3007.7302156870719 604.86465387186036 43.782010309863836 23.107514754752629 76.470667532412335 82.212118026800454 131.57577695534565 577.55751681467518 488.97034199698828 164.84457778022625 1035.2520235010888 150.25968992663547 26.370494129834697 31.796552987769246 73.693436629255302 3.2968341892119488 698.68340598419309 157.3179654031992 20.267514582723379 78.084239918272942 80.847395267337561 23.810465951333754 0.98433397535700162 0.80913695704657573 0.21117556910030622 0.40678547322749981 0.24103011586703382 1.6754789858241554 0.85046518035233021 0.25665764184668649 0.62057807017117739 2.6335875772638246 0.076506590703502297 0.082421683007851132 5.6757343533681706
leaf_count=1172109 179 26 8054 77 172 14951 399 760 674 8541 1621 158 169 879 1263 446 4511 5094 1932 3753 440 229 59 440 8 2406 529 79 293 193 173 609 281 95 120 32 1310 65 98 18 103 9 6 3835
internal_value=0.00503859 0.00926531 0.0106078 0.00854065 0.00800145 0.0070931 0.0145884 0.00319818 0.0159317 0.013864 0.0238061 -0.0330667 0.00305571 0.0128741 0.00276165 0.0144461 0.000817291 0.00155284 0.0104815 -0.00206672 0.00785705 -0.0215281 0.0281616 0.0102313 -0.0399602 0.0174517 0.0245885 0.00315674 0.0286884 0.04357 -0.050187 -0.049704 -0.0246731 0.0155094 -0.0499241 -0.0499745 -0.0158203 0.036757 0.0358428 0.00989404 0.0459827 -0.0507373 -0.0501403 -0.0501196
internal_weight=17171.1 15940.3 13106.7 8626.81 8346.37 7614.47 4479.93 472.626 4007.3 3173.86 833.441 53.805 2833.58 526.074 316.629 213.788 2307.51 2266.62 653.815 1612.81 418.821 102.841 209.445 96.801 40.8856 731.903 280.434 45.0314 235.402 112.644 37.5888 1230.77 10.7296 4.16226 1220.04 1219.01 2.76697 1.0915 3.17793 1.02736 2.84476 0.333164 6.56729 6.48487
internal_count=1237198 58508 39180 26561 25583 23005 12619 1384 11235 8940 2295 184 19328 3678 2817 1709 15650 15290 7026 8264 1200 1108 861 609 360 2578 978 156 822 252 352 1178690 5036 914 1173654 1173516 1407 97 305 138 198 107 4122 4116
is_linear=0
shrinkage=0.05


Tree=55
num_leaves=45
num_cat=0
split_feature=78 77 73 74 74 75 75 65 76 45 44 41 21 54 60 67 56 73 57 73 44 13 61 74 75 74 36 31 74 2 44 78 67 74 32 31 76 62 27 75 48 46 53 76
split_gain=1494.42 49.6377 36.3281 38.5981 32.0763 35.4771 35.811 34.841 28.8303 53.2954 27.1501 21.9783 20.1832 19.7882 18.7412 20.7438 18.5891 18.096 26.1602 22.7812 16.4405 15.8871 14.6469 12.5998 11.139 9.71452 11.4608 8.86973 8.67663 8.12649 2.90268 2.64629 4.18676 2.07463 1.81902 1.42189 1.17734 1.03111 0.933135 0.776512 8.5646e-05 7.5918e-05 1.21414e-05 1.93304e-05
threshold=0.068886077280793725 0.74626141618161512 91.500000000000014 0.78185618811093727 0.88639957800627434 0.078475920353997017 0.094452860622355431 1.0000000180025095e-35 0.52979936332408595 -0.63547223643682604 0.99706681584193713 1.0000000180025095e-35 1.0000000180025095e-35 0.99999623426245787 33.500000000000007 5.5000000000000009 31.500000000000004 3.5000000000000004 9.5000000000000018 5.5000000000000009 0.99966604389177649 0.99404761195182811 29.500000000000004 0.75554174442240263 0.0018454675724569605 0.80693854465389236 5.5000000000000009 0.5118139684200288 0.77498531734571885 0.46448029577732092 0.99971168568543189 0.04189748574694898 2.5000000000000004 0.77089015138668904 1.0000000180025095e-35 0.90422871708869945 0.59391413434887597 30.500000000000004 0.88583961129188549 0.054419691143513783 0.98751063528077154 0.99999838919154427 1.0000000180025095e-35 0.78697729361661395
decision_type=2 2 2 2 2 2 2 2 2 2 2 2 2 2 2 2 2 2 2 2 2 2 2 2 2 2 2 2 2 2 2 2 2 2 2 2 2 2 2 2 2 2 2 2
left_child=31 4 11 21 7 17 10 13 9 -9 -7 14 -10 29 24 -16 -8 18 -6 -19 -15 28 -23 -13 -3 26 -5 -25 -4 -2 -27 34 33 -33 35 -1 -36 39 -37 -35 -39 42 43 -34
right_child=1 2 3 25 5 6 16 8 12 -11 -12 23 -14 20 15 -17 -18 19 -20 -21 -22 22 -24 27 -26 30 -28 -29 -30 -31 -32 32 41 37 36 38 -38 40 -40 -41 -42 -43 -44 -45
leaf_value=-0.050049615246989289 -0.024652127645891052 0.018860490612078149 0.018843391564407053 0.029755759043764762 -0.049485832381516909 0.00026710875638345723 0.0086099683366118243 0.028378798553969228 -0.0034433199428360417 0.0037886234552198974 -0.09080964758088092 -0.025022077242728126 -0.031420538188710184 0.01907512548133207 0.010419758863294853 0.022981053125629591 -0.018890331251249094 0.030721895770678284 0.012071052644943429 0.012682260037836441 -0.047107627289503816 -0.038977086820367893 0.0088329461339443759 0.044260626207287795 0.0038015065752394746 0.044569402326703624 -0.0064936786097783625 0.02175289834544358 0.044608107931956131 0.069653109012611805 0.01473089213707963 -0.050130703048559482 -0.050188239286389595 -0.05026961000001854 0.03145102106821103 0.048642401383728329 -0.050102563806679892 -0.050252556805402464 -0.050323710645595154 0.051754922410247844 -0.0522051526818944 -0.051678244279403956 -0.050087300898752234 -0.050863484298516851
leaf_weight=1157.7997743259766 2.5122503665043068 134.245755687356 179.6148107945919 260.57361131906509 17.961384490132332 15.410832810681311 541.98807477252558 228.99318963894621 303.18188073206693 5835.702866246691 17.445953768212348 12.468963176012037 81.87306942907162 286.17305351002142 4022.7564106732607 357.91237726062536 69.308482429012656 380.23008659295738 441.66993577079847 324.25586278317496 9.7016301169060153 16.681681782007217 403.50333239138126 55.156345576047897 1440.115238070488 133.13823150843382 23.796068474650383 212.05034798383713 39.943729966878891 25.187061282456852 8.6820244491100294 0.93644865858368387 0.64299473678693164 0.20092975383158851 1.1302699451334763 0.60477720573544402 0.72731569653842587 0.24420130427461106 0.39293618907686323 2.596972877625376 0.07293162785936147 0.078532795188948401 5.3993959206272848 0.12690687912981957
leaf_count=1173028 146 361 420 827 60 52 1792 858 4389 25713 74 36 1526 815 10641 883 283 881 1118 1091 39 52 997 133 3842 559 87 510 87 196 40 609 267 95 54 25 434 98 113 103 9 6 3835 14
internal_value=0.00481665 0.00883565 0.0118662 0.0203963 0.00625745 0.0121737 0.00275881 0.00467799 0.00387478 0.00471711 -0.0480919 0.0104078 -0.00939203 0.0206883 0.0097645 0.0114461 0.005492 0.0173834 0.00966554 0.0224187 0.016905 0.0126305 0.00693485 0.0241064 0.00508559 0.0320534 0.0267224 0.0263989 0.0235307 0.0610999 0.0427427 -0.049695 -0.0244622 0.0151257 -0.0499189 -0.0499982 -0.000480321 0.0347432 0.00966591 0.0444281 -0.0507016 -0.0501335 -0.0501138 -0.0502995
internal_weight=17053.2 15882.2 7300.64 1065.93 8581.6 1808.27 644.153 6773.33 6449.75 6064.7 32.8568 6234.71 385.055 323.574 5955.03 4380.67 611.297 1164.12 459.631 704.486 295.875 639.744 420.185 279.676 1574.36 426.19 284.37 267.207 219.559 27.6993 141.82 1170.95 10.2993 4.05148 1160.66 1158.8 1.85759 3.11504 0.997713 2.7979 0.317133 6.24783 6.1693 0.769902
internal_count=1237198 58508 19475 3069 39033 5351 2201 33682 32486 26571 126 16406 5915 1196 15727 11524 2075 3150 1178 1972 854 1556 1049 679 4203 1513 914 643 507 342 599 1178690 5036 914 1173654 1173166 488 305 138 198 107 4122 4116 281
is_linear=0
shrinkage=0.05


Tree=56
num_leaves=45
num_cat=0
split_feature=78 74 43 76 21 43 74 75 75 51 74 74 74 27 60 74 56 54 74 75 43 15 76 74 43 27 17 76 53 43 78 67 74 32 31 75 42 62 60 75 75 17 48 54
split_gain=1405.9 46.757 87.3473 30.5732 31.3106 39.2361 49.0333 35.426 29.8064 27.742 27.3948 27.2897 22.8558 27.0756 22.5707 37.8159 19.0901 19.0367 18.1303 27.4555 16.7902 14.5009 17.554 13.4547 13.1982 13.0585 12.4402 8.62998 10.1058 4.05317 2.58308 3.99181 1.9368 1.78922 1.37026 1.13896 1.10034 0.952824 0.893978 0.713284 0.00327504 0.000303586 7.36959e-05 6.02212e-05
threshold=0.068886077280793725 0.77938050280719606 84.500000000000014 0.24487749970953815 1.0000000180025095e-35 50.500000000000007 0.67476956592363857 0.23990768437637761 0.041720382226369764 0.67865426389250116 0.10999672777298637 0.77880060907285509 0.95617254397737439 0.71470099687576305 43.500000000000007 0.90671793854888028 42.500000000000007 0.99993253805082671 0.81162009452820072 0.035329320115973013 37.500000000000007 0.64418154954910289 0.3887213723125818 0.77183646415022367 345.50000000000006 0.74007874727249157 0.53671374917030346 0.55160686037988793 0.31625573833342641 252.50000000000003 0.04189748574694898 2.5000000000000004 0.77089015138668904 1.0000000180025095e-35 0.90422871708869945 0.58105147084522546 2.5000000000000004 30.500000000000004 31.500000000000004 0.054419691143513783 0.60287124321237051 0.91715687513351452 0.98751063528077154 0.99999886430482721
decision_type=2 2 2 2 2 2 2 2 2 2 2 2 2 2 2 2 2 2 2 2 2 2 2 2 2 2 2 2 2 2 2 2 2 2 2 2 2 2 2 2 2 2 2 2
left_child=30 3 8 4 10 6 -6 -7 14 17 41 -12 13 -10 15 -3 -16 -5 19 24 -19 22 -11 -23 -4 -21 -14 29 -29 -20 33 32 -32 34 -1 -35 40 39 -36 -34 -37 -2 -39 -33
right_child=1 2 18 9 5 7 -8 -9 12 21 11 -13 26 -15 16 -17 -18 20 27 25 -22 23 -24 -25 -26 -27 -28 28 -30 -31 31 43 37 35 38 36 -38 42 -40 -41 -42 -43 -44 -45
leaf_value=-0.050047193367342549 -0.050215084388582659 0.005334086253101656 0.033034381999860161 0.074399790006733843 -0.0098801164849539325 -0.0036491086031262086 0.013078879068615577 0.009644161360198536 -0.0039971372044057705 0.011108072039592255 0.013287765286628721 -0.07741068687338587 0.045322018592649095 0.0071024428145737275 0.015461192643837425 0.017906337284061099 0.060016607388849501 -0.016852913134521547 0.046498809509804652 -0.0077896314112501433 0.0038769270363617756 -0.045457014870804752 -0.052698294734206654 0.0034378394173456063 -0.017430955593235722 0.016739678323378231 0.015159903717112365 0.038935806751079549 -0.060279149579400441 0.031024322570012704 -0.050124365778145052 -0.050108268352738974 -0.050256572674313799 -0.050183012664222565 0.048056818244384174 -0.06165713838145568 0.058608080821657096 -0.050240298070361469 -0.050304921891728784 0.049861128619014677 -0.050114008323312635 -0.05218967703833665 -0.052095898456926082 -0.051482729813596917
leaf_weight=1101.3851720978273 17.192764584324326 2051.7306172014214 343.97124676406384 8.6051288573071343 272.60503908596002 1781.1972256160807 1582.898366689682 697.4221328496933 699.77212469675578 44.850446776952595 1683.1863520182669 8.3345974832773191 47.103943651076406 2557.1298298905604 1851.1134920017794 844.22974900249392 24.357081145048141 123.92430939688347 131.20619916915894 74.249989688862115 461.23087012791075 73.265951289096847 14.189480801345779 17.413873624522239 13.462975101545451 201.50941231637262 124.64991945633665 5.7607000768184644 4.6289384150877595 62.459917113184929 0.89088730659568538 5.8630794230848551 0.19117862731218416 0.70712074020411719 0.58846141456160594 0.17246368469204731 0.85322429495863616 0.23234671889804293 0.38028148794546723 2.5617438961053267 0.095460385084152222 0.19688438042066891 0.06951653107535094 0.080791949469130375
leaf_count=1173028 5833 5957 1070 39 2023 5549 3969 1781 2532 179 5485 30 115 7485 5374 2182 48 1089 470 331 4396 708 261 101 61 666 344 54 87 269 609 4111 95 340 20 4 86 98 118 103 58 20 9 11
internal_value=0.00460441 0.00842664 0.0107819 0.00529022 0.00646735 0.00420741 0.00970581 9.12885e-05 0.00921121 -0.00427752 0.012199 0.0128409 0.00565508 0.00471761 0.0117666 0.00899915 0.0160398 0.000572441 0.0261654 0.0219886 -0.000513244 -0.0235116 -0.00422696 -0.0360674 0.0311336 0.010135 0.0234319 0.0391265 -0.00526784 0.0415081 -0.0496851 -0.0242453 0.0147436 -0.0499129 -0.0499949 -0.000490699 0.0308508 0.0336615 0.00944477 0.0429084 -0.0575444 -0.0502374 -0.0506676 -0.050127
internal_weight=16937.9 15823.8 9037.34 6786.51 6043.03 4334.12 1855.5 2478.62 8200.09 743.48 1708.91 1691.52 3428.66 3256.9 4771.43 2895.96 1875.47 593.76 837.249 633.194 585.155 149.72 59.0399 90.6798 357.434 275.759 171.754 204.056 10.3896 193.666 1114.07 9.88954 3.94567 1104.18 1102.35 1.82827 1.12115 3.05479 0.968743 2.75292 0.267924 17.3896 0.301863 5.94387
internal_count=1237198 58508 27045 31463 24690 13322 5992 7330 24037 6773 11368 5515 10476 10017 13561 8139 5422 5524 3008 2128 5485 1249 440 809 1131 997 459 880 141 739 1178690 5036 914 1173654 1173166 488 148 305 138 198 62 5853 107 4122
is_linear=0
shrinkage=0.05


Tree=57
num_leaves=45
num_cat=0
split_feature=78 74 43 74 43 75 74 43 74 77 61 41 77 44 43 56 74 38 56 30 47 74 56 74 74 2 74 30 75 16 60 75 78 67 74 54 72 8 72 45 75 46 57 31
split_gain=1323.15 44.6195 46.7037 93.2727 67.6396 46.5846 39.0213 76.3685 40.812 28.4059 27.742 26.7322 37.8153 37.3225 29.1784 35.6763 35.1166 27.5117 25.5919 23.5525 23.2868 22.4799 22.1736 21.8914 21.5793 20.7708 20.7301 19.9891 16.3688 12.2056 10.8502 9.18777 2.52338 3.80662 1.80814 1.37482 1.83602 1.67477 1.01373 0.932164 0.654984 5.61122e-05 4.66695e-05 1.06412e-05
threshold=0.068886077280793725 0.74785458390773274 33.500000000000007 0.79470359839972693 50.500000000000007 0.0013694108088998741 0.81611493993381334 16.500000000000004 0.88639957800627434 0.76657831827204215 68.500000000000014 0.51806464791297924 0.3542742430227645 0.59556235071998842 5.5000000000000009 22.500000000000004 0.63448895195058641 1.5000000000000002 21.500000000000004 0.92599797248840343 0.94374685324473473 0.53912397517524824 19.500000000000004 0.73868890741983451 0.79425106667632439 0.93361583352088939 0.71894715964871347 0.88912528753280651 0.55399605889940962 0.95641309022903453 69.500000000000014 0.17248813356160619 0.04189748574694898 2.5000000000000004 0.77089015138668904 0.99999623426245787 3.5000000000000004 0.79361054301261913 2.5000000000000004 -0.61529285525282729 0.054419691143513783 0.99999838919154427 12.500000000000002 0.90422871708869945
decision_type=2 2 2 2 2 2 2 2 2 2 2 2 2 2 2 2 2 2 2 2 2 2 2 2 2 2 2 2 2 2 2 2 2 2 2 2 2 2 2 2 2 2 2 2
left_child=32 11 6 4 24 -6 9 8 -8 10 -3 12 23 25 21 19 -17 -15 28 -16 -20 22 -13 26 -4 -14 -2 -11 -5 -25 -9 -23 35 34 -34 43 37 -37 -39 40 -36 -35 -41 -1
right_child=1 2 3 18 5 -7 7 30 -10 27 -12 14 13 17 15 16 -18 -19 20 -21 -22 31 -24 29 -26 -27 -28 -29 -30 -31 -32 -33 33 41 39 36 -38 38 -40 42 -42 -43 -44 -45
leaf_value=-0.050044836930252058 -0.014143085725766696 -0.010803890985859363 0.020801436320879819 0.038534363423459173 0.032442328395102658 0.004462385241448691 -0.00041066339990646577 0.024292577234279609 0.0098044149284863043 0.026828230906782574 0.014302733377765248 -0.033255481568854987 0.042272345104963541 -0.0014808833606458653 -0.0058840564484589622 -0.011190256464866023 0.029872106957852137 0.012215203614766187 0.01335007279895177 -0.0586318604489246 0.032643119042496345 0.063898446032545145 0.023236397496295649 -0.061440169500780531 -0.065700609897089868 0.0065476580215346677 0.017982223972142757 0.0035326524950774897 0.0041881857503969526 0.016510250796158175 0.042278430368454772 0.033118774551341656 -0.050118333893288285 -0.050102992058189778 -0.050236936936632497 -0.050078126669757833 -0.050080039635676844 -0.057217195027625158 0.051035175836069126 -0.050193300599529339 0.048507298307809643 -0.051514605466298338 -0.051438032877710815 -0.050341534431880108
leaf_weight=1044.1374748622184 333.41751219332218 673.15090788411908 1091.1591717775445 384.70417669648305 156.45638482598588 3024.4471182620618 1335.0400130371563 308.76113921939395 3653.9424299870152 104.33060179650784 131.5257178095635 22.84461124020163 90.952461540699005 1644.9722273573279 82.824803058174439 80.993077207123861 145.790021014167 471.83097114413977 463.74021864449605 28.425534270121716 235.99809417966753 35.087769264355302 72.484440296771936 31.838004506891593 7.2577648768201461 73.620880402624607 59.12084913533181 784.5003509670496 38.127639478072524 5.9622426056303075 115.11505960440263 78.457984721288085 0.84753763786284109 5.5833648127154447 0.17994811414973888 0.88270819070748907 3.4174154350184835 0.25435611384455104 1.4441341425408609 0.14922776410821814 2.5160905685042962 0.071297843824140616 0.15201621351297945 0.30229455523658444
leaf_count=1169819 9409 2425 3218 1372 406 9701 3733 867 10049 242 413 164 211 4831 877 1206 490 1294 1959 233 847 65 427 410 33 207 639 2073 195 32 291 189 609 4116 104 661 2892 49 148 57 119 6 25 85
internal_value=0.00440043 0.00803574 0.00939335 0.0128976 0.00953256 0.00583861 0.00672959 0.008802 0.00707088 0.000105639 -0.00670017 0.0028245 0.000790715 0.00335513 0.0129085 0.0038302 0.0152071 0.00157195 0.0257255 -0.0193616 0.019857 0.0276005 0.00969871 -0.0128042 0.0202299 0.0262911 -0.00930464 0.00626708 0.0354373 -0.049145 0.0291771 0.0426303 -0.0496758 -0.0240218 0.0143627 -0.0499078 -0.0260394 0.00578945 0.0348239 0.0325959 0.0419166 -0.0501208 -0.0508214 -0.0500449
internal_weight=16826.8 15766.9 12508.3 5401.89 4279.32 3180.9 7106.37 5412.86 4988.98 1693.51 804.677 3258.62 2711.72 2281.38 546.908 338.033 226.783 2116.8 1122.57 111.25 699.738 208.875 95.3291 430.339 1098.42 164.573 392.538 888.831 422.832 37.8002 423.876 113.546 1059.94 9.49948 3.84482 1050.44 5.99861 2.5812 1.69849 2.99728 2.69604 5.65466 0.301244 1044.44
internal_count=1237198 58508 37824 17731 13358 10107 20093 14940 13782 5153 2838 20684 17033 6543 3651 2806 1696 6125 4373 1110 2806 845 591 10490 3251 418 10048 2315 1567 442 1158 254 1178690 5036 914 1173654 3750 858 197 305 223 4122 82 1169904
is_linear=0
shrinkage=0.05


Tree=58
num_leaves=45
num_cat=0
split_feature=78 76 41 45 51 76 76 75 13 23 21 75 60 43 29 76 45 53 45 47 2 75 60 43 75 6 56 60 27 67 8 43 78 67 32 45 31 66 78 61 52 66 5 72
split_gain=1245.83 43.67 34.698 51.3884 62.1037 36.7782 31.9736 30.268 28.9461 28.8019 24.6152 24.0774 26.3693 23.8493 32.7301 25.7734 23.3465 22.2278 21.9575 21.8833 21.7134 20.9362 22.8095 20.7539 18.198 18.5205 16.3777 14.8206 11.6377 11.1631 10.015 7.87053 2.46601 3.63052 1.69903 1.58365 1.27839 1.04256 0.944867 0.935003 1.42175 0.812228 0.236477 0.00258394
threshold=0.068886077280793725 0.082331710859778681 0.51773047447204601 -0.085541502036153585 0.99948887278834997 0.42667860534672603 0.18440258647955873 0.015524800192328993 0.86729559302330028 1.0000000180025095e-35 1.0000000180025095e-35 0.011966348889135019 28.500000000000004 7.5000000000000009 0.88888886570930492 0.3203222811016227 -0.23788991908931387 0.85021877443604843 -0.034940736509320051 0.007385627809015324 0.92907443642616283 0.016666947283245252 79.500000000000014 136.50000000000003 0.75376076120796109 0.87411972880363475 11.500000000000002 80.500000000000014 0.68304756283760082 5.5000000000000009 0.8019607961177827 5.5000000000000009 0.04189748574694898 2.5000000000000004 1.0000000180025095e-35 -0.61529285525282729 0.90422871708869945 3.5000000000000004 0.019247659171958722 51.500000000000007 0.37045452123394834 3.5000000000000004 0.3483316451311112 2.5000000000000004
decision_type=2 2 2 2 2 2 2 2 2 2 2 2 2 2 2 2 2 2 2 2 2 2 2 2 2 2 2 2 2 2 2 2 2 2 2 2 2 2 2 2 2 2 2 2
left_child=32 7 3 5 6 9 -5 11 21 -3 -7 18 23 15 17 28 -16 -15 30 -20 -17 22 -9 -13 25 -10 -14 -23 -4 -26 -2 -6 34 35 36 39 -1 -36 -39 40 -34 -38 -41 -40
right_child=1 2 13 4 31 10 -8 8 24 -11 -12 12 26 14 16 20 -18 -19 19 -21 -22 27 -24 -25 29 -27 -28 -29 -30 -31 -32 -33 33 -35 37 -37 41 38 43 42 -42 -43 -44 -45
leaf_value=-0.050042698188292559 0.026824798692219751 0.0038366466415960688 -0.0050940361992216042 -0.012725966035962986 0.0079111694348565041 -0.00093019886726258068 -0.042685210180641725 -0.053473935301522051 0.01414525366799807 0.020935885026422102 -0.025098806337190305 -0.04062736044692955 -0.024537299376243653 0.065525317342867123 0.013051127588538783 -0.0025839742416999189 -0.012886969709491628 -0.012145531474780962 -0.010783775803255501 0.010380747414582494 0.028206993793680836 0.010917197102901694 0.044881537351211066 0.05487671108396374 0.010656877414545211 0.0037215109728075931 0.024512138087709034 0.021493137302025775 0.043821440773250404 0.031591023409097696 -0.00060967779658600482 0.042529859846094475 -0.05022603095508435 -0.050114925006661259 -0.050143763917615262 -0.050357522868920548 0.047042733028275219 0.054926525952103504 -0.060743445697429392 0.026255615362316815 0.057192811594474237 -0.050302448192535369 0.066331791546381011 -0.050096917704496216
leaf_weight=996.66758996882709 272.31653460825328 795.22789965919219 13.562931935070081 405.93122135580052 25.392164617776871 565.78156060306355 114.08675837377086 22.848806153167974 465.12029492098372 356.74483215960208 129.4567514192313 28.015374916489236 17.482680988498032 32.328764810226858 151.71782268164679 129.5328084169887 202.60363120678812 12.881560939131303 127.15658066805918 3091.9514879933558 102.61316226515919 1367.7304234369658 7.9441496296785763 7.137805917649529 830.45279584079981 5083.672311339993 641.13700171955861 437.13075875095092 117.50806704768911 68.970775917172432 37.895057989517227 46.454998786561191 0.69485699699726022 5.3794951355666853 0.65829331550048564 0.76185038866242205 0.5548121512401839 0.83691971423104383 0.15403728745877743 0.52938296901993442 0.55333668645471334 0.34912516048643738 1.2081329661887137 0.090459291881415993
leaf_count=1173028 1368 2833 49 1345 61 5460 739 102 1318 1179 1752 114 79 317 1269 647 963 58 4523 8864 291 4360 23 33 2098 14778 1749 1370 267 155 232 112 330 4122 358 500 32 68 5 58 9 106 17 57
internal_value=0.00420567 0.00766403 0.00245367 -0.000457058 -0.0132785 0.00365106 -0.0192987 0.0089979 0.00724165 0.00913197 -0.00543051 0.0124429 0.0209581 0.0117614 0.0033315 0.0210342 -0.00178047 0.0433949 0.010769 0.00954474 0.0110262 0.0127812 -0.0280996 -0.0212354 0.00566468 0.00459527 0.0232101 0.0134787 0.0387598 0.0122622 0.0234734 0.030295 -0.0496664 -0.0237945 -0.0499027 0.0139875 -0.0499888 -0.000533824 0.0296654 0.0304061 -0.00260619 0.00944538 0.0541215 -0.0568044
internal_weight=16717.2 15708.8 3201.82 2439.08 591.865 1847.21 520.018 12507 8283.87 1151.97 695.238 4223.09 693.773 762.749 399.532 363.217 354.321 45.2103 3529.32 3219.11 232.146 1835.65 30.793 35.1532 6448.22 5548.79 658.62 1804.86 131.071 899.424 310.212 71.8472 1008.44 9.12706 999.311 3.74756 997.572 1.73971 1.08142 2.98571 1.24819 0.903937 1.73752 0.244497
internal_count=1237198 58508 17342 13481 2257 11224 2084 41166 24204 4012 7212 16962 1975 3861 2607 1254 2232 375 14987 13387 938 5855 125 147 18349 16096 1828 5730 316 2253 1600 173 1178690 5036 1173654 914 1173166 488 130 414 339 138 75 62
is_linear=0
shrinkage=0.05


Tree=59
num_leaves=45
num_cat=0
split_feature=78 74 76 41 73 74 74 73 47 47 73 73 74 78 44 45 74 56 16 10 35 38 6 3 22 19 41 35 40 73 19 74 78 67 32 74 31 38 53 17 33 46 60 53
split_gain=1173.34 42.4881 37.2417 44.4484 34.9617 85.3104 34.8945 33.6354 30.4813 25.4933 60.4278 63.2463 47.3277 28.5748 27.1526 23.3928 22.6296 18.0499 17.6536 17.3471 25.2656 17.0531 32.7248 19.6199 15.9676 15.0973 17.3199 16.1983 12.2836 12.0827 9.15741 5.97842 2.3905 3.45982 1.6533 1.60436 1.23165 1.02425 0.83161 0.777256 0.707265 4.16425e-05 1.81964e-05 6.70785e-06
threshold=0.068886077280793725 0.69201196119866226 0.35139525814675421 1.0000000180025095e-35 33.500000000000007 0.79470359839972693 0.80381798312439978 7.5000000000000009 0.41632551829129177 0.77827671854801139 283.50000000000006 307.50000000000006 0.53527161791297817 0.9999971650543823 0.95981835570996921 -0.23788991908931387 0.66960857994731116 33.500000000000007 0.51885762810707103 0.92380261421203624 1.0000000180025095e-35 1.5000000000000002 0.87411972880363475 0.38911981880664831 1.0000000180025095e-35 0.68008098006248485 0.67701825499534618 1.0000000180025095e-35 10.500000000000002 114.50000000000001 0.76532474160194408 0.66960857994731116 0.04189748574694898 2.5000000000000004 1.0000000180025095e-35 0.77089015138668904 0.90422871708869945 1.5000000000000002 0.17926877387329235 0.83402201533317577 0.44781883060932165 0.99999838919154427 97.500000000000014 1.0000000180025095e-35
decision_type=2 2 2 2 2 2 2 2 2 2 2 2 2 2 2 2 2 2 2 2 2 2 2 2 2 2 2 2 2 2 2 2 2 2 2 2 2 2 2 2 2 2 2 2
left_child=32 9 3 4 6 -6 -3 30 21 13 14 12 -12 17 18 -9 -16 24 -11 20 -10 23 -23 -4 -2 27 -27 -15 -19 -21 -5 -13 34 35 36 -34 -1 -36 40 -38 -37 43 -40 -35
right_child=1 2 8 7 5 -7 -8 15 19 10 11 31 -14 25 16 -17 -18 28 -20 29 -22 22 -24 -25 -26 26 -28 -29 -30 -31 -32 -33 33 41 37 38 39 -39 42 -41 -42 -43 -44 -45
leaf_value=-0.050040614011240298 0.0026889470933255319 -0.0015921824814208218 -0.076101601716026354 0.0023105693695290941 0.0083554648196231471 0.024983375871807371 0.0074948835862163957 0.045825338100959574 -0.056957134999260167 0.056190339665442929 -0.026830198802841959 -0.065304619899210367 0.098323457556322783 0.010402066259121419 -0.054030732089748484 0.012091096140004361 -0.015088105561234034 -0.044371166717801933 -0.01087791487172507 -0.036453546835971587 0.00095076834393508544 0.039326317210861779 0.0039242164027574874 0.00058836827318546777 -0.022384744035860184 -0.00082861318209326523 0.023903831315582193 0.045572262449091072 0.014677070633599283 0.0060219138196435373 0.044085107325219731 0.010670775189633885 -0.05010975891677813 -0.05024569737088358 -0.050119136939206402 -0.050656136722485805 0.046478121506144825 0.029937957503753217 -0.050163039815950577 -0.050249997324266507 0.047599790000558299 -0.051369093473194564 -0.051224051105633599 -0.050071467620272259
leaf_weight=948.09799951082096 355.01427461241838 1341.5187377259135 8.4586378210224193 14.371146127581595 5021.8487819433212 911.36613433435559 4971.6233740821481 56.41163432598114 20.902433969080448 10.362972482340409 9.9377097622491402 12.447081074584274 31.489975574892014 71.944246858358383 78.950785099063069 577.31469175964594 70.721615178044885 43.310554153169505 184.411375193391 94.392679703654721 190.55640392750502 90.177624410483986 236.39944016095251 594.06480769254267 77.325618202215992 239.42599894106388 100.49931916594505 60.077031999826431 11.055737351416608 20.352922864258289 150.52400106191635 3.2694044504314652 0.77408001193543752 0.63130705076036964 0.64526960469083761 0.1984806520049468 0.53941237693652411 1.0490639790659768 0.23380843142513175 0.33770225098123774 2.3710267413989641 0.064774457947350927 0.048853107611648738 4.4216041212785058
leaf_count=1173028 8686 3574 85 38 13236 3232 12583 124 159 33 46 91 65 195 403 1517 266 1046 642 737 1810 873 2105 3722 1530 679 236 138 152 183 307 15 609 281 407 77 13 81 113 125 108 6 7 3835
internal_value=0.00401613 0.0073044 0.00810762 0.00889915 0.00815383 0.0109096 0.00556392 0.0203282 -0.000117822 -0.00113991 -0.0117157 0.0359023 0.0683015 0.00329042 -0.0196156 0.015094 -0.03563 -0.00521007 -0.00730955 -0.013267 -0.00477335 0.00449881 0.0136998 -0.000488258 -0.00179558 0.0120568 0.00648356 0.0264065 -0.0323633 -0.0289195 0.0404443 -0.0494999 -0.0496584 -0.0236344 -0.0498977 0.0137294 -0.0499858 -0.000550968 0.0310554 0.00923635 0.04001 -0.0501094 -0.0503464 -0.0500932
internal_weight=16619.9 15660.5 14300.3 13045 12246.4 5933.21 6313.14 798.621 1255.3 1360.24 401.591 57.1442 41.4277 958.653 344.447 633.726 149.672 486.706 194.774 326.204 211.459 929.101 326.577 602.523 432.34 471.947 339.925 132.021 54.3663 114.746 164.895 15.7165 959.413 8.74393 950.669 3.62625 948.975 1.69433 2.85217 0.877115 2.56951 5.11769 0.282662 5.05291
internal_count=1237198 58508 44285 34611 32625 16468 16157 1986 9674 14223 1561 217 111 12662 1344 1641 669 11414 675 2889 1969 6785 2978 3807 10216 1248 915 333 1198 920 345 106 1178690 5036 1173654 914 1173166 488 305 138 185 4122 120 4116
is_linear=0
shrinkage=0.05


Tree=60
num_leaves=37
num_cat=0
split_feature=72 76 74 41 43 74 74 56 31 47 43 44 43 54 30 61 60 22 43 72 17 45 44 74 77 54 77 77 72 32 20 77 77 43 46 47
split_gain=1051.13 53.0151 43.3058 31.0478 31.7133 92.3028 39.4292 23.0933 22.7006 21.3813 58.1259 23.603 19.3437 18.3543 16.5606 16.5504 18.873 16.5649 16.1278 14.6239 10.5623 9.84377 8.35193 2.97736 0.785724 0.145238 0.0485672 0.00148798 0.00102553 0.000489571 6.02964e-05 8.93687e-05 7.91369e-06 8.40915e-06 4.2689e-07 6.12592e-08
threshold=6.5000000000000009 0.5635384120391268 0.69201196119866226 0.52321362495422374 32.500000000000007 0.79470359839972693 0.80381798312439978 33.500000000000007 0.47383633255958563 0.77827671854801139 287.50000000000006 0.99961034430071405 5.5000000000000009 0.99979180870995654 0.67576888203620922 116.50000000000001 72.500000000000014 1.0000000180025095e-35 7.5000000000000009 2.5000000000000004 0.46543189883232122 -0.54594413618458526 0.99647631799902214 0.92499652337813132 0.17962771777507108 0.99999886430482721 0.079371427573475192 0.079371427573475192 3.5000000000000004 1.0000000180025095e-35 0.8441295623779298 -0.018545217684821477 0.020397055716778426 14.500000000000002 0.094780365521757073 0.33111548546443764
decision_type=2 2 2 2 2 2 2 2 2 2 2 2 2 2 2 2 2 2 2 2 2 2 2 2 2 2 2 2 2 2 2 2 2 2 2 2
left_child=1 2 7 4 6 -6 -4 9 19 11 -11 -1 -10 24 20 16 17 -15 -16 -9 -5 -18 23 -17 26 27 29 30 -24 -3 32 -32 34 -34 -2 -33
right_child=25 13 3 14 5 -7 -8 8 12 10 -12 -13 -14 15 18 22 21 -19 -20 -21 -22 -23 28 -25 -26 -27 -28 -29 -30 -31 31 35 33 -35 -36 -37
leaf_value=0.0065351963461960198 -0.050038381081813833 -0.05004103018668643 -0.0026214492934648948 0.055044901576847216 0.0073867443639384564 0.023958612137392987 0.0070036301768208664 0.0064161605074797628 0.012239904650615547 -0.017731529162133899 0.038742746183983275 -0.058014950276402036 -0.051298045628641709 0.0012504255444103867 0.024827775572152433 0.088480022599688235 -0.019398148258706352 -0.029788829265019353 0.01078253636019056 -0.063526500774745628 -0.010127201221553042 -0.057779364422044927 -0.0550302609828539 0.18413850948642677 -0.11420064947243612 -0.067845893056236936 -0.065451269384297392 -0.052506429435682012 -0.051369833567150337 -0.053153647215443467 -0.051896262329165124 -0.050044622234775286 -0.051175656542881476 -0.050187596262385475 -0.050051128567456749 -0.050138127984834302
leaf_weight=834.81368784134975 848.35417556919856 23.74433865066386 1345.0208461415023 41.012300036847591 5405.0500811086968 994.925915107131 5092.9426895752549 72.433193378499709 14.894471634353975 300.84781995706726 53.694421419408172 14.406005576078313 61.19203208811814 295.5816360526951 297.13093730807304 2.5840797577984627 65.089379122364335 50.298334340099245 654.83422193862498 8.3332104989094642 7.3277130015194407 22.4737212236505 0.57692327577387903 1.1871335348114369 0.49211940169334312 1.1468430424574751 0.52362693101167579 0.61136644287034769 0.28630662441719323 0.12700500339269538 0.10842455830425024 0.14847897586878289 0.022445252165197327 0.53042249457212165 6.6188416144577777 0.019858697312884033
leaf_count=18187 1107460 30395 3699 97 15049 3548 13012 611 74 1166 202 104 719 19241 697 109 6853 3944 1846 1182 24 1055 27 4 2 20 5 21 80 28 10 172 1 343 7198 13
internal_value=0.00383572 0.00678701 0.00729472 0.0081316 0.00747051 0.00996297 0.00499276 -0.00121686 -0.0192624 0.00113451 -0.00917866 0.00544018 -0.03886 -0.00988086 0.0166161 -0.00750798 -0.0085129 -0.00326334 0.0151664 -0.000800292 0.0451657 -0.029249 0.0864787 0.118592 -0.0516498 -0.0500644 -0.050388 -0.0500406 -0.0538162 -0.0500576 -0.0500388 -0.0507767 -0.0500386 -0.0502277 -0.0500385 -0.0500557
internal_weight=16519.4 15661.8 15198.9 13838.2 12837.9 6399.98 6437.96 1360.61 156.853 1203.76 354.542 849.22 76.0865 462.965 1000.31 438.078 433.443 345.88 951.965 80.7664 48.34 87.5631 4.63444 3.77121 24.8871 857.561 24.395 856.414 0.86323 23.8713 855.803 0.276762 855.526 0.552868 854.973 0.168338
internal_count=1237198 121960 60217 37972 35308 18597 16711 22245 2586 19659 1368 18291 793 61743 2664 31313 31093 23185 2543 1793 121 7908 220 113 30430 1115238 30428 1115218 107 30423 1115197 195 1115002 344 1114658 185
is_linear=0
shrinkage=0.05


Tree=61
num_leaves=45
num_cat=0
split_feature=78 76 47 74 74 43 60 38 6 41 51 43 74 74 48 41 76 21 18 13 60 43 10 54 18 27 74 19 74 44 78 67 32 74 7 31 38 62 3 53 48 46 53 74
split_gain=1043.28 39.5852 40.1469 38.0546 36.0409 80.8351 33.5262 32.0522 37.5562 32.6434 35.7678 31.6919 61.9519 49.5308 29.5454 26.9263 25.0675 25.0402 22.9319 22.0019 19.9791 17.0804 20.6154 17.0784 15.3836 14.1874 11.1292 17.7616 3.15651 2.7851 2.38119 3.3305 1.62849 1.50042 1.42167 1.18783 0.951486 0.766775 0.742517 0.562299 3.94139e-05 3.3433e-05 5.47985e-06 8.43759e-06
threshold=0.068886077280793725 0.11077337920917406 0.86261791355625916 0.82420065303839152 0.78185618811093727 80.500000000000014 25.500000000000004 1.5000000000000002 0.86616915464401256 0.51496410369873058 0.54451021529349231 16.500000000000004 0.81611493993381334 0.88639957800627434 0.97035045476281334 0.53093498945236217 0.29032840808060478 1.0000000180025095e-35 0.94906607270240795 0.82426470518112194 55.500000000000007 41.500000000000007 0.8991525173187257 0.9999975384203722 0.62359267473220836 0.87815481424331676 0.81162009452820072 0.77811044454574596 0.8459307587484719 0.99971168568543189 0.04189748574694898 2.5000000000000004 1.0000000180025095e-35 0.77089015138668904 0.63068181276321422 0.90422871708869945 1.5000000000000002 30.500000000000004 0.96197089552879345 0.011889239089063646 0.98751063528077154 0.99999838919154427 1.0000000180025095e-35 0.82918684303657841
decision_type=2 2 2 2 2 2 2 2 2 2 2 2 2 2 2 2 2 2 2 2 2 2 2 2 2 2 2 2 2 2 2 2 2 2 2 2 2 2 2 2 2 2 2 2
left_child=30 4 7 19 6 11 21 9 23 10 -3 13 -13 -6 15 -8 -11 -16 -10 24 -21 25 -23 -9 -4 -2 27 -7 -5 -28 32 33 35 -32 -30 -1 -34 39 -37 -35 -39 42 43 -33
right_child=1 2 3 28 5 26 14 8 18 16 -12 12 -14 -15 17 -17 -18 -19 -20 20 -22 22 -24 -25 -26 -27 29 -29 34 -31 31 41 36 37 -36 38 -38 40 -40 -41 -42 -43 -44 -45
leaf_value=-0.050036816028100242 -0.022379347124840181 0.0019373152240670195 0.044282669865978702 0.012687254764513821 -0.002922960446325255 -0.0063686232640094379 -0.009119154800318113 0.047354249067338705 0.0030900023311988441 0.024003791731526974 -0.015361586467931808 0.0088687353788195877 0.029031222795736052 0.0093255923276485322 0.012554265998900561 0.020280584833967247 0.0006173218141326298 0.0045817047391976144 0.070432581121537746 -0.027466224807559232 -0.074849125872015976 -0.078667021405896459 -0.01813832902555048 0.018430640931672699 -0.019684069072189211 0.035657963266002006 0.042099321946674394 0.026950032061820367 0.030575910059702751 0.01479351093441263 -0.050104207135650392 -0.050140604935382388 -0.050113287384578646 0.065442190199759415 0.060860971877646344 -0.050251636667844872 0.028421169128603853 -0.050229995557999098 0.04598688178167077 0.017996379749301624 -0.051704785991022344 -0.051271423097614434 -0.050067510324237986 -0.050627057414993862
leaf_weight=859.06368155952077 26.677189222653396 686.41686303366441 11.495518206618724 10.281570449471475 1129.7581649571657 44.006032906472683 534.13980802032165 74.482021641917527 660.56888089794666 188.67788223060779 529.16643234551884 1665.487285554409 493.98340103030205 3063.3493887633085 1338.2405034637777 91.174258525017649 291.781001487514 3729.8529594590655 12.888198388274757 56.003324415534735 36.909002918051556 22.246289513073862 38.261842126958072 162.13362365448847 51.540614526253194 17.396908507216722 126.44539946690202 439.25965242832899 6.6506775710731736 10.08300521969795 0.72602183482376714 0.48691820533713315 0.6093624226632518 1.1218138234689838 9.2851977795362455 0.32468105264706437 1.050645789131522 0.20564519683830429 0.5236994088627398 1.408559168979991 0.05810313718393445 0.060433333390392252 4.1411547053139657 0.10911735007539392
leaf_count=1173028 152 4343 40 28 2894 159 5242 877 4723 578 2026 4750 1502 7725 6235 810 1543 10548 48 222 217 187 160 1121 241 49 590 1400 22 51 609 267 407 6 25 122 81 98 16 192 9 6 3835 14
internal_value=0.00366145 0.00664076 0.00124337 -0.0214496 0.00781923 0.0102415 0.00490638 0.0028296 0.0103994 -0.00123224 -0.00559322 0.00855983 0.0134809 0.00602544 0.00542169 -0.00483251 0.00980127 0.00668688 0.00437876 -0.0308197 -0.0462889 -0.0231467 -0.0403922 0.0275352 -0.00801884 0.000529115 0.0274772 0.023916 0.0342864 0.0400827 -0.0496259 -0.0230016 -0.0498829 0.0139348 0.0482218 -0.0499784 -0.000407572 0.0305746 0.00915574 0.039031 -0.0505549 -0.0501028 -0.0500879 -0.0502297
internal_weight=16428.5 15558.6 2788.28 182.166 12770.4 6972.37 5797.99 2606.11 910.073 1696.04 1215.58 6352.58 2159.47 4193.11 5693.41 625.314 480.459 5068.09 673.457 155.948 92.9123 104.582 60.5081 236.616 63.0361 44.0741 619.794 483.266 26.2174 136.528 869.89 8.31777 861.572 3.52014 15.9359 859.912 1.66001 2.79412 0.84838 2.53037 0.263748 4.79762 4.73719 0.596036
internal_count=1237198 58508 16054 795 42454 19071 23383 15259 6769 8490 6369 16871 6252 10619 22835 6052 2121 16783 4771 720 439 548 347 1998 281 201 2200 1559 75 641 1178690 5036 1173654 914 47 1173166 488 305 138 198 107 4122 4116 281
is_linear=0
shrinkage=0.05


Tree=62
num_leaves=45
num_cat=0
split_feature=78 75 75 53 76 41 43 75 77 21 77 43 78 38 4 43 8 44 57 56 33 44 61 44 43 56 48 10 10 65 56 78 67 45 54 72 8 72 61 50 5 45 46 20
split_gain=983.658 37.1182 32.1239 31.0434 32.2744 34.8615 33.8868 27.1326 24.1452 18.4107 28.8235 18.5966 18.3598 21.0664 18.9177 18.2022 17.7459 17.3493 20.1774 16.9798 16.0411 15.2845 20.5454 19.1661 17.7189 16.8236 10.5904 9.89182 13.6454 7.03564 6.76958 2.33165 3.17767 1.33603 1.31817 1.60959 1.34156 0.881209 0.819725 1.24078 0.208456 5.07253e-05 2.87489e-05 2.2791e-05
threshold=0.068886077280793725 0.015524800192328993 0.011226115918175851 0.12936332719799057 0.37016848701995991 0.51027804613113414 7.5000000000000009 0.37772161512816677 0.17962771777507108 1.0000000180025095e-35 0.3542742430227645 9.5000000000000018 0.23390836776912052 1.5000000000000002 0.69309264421463024 22.500000000000004 0.58434957265853893 0.99736232710236383 13.500000000000002 31.500000000000004 0.50771614909172069 0.99971183341554648 93.500000000000014 0.99833387254799122 222.50000000000003 39.500000000000007 0.29903169289203391 0.58658170700073253 0.58160674571990978 1.0000000180025095e-35 26.500000000000004 0.04189748574694898 2.5000000000000004 -0.61529285525282729 0.99999623426245787 3.5000000000000004 0.79361054301261913 2.5000000000000004 51.500000000000007 1.5000000000000002 0.3483316451311112 -0.60381860047785718 0.99999838919154427 0.88562092185020458
decision_type=2 2 2 2 2 2 2 2 2 2 2 2 2 2 2 2 2 2 2 2 2 2 2 2 2 2 2 2 2 2 2 2 2 2 2 2 2 2 2 2 2 2 2 2
left_child=31 2 12 8 5 7 -7 -5 16 11 -11 -10 27 15 -15 -14 26 19 -19 -6 -18 23 30 24 -4 -25 -3 28 -2 -29 -23 34 33 38 -1 36 -36 -38 39 -33 -40 -35 -34 -43
right_child=1 3 21 4 17 6 -8 -9 9 10 -12 -13 13 14 -16 -17 20 18 -20 -21 -22 22 -24 25 -26 -27 -28 29 -30 -31 -32 32 42 41 35 -37 37 -39 40 -41 -42 43 -44 -45
leaf_value=-0.05003505833422324 -0.0036920047470686752 0.042148533306938137 0.022607845272740769 0.0023586470495075805 -0.0064456262291750256 0.026952352374908697 0.0072761417100177545 0.0084564496651391638 -0.0030107462268616223 -0.034784395867753191 0.041652291209544015 0.074031151370511847 0.0029894690589231596 0.039411285982261034 0.01318728305200003 0.010369668645417803 -0.03188363663294632 -0.027819954760033939 0.0083159368664050895 -0.029829398693587486 0.049197661514913518 -0.011718655318837307 0.12664514115464423 0.0084297555509899869 0.074668308503118661 0.057404364713156013 -0.026216188887432958 0.043822977517838091 0.1787058453564638 -0.044677027348663079 0.052898369658679049 -0.050235500423670768 -0.050083628233157665 -0.051914729295657741 -0.050064228945883651 -0.0500711819135847 -0.057118200465732183 0.048024091285698345 0.024840175843800903 0.054976703058260426 0.063372187854586759 -0.050129289868267091 -0.051208218751740288 -0.051558089066436275
leaf_weight=814.58457878697664 6.5402484334772444 6.5956590389832845 435.17873837682419 6151.7055178392911 416.37776067620143 337.88843740778975 620.96109674032778 2593.2637246549129 9.5117667168378812 17.086620230227709 44.33558289706707 44.375779829919338 1518.7153751254082 90.83163935423363 283.16907526622526 1857.0415268202778 7.9068510555662206 44.302578950766474 301.71443796879612 95.423750981455669 26.694658584776334 6.8006813707761529 7.4234390696510664 468.23768377909437 16.981892603100277 18.217652850784361 40.140765668242238 2.4290510385762891 1.2160310606705023 29.75592358619906 10.033212529029695 0.63565208297222919 4.5065304724848829 0.046230715932324862 0.71853507007472139 2.7743448754772544 0.23409332538722072 1.3400174268754199 0.50920389784732822 0.50114958797348663 1.1297739588189868 0.5856242759618886 0.057555128005333134 0.029306830838322639
leaf_count=1169904 634 54 1447 18598 3706 943 2197 6721 30 82 105 97 4412 1745 1314 6036 272 371 2326 984 498 26 16 1425 87 40 1525 74 21 2687 35 328 4116 6 661 2892 49 148 58 11 17 493 6 1
internal_value=0.00349571 0.00632966 0.0100097 0.00470397 0.00433748 0.00515927 0.0142098 0.00416691 0.0243876 0.0391024 0.0203889 0.0604324 0.00793765 0.00829682 0.0195562 0.0070494 0.00352695 -0.00495875 0.00368925 -0.0108055 0.0306696 0.018165 0.0573512 0.0171522 0.0245631 0.0102638 -0.0165682 -0.0257827 0.0249044 -0.0379978 0.0267939 -0.0496147 -0.0227539 0.0135575 -0.0498769 -0.0244535 0.00654668 0.0323879 0.0287718 -0.00385357 0.0514009 -0.0503175 -0.0500978 -0.0501974
internal_weight=16338.5 15510.9 4752.57 10758.3 10561.6 9703.82 958.85 8744.97 196.648 115.31 61.4222 53.8875 3789.7 3749.76 374.001 3375.76 81.3379 857.819 346.017 511.802 34.6015 962.873 24.2573 938.616 452.161 486.455 46.7364 39.9413 7.75628 32.185 16.8339 827.653 8.00103 3.43694 819.652 5.06699 2.29265 1.57411 2.77578 1.1368 1.63898 0.661162 4.56409 0.614931
internal_count=1237198 58508 19999 38509 35846 28459 3140 25319 2663 314 187 127 16923 13507 3059 10448 2349 7387 2697 4690 770 3076 77 2999 1534 1465 1579 3416 655 2761 61 1178690 5036 914 1173654 3750 858 197 414 339 75 500 4122 494
is_linear=0
shrinkage=0.05


Tree=63
num_leaves=45
num_cat=0
split_feature=78 74 75 13 75 74 38 76 60 74 74 44 67 74 67 60 67 74 75 60 66 60 27 51 16 10 74 48 77 60 58 61 78 67 32 74 31 75 42 53 74 61 33 46
split_gain=927.687 37.7231 34.0265 30.0414 37.9473 55.2192 29.1461 37.3062 26.6281 33.1862 32.2958 30.5443 28.2947 26.3039 24.9744 22.4674 21.2327 32.3989 32.7123 26.4464 40.3648 21.6103 29.4034 23.2596 22.1385 21.0759 20.4387 19.9951 19.8844 17.636 13.0347 4.83871 2.25868 3.02784 1.561 1.33646 1.10862 0.902031 0.860289 0.72385 0.68386 0.652002 0.00158154 2.47216e-05
threshold=0.068886077280793725 0.74197873022009542 0.029781326188362937 0.88730159401893627 0.18729103117916099 0.78564564992411667 1.5000000000000002 0.14630926420287657 32.500000000000007 0.75433969941297985 0.75295636518626508 0.99961034430071405 4.5000000000000009 0.75433969941297985 3.5000000000000004 48.500000000000007 2.5000000000000004 0.7369661786571895 0.68241075760736847 51.500000000000007 4.5000000000000009 66.500000000000014 0.94297328591346752 0.92009233756444175 0.67379298806190502 0.96329966187477123 0.55775765346823336 0.97035045476281334 0.3542742430227645 127.50000000000001 6.5000000000000009 44.500000000000007 0.04189748574694898 2.5000000000000004 1.0000000180025095e-35 0.77089015138668904 0.90422871708869945 0.58105147084522546 2.5000000000000004 0.17926877387329235 0.92499652337813132 51.500000000000007 0.56642282009124767 0.99999838919154427
decision_type=2 2 2 2 2 2 2 2 2 2 2 2 2 2 2 2 2 2 2 2 2 2 2 2 2 2 2 2 2 2 2 2 2 2 2 2 2 2 2 2 2 2 2 2
left_child=32 16 8 6 5 -5 7 -4 9 10 -3 -11 29 -14 -6 -8 21 19 27 20 -18 22 25 28 -25 -2 -21 -19 -23 -10 -24 -20 34 35 36 -34 -1 -36 42 41 -38 -37 -39 -35
right_child=1 2 3 4 14 -7 15 -9 12 11 -12 -13 13 -15 -16 -17 17 18 31 26 -22 23 30 24 -26 -27 -28 -29 -30 -31 -32 -33 33 43 37 39 40 38 -40 -41 -42 -43 -44 -45
leaf_value=-0.050033309812381369 -0.00083194059501324818 -0.014484157796376164 0.012210165328716403 -0.01329359998368229 0.0017640021152611756 0.0033954330974791595 0.038966895115212119 -0.0055890015258166781 0.0093459045280498455 0.0030349178399999106 -0.10650832894640949 0.02416610315562789 0.043918830843744622 0.016505014159760748 0.011979798379612008 0.0088285684667707282 0.016080679415577868 -0.060980897158614045 0.046687847266864917 -0.013927494710617942 -0.0092975688398279251 -0.018370991450904459 -0.070749739465898548 -0.097017627133054396 -0.007641434599179233 -0.029801429972724194 0.0031041329848109714 -0.01643214418010161 0.028395717134864482 0.045182434823416349 -0.025113434672766527 0.0059388468980180187 -0.050097648291847909 -0.05007956476722894 -0.050167351780832981 0.0046873620027896648 -0.050252904973616425 -0.050102883037435236 0.053082589232377346 -0.050308740235675942 0.045564104385004023 0.058277958112112442 -0.0591738107838162 -0.051148212345351524
leaf_weight=777.37106323917396 237.25001869781408 69.091380858328193 1124.1363656595349 745.79944710293785 1196.9525421154685 1477.6658711377531 142.74728844803758 398.83697211113758 3674.7288635701407 1284.0961429132149 11.060433936771004 197.28352017095312 96.949544333852828 897.99593009706587 1196.0918925481383 109.09940110286698 771.56789172894787 30.44256644602865 19.506927662529055 223.96835954813287 196.60711413400713 29.191888362518512 28.631580519140698 7.7421034732833496 65.939069499261677 85.376528249471448 825.02537347655743 145.92703229049221 102.66115636378527 34.654878354165703 34.500126925995573 11.627575391903518 0.66472743841586579 4.2870834372588433 0.58035291609121387 0.92054851306602437 0.30012523749610309 0.067921887908596323 0.78210463532013819 0.25863831548485894 0.49065140017773956 1.4801244258997028 0.16426556796068326 0.054810739238746353
leaf_count=1173028 1979 222 2991 2421 3767 4537 604 1901 10947 3879 53 531 221 2586 3708 722 5839 187 38 3687 1669 676 228 37 207 546 3144 518 258 90 284 31 609 4116 340 162 120 50 86 120 18 23 12 6
internal_value=0.00333419 0.00602831 0.00719279 0.00462591 0.00250044 -0.00220244 0.0101545 0.00754891 0.00981106 0.00415358 -0.0271829 0.00584907 0.011689 0.0191763 0.00687006 0.025911 0.000794246 0.00303259 -0.0157805 0.00496787 0.0109271 -0.00762728 -0.0146045 0.00546801 -0.0170327 -0.00849812 -0.000532253 -0.0241216 0.0180417 0.00968071 -0.0458105 0.0314696 -0.0496063 -0.0225985 -0.0498718 0.0133153 -0.0499731 -0.000452723 0.0279928 0.0291661 0.00919846 0.0377284 -0.0565203 -0.0500931
internal_weight=16260.6 15473.2 12657.2 6391.33 4616.51 2223.47 1774.82 1522.97 6265.86 1561.53 80.1518 1481.38 4704.33 994.945 2393.04 251.847 2815.97 2224.67 207.504 2017.17 968.175 591.292 385.758 205.534 73.6812 322.627 1048.99 176.37 131.853 3709.38 63.1317 31.1345 787.422 7.66593 779.756 3.32404 778.162 1.59465 1.01429 2.65931 0.790777 2.40067 0.232187 4.34189
internal_count=1237198 58508 39180 20651 14433 6958 6218 4892 18529 4685 275 4410 13844 2807 7475 1326 19328 15113 774 14339 7508 4215 3037 1178 244 2525 6831 705 934 11037 512 69 1178690 5036 1173654 914 1173166 488 148 305 138 185 62 4122
is_linear=0
shrinkage=0.05


Tree=64
num_leaves=45
num_cat=0
split_feature=78 76 38 47 6 77 43 28 13 77 67 3 75 75 35 38 19 30 65 45 76 15 44 60 47 44 44 76 45 43 2 57 78 67 32 45 28 76 61 50 3 5 45 46
split_gain=875.222 34.3477 34.0512 39.4151 36.8055 30.4119 40.0447 25.2938 24.747 28.5173 33.6117 27.7506 27.7075 25.7944 24.0282 23.8835 22.7885 21.9542 21.3485 21.2966 42.4454 20.5995 20.2631 19.7393 19.3535 18.0107 17.4608 15.0838 17.993 12.5469 11.8924 7.55796 2.2053 2.88842 1.51672 1.19153 1.06734 0.859816 0.699773 1.15856 0.67754 0.201675 4.47714e-05 2.12595e-05
threshold=0.068886077280793725 0.082331710859778681 1.5000000000000002 0.77827671854801139 0.83047896623611461 0.71016232810857505 18.500000000000004 0.85756292939186107 0.83935481309890758 0.57819165034846887 4.5000000000000009 0.94669514894485485 0.015524800192328993 0.012942303105432819 1.0000000180025095e-35 1.5000000000000002 0.65682536363601696 0.95287442207336437 1.0000000180025095e-35 -0.085541502036153585 0.40935916975331404 0.57909116148948681 0.9997076070681451 54.500000000000007 -0.019639529642612365 0.99962494045685157 0.99937678219153192 0.6472327636442754 -0.61529285525282729 5.5000000000000009 0.085303191095590605 30.500000000000004 0.04189748574694898 2.5000000000000004 1.0000000180025095e-35 -0.61529285525282729 0.85756292939186107 0.59391413434887597 51.500000000000007 1.5000000000000002 0.96197089552879345 0.3483316451311112 -0.60381860047785718 0.99999838919154427
decision_type=2 2 2 2 2 2 2 2 2 2 2 2 2 2 2 2 2 2 2 2 2 2 2 2 2 2 2 2 2 2 2 2 2 2 2 2 2 2 2 2 2 2 2 2
left_child=32 8 3 7 27 17 -7 18 9 10 24 -12 13 15 25 -10 -16 -5 -3 20 -6 31 -23 -21 -2 -14 -15 28 -4 -9 -29 -11 34 35 36 38 -1 -36 39 -34 -38 -40 -37 -35
right_child=1 2 4 5 19 6 -8 29 12 21 11 -13 14 26 16 -17 -18 -19 -20 23 -22 22 -24 -25 -26 -27 -28 30 -30 -31 -32 -33 33 43 37 42 40 -39 41 -41 -42 -43 -44 -45
leaf_value=-0.050031683284488759 0.046442037359448976 0.022727337856914706 0.06562230510728824 -0.015877942105959452 0.019769416696024562 -0.093367890865436329 0.030434349010746587 0.0061628476567577931 0.0067003625666626366 0.02386351209475954 0.037591033759045538 -0.1492870075633643 -0.00052256959856491678 0.027477735995692254 0.025723802137116919 0.022721713674182232 0.0061688169120248382 -0.047163584709072136 -0.0020918099112414951 0.0011059999983308417 -0.0053992547550355714 0.012209809449829183 0.061967267918012429 -0.035612698443563941 -0.0086396495194342397 0.0092915599364633145 0.0047913219451876793 0.21794212211698438 0.024720892780715268 0.041605140571625523 -0.018361426139120642 0.044960317586513782 -0.050226557275833597 -0.050075698940164642 0.027469857637009289 -0.051839154049635898 -0.05021775437601457 -0.050083299237109795 0.022526908406472496 0.053957800210891305 0.046304349663262176 0.061269209825417087 -0.050181805956872376 -0.051091238947466006
leaf_weight=739.48148367519025 16.766008917940781 91.818261730135418 32.492607101099566 277.16424191882834 348.08587849757168 7.4130637049674979 54.939700230956078 46.576397652737796 2953.1031156531535 145.56491451710463 67.750435670022853 2.0465428102761498 2824.8007791358978 303.05778641207144 156.36936242121737 252.50547816464677 3154.5284126483602 70.297162218019366 1537.153884028201 95.963993597310036 322.91242198157124 1296.0686992481351 20.789334014058113 59.16861462383531 326.55921874230262 560.19267536699772 117.7767325937748 0.5462802210822727 155.90108439768665 53.831011668778956 21.014199668075889 59.932226411998272 0.59380366734694756 4.0783068109885789 0.99204106803517678 0.043942234187852924 0.29638078366406162 0.55865527322748676 0.49127867579227302 0.48461956635583192 0.47033076628576964 1.0621408479055388 0.56067720014834643 0.052194262039847561
leaf_count=1173027 67 316 168 1023 1247 28 167 122 8462 380 1362 11 8163 813 699 1672 8993 293 7931 362 3667 3514 54 363 4961 1532 338 16 935 118 586 145 328 4116 54 6 128 434 58 11 11 17 494 6
internal_value=0.00318056 0.00574252 0.00110797 -0.00249548 0.00854796 -0.0164376 0.0157156 0.000808406 0.00694306 0.0121313 0.000480674 0.0321115 0.00597025 0.00949025 0.00406384 0.00796236 0.00709237 -0.0222075 -0.00069286 0.00379716 0.0076572 0.0152929 0.0129953 -0.0128988 -0.00594978 0.0011016 0.0211286 0.0272415 0.0317752 0.0251644 -0.0123742 0.0300163 -0.0495967 -0.0223751 -0.0498671 0.0129938 -0.0499705 -0.000469513 0.027535 -0.00340841 0.00899267 0.0490167 -0.0503023 -0.0500885
internal_weight=16182.3 15433.1 3175.28 2139.19 1036.09 409.814 62.3528 1729.38 12257.8 1935.48 413.122 69.797 10322.3 3626.44 6695.89 3205.61 3310.9 347.461 1628.97 826.131 670.998 1522.36 1316.86 155.133 343.325 3384.99 420.835 209.954 188.394 100.407 21.5605 205.497 749.166 7.36696 741.799 3.23646 740.248 1.5507 2.63184 1.07842 0.766712 1.55342 0.604619 4.1305
internal_count=1237198 58508 17342 9998 7344 1511 195 8487 41166 10494 6401 1373 30672 11285 19387 10134 9692 1316 8247 5639 4914 4093 3568 725 5028 9695 1151 1705 1103 240 602 525 1178690 5036 1173654 914 1173166 488 414 339 139 75 500 4122
is_linear=0
shrinkage=0.05


Tree=65
num_leaves=45
num_cat=0
split_feature=78 74 38 13 78 51 3 47 54 56 20 33 43 74 31 74 47 74 57 19 41 17 9 28 57 74 75 21 47 45 27 78 67 32 74 31 75 42 53 41 61 33 46 61
split_gain=825.979 35.9999 34.8557 40.4497 39.7257 34.7296 32.0637 27.1392 26.346 24.8659 23.6995 22.6569 21.7322 27.206 17.8815 17.6773 20.1328 16.2014 15.4743 15.3149 15.0425 15.5433 14.5014 13.3847 12.947 14.2603 12.4874 11.2213 10.9163 10.2664 2.26819 2.13618 2.75252 1.49103 1.19491 1.02727 0.826539 0.791175 0.645522 0.633675 0.576251 0.00140781 1.82831e-05 8.95863e-06
threshold=0.068886077280793725 0.67476956592363857 1.5000000000000002 0.87585616111755382 0.92587920922628875 0.99948887278834997 0.87238135933876049 0.52664288881242227 0.99999886430482721 33.500000000000007 0.72474747896194469 0.93356561660766613 10.500000000000002 0.87164625013070463 0.47383633255958563 0.10999672777298637 0.52664288881242227 0.7906344656808042 41.500000000000007 0.95258533954620372 0.64560171961784374 0.85206231474876415 6.5000000000000009 0.35798093676567083 26.500000000000004 0.76947668017443605 0.027826613577560059 1.0000000180025095e-35 0.65873203582663697 -0.72604625514239529 0.99671053886413585 0.04189748574694898 2.5000000000000004 1.0000000180025095e-35 0.77089015138668904 0.90422871708869945 0.58105147084522546 2.5000000000000004 0.17926877387329235 0.80816438794136058 51.500000000000007 0.56642282009124767 0.99999838919154427 94.500000000000014
decision_type=2 2 2 2 2 2 2 2 2 2 2 2 2 2 2 2 2 2 2 2 2 2 2 2 2 2 2 2 2 2 2 2 2 2 2 2 2 2 2 2 2 2 2 2
left_child=31 9 4 24 5 7 8 -3 -6 10 15 -8 13 -5 22 30 -17 -14 27 -7 21 -16 26 -24 29 -26 -11 -12 -22 -4 -2 33 34 35 -33 -1 -35 41 40 -37 -36 -38 -34 -40
right_child=1 2 3 12 6 19 11 -9 -10 14 18 -13 17 -15 20 16 -18 -19 -20 -21 28 -23 23 -25 25 -27 -28 -29 -30 -31 -32 32 42 36 38 39 37 -39 43 -41 -42 -43 -44 -45
leaf_value=-0.050030137759245114 -0.050216196252450801 0.0034012920087786269 0.064162200053113003 -0.022070743204680603 0.028993827833908883 -0.027414855506213299 0.003898790885316391 -0.007363779242169648 0.010095674778935635 -0.073520757328250474 0.009984285843629169 0.011837087186607448 0.0079957854058081753 0.0063526748020469471 -0.074512502847195558 0.0095572948428321175 -0.0051685987782116721 0.020809770281113568 0.062116820219026342 0.033825703324368427 0.019598572616896424 -0.0061943698835103386 -0.062867551895408602 0.026669829403990059 0.032203419333342996 0.00075557077570689423 0.016848987279145227 -0.037370185133588113 -0.053453358728445456 0.029491418206551653 0.017179243546530665 -0.050091937213437625 -0.050072019681663527 -0.050163929747368323 0.0045380115570522522 -0.050210889303011701 -0.050097915101842819 0.050909550729022437 -0.050147525610170246 0.04498429205321431 0.056111002325722553 -0.058980423008590778 -0.051037137099514976 -0.050964790951688987
leaf_weight=703.43787802447332 17.800438862643208 1214.4838263010606 23.322280182503164 111.17716678767465 202.09207455813885 11.425667375326155 6425.2627871483564 1130.3996509790886 2109.373935520649 4.1690947569441041 15.110631453106178 1045.0383616164327 712.33848225488327 346.80375795485452 34.113159680971876 524.80098213779274 416.15427101124078 377.34336932725273 4.895709221251308 95.856667548418045 13.84749335946981 11.013408279977737 16.052517034462657 5.6404877355089402 62.541143943089992 85.099084510467947 46.003634824417531 72.693246909417212 8.108281634282319 252.70556210936047 1.3425715127959836 0.60900857648812179 3.8796833047526893 0.54040779790375271 0.8841980922152296 0.28187622863333572 0.061979725142009556 0.76358735462417826 0.19835433614207421 0.46025608928175643 1.398031174438074 0.15915432432666421 0.049700021278113016 0.040353418560698628
leaf_count=1173028 6278 5621 186 431 502 42 17635 3859 5734 201 71 2729 3114 1209 364 3449 1705 1590 30 214 81 66 439 59 366 588 247 399 38 1091 170 609 4116 340 162 119 50 86 116 19 23 12 6 4
internal_value=0.00303312 0.00546904 0.00616932 0.0123393 0.00517511 -0.000515468 0.00660166 -0.00178823 0.0117479 -0.00287805 -0.000254225 0.0050093 0.00859199 -0.000547252 -0.0227585 0.00207681 0.00304451 0.0124331 -0.0243969 0.0273035 -0.0413239 -0.0578391 -0.0054289 -0.0395866 0.0260284 0.014077 0.00933973 -0.0292207 -0.00737955 0.0324208 -0.0454895 -0.0495874 -0.0222192 -0.0498612 0.012763 -0.0499681 -0.000476769 0.0267912 0.0279475 0.00882732 0.0361302 -0.0564908 -0.0500842 -0.0502857
internal_weight=16109.8 15397 14205.3 1971.33 12233.9 2452.17 9781.77 2344.88 2311.47 1191.75 1052.8 7470.3 1547.66 457.981 138.948 960.098 940.955 1089.68 92.6996 107.282 67.0823 45.1266 71.8657 21.693 423.668 147.64 50.1727 87.8039 21.9558 276.028 19.143 712.764 7.05933 705.705 3.12995 704.18 1.52513 0.984721 2.52094 0.742132 2.28223 0.221134 3.92938 0.238708
internal_count=1237198 58508 44911 8575 36336 9736 26600 9480 6236 13597 12102 20364 6344 1640 1495 11602 5154 4704 500 256 549 430 946 498 2231 954 448 470 119 1277 6448 1178690 5036 1173654 914 1173166 488 148 305 138 185 62 4122 120
is_linear=0
shrinkage=0.05


Tree=66
num_leaves=45
num_cat=0
split_feature=78 74 73 73 74 73 74 73 74 44 66 73 74 75 74 19 73 66 48 74 74 78 60 75 67 44 60 38 44 66 60 60 32 31 52 78 66 76 73 10 41 47 54 56
split_gain=779.798 34.1183 36.2667 89.2664 90.7015 40.5752 36.3848 68.0824 35.4917 30.5303 35.8705 51.5903 39.8184 39.8089 33.5168 30.304 27.9679 25.6095 23.5551 23.5511 23.134 22.6896 22.0279 21.8538 19.5414 18.7697 18.0783 17.5423 17.1102 12.9091 10.5189 7.09326 1.44891 0.989057 0.789782 0.754428 0.601841 2.43258e-06 1.10072e-06 2.05524e-06 9.88906e-07 6.40526e-07 2.38944e-07 1.91727e-07
threshold=0.04189748574694898 0.72754974224194313 33.500000000000007 49.500000000000007 0.81162009452820072 87.500000000000014 0.81611493993381334 16.500000000000004 0.87919462285902539 0.95042453781657465 2.5000000000000004 283.50000000000006 0.52014156185220484 0.089125871993458741 0.55775765346823336 0.61736679077148449 5.5000000000000009 4.5000000000000009 0.93904128099452755 0.79470359839972693 0.73590780803055911 0.74291585239718161 37.500000000000007 0.017605277644430043 4.5000000000000009 0.97271579290460475 71.500000000000014 1.5000000000000002 0.99966011102504604 1.5000000000000002 69.500000000000014 57.500000000000007 1.0000000180025095e-35 0.90422871708869945 0.37045452123394834 0.019247659171958722 3.5000000000000004 0.59391413434887597 3.5000000000000004 0.37176080048084265 0.73433139920234691 -0.33251516012753041 0.99996408959079042 32.500000000000007
decision_type=2 2 2 2 2 2 2 2 2 2 2 2 2 2 2 2 2 2 2 2 2 2 2 2 2 2 2 2 2 2 2 2 2 2 2 2 2 2 2 2 2 2 2 2
left_child=32 9 6 19 5 -5 18 8 -8 14 13 16 -13 29 15 21 -12 27 28 20 -4 -2 -15 -19 -17 -6 -20 -16 -3 -11 -9 -21 33 38 35 -34 -35 -36 39 41 43 -1 -40 -38
right_child=1 2 3 4 25 -7 7 30 -10 10 11 12 -14 22 17 24 -18 23 26 31 -22 -23 -24 -25 -26 -27 -28 -29 -30 -31 -32 -33 34 36 37 -37 40 -39 42 -41 -42 -43 -44 -45
leaf_value=-0.050341061109009891 -0.021667664865693711 -0.016008353239898482 0.037538991717730383 -0.00094503854019510581 0.0036142363023436426 0.0087943455166837933 -0.004163245753451528 0.020629339922343642 0.0063470285612833872 0.018913335054912054 0.014399595968279784 -0.067908083153797719 0.061944053117360932 -0.042546195878090082 0.008464741098835226 -0.021246231475475 -0.011236369159822271 0.064097824418236124 -0.0023565784107133971 0.025290496218914493 0.015476282003058672 0.019013474590756842 0.014446019518479179 -0.02239712929740208 0.0077326447028693377 0.033287241717305266 0.011081699879187301 0.026421083041376484 0.0080041762399377433 -0.07684459482184558 0.038827371910559592 0.048831610719152721 0.050095001089296459 0.044180252762000792 -0.050320276102846319 -0.056035375541183478 -0.050131289838586141 -0.050080582096679926 -0.05002845564322117 -0.050049600777489933 -0.050357840684446036 -0.050141133870525101 -0.050035294278810261 -0.05025741656974482
leaf_weight=0.083542979380581528 43.54271518724272 409.56837771605933 131.62364293407882 2366.2985298406566 63.527702024730388 1951.1903763498995 1015.235980774567 293.72099863504991 3846.4099022304872 3.8328739870339623 127.49934370443225 6.8047642096062182 44.585423127457034 29.170982225856278 312.87424192542676 242.59169058094267 642.59219418209977 8.1114994047675264 974.62426383799175 52.693812454876024 1220.9888603899162 161.0391198110301 40.483802481845487 73.242874604417011 76.525427437620237 330.81858526280848 336.74295769986929 240.62302904948592 90.594859949545935 43.051965178514365 108.82909674162511 81.474593504040968 0.74737693869974353 0.44842191872885351 0.14793918374925852 0.2157956869341433 0.11422497173771262 0.37205931480275467 655.13963059592061 0.82278431003214791 0.1154029329190962 0.076973818882833167 13.027088336180894 0.04092637391295284
leaf_count=23 6295 1904 408 8883 366 6894 2980 907 11276 15 367 52 147 185 1155 3802 2889 22 2797 207 3957 1722 188 305 1226 1632 918 907 280 261 302 295 96 32 37 52 64 303 1152780 1021 29 34 19170 13
internal_value=0.00289122 0.00519507 0.00613125 0.00892351 0.005553 0.00345645 0.00368513 0.00578843 0.00415221 -0.000732345 -0.00743785 -0.00375512 0.0447499 -0.0333972 0.00469677 -0.00466675 -0.00699198 0.0124209 -0.00242694 0.0196052 0.0176232 0.010355 -0.00942196 -0.0137731 -0.014297 0.028507 0.00109421 0.0162709 -0.0116589 -0.0690163 0.0255492 0.039586 -0.0498564 -0.0499657 -0.00049194 0.0263168 0.00864681 -0.0501488 -0.0500287 -0.0500815 -0.050247 -0.0502452 -0.0500286 -0.0501646
internal_weight=16042.3 15370.9 13274.3 6198.62 4711.84 4317.49 7075.73 5264.2 4861.65 2096.57 938.021 821.482 51.3902 116.54 1158.55 523.699 770.092 634.852 1811.53 1486.78 1352.61 204.582 69.6548 81.3544 319.117 394.346 1311.37 553.497 500.163 46.8848 402.55 134.168 671.352 669.869 1.48317 0.963173 0.718976 0.519998 669.15 0.983301 0.270554 0.160517 668.167 0.155151
internal_count=1237198 63544 44006 22642 17775 15777 21364 15465 14256 19538 4104 3455 199 649 15434 13045 3256 2389 5899 4867 4365 8017 373 327 5028 1998 3715 2062 2184 276 1209 502 1173654 1173166 488 148 138 340 1173028 1078 106 57 1171950 77
is_linear=0
shrinkage=0.05


Tree=67
num_leaves=45
num_cat=0
split_feature=78 76 41 75 51 41 38 29 43 4 5 13 77 75 77 35 48 43 45 75 45 76 77 62 57 20 75 75 1 44 19 32 31 38 17 78 76 76 43 57 8 75 54 31
split_gain=736.51 32.4459 31.4744 31.1962 28.3135 25.5458 30.2213 25.1249 32.3791 24.5869 23.9456 23.4559 24.2527 23.4485 23.3801 27.2044 21.6962 21.1261 20.2217 21.0107 18.0005 40.5034 17.3418 16.5823 15.4224 14.0962 11.8353 14.1013 9.59623 8.75123 7.48655 1.40746 0.952561 0.766205 0.578373 0.105722 1.01406e-06 9.49611e-07 9.47405e-07 2.10375e-06 4.76423e-07 2.23491e-07 2.05484e-07 8.23975e-08
threshold=0.04189748574694898 0.2213038143741288 1.0000000180025095e-35 0.015524800192328993 0.4268504470574177 0.5375427007675172 1.5000000000000002 0.90000000596046459 7.5000000000000009 0.83176100254058849 0.1911285072565079 0.82972848415374767 0.57819165034846887 0.36590217163983035 0.3542742430227645 1.5000000000000002 0.91112678263595059 9.5000000000000018 -0.13315738891739634 0.012942303105432819 -0.064721701369836626 0.11077337920917406 0.3542742430227645 111.50000000000001 18.500000000000004 0.4629120826721192 0.21435724879579623 0.5429149992228971 0.11189358308911325 0.97567591960953115 0.81501609086990368 1.0000000180025095e-35 0.90422871708869945 1.5000000000000002 0.83402201533317577 0.23390836776912052 0.64041861067126971 0.59391413434887597 3.5000000000000004 8.5000000000000018 0.79361054301261913 0.36590217163983035 0.99996408959079042 0.7881000041961671
decision_type=2 2 2 2 2 2 2 2 2 2 2 2 2 2 2 2 2 2 2 2 2 2 2 2 2 2 2 2 2 2 2 2 2 2 2 2 2 2 2 2 2 2 2 2
left_child=31 2 3 18 14 6 10 25 -9 -8 -6 12 -5 -13 23 16 -16 26 29 -20 22 -22 -19 24 -3 -7 30 -28 -17 -2 -4 32 38 37 -34 -25 -36 41 39 -1 -38 -33 -40 -41
right_child=1 4 17 11 5 7 9 8 -10 -11 -12 13 -14 -15 15 28 -18 20 19 -21 21 -23 -24 35 -26 -27 27 -29 -30 -31 -32 33 34 -35 36 -37 40 -39 42 43 -42 -43 -44 -45
leaf_value=-0.050252528759670838 0.0013472549418131127 -0.0095796072060505468 0.011668812888280995 -0.0030618214603818231 -0.055244445975564521 0.083790553167679888 0.0074583614474295033 0.011089097478671752 -0.019213953316806212 -0.021211547687595641 -0.01770117869039374 0.00013865894596158719 0.012690577677294122 0.0063757255383788116 -0.0045116266230241361 0.0094107512915790129 0.027144991382761177 -0.037247118119464427 0.0066602374933397756 0.017991370682837893 0.0087181099645819351 -0.047535297886637851 0.030310626358934015 -0.053991132445571459 0.0071836661786613193 -0.0043500831687448916 -0.0019801031751128582 0.02970212983240908 0.069042653503779611 0.031187781328709009 0.038050115882621277 -0.050150296212034817 0.043836682625426733 0.026282389262134553 -0.050427749401313643 -0.065880558333927738 -0.050121693083114517 -0.050058491544470896 -0.05002706988641481 -0.050037369538428647 -0.050296456750426093 -0.050278258887588578 -0.050033572095508697 -0.050077797855305688
leaf_weight=0.14513046178035338 29.990167497948278 210.0958369525033 32.754169482912403 313.35313085565576 50.266392116667703 14.569427352340428 223.73249391827267 249.58579748350894 136.28791108325822 112.32474463008111 273.90168251539581 4631.393107301381 1109.5610745921731 2233.739116884768 108.50406309962273 8.5985919833183271 107.99577084183693 10.264918508706613 3516.0345920081018 462.97345111583127 464.79755075852154 34.364601551671512 127.3346044421196 2.4687199453474005 395.48072170792148 6.5870504448539569 69.479697920382023 71.021954864263535 31.323228821158409 135.93190234899521 150.26718635042198 0.069837669609113417 0.43470392958260973 0.93613100866787136 0.043007186788599938 7.7063751555979252 0.16828513820655644 0.36910733312834054 623.20494014222641 0.63291729986667633 0.050759498029947281 0.06672114843968302 12.392165528959593 0.15736957243643701
leaf_count=38 536 2729 338 1815 365 171 1921 822 1183 825 1500 14433 2997 5859 307 23 252 677 15594 1284 2088 185 313 93 5848 53 197 156 57 319 556 28 13 81 13 48 102 364 1152780 902 10 15 19170 138
internal_value=0.0027572 0.00494858 0.00582383 0.00515021 -0.00109573 -0.00655705 -0.0126309 0.00329503 0.000386271 -0.00212435 -0.0235227 0.00337901 0.0092216 0.00216804 0.00558713 0.0182729 0.0112795 0.0145454 0.00869182 0.00797866 0.00925916 0.00484537 0.0252708 0.000304305 0.0013679 0.056348 0.0249497 0.0140349 0.0561988 0.0257942 0.0333288 -0.0498517 -0.0499633 -0.000506451 0.00846705 -0.0629959 -0.0502058 -0.0501002 -0.0500273 -0.0500776 -0.0501622 -0.0502128 -0.0500272 -0.0500454
internal_weight=15971.4 15332.7 13393.3 12433 1939.43 1067.26 660.225 407.03 385.874 336.057 324.168 8288.05 1422.91 6865.13 872.173 256.422 216.5 960.285 4144.93 3979.01 636.762 499.162 137.6 615.752 605.577 21.1565 323.523 140.502 39.9218 165.922 183.021 638.671 637.229 1.4418 0.696756 10.1751 0.262052 0.505666 636.533 0.935417 0.219045 0.136559 635.597 0.790287
internal_count=1237198 63544 47347 42837 16197 6840 4611 2229 2005 2746 1865 25104 4812 20292 9357 639 559 4510 17733 16878 3263 2273 990 8718 8577 224 1247 353 80 855 894 1173654 1173166 488 138 141 125 407 1173028 1078 112 43 1171950 1040
is_linear=0
shrinkage=0.05


Tree=68
num_leaves=45
num_cat=0
split_feature=78 74 43 74 43 75 74 56 43 43 74 44 74 43 38 75 75 13 74 75 75 75 16 19 75 75 43 67 32 28 77 66 78 3 74 72 76 76 43 57 17 54 38 31
split_gain=695.792 33.1911 37.9389 72.4821 59.7528 41.6451 29.8206 25.7645 24.3237 55.28 33.8428 23.7668 33.0347 29.5814 21.4643 34.5196 25.1845 21.0759 19.4764 18.8854 18.2546 28.6548 17.8573 16.9187 16.8089 10.1831 9.97067 10.8664 1.38352 0.917646 0.840672 0.732482 0.699395 0.573801 0.105316 0.0014725 1.13216e-06 1.05492e-06 8.09817e-07 1.81421e-06 6.21194e-07 1.78059e-07 9.14851e-08 6.73712e-08
threshold=0.04189748574694898 0.74785458390773274 33.500000000000007 0.79470359839972693 50.500000000000007 0.0013694108088998741 0.75433969941297985 21.500000000000004 323.50000000000006 289.50000000000006 0.53527161791297817 0.99963924459869846 0.88639957800627434 7.5000000000000009 1.0000000180025095e-35 0.58105147084522546 0.14800473888730489 0.44281046092510229 0.79425106667632439 0.12249607085579563 0.072333187744521146 0.16486952821483122 0.69415700435638439 0.82621711492538463 0.55399605889940962 0.16486952821483122 583.50000000000011 2.5000000000000004 1.0000000180025095e-35 0.85756292939186107 0.71016232810857505 3.5000000000000004 0.019247659171958722 0.96197089552879345 0.52014156185220484 2.5000000000000004 0.59391413434887597 0.46482154297154371 3.5000000000000004 8.5000000000000018 0.83402201533317577 0.99996408959079042 1.5000000000000002 0.7881000041961671
decision_type=2 2 2 2 2 2 2 2 2 2 2 2 2 2 2 2 2 2 2 2 2 2 2 2 2 2 2 2 2 2 2 2 2 2 2 2 2 2 2 2 2 2 2 2
left_child=28 8 6 4 18 -6 20 24 9 14 23 12 -8 -13 15 -2 -16 -9 -4 -12 22 -22 -3 -11 -5 30 27 -27 29 38 34 36 -33 37 -10 -34 -30 -31 39 -1 -39 -40 -38 -41
right_child=1 2 3 7 5 -7 11 17 25 10 19 13 -14 -15 16 -17 -18 -19 -20 -21 21 -23 -24 -25 -26 26 -28 -29 31 33 -32 32 35 -35 -36 -37 42 40 41 43 -42 -43 -44 -45
leaf_value=-0.050240187041318954 -0.0085059472442347 0.0060769384616564514 0.01701678189246883 0.034697153760842564 0.028438539511806422 0.0013982934682239207 -0.0012593714869274986 -0.0072049231705334218 -0.053944632054391331 0.058477240934241684 0.097711057222151676 0.022508987061164581 0.0061383014655363886 0.0027672894200636792 0.010743349261979996 0.0099428823807642831 -0.0017235680324641052 0.018668641846487932 -0.065506846361411561 0.026259911993952969 0.065907268365857155 -0.037027809589607878 -0.10289715589176598 -0.07059545933301975 -0.0017118467202149844 -0.078951122347726777 0.045134074516076331 0.010306972462944791 -0.050240025327872077 -0.050499969469585418 -0.089313734401412229 0.048584350799678148 -0.059048906453739738 0.044638176309329536 -0.06443495715275499 -0.050082463134416735 -0.050056449622646881 -0.050307925652632403 -0.050025746205854649 -0.050035545743023262 -0.050117894772623642 -0.050031951867908819 -0.050117591986030365 -0.050073094387707032
leaf_weight=0.13808542373590071 1171.0247944796574 5.1865215418511097 1053.8212338280864 346.67796191177331 149.62861516198609 2943.8086298192502 2789.5276120150229 91.906472668459173 3.0541765228263129 3.908494695031548 26.648131226946134 360.40363247942878 3287.7448014572728 400.74973963666707 724.02363112871535 323.62467658438254 919.62431333161658 548.02584131521871 7.198614578228443 14.163254024169872 8.8721497729420644 28.413070474518463 13.661509552039204 7.2450038129463792 34.890513562888373 7.2457552399719152 5.0705056082224464 6.4408411378972232 0.13592862850054988 0.026053913810755058 3.5735479295253745 0.72483658540295437 0.13588944153161719 0.41636487795040011 11.043852647300808 0.069057312910445035 0.27326106780674309 0.056961677910294384 592.82613533677068 0.60207095218356699 0.17551654309500009 11.789035742142003 0.078827998484484851 0.14903109625447541
leaf_count=38 5036 19 3418 1465 426 10495 8833 461 364 90 49 881 9750 1184 11643 880 5195 2557 34 66 17 110 65 53 229 61 24 35 36 6 15 68 5 11 89 57 282 12 1152780 902 110 19169 40 138
internal_value=0.00262834 0.00471257 0.00591675 0.009152 0.00621805 0.00270622 0.00348795 0.0210844 0.000207944 0.000671834 0.0518203 0.00378588 0.0027427 0.0121149 -0.000175098 -0.00451137 0.00376808 0.0149527 0.0164569 0.0729145 -0.0328067 -0.012534 -0.0729101 -0.0253648 0.0313679 -0.0404175 -0.0147583 -0.0369467 -0.0498456 -0.049961 -0.0676529 -0.000511478 0.0255253 0.00830927 -0.0621623 -0.0560276 -0.0501175 -0.0501983 -0.0500259 -0.0500736 -0.0501645 -0.0500259 -0.0500701 -0.050043
internal_weight=15904.8 15297.2 12070.5 5175.96 4154.46 3093.44 6894.56 1021.5 3226.69 3190.26 51.9649 6838.43 6077.27 761.153 3138.3 1494.65 1643.65 639.932 1061.02 40.8114 56.1333 37.2852 18.848 11.1535 381.568 36.4287 18.7571 13.6866 607.597 606.179 17.6716 1.4178 0.929783 0.674897 14.098 0.204947 0.488018 0.258532 605.504 0.889187 0.232478 604.615 0.352089 0.751102
internal_count=1237198 63544 39944 19085 14373 10921 20859 4712 23600 23012 258 20648 18583 2065 22754 5916 16838 3018 3452 115 211 127 84 143 1694 588 120 96 1173654 1173166 468 488 130 139 453 62 358 128 1173027 1078 122 1171949 322 1040
is_linear=0
shrinkage=0.05


Tree=69
num_leaves=45
num_cat=0
split_feature=78 74 38 76 47 13 54 44 3 64 44 73 73 73 77 61 74 75 8 74 56 23 73 74 8 73 76 17 62 3 32 28 75 42 3 75 78 76 44 76 73 57 17 54
split_gain=657.533 31.0512 27.5094 40.7998 40.6657 37.5453 32.4083 33.1926 30.5388 23.3912 21.3784 22.9722 31.8422 20.92 20.2554 20.1061 36.8142 29.8757 19.0139 17.926 17.6225 23.2832 17.0607 23.57 18.013 15.7624 13.6211 7.86657 1.91072 1.87567 1.34392 0.883097 0.709792 0.656372 0.537114 0.0103937 6.57572e-05 2.27126e-06 9.86899e-07 9.08079e-07 6.97084e-07 1.56143e-06 5.34443e-07 1.53222e-07
threshold=0.04189748574694898 0.69201196119866226 1.5000000000000002 0.11077337920917406 0.77827671854801139 0.87585616111755382 0.99999886430482721 0.99963924459869846 0.825220286846161 1.0000000180025095e-35 0.9974404123052526 287.50000000000006 297.50000000000006 33.500000000000007 0.3542742430227645 99.500000000000014 0.68312054501319508 0.10112074186064016 0.41742423176765447 0.10999672777298637 33.500000000000007 1.0000000180025095e-35 10.500000000000002 0.87164625013070463 0.88117647171020519 59.500000000000007 0.42667860534672603 0.80086207389831554 1.0000000180025095e-35 0.45918790996074682 1.0000000180025095e-35 0.85756292939186107 0.58105147084522546 2.5000000000000004 0.96197089552879345 0.22218348127953755 0.74291585239718161 0.59391413434887597 0.99608987421092288 0.46482154297154371 3.5000000000000004 8.5000000000000018 0.83402201533317577 0.99996408959079042
decision_type=2 2 2 2 2 2 2 2 2 2 2 2 2 2 2 2 2 2 2 2 2 2 2 2 2 2 2 2 2 2 2 2 2 2 2 2 2 2 2 2 2 2 2 2
left_child=30 10 3 6 9 14 8 -8 -3 -5 19 15 27 -6 18 17 -17 -12 -4 28 25 -22 23 -7 -24 -21 -16 -13 29 -2 31 40 37 -34 39 -14 -30 38 -32 -33 41 -1 -41 -42
right_child=1 2 5 4 13 22 7 -9 -10 -11 11 12 35 -15 26 16 -18 -19 -20 20 21 -23 24 -25 -26 -27 -28 -29 36 -31 32 34 33 -35 -36 -37 -38 -39 -40 42 43 -43 -44 -45
leaf_value=-0.050228449475674522 0.057592555290013496 0.032183127526083981 0.02635121292983629 -0.0015170464395581483 -0.067847066279597926 -0.021629252482213649 0.0036715599017934962 0.012383864380624682 0.0083448115150359849 0.023395312364646963 -0.068339585126927047 0.027163638096252843 -0.059420336850596771 -0.017345426855799845 0.034643526272978932 -0.067689061495539479 0.10561420471565322 -0.0086261760845120633 -0.0093714065775084756 -0.0024805012142675772 -0.0026903109931164983 -0.045941130273349708 0.015499332766929464 0.0052993108432996773 0.0019145638146273278 0.010069390823528906 -0.026449416218277611 0.097775054083040991 -0.050104882609269208 -0.050898252903796827 -0.05020151894830354 -0.050475521246922228 -0.055726138159487439 0.047762902464140354 0.043390878249782404 -0.063328236604047405 -0.050286537724376981 -0.050068733865264038 -0.050441478296849834 -0.050292844897133072 -0.05002449045055532 -0.050040898556531266 -0.050112142100041904 -0.050030392701936925
leaf_weight=0.13138083973899384 0.84764052426908409 210.0530042797327 78.503976697800681 1359.2210114832851 22.713931230828166 106.36099879653193 8460.8107697181404 1255.459113612771 372.78725739941001 101.24280110379914 47.80543836747529 7.9039061265066284 5.4002969855209804 210.99807324208086 253.96326544880867 5.6614350455347431 6.680148861836642 37.282537131104618 70.884448599070311 664.11490406817757 98.123016978148371 45.566787164134439 671.91448842786485 344.31381670583505 383.17398771265289 401.43142376322066 9.4636688455939275 7.8735607005655766 9.6751484128180891 0.7516821498866193 0.11093339882790931 0.02479495166335155 0.19540373521158472 0.70964043459389359 0.40715505846310407 2.4841474659042433 10.269877103855833 0.2923497652518563 0.069815208669751883 0.054199461999814957 563.92744888714515 0.71449956228025258 0.16697518219007179 11.214418365823802
leaf_count=38 18 514 1171 7490 86 461 23417 3387 1004 345 284 29 55 820 592 38 16 202 941 3490 552 346 3830 1352 1425 2623 35 14 6671 224 36 6 62 86 11 23 2089 290 14 12 1152780 1040 110 19169
internal_value=0.00250544 0.00448773 0.00519073 0.00430145 -0.00288891 0.0107497 0.00548424 0.00479729 0.016936 0.000209937 -0.00274668 -0.0227925 0.0213986 -0.0222536 0.0241083 -0.0335248 0.0261151 -0.0421753 0.00940092 -0.000774459 3.0979e-05 -0.016406 0.00708741 -0.00105593 0.0105658 0.00224752 0.0324487 0.0624014 -0.0459819 0.00660184 -0.0498409 -0.0499588 -0.000524473 0.0254191 0.00814844 -0.0606516 -0.0501984 -0.0501549 -0.0502942 -0.0501886 -0.0500247 -0.05007 -0.0501564 -0.0500246
internal_weight=15841.8 15263.7 13911.9 11993.3 1694.18 1918.58 10299.1 9716.27 582.84 1460.46 1351.87 121.091 23.6619 233.712 412.815 97.4296 12.3416 85.088 149.388 1230.78 1209.24 143.69 1505.76 450.675 1055.09 1065.55 263.427 15.7775 21.5443 1.59932 578.019 576.641 1.37814 0.905044 0.653125 7.88444 19.945 0.473098 0.180749 0.24597 575.988 0.84588 0.221175 575.142
internal_count=1237198 63544 46870 37063 8741 9807 28322 26804 1518 7835 16674 661 121 906 2739 540 54 486 2112 16013 7011 898 7068 1813 5255 6113 627 43 9002 242 1173654 1173166 488 148 139 78 8760 340 50 128 1173027 1078 122 1171949
is_linear=0
shrinkage=0.05


Tree=70
num_leaves=45
num_cat=0
split_feature=78 74 43 75 67 6 43 41 43 43 21 74 27 74 74 75 74 74 27 44 33 74 47 47 75 49 76 56 21 74 52 13 32 28 76 74 43 43 10 48 47 38 54 33
split_gain=621.517 30.1283 57.631 26.328 25.2639 25.256 24.2341 39.9443 34.4943 26.1094 40.9584 40.3944 21.53 26.1019 24.8863 21.2465 21.0515 19.8199 21.8298 21.8337 17.7138 21.2993 15.4278 13.7983 13.6089 13.556 13.4797 12.5091 11.8491 11.5424 5.96292 3.22427 1.30522 0.850359 0.682704 0.518416 7.70436e-07 6.00057e-07 1.13023e-06 4.3799e-07 3.51522e-07 1.37907e-07 1.31847e-07 8.9172e-08
threshold=0.04189748574694898 0.77235107975040262 93.500000000000014 0.041720382226369764 2.5000000000000004 0.61633428931236278 32.500000000000007 0.5123116970062257 5.5000000000000009 50.500000000000007 1.0000000180025095e-35 0.71323086659223456 0.71747428178787243 0.95617254397737439 0.77273736199928467 0.0020021021278705778 0.6791779542999502 0.79740795442389933 0.73183304071426403 0.99971168568543189 0.52528449892997753 0.90671793854888028 -0.062927652605344081 -0.0029439788285868487 0.082986409221954507 2.5000000000000004 0.073689778015138513 35.500000000000007 1.0000000180025095e-35 0.80693854465389236 1.9260276447677536e-05 0.87386363744735729 1.0000000180025095e-35 0.85756292939186107 0.59391413434887597 0.92499652337813132 16.500000000000004 3.5000000000000004 0.37176080048084265 0.49742915300835366 -0.33251516012753041 1.5000000000000002 0.99996408959079042 0.54740682244300853
decision_type=2 2 2 2 2 2 2 2 2 2 2 2 2 2 2 2 2 2 2 2 2 2 2 2 2 2 2 2 2 2 2 2 2 2 2 2 2 2 2 2 2 2 2 2
left_child=32 4 3 20 5 16 7 15 -9 11 -11 -8 13 -5 -14 -6 28 18 27 -20 22 -22 -3 31 30 -25 -18 -4 -2 -26 -19 -7 33 37 -34 36 39 38 40 -35 -1 -36 -39 -43
right_child=1 2 17 12 6 23 9 8 -10 10 -12 -13 14 -15 -16 -17 26 24 19 -21 21 -23 -24 25 29 -27 -28 -29 -30 -31 -32 -33 34 35 41 -37 -38 42 -40 -41 -42 43 -44 -45
leaf_value=-0.050279078527128512 0.016271782719516834 -0.020139158216764434 -0.0022770369632083868 -0.0075788022948300787 -0.069359489290136508 -0.028478922652791817 -0.0061873245852457582 0.024787754035823228 -0.011108190173338995 0.010677382108383879 -0.0027375811511519996 0.01575624676920714 0.067204691303252059 0.033991946346970975 0.0033391202644023499 -0.010340444967494755 0.021406193299800282 0.029616568213079387 0.021497692891270018 -0.04333997200526276 0.0046178739832891053 0.012319080530298974 0.024583277843849054 -0.0072163228251793596 -0.012616967938977817 -0.031140219831078175 -0.0009598324052221438 -0.090081390964763641 -0.024423271393763143 0.026837128802549418 0.047948631978717106 -0.11030473640532967 0.025189816044531077 -0.050195741467424497 -0.050054169955876519 0.043189601865058158 -0.050109061374546737 -0.050023295909936774 -0.050040420016059906 -0.050372355054756394 -0.050115460302858364 -0.050088875690557616 -0.050028909531582157 -0.050182060770951047
leaf_weight=0.068498898268444464 23.795648930943571 21.183464659028687 113.92305371799739 773.63629293866688 15.675515290000474 1.7038277548854228 269.02877231908496 174.18727986258455 108.68529093422694 878.92419266636716 1613.5559008501587 951.37315290357219 15.337083595222792 39.698023961856961 2795.0720828840276 560.54079828283284 174.63953217864037 95.109711145982146 366.88240270363167 13.460498406551777 3584.3496171790757 1197.8632856126642 215.04337650514208 809.77578956290381 27.787882047239691 63.88304615492234 109.67108984204242 4.2060841087950385 72.039453840756323 55.685806728026364 83.129443123412784 4.1030743984738365 0.88149029179476091 0.064347634732256576 0.33273151854518801 0.39412015525158495 0.096805896318983287 536.43687300535385 0.67314548173453659 0.077242612198460847 0.063035439408848926 0.089015670178923756 10.667793010157764 0.036078238161280751
leaf_count=23 937 133 556 3255 1486 20 2558 757 1055 8290 5550 3081 39 108 8922 2608 420 475 1200 54 11227 3347 984 3620 141 526 643 28 778 293 402 51 54 27 364 18 74 1152780 1021 20 34 59 19169 11
internal_value=0.00238682 0.00427185 0.00602301 0.00486202 0.00144843 -0.00482148 0.00317583 -0.00439195 0.0109958 0.00492687 0.00199294 0.0109189 0.00161435 -0.00554978 0.00368765 -0.011946 0.00594735 0.0192217 0.0133718 0.0192031 0.00720712 0.0065469 0.0205728 -0.00947626 0.0303639 -0.00896567 0.0127786 -0.00540338 -0.0143188 0.0137031 0.0381665 -0.0862959 -0.0498362 -0.0499566 -0.000536988 0.00798425 -0.0502178 -0.0500235 -0.0500666 -0.0502921 -0.0502007 -0.050071 -0.0500234 -0.0501158
internal_weight=15783.8 15234 9402.37 8642.18 5831.58 1259.61 4571.97 859.089 282.873 3712.88 2492.48 1220.4 3623.74 813.334 2810.41 576.216 380.146 760.185 498.472 380.343 5018.44 4782.21 236.227 879.466 261.713 873.659 284.311 118.129 95.8351 83.4737 178.239 5.8069 549.881 548.542 1.33932 0.632516 0.238396 547.909 0.80468 0.14159 0.131534 0.457825 547.105 0.125094
internal_count=1237198 63544 31164 28015 32380 6995 25385 5906 1812 19479 13840 5639 12324 3363 8961 4094 2778 3149 1838 1254 15691 14574 1117 4217 1311 4146 1063 584 1715 434 877 71 1173654 1173166 488 139 121 1173027 1078 47 57 434 1171949 70
is_linear=0
shrinkage=0.05


Tree=71
num_leaves=45
num_cat=0
split_feature=78 65 76 74 43 60 42 43 42 72 75 28 45 74 2 38 10 31 41 74 38 75 44 60 41 77 74 44 75 74 57 32 28 75 78 60 76 44 74 43 57 1 54 38
split_gain=587.646 29.9061 36.4941 30.6738 52.6648 28.1354 26.2847 25.8056 25.4073 22.3967 20.9983 19.8022 22.7837 18.5279 15.6357 13.8184 15.7843 15.1989 13.6939 13.4092 10.2024 8.97993 8.73018 7.92272 7.8922 7.83047 7.37656 6.29982 6.1067 5.29122 4.5492 1.28297 0.81881 0.652521 0.61203 0.498118 2.13759e-06 9.1542e-07 5.43982e-07 5.16516e-07 1.15654e-06 4.28664e-07 1.13485e-07 9.23506e-08
threshold=0.04189748574694898 1.0000000180025095e-35 0.14630926420287657 0.77235107975040262 93.500000000000014 25.500000000000004 5.5000000000000009 16.500000000000004 2.5000000000000004 5.5000000000000009 0.0056925230042553796 0.90000000596046459 -0.23788991908931387 0.78185618811093727 0.075710531324148192 1.0000000180025095e-35 0.80707195401191723 0.45983158051967626 0.80028930306434642 0.56941344879132061 1.5000000000000002 0.0072245387483696388 0.42570007073423027 27.500000000000004 0.54629755020141613 0.079371427573475192 0.68449088951691117 0.99966011102504604 0.31626477794015329 0.85965128215670017 34.500000000000007 1.0000000180025095e-35 0.85756292939186107 0.58105147084522546 0.019247659171958722 31.500000000000004 0.59391413434887597 0.99608987421092288 0.47915862078949706 3.5000000000000004 8.5000000000000018 0.90054944157600414 0.99996408959079042 1.5000000000000002
decision_type=2 2 2 2 2 2 2 2 2 2 2 2 2 2 2 2 2 2 2 2 2 2 2 2 2 2 2 2 2 2 2 2 2 2 2 2 2 2 2 2 2 2 2 2
left_child=31 15 3 5 7 10 11 -5 -7 21 -3 12 -4 -6 -11 17 20 18 22 30 26 -8 -2 28 -21 -22 -17 -25 -19 -13 -18 32 39 36 -35 -34 37 -33 -37 40 -1 -40 -41 -38
right_child=1 2 6 4 13 8 9 -9 -10 14 -12 29 -14 -15 -16 16 19 23 -20 24 25 -23 -24 27 -26 -27 -28 -29 -30 -31 -32 33 35 34 -36 38 43 -39 41 42 -42 -43 -44 -45
leaf_value=-0.050206661631256755 0.04443116632504137 -0.098675539541020429 0.00016465300886258085 0.0028950561643135437 0.0081076362085184123 0.0033909518214812343 -0.015520520808544337 0.0090454837751464175 -0.0082472098919532718 0.2658747903273892 -0.018504873715372554 0.016277080856840258 -0.010404410923749727 0.027121796843263393 -0.030233385431923998 -0.031615635449411005 -0.090379077857410534 -0.045153164535565234 0.080493766082938886 0.025758978487323576 -0.0035269951702022366 0.052170269949468155 -0.061851856679386377 0.015625296358757795 -0.014360440378194773 0.079540021565798244 0.038306321362541834 -0.016027903294102096 0.01604652620286225 0.055367235267478582 0.046895739334698316 -0.050196549592813826 0.042868734346360425 0.046238514203660548 -0.055658483899495861 -0.05043017735101403 -0.050041191346778827 -0.050430541050543891 -0.050131075454394339 -0.050022159036162028 -0.050037006179991655 -0.050299579641314089 -0.050027498887458034 -0.05010374857541447
leaf_weight=0.1189314010553052 2.2191646514693337 9.2066006290842761 1417.3872316403431 4062.1103889644146 188.32063660025597 4123.1661674467614 5.4879820499336338 2939.6918697953224 529.13439217803534 0.4585311333648886 72.372280040814076 18.710524443187751 796.42286013747798 400.77352549135685 16.076765256817453 4.364789936807937 3.7999724248656994 10.210058718919756 2.3541709780693045 79.908622408111114 3.2023082193336476 45.692990092153195 14.937682426243553 349.54178391647292 14.479453373351133 24.87503861496225 27.771343246567994 16.459502950310707 6.7848073840141288 16.111016189679503 0.71747386758215714 0.10821461817249545 0.38183021463919331 0.6885025161318481 0.18749359523644671 0.022458684339653701 0.17575436286279 0.068103959783911705 0.15863629768136889 510.2858646386594 0.64655214117374271 0.049526350107043982 10.147797521960454 0.088806333369575441
leaf_count=38 50 288 12444 10585 503 14598 62 8721 7493 2 287 68 3830 1579 602 66 120 34 4 236 141 455 118 910 66 77 89 54 16 33 13 36 18 94 54 6 235 14 105 1152780 1040 10 19169 55
internal_value=0.0022747 0.00406763 0.00363329 0.00471549 0.00668531 0.00155684 -0.00212484 0.0054773 0.00206727 0.0285677 -0.0275525 -0.00304912 -0.00363759 0.0210434 -0.0220222 0.0153904 0.0278642 0.0104592 -0.0325881 0.0155769 0.0480472 0.044912 -0.0481046 0.0126522 0.0196045 0.070066 0.0288094 0.0142018 -0.0207206 0.0343631 -0.0685767 -0.04983 -0.0499544 -0.00054013 0.024429 0.00782465 -0.0501521 -0.0502869 -0.0501964 -0.0500223 -0.0500634 -0.0501712 -0.0500223 -0.0500622
internal_weight=15725.9 15202.7 14641.1 12324.8 7590.9 4733.88 2316.35 7001.8 4652.3 67.7163 81.5789 2248.63 2213.81 589.094 16.5353 561.626 159.119 402.507 19.511 98.9055 60.2135 51.181 17.1568 382.996 94.3881 28.0773 32.1361 366.001 16.9949 34.8215 4.51745 523.128 521.812 1.31688 0.875996 0.612452 0.440879 0.176319 0.230621 521.199 0.765484 0.208163 520.434 0.264561
internal_count=1237198 63544 61550 44054 21388 22666 17496 19306 22091 1121 575 16375 16274 2082 604 1994 808 1186 172 435 373 517 168 1014 302 218 155 964 50 101 133 1173654 1173166 488 148 139 340 50 121 1173027 1078 115 1171949 290
is_linear=0
shrinkage=0.05


Tree=72
num_leaves=45
num_cat=0
split_feature=78 76 41 74 43 74 74 47 47 74 61 43 57 74 16 75 45 43 65 76 46 74 76 61 77 40 19 36 7 77 10 16 54 72 8 72 33 31 74 44 41 43 57 1
split_gain=555.788 27.1762 30.9768 30.7718 34.7009 75.3572 33.7814 30.562 27.9126 49.1376 25.9383 31.0466 22.2151 20.1921 22.7205 19.8371 17.3894 18.8531 17.3891 20.372 20.5943 16.058 20.4728 17.4487 14.5123 14.3819 13.8446 13.8259 13.2253 10.6758 8.73247 7.59659 1.10338 1.16473 0.809426 0.590019 0.517058 3.25386e-06 1.35703e-06 3.03148e-06 4.74784e-07 4.05206e-07 1.01595e-06 2.82342e-07
threshold=0.04189748574694898 0.2213038143741288 1.0000000180025095e-35 0.72754974224194313 24.500000000000004 0.81707632756450399 0.92499652337813132 0.52664288881242227 0.65873203582663697 0.55775765346823336 91.500000000000014 287.50000000000006 12.500000000000002 0.53912397517524824 0.61636906862258922 0.0088386314169607866 -0.15490451137284186 7.5000000000000009 1.0000000180025095e-35 0.52979936332408595 0.36866659035396082 0.76472664409815494 0.40935916975331404 58.500000000000007 0.76657831827204215 1.0000000180025095e-35 0.86121249198913585 11.500000000000002 0.16025641560554507 0.3542742430227645 0.89323708415031444 0.95641309022903453 0.99999623426245787 3.5000000000000004 0.79361054301261913 2.5000000000000004 0.56642282009124767 0.90422871708869945 0.60336812859337219 0.99940530953641049 0.73433139920234691 3.5000000000000004 8.5000000000000018 0.99382716417312633
decision_type=2 2 2 2 2 2 2 2 2 2 2 2 2 2 2 2 2 2 2 2 2 2 2 2 2 2 2 2 2 2 2 2 2 2 2 2 2 2 2 2 2 2 2 2
left_child=32 2 3 10 6 -6 -5 18 9 12 11 -2 -4 14 -10 -12 21 25 28 20 -20 23 -23 -9 -15 -18 -19 -21 31 -11 -30 -3 37 34 -34 -36 -37 41 39 43 -39 42 -1 -35
right_child=1 7 8 4 5 -7 -8 16 13 29 15 -13 -14 24 -16 -17 17 26 19 27 -22 22 -24 -25 -26 -27 -28 -29 30 -31 -32 -33 33 38 35 36 -38 40 -40 -41 -42 -43 -44 -45
leaf_value=-0.05019829451609429 -0.0066905854222888035 -0.079670233339736218 -0.072332460554936154 -0.00044419756704759715 0.0062064639247888425 0.031222162566770767 0.0088939768170569321 -0.01128627586697506 0.088346184100698305 0.052354667705834967 -0.077413004441484232 0.027474959954453506 0.0068631881485097142 0.002593877777483745 -0.066442048004980644 0.023234736374457929 0.043942723035570015 -0.01447171732533727 0.017598700878837383 -0.0051977655544505341 0.00065677887221964818 0.014299489246138809 -0.018578048623804324 -0.062857335812900747 0.020063308948594986 -0.039294395409553255 -0.045675665386845588 -0.036573353676182384 0.047614664382584701 0.030071199397384368 0.0014814383816966958 0.031098312240413609 -0.050040185945420548 -0.050034738191650656 -0.055461765384792285 -0.050124829081412928 0.056228926198612209 -0.050165257296680824 -0.050035801407082907 -0.050526706075838639 -0.05032783448260339 -0.050021153872475688 -0.050032120432212113 -0.050149309019066758
leaf_weight=0.11123113543726404 1254.0186012289778 4.181287929066456 9.4359235554002208 3808.6421743184328 5406.3130450770259 318.8033023737371 1298.7387430518866 77.900247163779568 2.7713068029843297 87.209440469741821 5.106721688178367 70.216420958837261 143.81370151258307 375.02566564083099 16.401484420523047 118.45105077250628 15.528766319155695 62.198310991749167 241.46185295068426 428.23095630569151 697.60712515300838 130.86391121149063 74.195702402910683 20.77614915848244 174.05886724963784 7.7941527580842367 82.957725894520991 38.247479285113513 40.982655504602008 140.09078282117844 13.682268458826 2.4575992053723894 0.43911428874707725 0.13186518603470165 0.17714873139630039 0.13033228571293876 0.9279224366764538 0.11439484142465417 1.4825378426758105 0.046152829745551571 0.073929208097979426 493.40647581234225 0.53139803156955168 0.090801233891397715
leaf_count=37 11740 68 303 10037 15078 1393 3370 671 21 173 189 625 2055 1019 135 405 32 485 1323 7778 2698 327 852 245 474 29 630 780 181 330 70 28 661 199 49 93 55 65 2639 12 20 1168833 949 42
internal_value=0.00216792 0.0038738 0.00468407 0.00401154 0.00492656 0.00759946 0.00193038 -0.00165418 0.0133885 0.0238681 -0.00283471 -0.00487899 0.00198693 0.00637045 -0.0440684 0.0190749 -0.0127175 -0.0256006 0.00190739 0.000770451 0.00501304 -0.00557149 0.00240357 -0.0221445 0.00813166 0.0161262 -0.032305 -0.00777031 0.0279746 0.0386208 0.0360678 -0.0386657 -0.0498253 -0.0215473 0.00826797 0.0289931 0.0431306 -0.0500213 -0.0500545 -0.0501579 -0.0502291 -0.0500212 -0.0500609 -0.0500815
internal_weight=15665.8 15168.2 13229.1 12280.3 10832.5 5725.12 5107.38 1939.07 948.807 380.55 1447.79 1324.24 153.25 568.257 19.1728 123.558 472.215 168.479 1466.85 1405.55 939.069 303.736 205.06 98.6764 549.085 23.3229 145.156 466.478 61.3038 227.3 54.6649 6.63889 497.663 3.42587 1.67452 1.2354 1.05825 494.237 1.75136 0.268819 0.188324 494.049 0.642629 0.222666
internal_count=1237198 63544 47347 42837 29878 16471 13407 16197 4510 2861 12959 12365 2358 1649 156 594 3271 1176 12926 12579 4021 2095 1179 916 1493 61 1115 8558 347 503 251 96 1173654 3750 858 197 148 1169904 2892 253 85 1169819 986 241
is_linear=0
shrinkage=0.05


Tree=73
num_leaves=45
num_cat=0
split_feature=78 65 76 47 21 74 43 36 3 74 38 15 74 52 41 78 45 7 30 13 45 16 74 74 1 54 17 53 33 56 45 54 75 75 78 28 31 74 44 41 0 43 10 47
split_gain=525.817 26.4113 30.6985 29.6036 27.833 34.445 37.8367 30.4202 25.7801 30.5417 23.8738 24.6635 22.406 20.0024 22.2088 16.5901 16.4607 13.6265 22.4965 15.9167 13.3073 10.7395 10.0166 9.53131 10.3864 8.66176 7.67999 6.84142 6.94429 3.86601 3.34146 1.06493 1.05297 1.14516 0.127104 0.534467 2.80089e-06 1.02587e-06 2.06475e-06 4.0854e-07 3.54267e-07 3.488e-07 7.34675e-07 2.19291e-07
threshold=0.04189748574694898 1.0000000180025095e-35 0.14630926420287657 0.65873203582663697 1.0000000180025095e-35 0.77235107975040262 91.500000000000014 1.5000000000000002 0.83543270826339733 0.21210159085144339 1.5000000000000002 0.94633257389068615 0.7290236495815311 0.00023176490881266895 0.51773047447204601 0.43092195823604534 -0.10466109802581834 0.16025641560554507 0.82385262846946727 0.93683511018753063 -0.5201962942968732 0.67840418219566356 0.78368844419092343 0.7582926300444407 0.73375529050827037 0.99999895787473358 0.22742947190999988 0.98739607714980815 0.73219165205955516 21.500000000000004 -0.60381860047785718 0.99999623426245787 0.50588148610962957 0.58847851931559847 0.019247659171958722 0.85756292939186107 0.90422871708869945 0.59514543181355706 0.99940530953641049 0.73433139920234691 1.0000000180025095e-35 3.5000000000000004 0.37176080048084265 -0.33251516012753041
decision_type=2 2 2 2 2 2 2 2 2 2 2 2 2 2 2 2 2 2 2 2 2 2 2 2 2 2 2 2 2 2 2 2 2 2 2 2 2 2 2 2 2 2 2 2
left_child=31 17 4 13 8 7 -7 -6 9 -3 16 -12 -10 14 -4 -15 -5 18 21 23 30 29 -22 26 -25 -23 -19 28 -20 -2 -21 36 37 34 -34 -36 41 38 40 -38 -33 42 43 -1
right_child=1 2 3 10 5 6 -8 -9 12 -11 11 -13 -14 15 -16 -17 -18 19 27 20 22 25 -24 24 -26 -27 -28 -29 -30 -31 -32 32 33 -35 35 -37 39 -39 -40 -41 -42 -43 -44 -45
leaf_value=-0.050240115008185815 0.050909476836897588 -0.053191253243079863 -0.00428825285167254 -0.012688727755953999 0.0048347596014635397 0.0040599672437983516 0.018018817937985487 -0.0049085023731775283 -0.001223279933669352 0.023742162490514373 -0.0046551079754247448 0.078836201563088015 0.010068528020740691 0.0051864290273983503 0.0081898038108433689 0.041366077830666072 -0.039200878028183478 -0.013215619883284672 -0.02703614418189549 0.033498314460632068 -0.0033025324658852214 -0.052848028786978966 0.016390628165959775 0.00058189312979545411 0.028296581298801665 -0.15371534840837994 0.043556897786592795 -0.027774601067034339 0.033857590598319977 -0.06667496383720431 0.083573254383645268 -0.050035936185853086 0.052263449910011431 -0.050045851316893389 -0.055352351672597694 0.056540235918387388 -0.05015719482895329 -0.050034759252133555 -0.050475576264908867 -0.050311802913950224 -0.050156278879691943 -0.050020121603816303 -0.050032032981983214 -0.050099596040516864
leaf_weight=0.059010430821217597 1.9583331084286322 13.374916513799688 1263.0875726204831 131.50575722992653 1327.6024371922249 5857.2374783009291 529.33325220644474 2020.0858685544808 615.36580090402276 363.61989697255194 169.84217216994148 9.3312468038639036 1535.593491718173 80.985625587287359 496.86699447839055 52.049987599253654 105.52574625628768 6.4290662730345494 5.967035336187112 7.032879690930713 135.93878788745496 4.5124407272669469 122.98767379956553 52.029019522829913 96.514591379091144 4.0284298956394196 81.119721080292948 9.8487933948636037 21.738750566844828 1.0870864017633719 6.3299671709537488 0.14758896746206973 0.6060854186362119 0.57956204828224134 0.16362712453701533 0.30688062310218811 0.10883279034169291 1.3311731656431218 0.039271217945497483 0.070345480315154418 0.10442420467734337 469.35220867965836 0.49987712653819472 0.052435557154239087
leaf_count=23 25 4323 9920 623 3641 16399 1927 7356 5459 945 1097 45 4004 1638 3487 122 564 83 89 35 409 113 337 172 261 19 266 32 71 68 14 222 70 894 70 1 65 2432 14 20 47 1168833 930 33
internal_value=0.00206647 0.0036902 0.00328156 -0.00200693 0.00427747 0.00306353 0.00521691 -0.00104459 0.00895194 0.0210127 -0.0140804 -0.000306929 0.00683807 0.000647618 -0.000765472 0.0193417 -0.0244919 0.0143704 -0.0107719 0.0168007 0.00856262 -0.0716786 0.00605154 0.0263019 0.0185892 -0.100424 0.0393879 0.00801899 0.0207428 0.00893679 0.0572188 -0.0498222 -0.0214249 0.006621 0.0371264 0.0176277 -0.0500202 -0.0500534 -0.0501384 -0.0502179 -0.0500858 -0.0500202 -0.0500579 -0.050174
internal_weight=15602.4 15128.9 14571.4 2309.2 12262.2 9734.26 6386.57 3347.69 2527.95 376.995 416.205 179.173 2150.96 1892.99 1759.95 133.036 237.032 557.523 49.1409 508.382 272.289 11.5863 258.926 236.092 148.544 8.54087 87.5488 37.5546 27.7058 3.04542 13.3628 473.421 3.27861 1.65616 1.07659 0.470508 470.143 1.62246 0.291284 0.179178 0.252013 469.964 0.611323 0.111446
internal_count=1237198 63544 61550 17496 44054 29323 18326 10997 14731 5268 2329 1142 9463 15167 13407 1760 1187 1994 417 1577 795 225 746 782 433 132 349 192 160 93 49 1173654 3750 1035 141 71 1169904 2715 283 85 269 1169819 986 56
is_linear=0
shrinkage=0.05


Tree=74
num_leaves=45
num_cat=0
split_feature=72 76 74 43 74 74 43 60 38 42 45 13 22 53 27 56 43 74 39 31 9 76 29 1 59 8 43 8 56 44 60 76 20 46 77 77 77 48 77 46 76 77 76 76
split_gain=476.398 29.8681 27.7873 76.2342 48.0298 28.0922 43.8997 26.7527 26.5961 23.2142 40.1067 24.7501 19.0675 23.2085 20.0113 17.2618 16.4231 19.6825 16.3501 15.4425 13.753 17.1103 14.3661 13.3862 13.2913 8.58036 8.26581 6.08518 5.1947 3.22801 1.57457 0.117786 0.107328 0.0387299 0.00730605 4.78192e-05 8.05087e-06 3.81599e-06 1.41299e-06 4.53769e-07 1.96322e-07 9.16037e-08 3.88832e-08 1.83254e-10
threshold=6.5000000000000009 0.40935916975331404 0.78185618811093727 22.500000000000004 0.8384250785054137 0.81611493993381334 18.500000000000004 25.500000000000004 1.5000000000000002 2.5000000000000004 -0.064721701369836626 0.86729559302330028 1.0000000180025095e-35 0.98739607714980815 0.98726060986518871 35.500000000000007 41.500000000000007 0.76947668017443605 2.5000000000000004 0.44430014491081243 10.500000000000002 0.71543051321435525 0.88260501623153698 0.19411932677030566 0.52985739750445637 0.57947367429733287 250.50000000000003 0.74239632487297069 36.500000000000007 0.9982133887248581 47.500000000000007 0.44524043703412991 0.8441295623779298 0.8618690030540207 0.079371427573475192 -0.018545217684821477 0.020397055716778426 0.55441295689260162 0.039448129013839019 0.068690624084815521 0.2213038143741288 0.039448129013839019 0.00023021643420003662 0.74442016665630995
decision_type=2 2 2 2 2 2 2 2 2 2 2 2 2 2 2 2 2 2 2 2 2 2 2 2 2 2 2 2 2 2 2 2 2 2 2 2 2 2 2 2 2 2 2 2
left_child=1 2 7 5 8 15 -7 16 -5 11 -11 -9 13 20 18 -4 19 -18 24 -1 22 -22 -3 31 -14 -25 -20 30 -6 -29 -15 -16 34 35 36 -34 39 -38 -39 42 -41 43 -2 -37
right_child=32 12 3 4 28 6 -8 9 -10 10 -12 -13 14 27 23 -17 17 -19 26 -21 21 -23 -24 25 -26 -27 -28 29 -30 -31 -32 -33 33 -35 -36 41 37 38 -40 40 -42 -43 -44 -45
leaf_value=-0.064612659636534342 -0.05002862943669905 0.01618014955363509 -0.0061162624249241218 0.0099332671992464899 0.045368841227217419 0.0031843191142752318 0.0365919520942182 0.0093384048272601734 0.027715851113427753 0.0050018625738589041 -0.015017788473868591 0.0014509381661430298 0.016142335895371993 0.075698755273189727 -0.08235619972168029 -0.043896593144527096 -0.056821498089613044 -0.00030161748172615398 -0.073618700223980524 0.011167136908380854 0.022240543812762973 -0.049488271268518631 -0.0069846971150199907 0.058947644399880018 -0.025476182129280087 -0.028227313364745356 0.068314408424353365 -0.012952126607902235 0.0043589603471823725 0.057539065754616883 0.13350716550359362 -0.062073852835499925 -0.051667609346911884 -0.078183607676654721 -0.054039338972805599 -0.050025474348911407 -0.050838815486720181 -0.050086965280397938 -0.050277836235611467 -0.05004301597474408 -0.050022848701495072 -0.050186527838265771 -0.050019059115111703 -0.050020570188427427
leaf_weight=7.9374983001907813 1.0640147385420267 73.923963701992761 469.03826028108597 2034.3541314490139 123.66159000992775 4573.0026856958866 100.49640211462975 1321.5816509058932 234.5028495118022 506.04803739482304 494.77824685975793 4019.6605143102061 22.734897306771018 7.9772276111470983 1.1050396859645872 32.317158803343773 45.507948904356454 23.284832283854485 19.815040059387687 43.931281844328623 86.168772766803158 9.2018757677869853 707.38995348286699 14.9637157911493 122.81556785968132 3.4789295510854563 1.0817919768742275 3.3458072404901023 8.2361886575818044 3.1560166456911247 1.3819972468481863 2.0322163128003012 0.091961428057402372 0.4610293060541153 1.1333239432424296 0.031961164000675946 0.0247915368527164 0.1643225449079182 0.23652896843850613 2.8082780906697726 2.116009224759182 0.0095446628984063864 419.65800337892142 0.047149046818958595
leaf_count=139 2229 11940 1274 6708 543 11952 244 6595 656 8429 4583 12721 1345 107 5 104 369 61 1321 139 2660 10060 32339 456 6944 31 24 34 37 18 36 86 10 2 30 66 2 265 80 4478 5082 3 1102875 116
internal_value=0.00196885 0.00344123 0.0040578 0.00611243 0.0134764 0.00269609 0.0039027 0.00164935 0.0117712 0.00209308 -0.00489525 0.00340253 -0.00456899 -0.0015205 -0.0190399 -0.00855157 -0.0216733 -0.0376908 -0.0249132 -0.000429473 -0.00260498 0.0153198 -0.00479296 0.0262615 -0.0189754 0.0425034 -0.0662711 0.0584218 0.042808 0.0212646 0.0842348 -0.0692179 -0.0500608 -0.0704948 -0.0500301 -0.0508688 -0.0500195 -0.0502368 -0.0501996 -0.0500193 -0.0500343 -0.0500402 -0.0500191 -0.0500226
internal_weight=15546.8 15118.9 14038.3 7575.61 2400.75 5174.85 4673.5 6462.73 2268.86 6342.07 1000.83 5341.24 1080.57 892.546 188.027 501.355 120.662 68.7928 166.447 51.8688 876.685 95.3706 781.314 21.5799 145.55 18.4426 20.8968 15.861 131.898 6.50182 9.35922 3.13726 427.847 0.641646 427.205 0.180616 426.072 0.425643 0.400852 425.646 4.92429 0.0886549 420.722 0.0791102
internal_count=1237198 121960 54554 21518 7944 13574 12196 33036 7364 32328 13012 19316 67406 57194 10212 1378 708 430 9634 278 56999 12720 44279 578 8289 487 1345 195 580 52 143 91 1115238 197 1115041 195 1115011 347 345 1114664 9560 185 1105104 182
is_linear=0
shrinkage=0.05


Tree=75
num_leaves=44
num_cat=0
split_feature=54 77 75 75 74 74 74 37 41 66 43 74 20 76 53 74 66 43 52 53 8 76 74 30 33 74 77 21 60 62 67 66 44 77 40 46 77 32 46 77 76 57 74
split_gain=430.881 29.2944 27.8929 25.8595 25.5513 40.4564 34.311 27.7793 25.4382 24.6664 23.6404 23.6331 32.3569 22.2568 26.9062 25.9898 21.6973 21.4946 20.5608 20.3562 19.2747 18.9019 25.0465 20.3027 17.3674 22.5475 15.5082 15.3886 14.2848 24.6559 14.1022 12.4136 11.8233 0.461006 1.68673 0.336548 0.0271113 0.00057662 1.57579e-05 8.78397e-06 9.885e-07 1.02256e-07 6.03868e-11
threshold=0.9997656589885876 0.17962771777507108 0.015524800192328993 0.011226115918175851 0.74197873022009542 0.73494533642731164 0.74501466115407167 1.5000000000000002 0.51027804613113414 5.5000000000000009 23.500000000000004 0.77134341402560314 0.2709790319204331 0.42667860534672603 0.12936332719799057 0.66960857994731116 5.5000000000000009 7.5000000000000009 1.829696695499032e-05 0.23330776762750924 0.47673159837722784 0.35139525814675421 0.53912397517524824 0.92880183458328258 0.63650977611541759 0.66489795452513611 0.079371427573475192 1.0000000180025095e-35 27.500000000000004 10.500000000000002 4.5000000000000009 3.5000000000000004 0.97103852742889574 -0.00048597286665678533 7.5000000000000009 0.094780365521757073 0.079371427573475192 1.0000000180025095e-35 0.094780365521757073 0.039448129013839019 1.0000000180025095e-35 6.5000000000000009 0.59514543181355706
decision_type=2 2 2 2 2 2 2 2 2 2 2 2 2 2 2 2 2 2 2 2 2 2 2 2 2 2 2 2 2 2 2 2 2 2 2 2 2 2 2 2 2 2 2
left_child=1 33 3 4 5 9 31 -7 13 -2 -8 12 20 14 26 -16 -14 21 27 -20 -5 22 -10 -23 30 -26 -4 -15 29 -13 -19 -6 -30 34 37 42 38 41 40 -40 -35 -1 -36
right_child=2 -3 8 11 6 7 10 -9 17 -11 -12 28 16 18 15 -17 -18 24 19 -21 -22 23 -24 -25 25 -27 -28 -29 32 -31 -32 -33 -34 36 35 -37 -38 -39 39 -41 -42 -43 -44
leaf_value=-0.050092543802823013 0.0033191633207044868 0.04676535035107901 -0.021694000898691172 0.036272082726094994 0.011240251773671541 -0.010557528757108848 0.0011490876404575126 -0.072323243743464716 0.0019762649169781433 -0.088494517650883703 0.0096409234676466254 0.0021175570479034572 0.003536585927171878 -0.0087973933767500467 -0.0080896427945855894 0.0021036866692446458 0.067101965465675081 0.0093312611017591814 0.037096373473509185 -0.0082798997444582714 -0.072269127227169591 -0.013904302731035663 0.032637805693554366 0.020684193118442426 -0.026530959130174239 0.0026912317413112842 0.039244914272688371 -0.032230817003588881 -0.034657634565166989 -0.14761843710841543 0.043205349574034838 0.068613746766801195 0.021358834970946566 -0.050194134478038735 -0.05002318302742053 0.062749668381341203 -0.065610821853188825 -0.054477017506618187 -0.050088555891625322 -0.050582038036907577 -0.05001832435095236 -0.050019735462506223 -0.050018730417347217
leaf_weight=0.049479762063128763 252.40040585098905 7.989930920302867 12.283158596343126 5.0731144486344446 13.883400416787479 36.326817906257929 1645.135267024627 36.489352167060133 93.732398280670168 7.5336418718216001 1633.23377247795 16.936985509877562 229.49608930855175 371.65378128638258 678.70025534724118 7952.7370553445071 14.258804163458988 163.83256504373276 44.317789930326398 55.881093550415244 21.109198098885827 85.972415247437311 230.12334977090359 83.759947701881174 77.203625498223118 455.29638923288439 69.585126786027104 86.334010479069548 9.5650980102946033 3.2819377978739785 37.817103163077263 29.377210299135186 620.46815085495473 0.079967799596487477 0.0085758465866091482 0.48885874194093049 0.27901474107056756 0.075427971780300029 6.6920049356413065 0.091407097235787549 402.55549910973059 1.9004766608413772 0.067942100838990882
leaf_count=74 4614 26 4506 349 62 180 6764 362 541 155 11262 83 1267 16653 3681 22287 46 7884 11885 1247 708 1553 515 531 1645 5835 306 7462 80 50 1983 90 3198 22 19 2 3 1 6667 13 1107412 4993 182
internal_value=0.00187577 -0.0480596 0.00326804 0.00652647 0.00464006 -0.00856942 0.00596334 -0.0415093 0.00184832 0.000658137 0.00537959 0.014018 0.00158146 0.000952722 0.00157277 0.00130217 0.00725494 0.00861159 -0.00872622 0.0117899 -0.0512381 0.0166801 0.0237635 0.00316451 0.00318694 -0.0015455 0.0301019 -0.0132148 0.0191808 -0.0221876 0.015684 0.0502012 0.0205084 -0.0498973 -0.0288721 0.0474876 -0.0500303 -0.0501875 -0.0500196 -0.0500952 -0.0500184 -0.0500216 -0.0500192
internal_weight=15494.1 420.279 15073.8 4574.57 3654.38 332.75 3321.63 72.8162 10499.2 259.934 3278.37 920.189 269.937 9271.49 8713.31 8631.44 243.755 1227.74 558.187 100.199 26.1823 493.588 323.856 169.732 734.15 532.5 81.8683 457.988 650.252 20.2189 201.65 43.2606 630.033 412.289 2.59076 0.565377 409.698 2.02538 409.419 6.78341 402.635 1.94996 0.0765179
internal_count=1237198 1119414 117784 29270 23489 5311 18178 542 88514 4769 18026 5781 2370 68027 30780 25968 1313 20487 37247 13132 1057 3140 1056 2084 17347 7480 4812 24115 3411 133 9867 152 3278 1119388 5271 203 1114117 5068 1114114 6680 1107434 5067 201
is_linear=0
shrinkage=0.05


Tree=76
num_leaves=42
num_cat=0
split_feature=72 76 38 6 74 75 75 74 43 74 74 74 42 45 57 75 61 60 22 4 45 6 74 44 64 75 36 31 41 20 54 54 77 57 76 77 77 43 76 77 76
split_gain=427.852 26.584 25.612 39.6507 30.3936 25.7601 40.9025 30.7902 25.7129 36.1128 30.965 25.1841 23.4025 22.6292 21.5049 19.073 14.1406 15.4625 12.5845 13.3642 9.15305 12.4415 7.90055 6.55628 4.85273 1.75489 1.81131 0.667102 0.299019 0.0912329 0.0313951 0.00632532 0.00102399 0.000904977 0.000483946 3.75831e-05 6.7094e-06 2.72547e-06 2.47298e-07 7.69013e-08 1.43185e-10
threshold=6.5000000000000009 0.5635384120391268 1.5000000000000002 0.85912698507308971 0.74785458390773274 0.029781326188362937 0.47055751514019328 0.74896864984785394 14.500000000000002 0.88639957800627434 0.82577494622058778 0.19123829202407719 2.5000000000000004 -0.84811453911904111 14.500000000000002 0.27467392447032618 116.50000000000001 72.500000000000014 1.0000000180025095e-35 0.033908046782016761 -0.54594413618458526 0.087595909833908095 0.87164625013070463 0.99647631799902214 1.0000000180025095e-35 0.076215735554843275 1.0000000180025095e-35 0.8126426935195924 0.80816438794136058 0.8441295623779298 0.99999886430482721 0.99999886430482721 0.079371427573475192 8.5000000000000018 0.6472327636442754 -0.018545217684821477 0.020397055716778426 16.500000000000004 0.00023021643420003662 0.039448129013839019 0.74442016665630995
decision_type=2 2 2 2 2 2 2 2 2 2 2 2 2 2 2 2 2 2 2 2 2 2 2 2 2 2 2 2 2 2 2 2 2 2 2 2 2 2 2 2 2
left_child=1 2 4 11 12 7 -7 -6 9 -5 -10 24 14 -14 -1 -13 17 18 19 -3 21 -19 -20 25 -4 27 -27 -18 -22 31 35 32 36 -25 -35 -31 38 -38 -2 40 -37
right_child=29 16 3 8 5 6 -8 -9 10 -11 -12 15 13 -15 -16 -17 23 20 22 -21 28 -23 -24 33 -26 26 -28 -29 -30 30 -32 -33 -34 34 -36 39 37 -39 -40 -41 -42
leaf_value=-0.013648599677822913 -0.050034913735498468 0.26540237847617348 -0.05264336523562977 -0.015853866161097081 0.050423100536592096 -0.002134932422820804 0.0076102109565491976 0.0058639753874226708 0.0075028250085142304 0.008220394554786797 0.041093115893495347 0.032546142672503935 0.055329460224401356 -0.016923808216259533 0.0016330505886896975 0.0090557760635784339 0.10152113902890168 0.11103908415537152 -0.050001730799376559 -0.0018657708294008918 -0.055671319101262579 -0.023333752365257802 -0.0096971578214833723 -0.057603496494137832 0.048568045290102058 0.091247724920545087 -0.051960286969525496 0.14993345355586271 -0.076054554641136765 -0.05153371166355817 -0.076119123859837323 -0.05534966155989314 -0.052219392282329004 -0.054290311113754978 -0.051603302928238996 -0.050023812755136426 -0.050737963720290824 -0.050189429996392802 -0.050017374063596659 -0.050175891658511343 -0.050019324908096179
leaf_weight=267.02652172371745 2.0202124238130628 0.46845111073343915 12.749253376648991 290.63364099976025 39.058477267622948 3206.8432549173012 1621.0313657224178 5222.275627547875 1136.963294827292 335.70676546171308 73.015587091445923 264.60809834074462 11.198851935972923 335.03318560696789 1670.0440764504019 128.31768195799668 1.5265162674477322 1.7715138268249564 23.149481447559083 300.31775742612081 19.105449703289199 62.423681138840038 25.609605348377954 0.12510522865341034 1.3055943661893259 0.74309986829757668 0.31414106857846491 1.3328920453204771 1.9863145327253722 0.085037839686265215 0.45074652135372162 0.55764972505858068 0.52881843829527397 0.34132814544136636 0.32917581987567246 0.029696405428693562 0.024099862261208638 0.3751528833527118 383.81128485585214 0.0090036530746147037 0.044265367061598226
leaf_count=1230 3749 219 4576 1865 74 9382 4400 14769 6873 874 199 1853 273 5615 6415 1680 51 516 4638 39636 1140 12653 2560 16 139 1 121 3 48 10 2 18 21 9 132 66 4 340 1110909 3 116
internal_value=0.00178664 0.00312256 0.00348692 0.00840239 0.00259568 0.0037746 0.00113715 0.00619477 0.00527297 -0.00295051 0.00952981 0.0225225 -0.00261362 -0.0145868 -0.000473535 0.0248749 -0.00899303 -0.00992662 -0.00526928 -0.00144952 -0.0290146 -0.0196256 -0.0288327 0.0771558 -0.0432416 0.103737 0.0486959 0.124088 -0.0575909 -0.050059 -0.0692431 -0.0500284 -0.0500207 -0.0536996 -0.0529712 -0.050795 -0.0500177 -0.0502225 -0.0500175 -0.0500379 -0.0500211
internal_weight=15443.3 15055.4 14615.8 2243.3 12372.5 10089.2 4827.87 5261.33 1836.32 626.34 1209.98 406.981 2283.3 346.232 1937.07 392.926 439.545 434.832 349.545 300.786 85.287 64.1952 48.7591 4.71226 14.0548 3.91665 1.05724 2.85941 21.0918 387.936 0.61875 387.317 386.76 0.795609 0.670504 0.168003 386.231 0.399253 385.831 0.0829654 0.0739618
internal_count=1237198 121960 60217 18059 42158 28625 13782 14843 9811 2739 7072 8248 13533 5888 7645 3533 61743 61410 47053 39855 14357 13169 7198 333 4715 176 122 54 1188 1115238 197 1115041 1115023 157 141 195 1115002 344 1114658 185 182
is_linear=0
shrinkage=0.05


Tree=77
num_leaves=45
num_cat=0
split_feature=78 65 76 47 38 13 74 53 74 43 22 76 29 15 52 74 44 7 30 1 18 38 4 74 60 20 1 61 60 20 54 72 3 72 38 1 28 74 44 41 43 57 0 72
split_gain=425.429 24.2196 25.282 29.6564 31.0629 25.8951 36.3618 36.5101 24.5144 55.7797 31.3754 18.8727 24.2724 18.6957 16.2052 13.2426 12.8791 12.1875 20.3273 14.772 17.354 13.2041 13.8577 12.5856 9.6278 8.98621 8.64678 7.44912 8.08108 6.21944 1.01654 1.02572 0.689335 0.525679 0.499039 0.0986418 2.40811e-06 1.1906e-06 2.62594e-06 3.42308e-07 2.72131e-07 5.89396e-07 2.17428e-07 1.19385e-07
threshold=0.04189748574694898 1.0000000180025095e-35 0.14630926420287657 0.52664288881242227 1.5000000000000002 0.83438816666603099 0.41750385041337507 0.85021877443604843 0.78564564992411667 18.500000000000004 -1.0000000180025095e-35 0.52979936332408595 0.88571706414222728 0.94633257389068615 0.00015206997968705407 0.77938050280719606 0.99516554653306077 0.16025641560554507 0.82385262846946727 0.91331186890602123 0.65176862478256237 1.5000000000000002 0.70106381177902233 0.56941344879132061 29.500000000000004 0.21132376790046695 0.96609193086624157 71.500000000000014 43.500000000000007 0.68990385532379161 0.99999623426245787 3.5000000000000004 0.96197089552879345 2.5000000000000004 1.5000000000000002 0.65733855962753307 0.85756292939186107 0.60336812859337219 0.99940530953641049 0.73433139920234691 3.5000000000000004 8.5000000000000018 1.0000000180025095e-35 6.5000000000000009
decision_type=2 2 2 2 2 2 2 2 2 2 2 2 2 2 2 2 2 2 2 2 2 2 2 2 2 2 2 2 2 2 2 2 2 2 2 2 2 2 2 2 2 2 2 2
left_child=30 17 5 11 14 6 16 -8 10 -10 -7 12 -4 -6 -5 -13 -3 18 25 21 26 23 -23 -19 -22 35 -21 28 -20 -27 36 32 -32 -34 -35 -2 40 38 42 -38 41 -1 -33 -42
right_child=1 2 3 4 13 8 7 -9 9 -11 -12 15 -14 -15 -16 -17 -18 19 27 20 24 22 -24 -25 -26 29 -28 -29 -30 -31 31 37 33 34 -36 -37 39 -39 -40 -41 43 -43 -44 -45
leaf_value=-0.050165879240597414 0.042943648578806608 -0.027870957204111025 0.031408791101861823 -0.023987806183430646 -0.0013561347114351375 0.00875803010300737 0.023838956478901399 0.0067014413234189954 0.0013873754693146782 0.012345215709308658 -0.0019438084267118377 -0.01956130663123317 0.0030164984890016177 0.063588985796518546 0.0073967588127162413 -0.0012503716555995591 0.050859529611669389 -0.043739389402141809 -0.0027612102922747362 -0.094417881954450861 -0.030901465909217069 0.067687991557825053 0.011241858723206962 0.019503138031408976 0.011933328460741913 -0.10617414834831505 -0.0089555186007608187 -0.054805688383319534 0.049134120273654325 -0.014505020461938578 -0.050035925169638035 -0.050030149218495246 -0.055039400717782239 -0.050095820203160682 0.054961769827289703 0.070796759176215973 -0.050148082558992495 -0.050032260711429868 -0.050504740551056804 -0.050294308237325169 -0.050020145040869823 -0.05002841359062097 -0.050137481273567479 -0.050016414863919702
leaf_weight=0.093871862743980183 0.64969110238598549 81.59293766747578 81.039238395518623 340.84184852946782 296.47402849030914 829.13903895870317 389.39832226932049 1539.365946918726 3682.6245162785053 1696.3110098168254 3936.3067718794046 143.51516216018354 1058.2936237859831 11.511492244841063 46.774895007081795 316.47972009968362 5.5476401280611745 8.0938828180951514 21.412797186058015 6.3622225595754553 14.4518880918622 28.937569675967097 17.41834580473369 280.34650808374863 142.14774636272341 7.7761304373561853 5.5341345965862274 4.2648883207002646 11.546787866216617 2.4280638247728348 0.38647569666500148 0.11245693033561099 0.16641223506303482 0.13029116694815457 0.85356396812130697 0.62238651514053345 0.099491144123020514 1.2974647608061785 0.043580753175774589 0.066959295305423439 22.791891094995663 0.46046878970810212 0.081292905320879072 364.3830525186786
leaf_count=37 89 7025 470 1645 1958 3406 1002 4367 9732 5786 12723 4099 4487 66 312 4459 13 78 130 31 46 177 103 743 382 125 17 23 39 10 652 199 52 120 34 1 65 2639 12 21 58025 950 42 1110806
internal_value=0.00170079 0.00304222 0.00264971 -0.00216368 -0.0107822 0.00355811 0.00873399 0.0101613 0.00252955 0.00484306 -8.17975e-05 0.00158481 0.005036 0.0010713 -0.0202005 -0.00696325 -0.0228587 0.0133212 -0.0105626 0.0156323 0.00355761 0.0217092 0.0464782 0.0177285 0.00798029 -0.0687401 -0.0546612 0.00737353 0.0154194 -0.0843617 -0.0497899 -0.0211388 0.00773678 0.0271477 0.0410491 0.0565713 -0.0500168 -0.0500511 -0.0501541 -0.0502069 -0.0500167 -0.0500517 -0.0500752 -0.0500166
internal_weight=15398.2 15007.2 14455.2 2294.93 695.602 12160.3 2015.9 1928.76 10144.4 5378.94 4765.45 1599.33 1139.33 307.986 387.617 459.995 87.1406 551.993 48.7007 503.292 168.496 334.796 46.3559 288.44 156.6 11.4763 11.8964 37.2245 32.9596 10.2042 390.967 3.07154 1.53674 1.15027 0.983855 1.27208 387.896 1.5348 0.237331 0.16645 387.729 0.554341 0.19375 387.175
internal_count=1237198 63544 61550 17496 3981 44054 12407 5369 31647 15518 16129 13515 4957 2024 1957 8558 7038 1994 417 1577 476 1101 280 821 428 225 48 192 169 135 1173654 3750 858 206 154 90 1169904 2892 253 86 1169818 987 241 1168831
is_linear=0
shrinkage=0.05


Tree=78
num_leaves=45
num_cat=0
split_feature=78 41 76 45 44 43 74 43 7 43 75 35 19 33 76 74 60 15 75 13 30 74 76 74 29 2 51 74 53 76 77 77 32 28 52 78 27 76 74 4 43 57 72 38
split_gain=402.903 22.8318 30.9831 48.3767 52.2841 29.9045 35.8587 29.7018 28.3562 25.5314 21.7748 22.5287 23.6435 21.4843 28.3912 27.1484 20.8238 27.2734 19.3132 18.4428 18.0294 17.5055 15.4343 24.2369 17.7328 16.9225 22.6076 21.0145 15.2335 25.2492 19.7799 11.7563 1.08383 0.680328 0.541533 0.50352 0.401168 1.4849e-06 3.04161e-07 4.00877e-07 2.59572e-07 4.9606e-07 1.2424e-07 5.39591e-08
threshold=0.04189748574694898 0.5123116970062257 0.082331710859778681 -0.085541502036153585 0.99965151823322984 14.500000000000002 0.82420065303839152 18.500000000000004 0.5634920895099641 7.5000000000000009 0.015524800192328993 1.0000000180025095e-35 0.65682536363601696 0.63650977611541759 0.20070198694210828 0.66489795452513611 27.500000000000004 0.54581964015960704 0.0060718996680021392 0.77849927544593822 0.65462696552276622 0.74145232114759707 0.35139525814675421 0.53912397517524824 1.7275924086570742 0.92907443642616283 0.54451021529349231 0.88639957800627434 0.85021877443604843 0.16631494353984097 0.17962771777507108 0.3542742430227645 1.0000000180025095e-35 0.85756292939186107 0.37045452123394834 0.019247659171958722 0.88583961129188549 0.59391413434887597 0.3987402619367188 0.81934732198715221 3.5000000000000004 8.5000000000000018 6.5000000000000009 1.5000000000000002
decision_type=2 2 2 2 2 2 2 2 2 2 2 2 2 2 2 2 2 2 2 2 2 2 2 2 2 2 2 2 2 2 2 2 2 2 2 2 2 2 2 2 2 2 2 2
left_child=32 2 10 5 7 20 -7 -5 -6 22 16 19 -13 28 15 -15 17 -2 -16 -12 -4 -18 23 24 -3 26 -24 -27 30 -30 -11 -25 33 40 35 -34 -35 -36 -38 -40 41 -1 -42 -39
right_child=1 9 3 4 8 6 -8 -9 -10 13 11 12 -14 14 18 -17 21 -19 -20 -21 -22 -23 25 31 -26 27 -28 -29 29 -31 -32 -33 34 36 37 -37 38 43 39 -41 42 -43 -44 -45
leaf_value=-0.05015641190664738 -0.073175987336523057 -0.017662669928210771 0.039177586467457226 -0.044818075259999146 -0.034546765981229965 0.0018779764512421083 0.029634035957456506 -0.01567333171903041 0.027262517987201584 -0.0089665531961703009 0.019545484875236427 0.023083005818702321 0.0035538921750087383 -0.023199517065365816 -0.08347978311549431 0.009652362439538209 -0.0038165533324730004 -0.0041894442439784603 -0.014833271734697513 -0.0018464373893077564 -0.013852893347696361 0.0083098089731438712 0.029004669004968488 0.04111920625931148 0.024200705370245643 -0.0030002093235048841 -0.019655706920945922 0.044856493907858931 0.011790065072452121 -0.059751518590043878 0.038178737417123854 0.018414809523983732 0.044375505771493948 0.041779491215588632 -0.050277480212184714 -0.054653792818764306 -0.050368341875674828 -0.050045676932340889 -0.050097522858007094 -0.050263786703565773 -0.050019440530258835 -0.050029545967590509 -0.050015619286215764 -0.050094436154335689
leaf_weight=0.090858554001896574 15.707669538736807 50.501217244047439 16.775313736638054 118.44209400704131 23.338130537420511 1312.1814698439557 127.68730916251661 333.74591165862512 90.554261598736048 28.42620286042802 103.91060772584751 161.71059239300666 3725.8163522653631 73.878063233220018 11.024776728852883 422.72153143212199 326.79927090133424 162.97866913489997 145.06608611461706 3317.8486605249927 359.6143293408677 3332.4134508371353 33.258234165899921 149.40444315969944 50.682192053180188 42.753525734879076 84.553921635728329 49.494741368165705 98.851712258998305 14.091126747225642 102.36113148927689 92.200239360332489 0.59887894027633481 0.32114257523789902 0.11321334191597998 0.16337690263753757 0.017303634027484804 0.18087505953735672 0.11859273843583651 0.052216735144611448 22.660202183033107 0.50706653902307153 347.01598726637894 0.082675410318188369
leaf_count=38 523 510 93 430 102 10593 686 1504 234 2049 286 796 11233 759 136 1148 6878 532 1385 9833 2001 9308 422 323 194 161 350 139 284 96 333 223 96 26 37 52 5 246 96 12 60040 1040 1111909 57
internal_value=0.00161961 0.00289603 0.00225713 -0.00291861 -0.0156811 0.00105913 0.00433938 -0.0233072 0.0145969 0.00886045 0.00336327 0.00176196 0.00436625 0.00364875 -0.00108141 0.00476506 0.00641295 -0.0102538 -0.0196818 -0.00119682 -0.0114894 0.00722682 0.017311 0.0238509 0.00330646 0.00663889 -0.00591894 0.0226768 0.0163157 0.0028643 0.0279319 0.0324548 -0.0497869 -0.0499365 -0.00108803 0.0231502 0.00781494 -0.050126 -0.0501686 -0.0501483 -0.0500159 -0.0500488 -0.0500159 -0.050061
internal_weight=15350.7 14978.8 13529.5 2382.34 566.08 1816.26 1439.87 452.188 113.892 1449.27 11147.2 7309.29 3887.53 896.421 652.69 496.6 3837.9 178.686 156.091 3421.76 376.39 3659.21 552.849 342.788 101.183 210.06 117.812 92.2483 243.73 112.943 130.787 241.605 371.922 370.783 1.13902 0.762256 0.509256 0.376764 0.188113 0.170809 370.274 0.597925 369.676 0.26355
internal_count=1237198 63544 55032 15643 2270 13373 11279 1934 336 8512 39389 22148 12029 6190 3428 1907 17241 1055 1521 10119 2094 16186 2322 1250 704 1072 772 300 2762 380 2382 546 1173654 1173166 488 148 139 340 113 108 1173027 1078 1171949 303
is_linear=0
shrinkage=0.05


Tree=79
num_leaves=45
num_cat=0
split_feature=78 44 74 35 74 44 75 52 67 73 74 13 74 47 22 74 75 73 74 74 73 73 75 73 15 44 30 73 54 72 8 72 44 31 74 44 41 73 57 0 72 28 74 0
split_gain=381.624 21.9445 39.3509 27.7724 30.1511 26.7176 28.9692 26.0115 26.6245 25.5912 24.938 23.6449 26.2938 23.6018 21.1508 21.0508 21.0022 19.7156 26.3072 25.948 22.5745 29.5601 24.4561 17.2011 14.6648 11.4174 8.74652 2.51433 0.957225 0.94605 0.633133 0.469552 0.432834 1.9226e-06 9.06312e-07 1.95953e-06 2.84302e-07 1.99697e-07 4.37768e-07 1.69288e-07 8.83411e-08 7.4224e-08 7.35587e-08 6.47351e-08
threshold=0.04189748574694898 0.99963924459869846 0.67476956592363857 1.0000000180025095e-35 0.75295636518626508 0.99916874090618391 0.0075149882079335048 0.0020124995361430584 4.5000000000000009 95.500000000000014 0.81162009452820072 0.90521115064620983 0.75081263074686 0.047325037742862106 1.0000000180025095e-35 0.90671793854888028 0.034713166053291562 59.500000000000007 0.77880060907285509 0.77369378692805479 32.500000000000007 7.5000000000000009 0.047708451391293989 289.50000000000006 0.9034201204776765 0.9997056969770054 0.80078125000000011 16.500000000000004 0.99999623426245787 3.5000000000000004 0.79361054301261913 2.5000000000000004 0.99768496084287051 0.90422871708869945 0.60336812859337219 0.99940530953641049 0.73433139920234691 3.5000000000000004 8.5000000000000018 1.0000000180025095e-35 6.5000000000000009 0.85756292939186107 0.85280031837309289 1.0000000180025095e-35
decision_type=2 2 2 2 2 2 2 2 2 2 2 2 2 2 2 2 2 2 2 2 2 2 2 2 2 2 2 2 2 2 2 2 2 2 2 2 2 2 2 2 2 2 2 2
left_child=28 3 23 4 11 7 13 8 -5 15 -8 12 -2 -7 -13 -6 -11 20 19 -19 21 -4 -22 26 -9 -20 -3 -28 33 30 -30 -32 -33 37 35 39 42 38 -1 -31 -39 43 -35 -36
right_child=1 2 17 5 9 6 10 24 -10 16 -12 14 -14 -15 -16 -17 -18 18 25 -21 22 -23 -24 -25 -26 -27 27 -29 29 34 31 32 -34 36 41 -37 -38 40 -40 -41 -42 -43 -44 -45
leaf_value=-0.050150072068515218 0.010256086707341822 0.02872904750188613 0.019177422526484394 0.0027418506569585194 -0.0025676661671108322 -0.046857626269973605 -0.018539452227762127 0.035553087908066355 0.0097203207908409389 0.021525403275109177 0.00058798350775234574 -0.0069556198384347762 -0.096484214812796967 0.012913335281771222 -0.024798980644032229 0.0055314016102973162 0.00070227958031840801 -0.0046504204884538743 0.027297555878803878 -0.063070510313193537 0.035974954796283098 0.00014500187112486757 0.0014730798239534673 0.024392760561308218 -0.0074694009443452714 0.00093750894801718416 -0.096925539569487004 -0.061307143336795981 -0.050032695868715775 -0.050027279150688067 -0.05456892343458495 -0.050124931776016658 0.053431748018088976 -0.050082379447557335 -0.050020959543792001 -0.050457053788755424 -0.05027502150991911 -0.05001822370787376 -0.05002550285686333 -0.050126428019488127 -0.050014850494057253 -0.050098166014967076 -0.05017266858981756 -0.05004989051267842
leaf_weight=0.08496498630847682 186.04451331956079 2.4130531708360676 389.82444992952514 5047.8358655242191 2827.0696861131873 17.565053010301199 357.62580584691023 103.86711034778273 1874.2839344620006 261.39477193396306 325.51335515012033 516.9643126790761 5.9541160787339313 276.53409997496055 244.68565401755041 1120.2084700895357 225.60125611384865 244.35774179408327 96.644403993908782 20.610389564128127 182.72728304093471 428.00977072818205 71.443686615093611 7.243652513541746 24.474599326669704 71.447054746677168 6.7886236011981991 18.340054603817407 0.35483747805119437 0.1017620762286241 0.15141361899441086 0.11536625371081755 0.80486589495558292 0.037614126806146397 0.89447126700542845 0.039945655211340636 0.061183149868156761 20.623591195850167 0.41507992029073648 0.074621279316488653 329.71797955446527 0.038089676032541209 0.05635652964701876 0.24667742519523017
leaf_count=37 764 17 983 25490 8964 121 1669 1494 8734 833 1270 3345 25 932 816 3023 843 872 400 94 548 1314 300 38 113 358 28 156 661 199 49 94 54 40 2255 12 20 58026 949 42 1110807 29 25 355
internal_value=0.00154193 0.00275616 0.00840942 0.00210728 -0.000669597 0.00397102 -0.00377684 0.00504492 0.00463139 0.00106498 -0.0094253 -0.00873503 0.00694594 0.00934352 -0.0126879 -0.00026921 0.0118791 0.00962457 0.000620848 -0.00919459 0.0132618 0.00921689 0.026277 -0.0441665 0.0273488 0.0160933 -0.0621981 -0.0709296 -0.049782 -0.0207781 0.00785618 0.027024 0.0404492 -0.0500152 -0.0500468 -0.0501408 -0.0501911 -0.0500151 -0.0500467 -0.0500692 -0.050015 -0.0500295 -0.0501365 -0.0500272
internal_weight=15309.3 14955.5 1539.85 13415.6 5387.92 8027.7 977.238 7050.46 6922.12 4434.27 683.139 953.649 191.999 294.099 761.65 3947.28 486.996 1505.06 433.06 264.968 1072.01 817.834 254.171 34.7854 128.342 168.091 27.5417 25.1287 353.819 2.82205 1.42648 1.07165 0.920232 350.997 1.39557 0.216329 0.155154 350.842 0.500045 0.176383 350.342 1.17924 0.0939707 1.14115
internal_count=1237198 63544 5108 58436 18613 39823 3992 35831 34224 13663 2939 4950 789 1053 4161 11987 1676 4869 1724 966 3145 2297 848 239 1607 758 201 184 1173654 3750 858 197 148 1169904 2892 253 85 1169819 986 241 1168833 2639 65 2610
is_linear=0
shrinkage=0.05


Tree=80
num_leaves=44
num_cat=0
split_feature=72 65 44 74 21 77 53 74 43 56 31 60 75 43 43 44 38 10 31 41 74 66 30 64 44 41 61 41 42 20 57 20 46 77 77 77 48 77 46 74 77 46 60
split_gain=345.048 21.6399 22.5082 34.0397 24.4017 28.3833 53.4533 26.7365 28.5904 23.7142 19.577 18.9531 29.636 22.5153 15.7455 14.9213 11.2437 12.6227 12.4917 11.941 11.7631 8.39849 8.15327 7.64265 7.50745 7.33227 6.74389 8.48169 8.1815 5.51224 4.25318 0.0708425 0.0223253 0.00521886 2.93829e-05 5.95573e-06 2.38993e-06 9.27255e-07 3.46048e-07 1.36449e-07 6.47606e-08 2.6314e-08 8.04573e-11
threshold=6.5000000000000009 1.0000000180025095e-35 0.99963924459869846 0.67476956592363857 1.0000000180025095e-35 0.17962771777507108 0.12936332719799057 0.74785458390773274 94.500000000000014 46.500000000000007 0.87194395065307628 91.500000000000014 0.10561782339464194 7.5000000000000009 289.50000000000006 0.99970456720254097 1.0000000180025095e-35 0.80707195401191723 0.45983158051967626 0.80028930306434642 0.56941344879132061 4.5000000000000009 0.80078125000000011 1.0000000180025095e-35 0.39366229109658218 0.54283487796783458 34.500000000000007 0.54385399818420421 2.5000000000000004 0.45643940567970281 35.500000000000007 0.8441295623779298 0.8618690030540207 0.079371427573475192 -0.018545217684821477 0.020397055716778426 0.55441295689260162 0.039448129013839019 0.068690624084815521 0.2325504780444537 0.039448129013839019 0.030641947064152731 119.50000000000001
decision_type=2 2 2 2 2 2 2 2 2 2 2 2 2 2 2 2 2 2 2 2 2 2 2 2 2 2 2 2 2 2 2 2 2 2 2 2 2 2 2 2 2 2 2
left_child=1 16 4 14 5 10 -7 9 -9 -6 -3 13 -13 -5 22 -16 18 21 19 24 30 29 -4 -23 -1 -22 28 -28 -20 -18 -19 33 34 35 -33 38 -37 -38 41 -40 42 -2 -36
right_child=31 2 3 11 7 6 -8 8 -10 -11 -12 12 -14 -15 15 -17 17 20 26 -21 25 23 -24 -25 -26 -27 27 -29 -30 -31 -32 32 -34 -35 40 36 37 -39 39 -41 -42 -43 -44
leaf_value=0.042063432626125608 -0.050014127757230326 -0.0080944745008501486 0.02606746641658314 0.017851927421962063 -0.006517285347948246 0.05478981056927848 0.0059374471457333839 0.00018194422680086064 0.0096701537840593894 0.085636730231067507 0.018458598123693919 0.038000088251881114 -0.023202651073945216 0.0033144102506066373 -0.063300519273765496 0.081733471168384614 0.061069202785789617 -0.087795561991443685 -0.025927809765189255 0.075714428769080411 0.022323848600273741 -0.1569405404285715 -0.069501977734236428 0.0081747073690611165 -0.059173396552916979 -0.016728296850460959 0.008932180593434768 0.032712410216039649 0.029137960072338532 0.028078475532171979 0.049871209901563851 -0.05144329564077918 -0.073227705408236018 -0.053597157635255278 -0.050016788022673342 -0.050721628760801329 -0.050082038946938301 -0.050248536048711906 -0.050037046035144521 -0.05001812499814981 -0.05016519532139644 -0.050018922397707832 -0.050022151863771291
leaf_weight=2.0942594760854325 309.37537267588777 554.77491089919931 2.4667708400811561 367.41275863698684 1457.294243088807 57.021245256066322 3108.9354955051094 6741.037224966858 899.94226544539561 7.0146282629284533 79.343327899434371 110.2200783037697 24.105485494626919 968.19191211179714 2.9954895992123047 4.3468477940186858 32.481387511768844 3.7541561864491078 25.311843158415286 2.272403290931833 78.293319834367139 0.80522712712990951 23.417713868519058 5.4052979417319875 14.583730061276581 14.199464029952649 295.44754860879038 42.947077223710949 9.1961347443284449 20.749971793615259 0.65962002860032942 0.079595431772759184 0.43312543630599976 1.0198221069294948 0.052854724548523246 0.021869979333131506 0.13808476124540903 0.21202139728120528 2.2772391757462169 1.6383613237412644 0.0084514491027221084 2.8883602657006113 0.0080569441779516637
leaf_count=48 1096156 57431 106 1540 9944 143 9623 26904 3662 35 824 593 292 6604 54 18 791 168 81 5 670 155 277 178 486 157 841 109 29 181 11 10 2 30 162 2 265 80 4483 5077 3 8948 20
internal_value=0.00146732 0.00256335 0.00219238 0.00798284 0.00151793 0.0048834 0.00681731 0.000113361 0.00129945 -0.00607583 -0.00477205 0.00911409 0.0270169 0.00731355 -0.0420626 0.0225632 0.0123137 0.0236499 0.00779054 -0.0318106 0.0125231 0.0417896 -0.0603943 -0.0132333 -0.0464611 0.0163286 0.00980301 0.0119502 -0.0112532 0.0482092 -0.0672219 -0.050058 -0.0674852 -0.0500261 -0.0507877 -0.0500146 -0.0502145 -0.0501829 -0.0500144 -0.0500291 -0.0500355 -0.0500142 -0.0500175
internal_weight=15274.9 14956.7 14408.5 1503.16 12905.4 3800.07 3165.96 9105.29 7640.98 1464.31 634.118 1469.93 134.326 1335.6 33.2268 7.34234 548.201 156.348 391.853 18.9504 96.9066 59.4419 25.8845 6.21053 16.678 92.4928 372.903 338.395 34.508 53.2314 4.41378 318.153 0.582084 317.571 0.148959 316.551 0.371976 0.350106 316.179 3.9156 0.0693631 312.264 0.0609117
internal_count=1237198 121960 118050 9484 108566 68021 9766 40545 30566 9979 58255 9029 885 8144 455 72 3910 2311 1599 539 1006 1305 383 333 534 827 1060 950 110 972 179 1115238 197 1115041 195 1115011 347 345 1114664 9560 185 1105104 182
is_linear=0
shrinkage=0.05


Tree=81
num_leaves=45
num_cat=0
split_feature=78 41 47 74 66 53 74 45 43 27 43 77 33 43 53 43 76 74 76 74 2 47 74 67 77 1 57 62 20 76 37 62 32 28 66 78 41 76 3 43 57 54 17 42
split_gain=343.507 20.9045 29.8874 28.9481 30.0674 26.8588 25.3052 27.0732 23.9123 21.1722 23.8134 20.0608 24.979 28.2034 18.1383 17.7064 17.3463 16.63 14.5744 24.1164 16.823 19.351 16.8649 16.7995 13.841 9.22493 10.2678 8.97628 6.20658 6.11139 3.79552 2.54963 1.02913 0.608083 0.498071 0.440527 0.364396 5.21896e-07 2.61316e-07 1.99011e-07 3.64698e-07 9.76314e-08 9.45211e-08 2.96188e-08
threshold=0.04189748574694898 0.5123116970062257 0.007385627809015324 0.69837560842023683 3.5000000000000004 0.85021877443604843 0.94412727889595982 -0.94308267351280384 7.5000000000000009 0.84231248497962963 185.50000000000003 0.76657831827204215 0.63650977611541759 36.500000000000007 0.85021877443604843 289.50000000000006 0.073689778015138513 0.88639957800627434 0.3203222811016227 0.53912397517524824 0.92907443642616283 -0.014316022628032641 0.88639957800627434 3.5000000000000004 0.3542742430227645 0.5388936996459962 17.500000000000004 20.500000000000004 0.82971012592315685 0.0030135340999296366 2.5000000000000004 1.5000000000000002 1.0000000180025095e-35 0.85756292939186107 3.5000000000000004 0.019247659171958722 0.80816438794136058 0.59391413434887597 0.95457431674003612 3.5000000000000004 8.5000000000000018 0.99996408959079042 0.83402201533317577 6.5000000000000009
decision_type=2 2 2 2 2 2 2 2 2 2 2 2 2 2 2 2 2 2 2 2 2 2 2 2 2 2 2 2 2 2 2 2 2 2 2 2 2 2 2 2 2 2 2 2
left_child=32 2 6 4 15 -6 7 30 18 10 -5 12 14 -14 -10 -4 -11 -9 19 23 21 -20 -22 -3 -21 31 -27 28 -8 -29 -2 -13 33 39 37 -36 38 -34 42 40 -1 43 -35 -41
right_child=1 8 3 9 5 -7 27 17 11 16 -12 25 13 -15 -16 -17 -18 -19 20 24 22 -23 -24 -25 -26 26 -28 29 -30 -31 -32 -33 34 36 35 -37 -38 -39 -40 41 -42 -43 -44 -45
leaf_value=-0.050141203970439523 0.072821427052835883 -0.023877433310207526 0.00069246275597934068 9.6283533626166163e-05 -0.0056703006113273313 -0.028803549858641492 0.030241360375465567 -0.027365990072334256 0.025584015230898649 0.005974998896933501 0.020486718879492945 0.014534369019689347 -0.021392946035921498 0.0029920718513467607 -0.0039454667135783187 0.033995037271092085 -0.0013683100003511121 -0.0084793605451392376 0.022542084931865214 0.043152505120713947 0.0016001189493099908 -0.018567926859084899 0.042531750593339315 0.018555578970555688 0.017465489778090367 -0.012785845746180311 0.019382244212837803 0.0077307784180503094 -0.021361054667116044 -0.06220106802210193 0.026038204130948657 0.049770247697072501 -0.050186267418247971 -0.050183280453653528 0.043000289244704462 -0.054210937996631507 0.040963609502660522 -0.050050273676584836 -0.050228044009439754 -0.050015726297779464 -0.050026684867588371 -0.050019517098982648 -0.050075265582790546 -0.050013460035681349
leaf_weight=0.082004043622872724 8.5543545439722966 36.607105609000428 400.12074655198376 4972.5819865642698 377.10142663461738 188.04147652327083 59.908611767517868 169.0368261319818 127.58770169006311 5776.1529214158654 147.4343128259643 6.4605784788727787 199.06016553560039 293.27074019279098 87.780441592534771 44.335746662429301 934.27792798253358 375.3853165191249 42.649734484613873 129.31676359474659 50.024916028778534 87.050701459636912 50.641001666663215 64.289902747608721 88.216596588492393 31.194428838789463 121.14100740104914 7.8299475312232953 6.4549525934271506 5.198218894249294 8.7905356540577468 25.000458784401417 0.099185438361017786 0.026592630310914411 0.57029942004010081 0.14647308993153274 0.29400284276925959 0.24434491258580238 0.063545930024702102 15.153275452190426 0.45670696828165092 7.057429776468779 0.084964681533165276 296.87333809328265
leaf_count=38 78 290 2753 17869 3399 778 188 6726 2369 15983 695 23 1295 1692 310 489 4585 1320 441 281 177 366 142 409 216 103 327 22 21 28 98 71 36 10 68 62 20 322 21 48860 1040 19169 88 1103920
internal_value=0.0013959 0.00249708 0.00188537 0.00241145 -0.00571541 -0.0133675 -0.00865001 -0.0123842 0.0082227 0.00310498 0.00068344 0.00316793 -0.00065441 -0.00686732 0.0135483 0.00401449 0.00495261 -0.0143434 0.016434 0.0233644 0.00685412 -0.00504961 0.0221912 0.00316018 0.0327356 0.0178856 0.012795 0.017773 0.0252222 -0.0201719 0.0491113 0.0425345 -0.0497674 -0.0499303 -0.000589153 0.0231351 0.00695471 -0.0500895 -0.0501471 -0.0500138 -0.0500441 -0.0500137 -0.050101 -0.0500136
internal_weight=15242.6 14921.5 13481.2 12840 1009.6 565.143 641.159 561.767 1440.29 11830.4 5120.02 891.496 707.699 492.331 215.368 444.456 6710.43 544.422 548.797 318.43 230.366 129.7 100.666 100.897 217.533 183.796 152.335 79.3917 66.3636 13.0282 17.3449 31.461 321.152 320.092 1.0603 0.716773 0.469106 0.34353 0.175103 319.623 0.538711 319.084 0.111557 312.027
internal_count=1237198 63544 55032 46551 7419 4177 8481 8222 8512 39132 18564 6190 5666 2987 2679 3242 20568 8046 2322 1196 1126 807 319 699 497 524 430 259 209 50 176 94 1173654 1173166 488 130 139 358 119 1173027 1078 1171949 98 1152780
is_linear=0
shrinkage=0.05


Tree=82
num_leaves=45
num_cat=0
split_feature=78 75 53 75 74 74 74 18 66 41 74 44 44 43 74 20 44 77 43 29 1 76 21 77 43 60 75 75 44 3 62 65 32 31 52 78 41 76 56 43 57 54 76 42
split_gain=325.538 20.2925 26.8204 24.4482 22.0405 34.8145 32.1544 26.1073 21.7885 21.1222 21.6011 34.1532 22.2752 21.0992 20.8944 28.8569 20.4854 19.462 18.042 18.3363 17.0923 15.8074 15.4711 23.4171 17.6652 12.7917 12.4139 11.7961 10.6756 10.4504 10.9049 10.8493 0.998131 0.585753 0.476155 0.420499 0.348006 1.1803e-06 1.85881e-07 1.73314e-07 3.12791e-07 8.37209e-08 6.74219e-08 2.55031e-08
threshold=0.04189748574694898 0.015524800192328993 0.12936332719799057 0.011226115918175851 0.74197873022009542 0.73494533642731164 0.74501466115407167 0.90834090113639843 5.5000000000000009 0.51027804613113414 0.66960857994731116 0.64528856710811444 0.94743867909711921 23.500000000000004 0.77134341402560314 0.2709790319204331 0.99841258019260459 0.17962771777507108 7.5000000000000009 0.90000000596046459 0.70801281929016124 0.35139525814675421 1.0000000180025095e-35 0.3542742430227645 9.5000000000000018 27.500000000000004 0.014625810533937857 0.0032628198049661221 0.97103852742889574 0.93335816264152538 32.500000000000007 1.0000000180025095e-35 1.0000000180025095e-35 0.90422871708869945 0.37045452123394834 0.019247659171958722 0.80816438794136058 0.59391413434887597 33.500000000000007 3.5000000000000004 8.5000000000000018 0.99996408959079042 0.8132500649081027 6.5000000000000009
decision_type=2 2 2 2 2 2 2 2 2 2 2 2 2 2 2 2 2 2 2 2 2 2 2 2 2 2 2 2 2 2 2 2 2 2 2 2 2 2 2 2 2 2 2 2
left_child=32 3 17 4 5 8 27 -7 -2 10 11 -4 -12 -8 15 20 -17 29 21 -20 -5 -11 24 -24 -19 26 -16 -6 -27 31 -31 -3 33 39 35 -34 38 -36 42 40 -1 43 -35 -41
right_child=1 2 9 14 6 7 13 -9 -10 18 12 -13 -14 -15 25 16 -18 22 19 -21 -22 -23 23 -25 -26 28 -28 -29 -30 30 -32 -33 34 36 37 -37 -38 -39 -40 41 -42 -43 -44 -45
leaf_value=-0.050134309492001795 0.0020862745028531219 0.049809274557715971 0.0059675291527298956 0.026424458623008663 0.003641956186931083 -0.069003609532134705 6.2558920158177392e-06 -0.0089685079411930112 -0.082836149749708932 0.021331508459774072 0.0086840419614936208 -0.017123588033951503 -0.00013881888619320397 0.0080939449975300278 -0.047539590661185141 0.020567797548857781 -0.008564852905449321 -0.0083369624976225749 0.028692530906531091 -0.00043734889818299716 -0.071663965640131513 0.0020695203180573804 -0.033996442124471643 0.036301650284907658 0.067825144139010737 -0.033601297563273048 0.037682516670219247 0.06336893269464404 0.019615159570654711 0.052908423797928539 -0.004427913777207376 -0.021686783032613455 0.042371526882636068 -0.050055667629845847 -0.050260066829782263 -0.053943066720873248 0.040495696797292112 -0.050054232990292671 -0.050223623099244864 -0.05001495928146165 -0.050025585235071751 -0.050018554444413083 -0.050133942838937365 -0.050012803138568422
leaf_weight=0.078015115926972523 256.01688840874704 6.0392113892885382 254.94067050539888 5.7224194940354236 11.208538641687481 36.908846696722321 1624.2391729253868 35.55199670791626 7.7826711301458991 309.030505026225 790.16892592035583 430.60524673981126 7559.4483658179233 1601.5656232409237 14.066367363673637 122.06295130299986 119.33822809404228 9.330049127340315 59.019859668274876 638.00398566364311 19.837099026510259 162.5301991655142 16.677882021293044 40.892502054572105 41.37998366355896 9.5736045739613456 6.1376155018806449 31.49796959629748 603.58947227837052 16.009945996454917 17.204260558093665 43.713007873942843 0.55674841918516793 0.04220033809542556 0.099911723576951772 0.14228542006458156 0.28523249187855981 0.22991565978736617 0.047230709198629484 14.414456875092581 0.43502506799995899 6.7129520119487998 0.079028023028513417 282.3982644284697
leaf_count=38 7617 101 1743 82 34 177 4874 103 571 920 2545 2286 25130 5562 55 460 388 30 714 3200 283 784 82 105 97 42 15 59 1934 484 679 2388 96 55 37 52 19 303 18 48860 1040 19170 46 1103920
internal_value=0.00132858 0.00237618 0.00116144 0.00517905 0.00333827 -0.00885105 0.00459229 -0.0395481 -0.000419125 0.000813737 -4.39118e-06 -0.00853647 0.000696136 0.00402168 0.0125493 0.000816818 0.00616588 0.0197127 0.00713927 0.0020292 -0.0497033 0.0146926 0.0336746 0.0159366 0.0538122 0.0174944 -0.0216506 0.0476933 0.0187843 0.00149092 0.0232094 -0.0130082 -0.0497622 -0.0499284 -0.000597606 0.0227671 0.00684218 -0.0501166 -0.0501395 -0.0500131 -0.0500421 -0.050013 -0.0501067 -0.0500129
internal_weight=15205.6 14900.1 10395 4505.1 3604.77 336.26 3268.51 72.4608 263.8 10203.7 9035.16 685.546 8349.62 3225.8 900.328 266.961 241.401 191.247 1168.58 697.024 25.5595 471.561 108.28 57.5704 50.71 633.367 20.204 42.7065 613.163 82.9664 33.2142 49.7522 305.521 304.492 1.02886 0.699034 0.453692 0.329827 0.168459 304.039 0.51304 303.526 0.121228 296.813
internal_count=1237198 63544 41288 22256 18997 8468 10529 280 8188 37322 31704 4029 27675 10436 3259 1213 848 3966 5618 3914 365 1704 314 187 127 2046 70 93 1976 3652 1163 2489 1173654 1173166 488 148 138 340 119 1173028 1078 1171950 101 1152780
is_linear=0
shrinkage=0.05


Tree=83
num_leaves=45
num_cat=0
split_feature=78 38 6 76 47 74 74 21 74 43 27 74 43 45 76 43 28 41 27 3 52 2 54 74 43 45 9 18 8 10 32 31 38 66 74 76 41 74 43 10 72 47 5 54
split_gain=308.558 21.7965 38.1215 31.2262 31.3825 23.8641 22.1595 21.8048 27.7168 57.6806 52.5594 21.4403 26.8789 25.4541 20.1401 28.7681 19.2984 19.476 17.9617 16.9205 18.0178 16.2051 16.0804 15.7527 12.4819 11.3527 12.1376 10.769 6.41365 6.28097 0.968123 0.564142 0.469123 0.336211 0.0338489 4.1454e-07 3.12834e-07 2.32258e-07 1.49176e-07 2.25586e-07 9.29075e-08 6.94892e-08 4.03551e-08 3.10169e-08
threshold=0.04189748574694898 1.5000000000000002 0.86616915464401256 0.082331710859778681 0.77827671854801139 0.43949605872518499 0.19123829202407719 1.0000000180025095e-35 0.79298274993015416 18.500000000000004 0.77183446288108837 0.79186550052253923 18.500000000000004 -0.064721701369836626 0.40935916975331404 10.500000000000002 0.85756292939186107 0.51068001985549938 0.98802351951599132 0.83543270826339733 0.057848411001220006 0.091431558132171645 0.9999975384203722 0.79470359839972693 5.5000000000000009 -0.0024258738743821958 17.500000000000004 0.90834090113639843 0.58898946642875682 0.92380261421203624 1.0000000180025095e-35 0.90422871708869945 1.5000000000000002 3.5000000000000004 0.14774319751329473 0.59391413434887597 0.73433139920234691 0.53912397517524824 3.5000000000000004 0.37176080048084265 6.5000000000000009 -0.33251516012753041 0.88493064045906078 0.99996408959079042
decision_type=2 2 2 2 2 2 2 2 2 2 2 2 2 2 2 2 2 2 2 2 2 2 2 2 2 2 2 2 2 2 2 2 2 2 2 2 2 2 2 2 2 2 2 2
left_child=30 3 6 7 16 25 28 19 10 -10 -9 13 -13 -6 15 -7 17 -5 22 21 -21 -2 -8 -16 -18 27 -27 -4 34 -20 31 38 35 -33 -3 37 42 -32 39 41 43 -1 -35 -40
right_child=1 2 5 4 11 14 18 8 9 -11 -12 12 -14 -15 23 -17 24 -19 29 20 -22 -23 -24 -25 -26 26 -28 -29 -30 -31 32 33 -34 36 -36 -37 -38 -39 40 -41 -42 -43 -44 -45
leaf_value=-0.050163438856432464 -0.036247412032618158 -0.050533017403989057 -0.0036358948328297038 -0.0059344644832511253 -0.005821768676473698 -0.0033034085893814571 0.041267115659443236 -0.012462655170996439 0.00096376397329858492 0.013859011662482415 0.0014364776990114896 -0.088149272384592692 0.0044719864854299539 -0.038080928233885786 -0.017902784698316153 0.011774869747758128 0.0012549299882169086 0.0063714166126718087 -0.012595129419135166 0.0052802215753932251 0.078001236422013634 0.023162776091071608 0.017858393838946732 0.004397742567231802 0.037191798510721429 -0.031421157191018241 0.10066367503131951 0.091429709749167989 0.084466383101596376 -0.089234174909635949 -0.050092156705184569 0.040370891862712012 0.023140048833115535 -0.050075778298974 -0.05587576250184844 -0.050039892872167202 -0.050239624499770354 -0.05025297008541723 -0.050014725597575943 -0.050025239888455302 -0.050012163161696072 -0.050068972732531948 -0.050146452394055657 -0.05001963462828634
leaf_weight=0.040485119970981032 12.075806444918269 8.216800495778438 34.265665194077883 1155.6315017303277 100.68950398056768 450.3244003765285 91.758821855095448 836.6492304764688 3236.0125065296888 1184.6403562873602 3636.5772287894215 8.3303673267364484 131.20508720062207 155.71731220660149 155.88949615895399 1063.1734824338928 45.246001169085503 445.46384382079123 7.2971397873479855 1206.6307569872588 8.578236274130175 231.90616561338538 365.95002365659457 160.94791603513295 51.852874262840487 80.383015892643016 1.7777382057392959 3.2626334377564481 0.91614947101334188 4.2191708178725094 0.048897383327129229 0.27579627162776787 0.67459111497737467 0.057281929417513311 4.6377929218579093 0.2333959152456373 0.074759282259037718 0.04151578270830214 14.299259094346782 0.41005500793107785 270.27485825623444 0.037498316727577641 0.031200038269162178 4.1520209763548328
leaf_count=23 63 4534 1279 7157 376 1224 1321 2955 8639 4345 10704 31 428 682 2729 3006 122 2555 118 4023 303 1579 1807 1785 119 1421 35 28 28 40 31 32 81 62 108 364 29 12 48991 1021 1111910 34 15 11049
internal_value=0.00126422 0.00226081 0.00658915 0.00141476 -0.00415358 0.00347432 0.0191648 0.00254108 0.00161164 0.00441941 -0.00116314 -0.0168298 -0.00105757 -0.0254129 0.00488876 0.0072885 -0.00119806 -0.00251067 0.0209995 0.0082061 0.00579356 0.0202223 0.0225512 -0.0065745 0.020446 -0.0181559 -0.0285632 0.00462891 -0.043351 -0.040673 -0.0497571 -0.0499265 -0.000605671 0.00670844 -0.0524606 -0.0500751 -0.0501643 -0.050166 -0.0500124 -0.0500401 -0.0500124 -0.050118 -0.0501007 -0.0500158
internal_weight=15170.9 14880.2 2433.02 12447.2 2094.14 1950.02 482.996 10353.1 8893.88 4420.65 4473.23 395.942 139.535 256.407 1830.34 1513.5 1698.19 1601.1 469.225 1459.19 1215.21 243.982 457.709 316.837 97.0989 119.689 82.1608 37.5283 13.7707 11.5163 290.652 289.653 0.9984 0.439038 12.8546 0.323809 0.163241 0.0904132 289.214 0.488038 288.726 0.0779834 0.088482 18.4513
internal_count=1237198 63544 19463 44081 11470 11507 7956 32611 26643 12984 13659 1517 459 1058 8744 4230 9953 9712 3286 5968 4326 1642 3128 4514 241 2763 1456 1307 4670 158 1173654 1173166 488 138 4642 407 106 43 1173028 1078 1171950 57 77 60040
is_linear=0
shrinkage=0.05


Tree=84
num_leaves=45
num_cat=0
split_feature=78 74 38 4 43 76 76 47 57 44 60 44 74 57 43 77 60 18 51 31 18 60 41 27 39 20 18 41 52 48 23 27 32 31 76 17 76 1 43 57 54 38 33 42
split_gain=292.499 19.7638 28.7937 36.3503 26.9977 35.5364 26.3707 33.4968 27.1463 22.7201 21.2047 19.1783 20.3438 21.0156 17.7346 15.0186 14.2328 13.5819 13.0979 12.6873 12.6489 10.3475 15.0223 17.0494 11.9315 15.8017 10.8154 8.04323 4.83115 27.3971 4.44669 1.75153 0.950999 0.543331 0.442445 0.321894 3.04002e-07 1.84556e-07 1.28382e-07 2.31692e-07 6.19549e-08 5.71147e-08 2.57398e-08 1.8847e-08
threshold=0.04189748574694898 0.46099589752321984 1.5000000000000002 0.83176100254058849 26.500000000000004 0.40935916975331404 0.11077337920917406 0.77827671854801139 32.500000000000007 0.99963924459869846 30.500000000000004 0.50547781979525463 0.14774319751329473 11.500000000000002 33.500000000000007 0.78727023968988885 55.500000000000007 0.82777160406112682 0.99178499856851177 0.87194395065307628 0.93185892701148998 43.500000000000007 0.66974225640296947 0.83796653151512157 2.5000000000000004 0.5577777922153474 0.87623956799507152 1.0000000180025095e-35 0.057848411001220006 0.92501065038341401 1.0000000180025095e-35 0.99671053886413585 1.0000000180025095e-35 0.90422871708869945 0.59391413434887597 0.83402201533317577 0.52979936332408595 0.90054944157600414 3.5000000000000004 8.5000000000000018 0.99996408959079042 1.5000000000000002 0.53627237677574169 6.5000000000000009
decision_type=2 2 2 2 2 2 2 2 2 2 2 2 2 2 2 2 2 2 2 2 2 2 2 2 2 2 2 2 2 2 2 2 2 2 2 2 2 2 2 2 2 2 2 2
left_child=32 11 6 4 17 -6 8 10 9 -3 -8 12 28 30 -9 16 -5 -4 -10 -17 -15 22 23 -13 27 -26 -24 -23 31 -30 -14 -2 33 38 -34 -35 -37 -38 39 -1 43 -36 -43 -40
right_child=1 2 3 15 5 -7 7 14 18 -11 -12 21 13 20 -16 19 -18 -19 -20 -21 -22 24 26 -25 25 -27 -28 -29 29 -31 -32 -33 34 35 41 36 37 -39 40 -41 -42 42 -44 -45
leaf_value=-0.050121510609343556 -0.050964408230110253 0.00031141501995177694 -0.0028583244918731817 -0.0060458570317080225 0.027348724119696768 0.00028509986516450989 -0.016377387423304822 -0.063116285928891902 0.01377865324967122 0.0079635959873107613 0.00088436665423197744 -0.0057369888391432776 -0.073999349959607261 0.011374802929236164 -0.017130017161815059 0.0040039372488311145 0.0073117597159364795 0.013711860165651927 0.0048571563660774796 0.030563510441296311 0.10922384342422553 -0.028017604615614894 -0.014723239629957528 -0.059718124657522215 0.10772101879909331 -0.068471473198430388 0.041434441347063561 -0.063134784036601804 0.50306350033665337 -0.050611678844812262 -0.0021360928095942307 0.0047718712299131905 0.022200639870554817 0.039979522111619981 -0.05003794684493728 -0.050346458640433023 -0.050074815650133414 -0.05019882899795898 -0.050013535768036577 -0.050023150424707452 -0.050016788251989713 -0.050067739751288365 -0.050126701112055722 -0.050011587222574608
leaf_weight=0.070609548129140332 20.523234668100493 7581.7134267650545 257.34341304816189 597.86537878733361 486.90705778542906 161.53474391173222 205.65469904610654 23.237995990552008 641.00798101723194 1112.3334297314286 1318.8040505027457 45.209903247450711 8.7363807930378226 147.7626981982321 214.38363060425036 122.2513767555356 299.23238505161135 238.06568138330476 1148.5284374505281 71.123205587267876 3.3782848882256067 62.618490405322518 15.060831907350801 21.623338934936328 3.2962986438069484 2.0726925494964235 19.904764124657959 22.046019682864426 0.26897821278544043 1.3192939497530458 2.8564036355237468 1.5135054134298105 0.67128716572187741 0.26735454786103119 0.2220214800327085 0.01537022361299023 0.09905711782630533 0.043034086469560862 13.043103362113468 0.39364465163089335 6.0743430637230622 0.061016615101834759 0.026570714078843594 255.53057572251419
leaf_count=38 8406 21726 1428 2520 1286 3239 1192 95 1747 3184 7551 611 94 1130 904 365 1251 1258 3220 195 31 790 82 213 31 27 57 339 18 293 28 233 54 13 364 7 102 16 48860 1040 19170 58 12 1103920
internal_value=0.00120295 0.00215121 0.00244592 0.0076657 0.0138926 0.0206068 0.00149352 -0.00416603 0.00244478 0.00129045 -0.0014443 -0.00913248 0.00229118 0.00858564 -0.0216272 0.00113397 -0.00159034 0.00510437 0.00805282 0.0137726 0.0135619 -0.0202302 -0.0093093 -0.0232021 -0.0325782 0.0397021 0.0172455 -0.0371619 -0.0410663 0.0431547 -0.0562926 -0.0471364 -0.0497496 -0.0499246 -0.000604917 0.00657777 -0.0501352 -0.0501124 -0.0500118 -0.0500381 -0.0500118 -0.0500514 -0.0500856 -0.0500117
internal_weight=15134.7 14858.2 14480 2234.32 1143.85 648.442 12245.7 1762.08 10483.6 8694.05 1524.46 378.191 186.359 162.734 237.622 1090.47 897.098 495.409 1789.54 193.375 151.141 191.832 101.799 66.8332 90.0335 5.36899 34.9656 84.6645 23.625 1.58827 11.5928 22.0367 276.518 275.537 0.980896 0.424816 0.157461 0.142091 275.112 0.464254 274.648 0.309609 0.0875873 268.574
internal_count=1237198 63544 51161 11542 7211 4525 39619 9742 29877 24910 8743 12383 10233 1283 999 4331 3771 2686 4967 560 1161 2150 963 824 1187 58 139 1129 8950 311 122 8639 1173654 1173166 488 138 125 118 1173028 1078 1171950 434 70 1152780
is_linear=0
shrinkage=0.05


Tree=85
num_leaves=45
num_cat=0
split_feature=78 65 76 13 74 53 42 44 74 21 60 51 10 77 43 7 33 13 1 18 75 13 48 48 74 44 17 16 27 62 77 54 72 60 72 38 36 31 74 44 74 41 0 43
split_gain=277.307 19.7182 21.065 26.8071 33.91 36.302 23.6829 23.3243 27.3583 21.6261 19.0962 17.0741 15.6714 15.6212 11.7992 10.2599 17.5688 14.3191 11.1489 11.5911 9.75734 9.31009 8.89985 8.6908 8.20738 10.5255 6.428 5.70024 4.49384 3.24931 2.75769 0.864915 0.792096 0.501267 0.449786 0.288137 0.000450052 1.29741e-06 8.8298e-07 1.87779e-06 4.36172e-07 2.06401e-07 1.18434e-07 9.75249e-08
threshold=0.04189748574694898 1.0000000180025095e-35 0.2213038143741288 0.83438816666603099 0.41750385041337507 0.69733064575799342 5.5000000000000009 0.99963924459869846 0.67476956592363857 1.0000000180025095e-35 30.500000000000004 0.4268504470574177 0.39314988255500799 0.079371427573475192 3.5000000000000004 0.16025641560554507 0.66202038526535045 0.93683511018753063 0.89512962102890026 0.65176862478256237 0.020368635406344319 0.95040982961654674 0.84508955909369277 0.94599455570678603 0.7582926300444407 0.93684428637238903 0.22742947190999988 0.90172171592712413 0.29740898311138159 39.500000000000007 0.74626141618161512 0.99999623426245787 3.5000000000000004 35.500000000000007 2.5000000000000004 1.5000000000000002 6.5000000000000009 0.90422871708869945 0.60336812859337219 0.99940530953641049 0.59514543181355706 0.73433139920234691 1.0000000180025095e-35 3.5000000000000004
decision_type=2 2 2 2 2 2 2 2 2 2 2 2 2 2 2 2 2 2 2 2 2 2 2 2 2 2 2 2 2 2 2 2 2 2 2 2 2 2 2 2 2 2 2 2
left_child=31 15 3 4 14 -6 10 9 -9 -5 12 -12 -4 29 -3 16 28 24 21 -20 23 -19 -15 -18 26 -26 -17 -22 -2 -8 -30 37 33 34 36 -36 -33 43 39 42 -35 -39 -34 -1
right_child=1 2 6 7 5 -7 13 8 -10 -11 11 -13 -14 22 -16 17 20 18 19 -21 27 -23 -24 -25 25 -27 -28 -29 30 -31 -32 32 38 40 35 -37 -38 41 -40 -41 -42 -43 -44 -45
leaf_value=-0.050036293635802087 0.058210090267690917 0.019055273387084071 -0.08608073983284803 0.004778354002507975 0.027380686293538736 0.0064031454865721583 -0.061343602971347826 -0.045344641707662621 0.0088438239822773781 -0.00091349519268618554 0.0034768559698449292 -0.0071348202698513323 -0.015114856775707017 0.0044755150149379504 -0.031127496354292114 -0.013471059104422443 -0.10396455676443857 -0.0091650487870994571 -0.050988340758226704 0.00042340980769219912 -0.01873971946413126 0.023980735694066842 0.050159874807316297 -0.0030309694941874459 -0.040398100549999934 0.0186548287201629 0.038777526262685047 0.027786209426023969 -0.081757932081100354 0.0092838788197230921 -0.17104782007402478 -0.050045762950874095 -0.05002078282920619 -0.05020657306123183 -0.050050269469683377 0.05153927285480954 -0.055804637160584605 -0.050116579839700894 -0.050024560070187123 -0.050461077885951271 -0.050034752166835034 -0.050244520141341488 -0.050112754141747498 -0.050011196927503221
leaf_weight=0.38767574871599109 0.5082976373960254 13.942733897070864 8.0501443598768656 2207.6438327308279 231.78450470417738 1870.9360143914819 5.247314113774336 23.749221120262519 1211.0658729784191 6837.5271376286692 694.58204817411024 834.45743306231452 231.35066271485994 14.868753022048621 73.260235546098556 6.3572800343972622 3.6538648674613778 27.199217897490598 11.969259187229907 130.43599542137235 9.2347796449903381 95.81746914377436 37.669112242991105 5.1227401741780341 7.9899028828367582 135.72689454170177 79.51300316650304 22.928770671307575 5.3089575074845925 2.3613085513643455 1.0329832285642622 0.052899224305291925 0.076919508748687582 0.043810576578835025 0.077482254098867998 0.70376017139642499 0.094586046237964183 0.076881126762599616 0.9156209240318276 0.037406786752399057 0.23537283271434717 0.053432909306138754 0.064234014629619196 260.25307979807258
leaf_count=986 13 260 103 9113 597 5340 474 145 3384 19994 7236 5524 1828 76 6967 83 24 95 48 374 39 278 245 27 32 401 266 91 218 264 5 96 199 31 122 93 2 65 2639 12 514 20 42 1168833
internal_value=0.00114388 0.00204586 0.00169077 0.00242568 0.00744847 0.00871552 -0.00332086 0.00135568 0.00780162 0.000475707 -0.00437026 -0.00231436 -0.0175012 0.0275337 -0.0231039 0.0113998 -0.010724 0.0135357 0.00562661 -0.00389778 0.00167677 0.0166521 0.0372307 -0.0450515 0.0226793 0.0153718 0.0349094 0.0144277 -0.0848366 -0.0394246 -0.0963016 -0.0497419 -0.0192288 0.00868537 0.0263452 0.0414638 -0.0537391 -0.0500113 -0.0500444 -0.0501461 -0.0500617 -0.050169 -0.0500626 -0.0500112
internal_weight=15104.4 14841.3 14298.5 12469.9 2189.92 2102.72 1828.59 10280 1234.82 9045.17 1768.44 1529.04 239.401 60.1465 87.203 542.799 47.7904 495.009 265.422 142.405 40.9402 123.017 52.5379 8.77661 229.587 143.717 85.8703 32.1636 6.85024 7.60862 6.34194 263.073 2.30209 1.20791 0.928728 0.781242 0.147485 260.771 1.09418 0.17856 0.279183 0.130314 0.141154 260.641
internal_count=1237198 63544 61550 45800 13164 5937 15750 32636 3529 29107 14691 12760 1931 1059 7227 1994 417 1577 795 422 181 373 321 51 782 433 349 130 236 738 223 1173654 3750 858 313 215 98 1169904 2892 253 545 85 241 1169819
is_linear=0
shrinkage=0.05


Tree=86
num_leaves=41
num_cat=0
split_feature=72 75 75 41 48 52 74 22 74 74 74 75 60 43 74 43 62 75 61 74 74 43 43 60 43 29 76 44 76 74 30 66 54 77 19 77 77 48 46 77
split_gain=251.262 19.5055 21.9038 19.261 24.2684 19.5098 20.6829 19.3479 19.1318 32.1153 29.3939 24.2872 20.7028 19.7219 19.1295 23.0091 30.6827 29.6044 18.5215 18.0516 17.9162 17.0048 23.3496 19.5497 15.4342 16.2094 22.2308 18.0314 13.9794 20.3387 16.339 11.3486 0.0504609 0.000788103 1.7707e-05 2.38984e-05 4.62478e-06 1.61397e-06 2.71775e-07 8.69925e-08
threshold=6.5000000000000009 0.015524800192328993 0.011226115918175851 0.51027804613113414 0.98751063528077154 0.00092469045160859973 0.78508200843767451 -1.0000000180025095e-35 0.74197873022009542 0.73494533642731164 0.74501466115407167 0.0069609669033257613 96.500000000000014 33.500000000000007 0.77938050280719606 47.500000000000007 11.500000000000002 0.013354446601941463 81.500000000000014 0.88639957800627434 0.37875613485119858 71.500000000000014 66.500000000000014 80.500000000000014 7.5000000000000009 0.90000000596046459 0.20070198694210828 0.99934472136391828 0.35139525814675421 0.53912397517524824 0.92880183458328258 3.5000000000000004 0.99999886430482721 0.079371427573475192 0.96911758184432995 -0.018545217684821477 0.020397055716778426 0.55441295689260162 0.068690624084815521 0.039448129013839019
decision_type=2 2 2 2 2 2 2 2 2 2 2 2 2 2 2 2 2 2 2 2 2 2 2 2 2 2 2 2 2 2 2 2 2 2 2 2 2 2 2 2
left_child=1 2 8 4 5 6 -3 18 9 12 31 -11 -1 -12 15 17 -17 -4 -6 -7 -9 22 -16 -23 28 27 -27 -26 29 -5 -30 -10 33 34 36 -36 38 -38 -2 -37
right_child=32 3 14 24 7 19 -8 20 10 11 13 -13 -14 -15 21 16 -18 -19 -20 -21 -22 23 -24 -25 25 26 -28 -29 30 -31 -32 -33 -34 -35 35 39 37 -39 -40 -41
leaf_value=0.0034478017446635772 -0.050010516153862206 -0.008520955624884698 0.042434154077126807 0.00032107290687771555 0.0066586670758399498 0.024037216588798802 -0.000658128691897331 -0.029710635291612272 0.0080856773531941938 -0.019982775937481677 0.00024391356396943174 -0.084647876728739038 -0.053066616156124569 0.0081996874302729169 0.015387087607445851 0.0015353254607581306 -0.047027534866133362 -0.0099916640905966629 0.032707193656955451 -0.050103290918609489 0.0010551945039573125 0.048599042191445382 -0.072899936238456697 -0.046074981843517993 0.01755537809605413 0.0051742817664502611 -0.015734049757703896 0.10936395725152784 -0.013196029420626735 0.02826931237453878 0.017871034643396864 0.063485924143012087 -0.061743050069029318 -0.052017727325098378 -0.051222283405335182 -0.050013136555386674 -0.050640074193442387 -0.05017198366931002 -0.050025579787826992 -0.050168454201668426
leaf_weight=243.03744145661767 231.3963076442742 1444.2665427905595 64.828763659053948 92.85869778196502 758.51382719889807 97.324903600587277 1987.0290489158651 47.797140721828328 13.673400425235739 52.119825915782712 1879.8787091330742 20.127975280251121 17.362725221028086 1330.1645486016496 484.39675955845451 178.57847513987508 39.768950179568492 46.060400729329558 74.988031914865132 8.966388769229523 4743.6500617566344 63.431962390852277 7.6066291373281265 5.9656220845645285 59.100084916441119 484.17993653970188 172.40010702483414 5.8802577047026707 86.208418860842357 217.72738686949015 83.135055083781481 28.53531063288392 0.92082573080551711 0.49045701115392049 0.070890055547351949 0.092514852454768426 0.019612725824116661 0.30159612196439411 3.0335161584371226 0.0099886623211205006
leaf_count=6172 1105036 31263 469 638 3776 4231 20046 958 64 335 9428 162 560 7740 2466 838 746 399 192 131 14565 408 66 60 3433 2050 6727 423 2455 515 536 108 20 21 17 379 2 338 9422 3
internal_value=0.00108783 0.00190243 0.00466097 0.000711202 -6.9342e-05 -0.00331415 -0.00396767 0.00197135 0.00291748 -0.00850366 0.00408566 -0.0379982 -0.000320415 0.00354059 0.0116787 0.00210995 -0.00730972 0.0206579 0.00900219 0.017783 0.00074829 0.0172903 0.0140221 0.0404606 0.00666361 0.00204189 -0.000315679 0.0258634 0.0136122 0.0199134 0.00205559 0.0455392 -0.0500612 -0.0500155 -0.0500113 -0.0505164 -0.050011 -0.0502006 -0.0500107 -0.0500283
internal_weight=15075.9 14839.6 4475.54 10364 9162.54 3537.59 3431.3 5624.95 3584.9 332.648 3252.25 72.2478 260.4 3210.04 890.638 329.237 218.347 110.889 833.502 106.291 4791.45 561.401 492.003 69.3976 1201.49 721.56 656.58 64.9803 479.93 310.586 169.343 42.2087 236.336 235.415 234.924 0.173394 234.751 0.321209 234.43 0.102504
internal_count=1237198 121960 30021 91939 75162 55671 51309 19491 24569 7229 17340 497 6732 17168 5452 2452 1584 868 3968 4362 15523 3000 2532 468 16777 12633 8777 3856 4144 1153 2991 172 1115238 1115218 1115197 399 1114798 340 1114458 382
is_linear=0
shrinkage=0.05


Tree=87
num_leaves=45
num_cat=0
split_feature=78 38 6 78 57 47 74 45 74 78 74 74 43 66 43 41 2 31 33 43 27 58 37 4 45 58 18 62 39 8 32 28 33 78 3 74 74 74 17 72 43 57 38 54
split_gain=250.204 19.1148 33.7532 25.646 25.4777 22.1108 19.8279 19.4815 35.2461 28.8194 18.7192 17.9384 22.3017 18.1989 17.8628 26.4253 24.3821 17.1285 20.3088 16.8888 15.9764 14.6735 11.2815 13.4928 10.536 10.4112 8.94729 8.05392 6.19274 5.76577 0.892869 0.488788 0.407262 0.349517 0.29792 0.0270348 4.79728e-07 1.68316e-07 1.6817e-07 1.06763e-07 6.94698e-08 1.6518e-07 2.14594e-08 2.07607e-08
threshold=0.04189748574694898 1.5000000000000002 0.86616915464401256 0.92587920922628875 32.500000000000007 0.52664288881242227 0.43949605872518499 -0.064721701369836626 0.79127698397696344 0.74291585239718161 0.19123829202407719 0.93409761802761604 18.500000000000004 4.5000000000000009 10.500000000000002 0.53449678421020519 0.84273937344551098 0.85426780581474315 0.80321413278579723 5.5000000000000009 0.98802351951599132 5.5000000000000009 4.5000000000000009 0.97182539105415355 -0.0024258738743821958 17.500000000000004 0.90834090113639843 9.5000000000000018 1.0000000180025095e-35 0.58898946642875682 1.0000000180025095e-35 0.85756292939186107 0.56642282009124767 0.019247659171958722 0.96197089552879345 0.14774319751329473 0.60336812859337219 0.52014156185220484 0.83402201533317577 6.5000000000000009 3.5000000000000004 8.5000000000000018 1.5000000000000002 0.99996408959079042
decision_type=2 2 2 2 2 2 2 2 2 2 2 2 2 2 2 2 2 2 2 2 2 2 2 2 2 2 2 2 2 2 2 2 2 2 2 2 2 2 2 2 2 2 2 2
left_child=30 3 10 5 11 17 24 9 -9 -7 29 12 -5 -13 15 -8 -16 18 -2 -19 21 -12 23 -6 26 -26 -4 -24 -22 35 31 39 36 -34 37 -3 -32 -33 -39 40 41 -1 -38 -42
right_child=1 2 6 4 22 7 14 8 -10 -11 20 13 -14 -15 16 -17 -18 19 -20 -21 28 -23 27 -25 25 -27 -28 -29 -30 -31 32 34 33 -35 -36 -37 42 38 -40 -41 43 -43 -44 -45
leaf_value=-0.050108652779677368 0.00089088166833834804 -0.050483280666466193 -0.0026667110000912742 -0.0034417381916232413 0.0094356843542622165 -0.015789167702097328 -0.0091268037317406847 -0.025626798261677894 -0.0020010901636473371 0.0075612600070912228 0.016613167968062763 0.0057235092626683921 0.0023163152915189633 0.030230180843863558 -0.044844275819957695 0.018688846036467487 0.0083380912980283908 0.0020716987694626003 -0.021741486080452146 0.033552437460100913 -0.072296405633801283 0.03977809000139812 -0.0049385417134958668 -0.0025229944875597194 -0.029921403987358965 0.089323756823578529 0.082896034722612491 0.053029469215750386 0.0022881792324135623 0.076492239008455254 -0.050182550075442235 -0.050269394484115194 0.039667711976533543 -0.054103131284800168 0.040109128433332905 -0.055484270955177932 -0.050031273141696524 -0.050200496519272435 -0.050070994179920961 -0.050009957545533348 -0.050012645080475072 -0.050021003863894131 -0.050066197100287362 -0.050016971726625371
leaf_weight=0.063319529057482948 1069.2493474080984 7.207836412446337 33.867656448943308 2538.1666307885898 1330.8496549709234 216.82045977978851 420.72953787865117 331.93958752084291 301.02333830366842 338.33962997794151 371.83942880944232 592.65538892894983 4983.0046300826361 86.858609400689602 21.923644284601323 107.12578348704847 1269.4909024555818 99.098447531927377 109.24800106105977 74.732599007140379 6.3005123357288522 83.76040094185737 8.1273609285708535 286.68088519759476 78.326125232269987 1.8742640233831469 3.3583280518651 22.805777460103855 4.9850964710349217 0.93890246597584415 0.08877142908750002 0.01773275223967985 0.51467683793453034 0.12315234055859037 0.24241455108858645 4.3233380508609116 0.13346213713521138 0.034037346427794546 0.095139858429320157 221.2913837388769 12.27778202354966 0.35579711786704138 0.065608491015154868 3.5812690608436233
leaf_count=38 9645 4534 1279 7052 3776 1291 1586 1323 934 910 2247 1592 15396 210 202 506 6450 275 512 230 56 881 29 848 1421 35 28 58 102 28 38 9 95 35 11 108 256 12 107 1111909 48991 1040 64 11049
internal_value=0.00103518 0.00185423 0.00592256 0.00106087 0.00221621 -0.00341827 0.00298239 -0.00839481 -0.0143909 -0.00155836 0.0178015 0.00107605 0.000373147 0.00885606 0.00426771 -0.00348175 0.00743524 0.000954002 -0.00120716 0.0156057 0.0194162 0.020872 0.00788821 0.0073162 -0.0169309 -0.0271347 0.0050523 0.037799 -0.0393508 -0.0426568 -0.0497279 -0.0499185 -0.000716993 0.0215624 0.00605968 -0.0523583 -0.0500859 -0.0501249 -0.0501051 -0.0500102 -0.0500142 -0.0500342 -0.0500428 -0.0500136
internal_weight=15044.5 14805.7 2416.05 12389.6 9849.15 2540.45 1936.7 1188.12 632.963 555.16 479.356 8200.69 7521.17 679.514 1819.27 527.855 1291.41 1352.33 1178.5 173.831 466.885 455.6 1648.46 1617.53 117.426 80.2004 37.226 30.9331 11.2856 12.4701 238.885 237.959 0.925671 0.637829 0.389325 11.5312 0.287842 0.14691 0.129177 237.57 16.2782 0.419117 0.199071 15.8591
internal_count=1237198 63544 19463 44081 28961 15120 11507 4458 2257 2201 7956 24250 22448 1802 8744 2092 6652 10662 10157 505 3286 3128 4711 4624 2763 1456 1307 87 158 4670 1173654 1173166 488 130 139 4642 358 128 119 1173027 61118 1078 320 60040
is_linear=0
shrinkage=0.05


Tree=88
num_leaves=45
num_cat=0
split_feature=78 74 38 8 44 76 52 60 74 75 56 43 74 43 20 20 4 74 74 48 9 75 20 41 43 35 17 61 20 2 10 32 31 75 42 74 76 44 43 48 72 43 57 38
split_gain=237.318 18.4091 27.8923 30.2814 23.7559 20.7174 21.6124 20.2556 28.6254 25.4121 19.9854 18.7776 25.3852 24.3965 18.1356 17.4241 15.822 23.3213 15.4522 16.9478 14.7875 14.5244 16.4648 13.998 13.5435 12.0752 12.0618 9.85625 9.13011 7.60472 3.47816 0.866772 0.470597 0.404143 0.36529 0.284402 1.07979e-06 8.14523e-07 1.77008e-07 1.28077e-07 9.17247e-08 6.06167e-08 1.41661e-07 3.52019e-08
threshold=0.04189748574694898 0.66960857994731116 1.5000000000000002 0.8169856369495393 0.99963924459869846 0.68323359167902364 0.0030216533386928997 43.500000000000007 0.90671793854888028 0.0015124853191874276 33.500000000000007 59.500000000000007 0.81707632756450399 33.500000000000007 0.7379862666130067 0.1863425895571709 0.064866758882999434 0.46099589752321984 0.95617254397737439 0.90442431238707099 19.500000000000004 0.32799709978805797 0.18019481003284457 0.7082597315311433 307.50000000000006 2.5000000000000004 0.85206231474876415 39.500000000000007 0.37715516984462744 0.94185259938240062 0.25116822123527532 1.0000000180025095e-35 0.90422871708869945 0.58105147084522546 2.5000000000000004 0.92499652337813132 0.59391413434887597 0.99683409416661961 16.500000000000004 0.49742915300835366 6.5000000000000009 3.5000000000000004 8.5000000000000018 1.5000000000000002
decision_type=2 2 2 2 2 2 2 2 2 2 2 2 2 2 2 2 2 2 2 2 2 2 2 2 2 2 2 2 2 2 2 2 2 2 2 2 2 2 2 2 2 2 2 2
left_child=31 10 4 5 7 6 -4 8 -3 -9 14 13 -13 -6 16 21 17 -2 19 -5 23 22 -12 -16 -18 26 -17 -7 -27 -23 -22 32 40 36 -35 38 37 -33 39 -34 41 42 -1 -38
right_child=1 2 3 18 11 27 -8 9 -10 -11 15 12 -14 -15 20 25 24 -19 -20 -21 30 29 -24 -25 -26 28 -28 -29 -30 -31 -32 33 35 34 -36 -37 43 -39 -40 -41 -42 -43 -44 -45
leaf_value=-0.050103348682095275 -0.060131165548607479 -0.0034869151099859636 0.013176626132125389 -0.017687357155338083 0.0068355304308739609 -0.046107552217468165 0.066363198884866234 0.0212210609850354 0.0050463350495643898 0.0021857557525104382 -0.035385281229620293 -0.005369951508409178 0.040084871214777204 0.02528909060802307 -0.046934708355504451 -0.057274605995017824 -0.00049315461498604396 0.053650041333981713 0.054717403984906043 0.0024026360507776925 0.00030190495894358532 0.085731627732214571 0.10213475078099682 0.0081335447745084152 -0.048343603531686055 0.073286513470414802 -0.00581932050986219 -0.00082386020405851622 -0.017387940685348997 0.015525325608219688 0.064723943449149834 -0.050135913292570979 -0.050115418732896599 -0.053617297487432394 0.041642364866458774 0.039611956931756911 -0.050025600301699481 -0.050402172343809996 -0.050069582912315419 -0.050237717417443144 -0.050009475064165025 -0.050012953523197769 -0.050020136517105906 -0.050074198847316703
leaf_weight=0.060237615136428668 5.4185347215970969 4283.8078393066535 1133.5254451273941 128.48374500923092 788.41431793250376 19.864688212284818 19.427586458798032 182.31888316920958 1275.3991521139978 4575.2315437669458 24.294520208204634 375.57434874266619 33.451468717190437 231.75162864659796 49.504486190562602 52.142278431798331 876.12738928940962 26.668785304413177 12.542703181854447 573.7842556614778 3.7695714738219959 5.084974289173263 2.3907184403506099 15.047691204352303 15.041567824693628 3.47834433638491 14.572056651813908 30.41339477719157 13.752220909664173 15.974921062181236 4.7168682039482519 0.073320946452439695 0.037776188110000386 0.12673143204301596 0.48876778336125426 0.23523969890084118 0.105174177326262 0.047222714172676206 0.054085906347609125 0.049405286728870124 210.50118605780881 15.084954632693551 0.33890465078002308 0.057705516082933173
leaf_count=38 305 14053 4551 577 2116 1176 98 535 3624 15037 782 1349 189 729 333 494 12771 110 34 2114 19 43 15 56 494 121 87 1510 141 52 29 39 27 62 86 18 235 11 71 22 1111910 60040 1040 55
internal_value=0.000984284 0.00176333 0.00227012 0.00786047 0.00135726 0.0127028 0.0140728 0.000520334 -0.00152921 0.00291523 -0.00437585 0.00739866 -0.00165251 0.0110276 -0.00195617 -0.0226818 -5.87824e-05 0.034436 -0.000290481 -0.00127294 -0.0259405 0.00143399 -0.0230649 -0.0340978 -0.0013008 -0.0363981 -0.0460355 -0.0187153 0.000916565 0.0324768 0.0361085 -0.0497221 -0.0499167 -0.000721585 0.0220284 0.00593632 -0.0501268 -0.0502402 -0.0501406 -0.0501847 -0.0500097 -0.0500135 -0.0500327 -0.0500428
internal_weight=15019.2 14792 13664 1918.04 11745.9 1203.23 1152.95 10316.8 5559.21 4757.55 1127.98 1429.19 409.026 1020.17 996.295 131.69 923.256 32.0873 714.811 702.268 73.0386 47.7451 26.6852 64.5522 891.169 83.9449 66.7143 50.2781 17.2306 21.0599 8.48644 227.261 226.362 0.898923 0.615499 0.376507 0.283423 0.120544 0.141267 0.0871815 225.985 15.4841 0.399142 0.16288
internal_count=1237198 63544 47692 10060 37632 7335 4649 33249 17677 15572 15852 4383 1538 2845 14117 1735 13680 415 2725 2691 437 892 797 389 13265 843 581 2686 262 95 48 1173654 1173166 488 148 138 340 50 120 49 1173028 61118 1078 290
is_linear=0
shrinkage=0.05


Tree=89
num_leaves=45
num_cat=0
split_feature=78 43 74 43 74 21 27 74 43 74 29 75 41 43 64 43 77 53 44 43 13 13 74 44 66 75 27 16 44 66 62 52 32 28 75 78 3 76 44 76 72 74 43 57
split_gain=225.125 18.5759 68.9629 54.1291 53.3433 52.2311 55.0665 32.8427 59.4365 30.7377 38.025 31.0207 24.4489 27.2726 28.7912 24.528 26.8296 22.1034 21.6664 20.9675 28.7379 20.5739 20.5106 17.7577 15.5244 14.4542 14.2101 16.1698 10.5668 7.92 14.6792 4.25424 0.839883 0.45336 0.381052 0.333934 0.271261 9.29374e-07 7.00933e-07 1.61739e-07 7.90507e-08 5.83538e-08 5.14709e-08 1.22362e-07
threshold=0.04189748574694898 33.500000000000007 0.79470359839972693 49.500000000000007 0.71894715964871347 1.0000000180025095e-35 0.73183304071426403 0.81611493993381334 16.500000000000004 0.87919462285902539 0.89789110422134411 0.044432601129475897 0.56613028049469005 18.500000000000004 1.0000000180025095e-35 7.5000000000000009 0.57819165034846887 0.17926877387329235 0.94085164647736752 49.500000000000007 0.39250700175762182 0.84292763471603405 0.81162009452820072 0.99445436115853647 3.5000000000000004 0.28677830409355115 0.85254529118537914 0.90172171592712413 0.99954215820218428 4.5000000000000009 6.5000000000000009 0.00054557090345707727 1.0000000180025095e-35 0.85756292939186107 0.58105147084522546 0.019247659171958722 0.96197089552879345 0.59391413434887597 0.99683409416661961 0.46482154297154371 6.5000000000000009 0.87164625013070463 3.5000000000000004 8.5000000000000018
decision_type=2 2 2 2 2 2 2 2 2 2 2 2 2 2 2 2 2 2 2 2 2 2 2 2 2 2 2 2 2 2 2 2 2 2 2 2 2 2 2 2 2 2 2 2
left_child=32 7 3 4 18 17 -7 12 9 10 -9 -11 13 14 -2 25 -17 -5 -3 29 24 -6 -22 -15 -21 -14 27 -10 -28 31 -31 -4 33 40 37 -36 39 38 -34 -35 42 -41 43 -1
right_child=1 2 19 5 21 6 -8 8 26 11 -12 -13 15 23 -16 16 -18 -19 -20 20 22 -23 -24 -25 -26 -27 28 -29 -30 30 -32 -33 34 36 35 -37 -38 -39 -40 41 -42 -43 -44 -45
leaf_value=-0.050098304005136776 -0.020319131570093046 0.0042890280118317468 0.037291472297981375 0.033405032336182867 0.02440340398822987 -0.021053409819447852 -0.0021009211400074639 0.069140063590806253 0.02250502554914989 0.0067392367033129097 -0.0084126319507444626 -0.0025013474978706316 0.027696286497388659 0.0037919913719212384 0.02547217899961738 -0.034786984103696704 0.0068838473935088386 0.0053235222199174677 -0.020711173568974912 0.027544930119505207 0.0093805654419370412 0.010132583957412884 0.026460559293885688 -0.0077089737078507806 -0.026251986221390501 0.0028608347919779151 0.024919269180225793 -0.0080649201186062253 0.053988668463276226 0.056043143102674609 -0.066293670553432396 0.083308460478863408 -0.050129277921887753 -0.050278025340861524 0.039934182819734106 -0.053481039159272464 0.039121039194938881 -0.050040729158926822 -0.050382491581510029 -0.050062543693261463 -0.050009010730638348 -0.050131675539471482 -0.050012325496089187 -0.050019005071692914
leaf_weight=0.057305416674352183 480.28076300426619 171.10519254917745 105.50450488447677 73.905433381994953 332.27901565487264 444.53287914555403 2780.593203068187 16.066451467282604 121.48280699184397 2110.4337260373286 974.15749005740508 1594.3492146076751 131.73019769895473 514.64418018460856 36.969108560762834 60.978185700369067 105.38064350187778 1351.7946899383969 175.6103991488344 16.973163931514136 423.55003910540836 1052.645720907487 300.45500131556764 964.88567547689308 63.887383208435494 105.50972034793813 148.38784542639041 67.176642577629536 39.605331852217205 4.7307726484723371 5.090563532023225 5.2736135756713329 0.06975404074182634 0.013738569192354499 0.48237490039900877 0.11933490075170994 0.22827589238295332 0.15494226066221017 0.044936740188859403 0.061111107730539516 200.23642297076003 0.06098820551414974 14.350225136207881 0.3219509322225349
leaf_count=38 3477 2158 425 5340 1297 1882 9287 60 425 6133 2920 5143 563 2971 174 960 276 7152 872 92 2013 3364 1737 3254 368 340 450 231 103 20 35 22 39 6 94 54 11 290 11 86 1111909 36 60040 1040
internal_value=0.000935651 0.00167659 0.00346897 0.00161942 0.00916561 -0.00119024 -0.00471322 -7.6424e-05 0.0022041 0.000670989 -0.00715433 0.00276256 -0.00489485 -0.00716351 -0.0170463 0.00632921 -0.00839043 0.00677921 -0.0083735 0.0162244 0.0133112 0.0135565 0.0164686 -0.00370844 -0.0149597 0.016651 0.0213145 0.0116199 0.0310434 0.0356669 -0.00736608 0.0394821 -0.0497166 -0.0499148 -0.000726551 0.0214075 0.00583011 -0.0501206 -0.0502285 -0.0501154 -0.0500093 -0.0500971 -0.0500128 -0.050031
internal_weight=14996.2 14780 7307.93 6382.47 1731.64 4650.83 3225.13 7472.04 5071.66 4695.01 990.224 3704.78 2400.38 1996.78 517.25 403.599 166.359 1425.7 346.716 925.465 804.866 1384.92 724.005 1479.53 80.8605 237.24 376.653 188.659 187.993 120.599 9.82134 110.778 216.201 215.33 0.871343 0.60171 0.364114 0.269633 0.114691 0.135838 214.966 0.122099 14.7295 0.379256
internal_count=1237198 63544 36064 31352 7691 23661 11169 27480 15465 14256 2980 11276 12015 9876 3651 2139 1236 12492 3030 4712 4210 4661 3750 6225 460 903 1209 656 553 502 55 447 1173654 1173166 488 148 139 340 50 128 1173027 122 61118 1078
is_linear=0
shrinkage=0.05


Tree=90
num_leaves=45
num_cat=0
split_feature=78 65 76 33 47 38 74 54 76 48 51 52 74 43 52 36 43 6 33 1 61 18 1 47 76 74 10 74 5 2 48 78 32 31 38 41 76 74 8 17 72 43 57 54
split_gain=213.594 17.7478 20.4069 25.069 25.0398 21.416 18.339 19.0706 17.3666 24.1035 16.8204 16.7954 16.8095 15.2247 14.5099 12.3868 9.95987 15.655 13.1232 12.1525 10.9449 10.8903 9.12237 8.09161 16.2354 21.733 9.03808 11.2729 8.25163 7.14489 6.37593 1.41804 0.814622 0.436738 0.373719 0.261379 2.45797e-07 1.53754e-07 1.12262e-07 8.90276e-08 6.80055e-08 4.49111e-08 1.04941e-07 1.31242e-08
threshold=0.04189748574694898 1.0000000180025095e-35 0.14630926420287657 0.5505102574825288 0.52664288881242227 1.5000000000000002 0.19123829202407719 0.99999895787473358 0.52979936332408595 0.89336717428087997 0.92009233756444175 0.00036985452409255432 0.72754974224194313 5.5000000000000009 0.00029519175124173065 11.500000000000002 75.500000000000014 0.57932874560356151 0.66202038526535045 0.91331186890602123 34.500000000000007 0.86446145176887523 0.56691542267799389 0.77827671854801139 0.044949603787714197 0.7993075486284057 0.88603895902633678 0.56941344879132061 0.90815371274948131 0.94185259938240062 0.92501065038341401 0.74291585239718161 1.0000000180025095e-35 0.90422871708869945 1.5000000000000002 0.80816438794136058 0.59391413434887597 0.53912397517524824 0.79361054301261913 0.83402201533317577 6.5000000000000009 3.5000000000000004 8.5000000000000018 0.99996408959079042
decision_type=2 2 2 2 2 2 2 2 2 2 2 2 2 2 2 2 2 2 2 2 2 2 2 2 2 2 2 2 2 2 2 2 2 2 2 2 2 2 2 2 2 2 2 2
left_child=32 16 3 11 8 14 30 -8 9 -4 -7 12 -3 -13 -6 -10 17 18 31 21 -21 -19 -20 26 29 -26 27 -18 -28 -25 -5 -2 33 40 36 38 37 -34 39 -35 41 42 -1 -43
right_child=1 2 4 6 5 10 7 -9 15 -11 -12 13 -14 -15 -16 -17 23 19 22 20 -22 -23 -24 24 25 -27 28 -29 -30 -31 -32 -33 34 35 -36 -37 -38 -39 -40 -41 -42 43 -44 -45
leaf_value=-0.050093505800174236 -0.0656755003410016 -0.00078528775003410586 -0.0044180754200880247 0.024174558602123426 -0.022078922627270736 0.0043566179024073139 0.0057412601601632904 0.00060611232309511936 -0.0053939002353993147 0.010276938861028748 -0.02587558027500805 -0.14315532750683915 0.016260227963738657 0.049443855323660933 0.011127389954848313 -0.035615656859411704 -0.066164672905826866 0.025121638388952251 0.015274229200358105 -0.048449786541580712 0.0010288342592073018 0.0042661044899746023 -0.05405299204765799 0.034700099699034689 -0.045496899227084192 0.060952452848562648 -0.080780020695283006 0.063818526122396635 0.051794213312283247 0.0024847511794384726 -0.048552452506187803 -0.11680476533437048 -0.050073858088720183 -0.050170103306175398 0.021669998936641698 0.038930566755888234 -0.050034808874314357 -0.050217913785799206 -0.050195094411570468 -0.05006117782941967 -0.050008571825704243 -0.050010883385715611 -0.050018220283997765 -0.050014591637594308
leaf_weight=0.054515687632373466 2.1694805696606663 236.17810308946355 504.4406241493416 3.4489363410102696 346.35957232970395 250.54411491262726 2261.7196307401173 9012.5022408552468 422.8790634018078 624.5293425223208 56.357392680773046 1.0556491104071017 373.15813232958317 36.631102027778979 36.350167586962925 36.860070949798683 1.7861711008008629 132.13227843350614 12.029914460261354 12.502115709707139 105.43215220980346 118.94006473256741 7.8357474207878104 62.703946113586426 19.48906012438238 6.3594099879264823 2.5493281820381517 25.214867404021788 2.1751518398523331 23.722597479820251 23.87800159904873 3.6169928258750588 0.039104526047593846 0.025342630222438767 0.58141685201553628 0.22087544851819985 0.18970548268407583 0.035192411916796118 0.033902682131156325 0.072207129138405435 190.47269443368714 10.567928680975454 0.30666473343444522 3.0818304268614147
leaf_count=38 159 6101 1695 955 1695 1701 6609 25980 7778 3262 323 15 1057 987 262 780 78 441 84 44 299 366 28 155 74 17 50 82 5 70 2350 42 31 10 81 19 364 12 11 98 1111910 48991 1040 11049
internal_value=0.000890635 0.0015955 0.0012582 0.0020851 -0.00307845 -0.0110345 0.00153711 0.00163627 0.00037504 0.00371099 -0.00119503 0.0116568 0.0096534 0.0440489 -0.018925 -0.00781696 0.0105042 0.00639736 -0.0313721 0.00902298 -0.00421635 0.0152418 -0.012071 0.0217598 0.0154594 -0.0193075 0.0440566 0.0552199 -0.0197428 0.0258575 -0.0393736 -0.0976352 -0.0497108 -0.049913 -0.000730973 0.0057073 -0.050065 -0.0501421 -0.0501167 -0.0500895 -0.0500088 -0.0500122 -0.0500296 -0.0500117
internal_weight=14971.2 14765.6 14226.9 11948.6 2278.32 689.611 11301.5 11274.2 1588.71 1128.97 306.902 647.023 609.336 37.6868 382.71 459.739 538.659 394.659 25.6521 369.007 117.934 251.072 19.8657 144.001 112.275 25.8485 31.7255 27.001 4.72448 86.4265 27.3269 5.78647 205.681 204.836 0.845419 0.352328 0.264002 0.0742969 0.131452 0.0975498 204.484 14.0109 0.36118 13.6498
internal_count=1237198 63544 61550 44054 17496 3981 35894 32589 13515 4957 2024 8160 7158 1002 1957 8558 1994 1463 313 1150 343 807 112 531 316 91 215 160 55 225 3305 201 1173654 1173166 488 138 407 43 119 108 1173028 61118 1078 60040
is_linear=0
shrinkage=0.05


Tree=91
num_leaves=43
num_cat=0
split_feature=72 76 21 38 43 4 74 74 75 75 74 75 52 75 33 27 27 53 74 18 27 45 1 61 62 36 45 61 8 4 27 6 20 46 54 77 77 77 21 46 77 77
split_gain=193.869 18.0662 21.6005 21.1319 28.4805 35.8453 31.8797 26.9624 30.5667 21.7419 21.509 22.1676 22.272 20.1719 19.8854 19.1539 18.1092 17.7406 16.5844 14.4939 16.5428 14.9124 11.1595 11.039 12.9603 10.8311 10.1143 9.6187 3.91487 3.98342 1.07835 0.123338 0.0447468 0.0109876 0.00422911 0.000701599 1.35035e-05 4.2899e-06 1.34614e-06 2.66898e-07 3.68684e-08 5.06006e-11
threshold=6.5000000000000009 0.40935916975331404 1.0000000180025095e-35 1.5000000000000002 20.500000000000004 0.83176100254058849 0.59514543181355706 0.88639957800627434 0.0020021021278705778 0.022890828871123706 0.72754974224194313 0.0088386314169607866 0.00036985452409255432 0.0032628198049661221 0.48154342174530035 0.84231248497962963 0.98726060986518871 0.98739607714980815 0.78880990281708419 0.94906607270240795 0.91697996854782116 -0.77539948413006521 0.19411932677030566 25.500000000000004 2.5000000000000004 16.500000000000004 -0.0039097263570420345 88.500000000000014 0.74239632487297069 0.53001201152801525 0.88014084100723278 0.24588394165039065 0.8441295623779298 0.8618690030540207 0.99999886430482721 0.079371427573475192 -0.018545217684821477 0.020397055716778426 1.5000000000000002 0.068690624084815521 0.039448129013839019 0.010512154334629297
decision_type=2 2 2 2 2 2 2 2 2 2 2 2 2 2 2 2 2 2 2 2 2 2 2 2 2 2 2 2 2 2 2 2 2 2 2 2 2 2 2 2 2 2
left_child=1 3 17 10 7 6 -6 8 -5 -9 11 13 -13 -1 25 -16 23 19 -7 21 -21 -3 31 26 -25 -12 -4 -24 30 -30 -19 -18 34 36 35 37 -34 39 -39 -2 41 -38
right_child=32 2 16 4 5 18 -8 9 -10 -11 14 12 -14 -15 15 -17 22 28 -20 20 -22 -23 27 24 -26 -27 -28 -29 29 -31 -32 -33 33 -35 -36 -37 40 38 -40 -41 -42 -43
leaf_value=-0.0027925893226943247 -0.050008214989260294 0.012311553886087699 -0.090035419985476567 -0.080988578372554521 0.00071549990926989091 -0.0015615137216096458 0.026707782055262905 0.027925817254322163 -0.0064071599757020078 0.0010645378834261965 0.013985138941024114 -0.0048863753840286614 0.021811000895594325 -0.047004516130792977 -0.0011002664492486226 0.0033323054035200709 -0.061466201883571242 0.041249732708139288 0.020415366226790653 0.26796989037514235 0.040195038226375823 -0.0055934581131581972 0.044871936532186976 -0.05311240372069486 -0.014933160145302899 0.059264050516306233 0.047810418342378917 -0.039959549038689909 0.075938263460262487 -0.011874305557092381 0.085938877940231084 -0.08704323219844004 -0.051177942002411506 -0.068778981253405272 -0.054712892360348403 -0.051949923124968801 -0.050009660878302255 -0.05015610165059238 -0.050468702561782736 -0.050024377461238494 -0.050136243709317574 -0.050014193145374225
leaf_weight=47.031265241224901 180.32211020070827 143.1416496848251 9.3497518468939216 14.196392745536285 158.94067981009721 457.72031977379811 457.62566884607077 112.38750652968884 425.5631933270779 228.48593913018703 201.08783645927906 1097.2759792222787 84.107829494780162 57.148338771992712 3997.7389903068542 6243.3639243319631 2.7339479645306741 1.6898184356978143 105.65985742583871 0.91845818930596479 6.0351928317541024 619.90144711814355 21.640907774999508 24.843283965688897 211.14993722157669 14.135951787233351 1.5515543832443643 3.9516702021355732 2.120424471795558 3.3034810503595509 6.7103132273332449 0.56953308623633336 0.064061394514283165 0.39692935347557068 0.48003521248756342 0.46666707773692806 0.027948961389482885 0.2617559040809273 0.039656485969317146 2.5909921909478717 0.0069825502578169099 0.0078987905435496941
leaf_count=1380 1105104 40310 580 786 6375 2413 1173 273 3233 603 572 6335 1165 608 11642 17613 124 89 352 9 134 12682 550 1484 11214 31 5 122 5 44 45 9 10 2 18 21 149 317 27 9554 3 33
internal_value=0.000846774 0.00148367 -0.00480641 0.00197008 0.00677534 0.011677 0.0200074 -0.000633655 -0.00881481 0.00992082 0.00116774 -0.00493542 -0.00298567 -0.0270453 0.00191809 0.001602 -0.0168414 -0.000571835 0.00256017 -0.00157974 0.0702802 -0.0022346 0.0206098 -0.0212247 -0.0189523 0.0169591 -0.0704162 0.0317734 0.0555681 0.0224552 0.076949 -0.0658758 -0.0500666 -0.0649472 -0.0500259 -0.0500137 -0.0507184 -0.0500088 -0.0501972 -0.0500084 -0.0500311 -0.0500107
internal_weight=14946.7 14762.1 1059.61 13702.5 1960.58 1179.95 616.566 780.633 439.76 340.873 11741.9 1285.56 1181.38 104.18 10456.3 10241.1 275.791 783.821 563.38 769.997 6.95365 763.043 28.8961 246.895 235.993 215.224 10.9013 25.5926 13.824 5.42391 8.40013 3.30348 184.665 0.503821 184.161 183.681 0.106892 183.215 0.301412 182.913 0.0428303 0.0358478
internal_count=1237198 121960 67406 54554 15208 10313 7548 4895 4019 876 39346 9488 7500 1988 29858 29255 14088 53318 2765 53135 143 52992 805 13283 12698 603 585 672 183 49 134 133 1115238 197 1115041 1115023 195 1115002 344 1114658 185 182
is_linear=0
shrinkage=0.05


Tree=92
num_leaves=45
num_cat=0
split_feature=78 75 53 48 41 47 22 75 75 5 77 74 17 61 74 74 47 74 67 43 61 21 77 43 77 56 78 8 75 8 62 48 32 28 53 78 17 74 76 1 72 43 10 38
split_gain=193.002 17.6824 24.0612 20.783 25.7782 32.3737 21.3895 19.9429 19.8754 18.8977 18.2302 17.5339 27.6616 18.2152 16.8291 29.5984 27.1587 26.6224 17.8037 17.3463 16.7028 13.2365 20.5721 13.3129 11.9342 19.9927 13.2255 11.1683 10.889 10.871 11.1751 9.05466 0.809144 0.424786 0.362366 0.321606 0.252187 8.84198e-07 1.41778e-07 1.06181e-07 7.42914e-08 3.79575e-08 7.59143e-08 3.23681e-08
threshold=0.04189748574694898 0.015524800192328993 0.12936332719799057 0.98751063528077154 0.5375427007675172 -0.002643282298533404 -1.0000000180025095e-35 0.52690666288916643 0.011226115918175851 0.97014260292053234 0.17962771777507108 0.7686233320774678 0.24512966722249988 99.500000000000014 0.74197873022009542 0.73494533642731164 0.91319276552809481 0.74501466115407167 5.5000000000000009 33.500000000000007 78.500000000000014 1.0000000180025095e-35 0.3542742430227645 10.500000000000002 0.079371427573475192 13.500000000000002 0.23390836776912052 0.53158244490623485 0.0032628198049661221 0.58434957265853893 32.500000000000007 0.28333572316222161 1.0000000180025095e-35 0.85756292939186107 0.17926877387329235 0.019247659171958722 0.83402201533317577 0.58769289597610996 0.64041861067126971 0.90054944157600414 6.5000000000000009 3.5000000000000004 0.37176080048084265 1.5000000000000002
decision_type=2 2 2 2 2 2 2 2 2 2 2 2 2 2 2 2 2 2 2 2 2 2 2 2 2 2 2 2 2 2 2 2 2 2 2 2 2 2 2 2 2 2 2 2
left_child=32 8 10 4 5 -4 20 -8 14 -6 29 12 27 -14 15 18 -17 28 -2 -19 -5 23 -23 -12 25 -13 -26 -10 -16 31 -31 -3 33 40 37 -36 -35 -34 -38 -40 41 42 -1 -39
right_child=1 2 3 6 9 -7 7 -9 11 -11 21 24 13 -15 17 16 -18 19 -20 -21 -22 22 -24 -25 26 -27 -28 -29 -30 30 -32 -33 34 36 35 -37 38 43 39 -41 -42 -43 -44 -45
leaf_value=-0.050082141413203343 0.002754578468235438 0.036485266074432081 -0.026282750097790353 0.0066533819146307686 0.0048044051252967741 -0.0034021585785691819 -0.001827561061587325 0.0045927167112737961 0.0031372147266785009 0.047654224692264248 -8.9028838124235137e-05 0.060879267371465741 0.0010781528304817736 0.059260348621038517 0.0005570244871663687 -0.085541021461672889 -0.017369983518750846 -9.113603920067644e-05 -0.053942311046007524 0.0073995233325781749 0.029445522672851828 -0.032187696241253026 0.03462010123138886 0.063965658407605 -0.056149788707048315 -0.0075828489247967675 0.019020672504235819 -0.071786702161116975 0.058595827272750214 0.050940256874514117 -0.0051605205663284061 -0.024786053747255673 -0.050259201277268364 0.038872937816652853 0.040243839762425598 -0.053389230468351458 -0.050226033149278662 -0.050035518597638801 -0.050059801541822005 -0.050173122006125032 -0.050007755973522451 -0.050011191850376127 -0.050017819417728884 -0.050079455734211346
leaf_weight=0.054528776672667756 245.38571870338637 7.1139633387792847 162.28704828457558 825.40101447800407 577.49035921157338 3261.9417202538461 3230.1787732630328 1933.5696961482172 6.900936648569771 26.93056326918304 10.230965673923491 11.989805021905338 198.33087218023138 14.431026543607002 10.98110017221188 20.381758556177374 51.592038199305534 1870.1287024523772 14.67422207079653 1317.2573393097264 89.054563884274103 16.258499542251229 39.561771545559168 39.160259291529655 5.9170342590659848 96.422043497266714 527.2999654430896 17.810687691002386 30.604829621966928 16.759436695429031 18.872907864948502 39.562663208198501 0.070641542610245689 0.21448344751843151 0.46024766893242486 0.11452820524573326 0.024280842073494568 0.1187449365388602 0.073575470014475286 0.028748491778969765 172.34925638674758 13.031667910428949 0.28893265481747221 0.064787575480295345
leaf_count=57 7586 79 746 2841 3203 14004 10697 5531 105 66 33 35 790 44 34 122 158 5747 602 4689 234 82 105 94 103 424 1566 192 59 529 718 2326 30 14 101 55 16 242 99 10 1111909 60040 1021 60
internal_value=0.000805181 0.00144562 0.000308072 -2.1192e-05 -0.00280619 -0.00448656 0.00182471 0.000576517 0.00408302 0.00671362 0.0180546 0.0108158 -0.000791255 0.00502448 0.00242089 -0.00829812 -0.0366749 0.00352313 -0.000444618 0.00300454 0.008873 0.0318436 0.0151613 0.0506973 0.0151118 -1.12833e-05 0.0181865 -0.0508635 0.0432702 0.000428732 0.0212261 -0.0154477 -0.0496861 -0.0499057 -0.000396668 0.0215868 0.00584159 -0.0501089 -0.0501174 -0.0500916 -0.050008 -0.0500116 -0.050028 -0.050051
internal_weight=14921.4 14734.5 10294.4 10106.9 4028.65 3424.23 6078.2 5163.75 4440.11 604.421 187.52 879.102 237.474 212.762 3561.01 332.034 71.9738 3228.97 260.06 3187.39 914.456 105.211 55.8203 49.3912 641.629 108.412 533.217 24.7116 41.5859 82.309 35.6323 46.6766 186.894 186.065 0.82895 0.574776 0.341088 0.254174 0.126605 0.102324 185.724 13.3751 0.343461 0.183533
internal_count=1237198 63544 41288 37322 18019 14750 19303 16228 22256 3269 3966 3259 1131 834 18997 8468 280 10529 8188 10436 3075 314 187 127 2128 459 1669 297 93 3652 1247 2405 1173654 1173166 488 156 139 332 125 109 1173027 61118 1078 302
is_linear=0
shrinkage=0.05


Tree=93
num_leaves=43
num_cat=0
split_feature=72 74 43 74 74 56 44 47 60 43 60 43 74 41 21 61 43 61 44 44 43 43 74 44 13 44 75 74 76 60 74 19 20 46 54 77 77 77 17 46 77 77
split_gain=174.829 17.4459 70.1818 54.8424 51.7716 39.2982 34.5115 33.6847 30.9024 23.8415 54.8338 46.5432 44.0557 43.4508 41.9904 34.9952 29.303 26.8341 25.2713 24.3366 22.2713 36.0297 32.1099 20.7791 20.3905 19.8989 19.8904 18.4428 17.6499 16.3015 14.842 11.4506 0.0377408 0.00888677 0.00365989 0.000598248 1.10724e-05 3.67978e-06 1.15642e-06 2.36026e-07 3.13671e-08 4.61349e-11
threshold=6.5000000000000009 0.7893625098381466 18.500000000000004 0.81707632756450399 0.83607480913383581 31.500000000000004 0.99964203619730985 0.91319276552809481 43.500000000000007 32.500000000000007 84.500000000000014 49.500000000000007 0.71894715964871347 0.56613028049469005 1.5000000000000002 32.500000000000007 5.5000000000000009 98.500000000000014 0.99972362064147591 0.99116409816000439 14.500000000000002 10.500000000000002 0.90671793854888028 0.99964203619730985 0.84292763471603405 0.99431062641480505 0.018960539480225472 0.68312054501319508 0.42667860534672603 136.50000000000003 0.85280031837309289 0.95898419618606578 0.8441295623779298 0.8618690030540207 0.99999886430482721 0.079371427573475192 -0.018545217684821477 0.020397055716778426 0.86863675713539135 0.051104762687283686 0.039448129013839019 0.010512154334629297
decision_type=2 2 2 2 2 2 2 2 2 2 2 2 2 2 2 2 2 2 2 2 2 2 2 2 2 2 2 2 2 2 2 2 2 2 2 2 2 2 2 2 2 2
left_child=1 9 4 5 6 26 8 -7 -3 10 13 12 17 19 18 -16 -15 -11 -13 -1 21 -6 -22 29 -14 30 -4 -25 -27 -12 -5 -8 34 36 35 37 -34 39 -39 -2 41 -38
right_child=32 2 3 25 20 7 31 -9 -10 11 23 14 24 16 15 -17 -18 -19 -20 -21 22 -23 -24 27 -26 28 -28 -29 -30 -31 -32 -33 33 -35 -36 -37 40 38 -40 -41 -42 -43
leaf_value=-0.0072038208308471442 -0.050007417621471963 -0.040395888787847715 0.017252815234495813 0.00060312922085590517 0.0024313024446826386 -0.023920263290674565 0.019650924618127591 0.010216905240357579 -0.0080140085644627591 -0.01255576363779265 0.010482604236417821 0.00063874513454755324 0.02297082388972143 0.019266354216560602 -0.053137834488103101 -0.0097096251367234827 -0.012629135985314753 0.029960995517846874 -0.11058293471625212 -0.023393666987872513 0.02079018087556532 -0.0098212576427183854 -0.016629398315597659 -0.058001822795326924 0.0086582284960323094 0.034211636859798923 0.0048758725965431498 0.057103534056071985 -0.0063035045603048682 -0.11944610819264023 0.042202762817839079 -0.016974185202549869 -0.051110565935103915 -0.067471364369480077 -0.054485067866834491 -0.051845938239881387 -0.050008740641395405 -0.05014811839631457 -0.050444407339502555 -0.050021738988475929 -0.050129141992441131 -0.050013264994857337
leaf_weight=445.02885688957758 162.65893275009876 165.1624062894407 544.1102474485233 110.03322363136976 3524.0254005676979 178.94795570652059 67.818817098232103 121.21141255437396 133.01028446898272 317.87715113931336 194.5443831551529 3638.4499876032642 326.46164913583198 176.87517380481586 49.809939067941741 675.20308499515522 121.4588964094728 42.016760665675974 5.1144560898974296 485.18785969854798 287.12167592959304 723.10835579749255 71.632857819466153 3.8138038854376637 1046.6931029342522 341.9404933154583 804.63864019734319 39.755793276388431 29.174676539565553 2.4444454458425744 26.630815761076519 31.139761893748073 0.060059128023567609 0.38374133408069611 0.45873883496096723 0.44392620678990979 0.025289755692937343 0.24609388821408984 0.038020368301658891 2.9287419741740441 0.0066204220638610414 0.0072497417422709978
leaf_count=8070 1102351 1119 3456 1200 19262 2115 320 447 981 5528 2185 39152 4844 785 255 2769 1736 298 82 4022 1764 5412 594 84 4798 1384 6972 192 1694 62 288 90 10 2 18 21 149 329 15 12307 3 33
internal_value=0.000765822 0.00134299 0.00311241 0.0106522 -0.000137809 0.00622756 -0.0174595 -0.0101349 -0.0259508 -0.000330363 -0.00604861 0.00104644 0.00797974 -0.0103231 -0.00170405 -0.0126932 0.00628094 -0.00759203 0.000482624 -0.0156482 0.00135571 0.000345206 0.0133186 0.0157814 0.012061 0.0250201 0.00986896 0.0470279 0.0310266 0.00887031 0.00870937 0.00812593 -0.0500656 -0.0640226 -0.0500252 -0.0500129 -0.0506841 -0.050008 -0.0501878 -0.0500077 -0.0500299 -0.0500097
internal_weight=14897.7 14730.4 7159.71 2156.69 5003.02 1648.91 397.131 300.159 298.173 7570.74 1469.11 6101.63 1733.05 1228.55 4368.58 725.013 298.334 359.894 3643.56 930.217 4605.89 4247.13 358.755 240.558 1373.15 507.779 1348.75 43.5696 371.115 196.989 136.664 98.9586 167.257 0.48296 166.774 166.316 0.099219 165.872 0.284114 165.588 0.0391599 0.0325395
internal_count=1237198 121960 47098 17556 29542 12990 2510 2562 2100 74862 17136 57726 15468 14613 42258 3024 2521 5826 39234 12092 27032 24674 2358 2523 9642 4566 10428 276 3078 2247 1488 410 1115238 197 1115041 1115023 195 1115002 344 1114658 185 182
is_linear=0
shrinkage=0.05


Tree=94
num_leaves=45
num_cat=0
split_feature=78 42 77 78 53 35 74 74 43 48 47 34 47 19 43 53 72 16 77 48 56 66 47 61 45 32 43 28 66 78 74 74 43 48 72 43 57 44 54 60 40 54 46 46
split_gain=174.48 17.8059 23.4784 18.5323 26.5272 26.2084 29.5754 23.1258 46.5231 38.9524 21.4635 19.4495 28.0156 15.9007 14.1815 10.7415 10.1281 9.48425 7.45057 14.5574 4.2668 3.35099 3.32221 2.27146 1.38652 0.784138 0.543107 0.40805 0.344277 0.299776 0.242914 2.34099e-07 1.35117e-07 1.10018e-07 7.66416e-08 3.27572e-08 7.85867e-08 1.79106e-08 9.7088e-09 8.93741e-09 3.11097e-09 6.32127e-10 1.6709e-10 1.79057e-12
threshold=0.04189748574694898 5.5000000000000009 0.079371427573475192 0.74291585239718161 0.93853118710502292 1.0000000180025095e-35 0.6256694159269357 0.78564564992411667 72.500000000000014 0.97035045476281334 0.86261791355625916 1.0000000180025095e-35 0.33111548546443764 0.87888437509536754 12.500000000000002 0.85021877443604843 2.5000000000000004 0.92135426402091991 0.3542742430227645 0.84508955909369277 32.500000000000007 3.5000000000000004 -0.33251516012753041 106.50000000000001 -0.5201962942968732 1.0000000180025095e-35 14.500000000000002 0.85756292939186107 3.5000000000000004 0.019247659171958722 0.92499652337813132 0.60336812859337219 16.500000000000004 0.49742915300835366 6.5000000000000009 3.5000000000000004 8.5000000000000018 0.92039042218756673 0.99996408959079042 27.500000000000004 6.5000000000000009 0.9997656589885876 0.068690624084815521 0.068690624084815521
decision_type=2 2 2 2 2 2 2 2 2 2 2 2 2 2 2 2 2 2 2 2 2 2 2 2 2 2 2 2 2 2 2 2 2 2 2 2 2 2 2 2 2 2 2 2
left_child=25 3 22 10 5 14 -7 9 -9 -6 11 13 -13 -2 -5 18 17 -12 19 -4 -18 -17 -3 26 -20 27 -24 34 31 -30 32 -27 33 -29 35 36 -1 -34 -37 -33 -41 43 -43 -36
right_child=1 2 15 4 7 6 -8 8 -10 -11 16 12 -14 -15 -16 21 20 -19 24 -21 -22 -23 23 -25 -26 28 -28 30 29 -31 -32 39 37 -35 41 38 -38 -39 -40 40 -42 42 -44 -45
leaf_value=-0.050084835024605083 0.00066613305359119427 0.02109338796037389 -0.025860648924286484 -0.011521224947747379 -0.016254375929980292 -0.0017687947788890314 0.012977996305693601 0.0014841846715461316 0.017745085541353903 -0.00042007645450929128 -0.031853623331550944 0.0010183253532281727 -0.013645850933824295 0.020309053011228127 0.0035145480345766117 0.012092553645159966 -0.070028033411729779 0.042386171153413719 0.05453474490678574 0.045567774416630437 -0.022578007437069572 -0.053730837535385149 -0.075388066103771301 0.046603889781252142 0.079341001678503623 -0.050144874169883363 -0.050291658207763684 -0.05010263438018963 0.039191935595812771 -0.053233553090455334 0.038710113633747288 -0.050083818294718155 -0.050113840475578486 -0.050224301144460907 -0.05000699897444915 -0.05000988764315846 -0.050016339021435902 -0.050044445242311664 -0.050013237386037163 -0.050030816268986561 -0.050046299667766671 -0.05000744588297347 -0.050008252834311318 -0.05000709673427281
leaf_weight=0.049327093118335053 499.63420682257856 1.6981910731992673 9.382849994581191 248.01248996646609 429.17279133654665 445.86224613757804 1431.9346641935408 5087.3360131978989 481.49639876931906 4088.031875512097 15.801720069721343 682.10288693555049 623.36131721100537 129.78743165876949 426.52035210211761 3.9032308012247077 18.991088512295395 5.9113483983092001 15.103725306689741 29.750109709566459 6.3125132340937844 3.831593781709671 3.735451049622494 0.52025172120193097 8.9835564792156202 0.073739996703806265 5.0977269910072209 0.032835478108608096 0.45086340614943765 0.10892642740509473 0.2070188126526773 0.010064038142445497 0.012793712012353353 0.042799319344339892 150.37646544032032 9.5990641662065155 0.27719616518879775 0.034029768634354696 2.7923897614382431 0.11373434189590625 0.045388346450636163 4.360040332976495 0.7521656541066476 0.46159041913051524
leaf_count=38 4578 16 67 769 1302 3598 3812 14456 2117 11290 118 9613 4042 944 1551 12 177 38 43 228 43 28 306 45 19 38 4332 27 68 62 18 13 12 20 1074675 48991 1040 62 11049 241 66 29327 4650 3257
internal_value=0.000729535 0.00131155 0.024545 0.00118123 0.00188617 0.00643985 0.00947653 0.000733838 0.00289015 -0.00192447 -0.0033141 -0.002503 -0.00598384 0.00471652 -0.00201381 0.0351034 -0.0366937 -0.011642 0.0419081 0.0284415 -0.0581906 -0.0205143 -0.0432439 -0.0549249 0.0637864 -0.0496646 -0.0609046 -0.0498987 -0.000363516 0.0212074 0.00569044 -0.0500705 -0.0501302 -0.0501715 -0.0500073 -0.0500111 -0.0500267 -0.0500634 -0.0500106 -0.0500381 -0.0500352 -0.050007 -0.0500076 -0.050007
internal_weight=14872.1 14702.3 82.0067 14620.3 12638.4 2552.33 1877.8 10086 5568.83 4517.2 1981.9 1934.89 1305.46 629.422 674.533 70.9551 47.0167 21.7131 63.2202 39.133 25.3036 7.73482 11.0516 9.35343 24.0873 169.8 8.83318 168.998 0.802717 0.55979 0.329477 0.242927 0.122458 0.0756348 168.668 12.718 0.326523 0.0468235 12.3915 0.169187 0.159123 155.95 5.11221 150.838
internal_count=1237198 63544 5096 58448 38895 9730 7410 29165 16573 12592 19553 19177 13655 5522 2320 397 376 156 357 295 220 40 4699 4683 62 1173654 4638 1173166 488 130 139 358 121 47 1173027 61118 1078 74 60040 320 307 1111909 33977 1077932
is_linear=0
shrinkage=0.05


Tree=95
num_leaves=45
num_cat=0
split_feature=78 41 47 75 44 74 44 43 56 43 6 74 38 13 76 33 76 74 17 27 74 45 76 75 75 2 41 60 43 57 74 54 32 41 75 3 42 76 44 31 48 13 72 28
split_gain=165.625 16.6674 24.3094 40.9325 26.9802 20.3874 35.1595 64.1419 21.1763 20.0997 18.7243 19.8579 18.0265 26.9757 23.7085 17.5549 21.7601 17.9501 15.4019 15.3587 14.2017 14.1337 15.8866 13.6899 15.1281 18.5696 13.805 13.6059 13.3795 12.7614 11.6296 9.17874 0.76028 0.394623 0.332895 0.31837 0.295345 7.76811e-07 6.48202e-07 4.64814e-07 3.21034e-07 8.20687e-08 6.34444e-08 3.70123e-08
threshold=0.04189748574694898 0.5123116970062257 0.007385627809015324 0.00095615362139050985 0.99726197019494844 0.69837560842023683 0.88966810249742379 283.50000000000006 32.500000000000007 7.5000000000000009 0.50820556282997142 0.92499652337813132 1.5000000000000002 0.89039039611816417 0.059167986936059618 0.66778150200843822 0.29032840808060478 0.66489795452513611 0.91715687513351452 0.98367321491241466 0.91620579917227818 -0.37783521128028003 0.14630926420287657 0.28677830409355115 0.50908349575064837 0.92907443642616283 0.59335428476333629 30.500000000000004 5.5000000000000009 38.500000000000007 0.37875613485119858 0.99999895787473358 1.0000000180025095e-35 0.80816438794136058 0.58105147084522546 0.96197089552879345 2.5000000000000004 0.59391413434887597 0.99683409416661961 0.90422871708869945 0.98751063528077154 0.94494947791099559 6.5000000000000009 0.85756292939186107
decision_type=2 2 2 2 2 2 2 2 2 2 2 2 2 2 2 2 2 2 2 2 2 2 2 2 2 2 2 2 2 2 2 2 2 2 2 2 2 2 2 2 2 2 2 2
left_child=32 2 3 4 20 6 8 -8 -4 23 18 -12 14 -14 -7 21 17 -17 -5 -18 -2 29 -23 27 25 -25 -26 28 -3 -11 -29 -6 33 39 37 40 -36 38 -34 42 43 -41 -1 -35
right_child=1 9 5 10 31 12 7 -9 -10 15 11 -13 13 -15 -16 16 19 -19 -20 -21 -22 22 -24 24 26 -27 -28 30 -30 -31 -32 -33 34 35 36 -37 -38 -39 -40 41 -42 -43 -44 -45
leaf_value=-0.050010451390250371 -0.005483321629793236 0.016215519590940818 0.0060230408261869881 0.027541589973267635 -0.083239087409921059 0.0020936854749071991 -0.024999128027699321 0.032986620141606506 -0.02048191124353092 0.025362588948209315 -0.017101333121090266 0.0021990780326424657 0.019842523117377518 0.003421329125727045 -0.0043704440739288563 -0.02267377336752327 -0.032136096678458022 0.0049689160089772498 -0.073278483543220072 0.030701543882253591 -0.21464138287151879 0.014146291896595019 -0.014571076317113837 -0.023551145983041991 0.051593478621860839 0.015632091594308822 0.0088717383800913773 -0.0091230869628095151 -0.028551251756143592 0.10792138638305598 0.031058512666642276 -0.18707619271688472 -0.050116170420800736 -0.050014242165635929 -0.052967663273369041 0.050613104920428531 0.039435361170132369 -0.050038147268133951 -0.050373197070786017 -0.050060954810813088 -0.050300853003250184 -0.050144957137967287 -0.050006675764309408 -0.050088125193316763
leaf_weight=12.028920861994264 8.8698933228879469 59.902550395636354 504.44674008895527 53.743410346098244 3.5673142462619563 8428.7847627215087 348.54641973937396 55.251318324968452 88.594427196017932 63.957985426386585 336.5408307154139 220.65141791524366 316.3732196316414 1193.7827646789374 1705.4987856001244 68.570069376175525 85.723534063436091 409.16644330322742 4.0753404670394948 10.968411108682629 0.89331310987472612 162.04596947821847 68.524910924810683 71.710532087250613 24.481881852960214 52.28252582391724 83.077038944873493 19.771668717759894 23.137163541425252 5.0503005826030849 201.79289341461845 5.2756060361862183 0.05972675871453148 0.1101370586984548 0.1078709375433391 0.17625108605716377 0.43601253628730774 0.13354648144741077 0.041625386162195355 0.053533607700955055 0.011532852076925337 0.063642656401498243 148.29800684039219 0.020034554065205157
leaf_count=60904 4627 259 4513 720 24 24190 1893 259 754 1050 2337 703 1960 5351 7631 656 1059 1158 38 86 5 1422 700 272 146 133 349 400 104 59 659 27 39 540 62 8 86 290 11 77 3 42 1111575 17
internal_value=0.000693857 0.00124775 0.000698728 -0.00885832 -0.0819224 0.00117775 -0.00568505 -0.017065 0.00206347 0.00641604 -0.00664789 -0.00945826 0.00176525 0.00686152 0.00100584 0.00174065 -0.00337675 0.00100133 0.0204353 -0.025008 -0.0246208 0.011553 0.00561158 0.0140376 0.00487391 -0.00702926 0.0185958 0.0210035 0.00374226 0.0314046 0.0274728 -0.145187 -0.049658 -0.0498968 -0.000374763 0.00575108 0.0211086 -0.0501174 -0.0502217 -0.050007 -0.050048 -0.0501066 -0.050007 -0.0500256
internal_weight=14846.6 14685.1 13274.9 633.617 18.6061 12641.3 996.839 403.798 593.041 1410.16 615.011 557.192 11644.4 1510.16 10134.3 874.008 574.428 477.737 57.8188 96.6919 9.76321 299.579 230.571 536.156 231.552 123.993 107.559 304.604 83.0397 69.0083 221.565 8.84292 161.541 160.762 0.778782 0.317956 0.543883 0.234899 0.101352 160.444 0.141704 0.117176 160.327 0.130172
internal_count=1237198 63544 55032 8481 4683 46551 7419 2152 5267 8512 3798 3040 39132 7311 31821 6190 2959 1814 758 1145 4632 3231 2122 2322 900 405 495 1422 363 1109 1059 51 1173654 1173166 488 568 148 340 50 1172598 560 119 1172479 557
is_linear=0
shrinkage=0.05


Tree=96
num_leaves=45
num_cat=0
split_feature=78 44 74 35 13 74 44 75 6 21 74 33 74 47 47 43 43 75 60 43 60 43 74 44 20 74 30 43 54 75 75 78 28 28 76 44 78 0 43 42 3 7 47 43
split_gain=157.235 16.6883 26.1671 24.7689 26.9824 34.6341 24.3492 26.0056 22.8971 21.3484 21.1561 20.717 20.5589 20.0787 19.8696 18.8527 26.9266 37.7695 33.2824 23.9138 36.3447 14.2517 13.6483 13.2515 17.805 16.258 7.02813 1.30974 0.713162 0.556038 0.551286 0.062484 0.267221 6.25288e-07 5.21604e-07 1.21358e-06 7.81109e-08 7.60809e-08 6.21815e-08 3.65798e-08 2.91391e-08 2.59156e-08 2.52286e-08 2.32393e-08
threshold=0.04189748574694898 0.99963924459869846 0.67476956592363857 1.0000000180025095e-35 0.90521115064620983 0.75295636518626508 0.99916874090618391 0.0075149882079335048 0.9833287000656129 1.0000000180025095e-35 0.81162009452820072 0.45337474346160894 0.3987402619367188 0.96559001702592306 0.047325037742862106 7.5000000000000009 16.500000000000004 0.0013694108088998741 91.500000000000014 5.5000000000000009 54.500000000000007 289.50000000000006 0.76774721686337466 0.99932577015882063 0.36939570307731634 0.69201196119866226 0.80078125000000011 16.500000000000004 0.99999623426245787 0.50588148610962957 0.58847851931559847 0.019247659171958722 0.85756292939186107 0.85756292939186107 0.55160686037988793 0.99940530953641049 0.013267219544436956 1.0000000180025095e-35 5.5000000000000009 6.5000000000000009 0.9703982174396516 0.81666666269302379 0.007385627809015324 3.5000000000000004
decision_type=2 2 2 2 2 2 2 2 2 2 2 2 2 2 2 2 2 2 2 2 2 2 2 2 2 2 2 2 2 2 2 2 2 2 2 2 2 2 2 2 2 2 2 2
left_child=28 3 21 4 23 9 8 14 12 -6 -9 -10 -5 -7 -8 19 17 -17 -18 20 -4 26 -21 25 -25 -2 -3 -28 33 34 31 -31 -33 39 35 37 -35 -30 -38 43 -32 -36 -43 -1
right_child=1 2 15 6 5 13 7 10 11 -11 -12 -13 -14 -15 -16 16 18 -19 -20 22 -22 -23 -24 24 -26 -27 27 -29 29 30 40 32 -34 36 41 -37 38 -39 -40 -41 -42 42 -44 -45
leaf_value=-0.050024230386871808 -0.014688111667113382 0.024376410842533294 0.013923677151720408 -0.016793213262726148 -0.0060833843510723325 -0.0028241205635681551 -0.043840519995351476 -0.018892670144350379 0.051960056411943317 -0.023139096106545722 -0.0011161859192538796 0.0079357832931880017 0.002374789476970755 0.0082392193911175939 0.010892570762107237 -0.11489322628306053 0.0040011707294894108 -0.0077894570248519968 0.0335142195827536 -0.0067633071134643955 -0.050549097607095111 0.022669415484225686 0.040496202057804513 -0.061688126086393263 0.00039938950501889822 0.015048659661621068 -0.085503778656876805 -0.058660996042984498 -0.050015088588657976 0.046533654973996579 -0.050015291729352741 -0.053127299978831123 0.05308620333060559 -0.050068572127479373 -0.050013095731008275 -0.050459721537238524 -0.050226759497915552 -0.050100671940150249 -0.05012652581918995 -0.050006392021142945 -0.050048257491628778 -0.050128905058040518 -0.05003229359408682 -0.050009089402666053
leaf_weight=0.25994758763408654 51.536288827133831 2.3434537176508519 225.47518169123214 143.77422764645598 439.76496214984218 3390.8480315894703 17.669386111345375 352.76875801192364 27.186088265705621 314.80767804212519 318.47301666554995 1568.2558671664447 5177.8423870854313 466.53792117536068 269.37535481169471 8.5740982973948103 760.32485111351707 205.92507423993084 109.25383037517895 17.672090363048483 24.205495863745455 7.143003900157054 112.72702740540262 12.254371343762612 200.07746148854494 425.13319649663754 6.525570064783099 14.967489466827827 0.050984737114048384 0.39141188882058486 0.16825143280584598 0.092599236319074407 0.16426771879196167 0.031507187100941247 0.42022554643335752 0.023047734182910062 0.024825252708978951 0.052923097406164743 0.041072352352784947 141.57402983667271 0.11142661924532149 0.0070550651580560944 0.1601222414028598 10.1054931886174
leaf_count=987 373 17 582 8972 3108 10726 121 1669 349 1053 1270 6818 19692 1426 932 41 2837 634 374 54 85 38 262 64 590 1273 28 156 196 70 705 70 1 44 1997 10 9 44 33 1110509 189 4 464 58322
internal_value=0.000659717 0.00118672 0.00619278 0.00061868 -0.00202363 -0.00340243 0.00239724 -0.00507224 0.00343206 -0.013199 -0.0104586 0.00868595 0.00185693 -0.00148605 0.00752341 0.00715495 0.00379548 -0.0120707 0.00770919 0.0167369 0.00767331 -0.0392813 0.0340914 0.00720561 -0.00318389 0.0118336 -0.0578459 -0.0668108 -0.0496527 -0.0168807 0.00864563 0.0339586 0.0147968 -0.0500067 -0.0500396 -0.0501315 -0.0501333 -0.0500587 -0.0501643 -0.0500066 -0.0500284 -0.0500197 -0.0500364 -0.0500095
internal_weight=14825.1 14671.4 1495.14 13176.3 5300.96 4611.96 7875.35 958.287 6917.06 754.573 671.242 1595.44 5321.62 3857.39 287.045 1464.16 1084.08 214.499 869.579 380.08 249.681 30.9795 130.399 689.001 212.332 476.669 23.8365 21.4931 153.679 1.64232 0.927957 0.648279 0.256867 152.037 0.714358 0.126956 0.0974048 0.103908 0.0658976 151.939 0.279678 0.587403 0.167177 10.3654
internal_count=1237198 63544 5108 58436 18613 16313 39823 3992 35831 4161 2939 7167 28664 12152 1053 4869 3886 675 3211 983 667 239 316 2300 654 1646 201 184 1173654 3750 1035 141 71 1169904 2715 250 86 240 42 1169818 894 2465 468 59309
is_linear=0
shrinkage=0.05


Tree=97
num_leaves=45
num_cat=0
split_feature=78 42 76 53 74 35 62 76 43 74 47 45 10 10 34 47 74 76 30 56 2 56 43 34 76 57 74 74 46 32 78 41 38 3 28 48 76 74 13 72 28 43 41 7
split_gain=149.29 16.5956 18.8651 24.4109 30.1856 32.3806 28.8311 20.9896 25.92 22.2148 20.9367 16.8635 16.6565 17.0424 14.1048 24.9349 12.7501 9.3843 10.6156 10.8213 7.88637 7.54445 8.55081 5.77177 6.23438 6.18644 4.64649 4.00428 2.30879 0.711099 0.421281 0.358579 0.312797 0.286343 3.439e-07 2.37757e-07 1.97224e-07 1.75024e-07 6.22008e-08 4.72391e-08 2.73998e-08 1.91836e-08 1.84348e-08 7.43215e-09
threshold=0.04189748574694898 5.5000000000000009 0.2213038143741288 0.93853118710502292 0.6256694159269357 1.0000000180025095e-35 24.500000000000004 0.11077337920917406 10.500000000000002 0.72754974224194313 0.65873203582663697 -0.15490451137284186 0.91366460919380199 0.31866537034511572 1.0000000180025095e-35 0.33111548546443764 0.60336812859337219 0.51987012477728023 0.87514045834541332 29.500000000000004 0.095811817795038237 25.500000000000004 52.500000000000007 1.5000000000000002 0.16631494353984097 29.500000000000004 0.49337244944199415 0.91620579917227818 0.97143879144893919 1.0000000180025095e-35 0.99999866487549316 0.80816438794136058 1.5000000000000002 0.96197089552879345 0.85756292939186107 0.98751063528077154 0.59391413434887597 0.55775765346823336 0.94494947791099559 6.5000000000000009 0.85756292939186107 3.5000000000000004 0.72019910812377941 0.81666666269302379
decision_type=2 2 2 2 2 2 2 2 2 2 2 2 2 2 2 2 2 2 2 2 2 2 2 2 2 2 2 2 2 2 2 2 2 2 2 2 2 2 2 2 2 2 2 2
left_child=29 2 3 4 6 -6 -2 9 -9 -5 14 17 13 -12 16 -16 -4 21 27 -20 -14 22 -3 24 25 -13 -23 -19 30 31 -25 34 36 35 39 40 37 -31 43 41 -33 -1 -40 -36
right_child=1 11 10 7 5 -7 -8 8 -10 -11 12 23 20 -15 15 -17 -18 18 19 -21 -22 26 -24 28 -26 -27 -28 -29 -30 32 -32 33 -34 -35 38 -37 -38 -39 42 -41 -42 -43 -44 -45
leaf_value=-0.050022570376534917 -0.012206757763289612 -0.029011476348321526 -0.037091447461228187 -0.0076639487796023162 -0.0015156175159882811 0.012751205989162136 0.0095195827939545397 0.00486940838753712 -0.027687431233841431 0.0015827362911549139 -0.075312527063821688 0.035836678334241652 0.011838647713801791 -0.0029010225824034042 0.0011172566786522482 -0.014463873423724807 0.0063456953703879869 -0.0598776197605713 0.051060309103295155 -0.02387662941153083 -0.039952149217565437 0.0081383667628518244 0.050482519051683418 -0.063227714237094126 -0.087993222895278514 -0.10403352085390101 0.074615316326196029 0.066872729916823886 -0.26420768787381704 -0.050058237758919738 -0.1319907006615702 -0.050012911277989638 0.02132075917475575 0.050054851196375406 -0.050042763535279637 -0.05027211746866829 -0.05003083529329462 -0.050226062756996218 -0.050104247658016271 -0.05000603922162921 -0.050079730920042677 -0.050009127740395766 -0.050161340574426241 -0.050086085660145052
leaf_weight=0.27220695705909648 383.2587284828769 5.3683484527282408 17.465505218540784 699.30469813861419 543.37939241528511 1483.5907727442682 253.82287787018868 106.87386522442102 142.84867193177342 9128.594810821116 8.6539320375886728 5.9929576357972092 8.1064451016136427 133.09130153350998 652.10315386971342 423.55183406505967 516.26616545533761 5.5417370074428645 15.667725606093883 6.9565621750662094 78.814575012103887 2.992440739923043 9.1462350167712412 4.1691950187669127 1.7616971886891404 0.91068319360783778 21.618457684759051 0.70205069772782724 0.15343137085437764 0.033619391091632589 0.23531408607959736 0.099735249270451187 0.50645471768802963 0.16121178009780124 0.034452996711478501 0.010442208615131676 0.15770109994628001 0.028881691221613437 0.028622983052628115 134.18742413019936 0.018130915006622672 10.61434868089418 0.027940705185756087 0.013891761816921644
leaf_count=1060 5287 68 381 2274 1543 3976 3271 272 524 26183 78 451 75 987 6392 2743 3884 270 377 209 578 221 301 2933 22 167 65 10 1 34 1 540 81 8 64 3 364 9 29 1111574 17 59845 13 13
internal_value=0.000627379 0.00112872 0.00100317 0.00168628 0.00594281 0.00892663 -0.00355066 0.000561047 -0.0137541 0.000924788 -0.00373225 0.0236678 -0.0178894 -0.00732194 -0.00172077 -0.005018 0.00492429 0.0337153 0.0120902 0.0280185 -0.035122 0.049671 0.021081 -0.0279959 -0.00403808 0.0173859 0.0665324 -0.0456258 -0.0735432 -0.049649 -0.0669014 -0.0498955 -0.00031027 0.00569369 -0.0500064 -0.0500434 -0.0500606 -0.0501358 -0.0500969 -0.0500063 -0.0500232 -0.0500095 -0.0501324 -0.0500552
internal_weight=14807.1 14660.9 14579.7 12741.7 2664.05 2026.97 637.082 10077.6 249.723 9827.9 1838.05 81.2168 228.666 141.745 1609.39 1075.65 533.732 67.9936 28.8681 22.6243 86.921 39.1255 14.5146 13.2233 8.66534 6.90364 24.6109 6.24379 4.55794 146.195 4.40451 145.468 0.726657 0.28952 145.179 0.128308 0.220202 0.0625011 0.104908 145.074 0.117866 10.8866 0.0565637 0.0483448
internal_count=1237198 63544 58448 43330 14077 5519 8558 29253 796 28457 15118 5096 1718 1065 13400 9135 4265 1521 866 586 653 655 369 3575 640 618 286 280 2935 1173654 2934 1173166 488 568 1172598 560 407 43 119 1172479 557 60905 42 77
is_linear=0
shrinkage=0.05


Tree=98
num_leaves=45
num_cat=0
split_feature=78 21 76 43 60 53 76 74 74 43 74 44 75 43 74 78 4 56 75 53 57 27 47 57 47 57 47 76 44 19 32 41 53 3 78 78 35 74 31 48 13 72 28 41
split_gain=141.743 16.2643 29.3257 24.7961 28.4896 21.611 21.4379 27.9031 21.0008 55.1668 46.993 31.894 28.2458 30.8128 18.0777 22.3607 17.7919 17.005 21.8866 16.3737 15.9305 15.8882 14.3622 14.2471 13.6333 13.0096 12.7888 9.49174 8.41879 7.12742 0.698367 0.34225 0.301193 0.27109 0.258373 0.204491 0.00021262 6.81802e-07 2.96345e-07 2.0459e-07 5.23463e-08 4.04764e-08 2.35853e-08 1.88137e-08
threshold=0.04189748574694898 1.0000000180025095e-35 0.40935916975331404 34.500000000000007 102.50000000000001 0.17926877387329235 0.49641421295849492 0.7290236495815311 0.79622330252746398 18.500000000000004 0.81707632756450399 0.88966810249742379 0.52690666288916643 323.50000000000006 0.1257459053250167 0.23390836776912052 0.054299755021929748 34.500000000000007 0.0069609669033257613 0.69733064575799342 36.500000000000007 0.98726060986518871 0.41632551829129177 25.500000000000004 0.41632551829129177 22.500000000000004 0.52664288881242227 0.57799388637947213 0.99909536293025913 0.83889505267143261 1.0000000180025095e-35 0.80816438794136058 0.17926877387329235 0.96197089552879345 0.019247659171958722 0.43092195823604534 7.5000000000000009 0.58769289597610996 0.90422871708869945 0.98751063528077154 0.94494947791099559 6.5000000000000009 0.85756292939186107 0.72019910812377941
decision_type=2 2 2 2 2 2 2 2 2 2 2 2 2 2 2 2 2 2 2 2 2 2 2 2 2 2 2 2 2 2 2 2 2 2 2 2 2 2 2 2 2 2 2 2
left_child=30 3 8 4 17 14 7 -7 12 11 -11 -10 13 -3 36 -16 -8 20 -19 -14 -2 22 25 29 -25 -4 27 -23 -24 -6 31 38 37 39 -34 -28 -5 -32 41 42 -40 -1 -33 -42
right_child=1 2 21 5 23 6 16 -9 9 10 -12 -13 19 -15 15 -17 -18 18 -20 -21 -22 26 28 24 -26 -27 35 -29 -30 -31 32 33 34 -35 -36 -37 -38 -39 40 -41 43 -43 -44 -45
leaf_value=-0.050008997437291286 -0.00083279540036273678 -0.0029309806296670543 -0.027123916459626238 -0.050183007931643868 0.070226015401148562 -0.00010305419171810108 0.1817693434080937 0.013358736407376368 0.031322180613978706 0.0053371744521020746 0.026618910404493802 -0.00081361020834428907 0.034977632899960726 -0.049044009389349046 0.01052162913225977 0.057571993043097514 -0.0079111220925061464 -0.074717721527486292 -0.011084678535962584 0.0046036411366015689 0.027621663318941427 0.052264607949344857 -0.053377740700087876 -0.045575099133779398 0.025347544864390881 -0.00030769160934645081 -0.053425934085510732 -0.01682923875038617 -0.012365155839377936 0.027723842261877709 -0.050242986534914741 -0.050012281337929579 0.038362373940492578 0.049639976345328962 -0.052844052739048179 -0.076128518741248097 -0.053182724390448799 -0.050044607777016116 -0.050052446551158092 -0.050258790099269805 -0.050096681298127194 -0.050005746971143322 -0.05007584289774656 -0.050155328955378164
leaf_weight=10.354385918566548 1645.4707154117059 4495.3156035225111 87.833203350601252 6.6213324465497854 21.299235531449085 601.66055616867379 1.242280104313976 1068.628670560196 78.887687623500824 794.75073663145304 385.07578820362687 3629.4831543341279 46.571579903364182 36.520542129932437 49.115053448651452 51.974461755715311 256.03739344992209 14.868696471196015 148.20536668100976 938.26208870857954 50.704741152279894 17.530149764847017 42.963870609703008 9.1740075960406084 25.922183514339849 93.240967228106456 2.1762135261960784 6.9377376869379068 17.654538173374021 18.372417896986008 0.060467336879809319 0.094872268680773142 0.40478445115149952 0.1545990418526344 0.096079743991140276 1.8226214051246645 0.059604037349345051 0.15266124300251249 0.046104719804133221 0.0099355034180916846 0.028581110003869981 127.64397043254576 0.017247965559363365 0.026218909013550729
leaf_count=60904 8626 15342 1058 4664 103 3174 47 3121 180 2813 1673 9818 110 228 1975 247 3856 214 705 2512 425 52 763 113 77 1031 77 146 316 65 30 540 101 8 55 9 4 302 77 3 30 1111575 17 12
internal_value=0.000596392 0.00107353 5.74523e-05 0.00380613 -0.000247921 0.00765837 0.00644013 0.00850962 0.000479733 0.00286608 0.0122832 -0.00012999 -0.00163476 -0.00330259 0.0294477 0.0347122 -0.00699525 -0.00146487 -0.0168866 0.00603999 1.781e-05 -0.0162062 -0.0203675 0.0300139 0.00680864 -0.0133154 0.0191251 0.0326734 -0.0414332 0.0505427 -0.0496403 -0.0498948 -0.000317485 0.00566215 0.0208664 -0.0637735 -0.0502098 -0.0501009 -0.0500061 -0.0500413 -0.0500917 -0.050006 -0.0500221 -0.0501247
internal_weight=14783.5 14644.4 10675 3969.36 1934.02 2035.34 1927.57 1670.29 10404.9 4888.2 1179.83 3708.37 5516.67 4531.84 107.77 101.09 257.28 1859.25 163.074 984.834 1696.18 270.159 241.693 74.7678 35.0962 181.074 28.4667 24.4679 60.6184 39.6717 139.09 138.376 0.713993 0.276655 0.500864 3.99883 6.68094 0.213129 138.099 0.122056 0.100905 137.998 0.11212 0.0548
internal_count=1237198 63544 36128 27416 10328 17088 10198 6295 32676 14484 4486 9998 18192 15570 6890 2222 3903 9970 919 2622 9051 3452 3168 358 190 2089 284 198 1079 168 1173654 1173166 488 568 156 86 4668 332 1172598 560 119 1172479 557 42
is_linear=0
shrinkage=0.05


Tree=99
num_leaves=45
num_cat=0
split_feature=78 75 53 48 41 47 60 75 74 43 44 74 15 75 5 74 18 47 43 75 61 74 74 74 13 77 43 3 65 67 68 51 32 28 76 9 43 72 38 43 57 78 17 75
split_gain=134.599 16.6627 20.8088 18.672 21.0625 21.5649 17.8093 20.5061 18.3406 38.3957 78.4822 44.4084 25.9157 38.7826 17.5924 16.9245 19.5113 16.7477 15.9878 15.5004 22.3363 14.7829 30.2578 29.8795 13.9285 12.8922 16.6626 13.1963 15.3211 15.1191 8.61989 7.49117 0.676937 0.327221 0.290107 0.191305 6.62132e-08 3.64414e-08 2.22681e-08 1.5568e-08 3.70793e-08 1.03952e-08 8.02712e-09 6.60865e-09
threshold=0.04189748574694898 0.015524800192328993 0.17926877387329235 0.98751063528077154 0.54005366563797008 -0.002643282298533404 29.500000000000004 0.011226115918175851 0.89553041188165816 25.500000000000004 0.99926562034032218 0.77460810063993013 0.75060975551605236 0.004201543811271192 0.97014260292053234 0.77938050280719606 0.86446145176887523 0.77827671854801139 3.5000000000000004 0.016666947283245252 54.500000000000007 0.74197873022009542 0.75138813546832772 0.73494533642731164 0.86729559302330028 0.17962771777507108 32.500000000000007 0.93335816264152538 1.0000000180025095e-35 3.5000000000000004 2.5000000000000004 0.14503227693295503 1.0000000180025095e-35 0.85756292939186107 0.59391413434887597 6.5000000000000009 7.5000000000000009 6.5000000000000009 1.5000000000000002 3.5000000000000004 8.5000000000000018 0.019247659171958722 0.83402201533317577 0.58105147084522546
decision_type=2 2 2 2 2 2 2 2 2 2 2 2 2 2 2 2 2 2 2 2 2 2 2 2 2 2 2 2 2 2 2 2 2 2 2 2 2 2 2 2 2 2 2 2
left_child=32 6 25 4 5 -4 8 21 9 10 -2 -11 13 -10 -6 16 -9 -14 -17 20 -5 23 -23 -8 -21 27 31 28 -3 -29 -28 -27 33 37 -34 -35 -37 39 43 40 -1 -40 -38 -36
right_child=1 2 3 19 14 -7 7 15 12 11 -12 -13 17 -15 -16 18 -18 -19 -20 24 -22 22 -24 -25 -26 26 30 29 -30 -31 -32 -33 34 35 38 36 42 -39 41 -41 -42 -43 -44 -45
leaf_value=-0.050066073874539943 -0.0094528187799518305 0.044202601839416031 -0.022901352039136451 -0.036792232245598154 0.0037515245991619852 -0.0037755777057541977 0.00066053397258837836 -0.011936976181867001 -0.1169733072077553 -0.018169498736314793 -0.10335488941910045 0.028224422336534882 0.026101590926069253 0.004792681057668377 0.045605473086882398 -0.01496857388520384 0.013871793206109621 -0.041438827436132253 0.019954093401684164 0.0063363287832163134 0.018494278780735455 0.02537802049511987 0.0027316661921906078 -0.037967105237571463 0.00036242698632338186 0.015982451651307419 0.043856485425399383 0.046935808624455289 -0.023195003218471719 -0.011089343481645184 -0.0043129396073286119 -0.019833799728909116 0.02073937557778624 0.03821428700130812 -0.050017919736707807 -0.050143314624016055 -0.050095036854087172 -0.050005466065130948 -0.050081966562859265 -0.050008297931455038 -0.050012776137833129 -0.050039287222035704 -0.050049539559659295 -0.050039171530659614
leaf_weight=0.038438985473475351 77.339993963221787 9.894336081488289 154.49992726359051 59.444219747325405 556.92220046487637 3199.7229293922719 227.2187919725402 131.7886823049048 9.2672045809449646 131.99784684140468 31.239528049947694 84.663990323489998 104.49505993764615 22.214035942335613 26.29207204375416 35.265376101713628 164.80954137811204 10.062251165509222 463.67942289361963 1231.071348485013 26.374527555890381 156.05293664459896 2689.9489591353049 64.210417574038729 4704.1959053064929 45.967266745865345 74.743491953238845 25.739115680917166 57.05999898412847 19.909986947954167 10.6052950322628 21.393908534198999 0.48636477056424965 0.16677312640240316 0.071073385915951803 0.042089475420652889 0.012574647480505519 121.45822250873607 0.03608491929480806 9.6527916423437983 0.21603871042316314 0.023596771148731932 0.042327194838435389 0.075379281668574549
leaf_count=38 469 137 643 224 2998 13387 7162 744 47 1208 137 311 277 66 65 114 521 35 1577 4300 74 414 8918 256 14468 138 223 679 3044 791 40 77 54 19 235 35 9 1111909 29 60040 1040 41 76 129
internal_value=0.000567317 0.00102143 -8.61572e-05 -0.000454344 -0.00313165 -0.00465654 0.00359253 0.00469315 -0.00559246 -0.012202 -0.0364695 -4.03509e-05 0.00912751 -0.0310519 0.00563836 0.0118629 0.00240408 0.0201691 0.0174858 0.00129646 -0.0198011 0.00287514 0.00397342 -0.00785027 0.00160151 0.0137337 0.0231982 0.00089825 -0.0132352 0.021628 0.037871 0.00460721 -0.0496346 -0.049894 -0.000329137 0.00574083 -0.0500961 -0.0500057 -0.0500393 -0.0500086 -0.0500208 -0.0500651 -0.05006 -0.0500289
internal_weight=14760.4 14628.1 10223.8 9958.52 3937.44 3354.22 4404.25 3932.97 471.28 325.241 108.58 216.662 146.039 31.4812 583.214 795.543 296.598 114.557 498.945 6021.09 85.8187 3137.43 2846 291.429 5935.27 265.313 152.71 112.603 66.9543 45.6491 85.3488 67.3612 132.322 131.629 0.692499 0.263764 0.0969913 131.365 0.206134 9.90727 0.254478 0.0596817 0.0549018 0.146453
internal_count=1237198 63544 41288 36159 17093 14030 22256 19706 2550 2125 606 1519 425 113 3063 2956 1265 312 1691 19066 298 16750 9332 7418 18768 5129 478 4651 3181 1470 263 215 1173654 1173166 488 139 120 1173027 434 61118 1078 70 85 364
is_linear=0
shrinkage=0.05


Tree=100
num_leaves=45
num_cat=0
split_feature=78 44 74 35 38 48 19 9 74 13 74 78 77 47 43 43 47 60 43 60 36 43 75 44 75 74 44 43 32 31 75 42 66 76 44 77 72 38 43 57 56 9 54 54
split_gain=127.814 15.9494 23.6392 22.2979 25.0976 27.8279 35.191 24.2699 28.5823 23.964 30.9279 21.1794 19.9162 17.8765 17.5932 23.9828 36.1008 30.623 21.9528 32.6286 15.1991 13.6848 13.6381 12.2078 17.0815 14.593 6.44882 1.03192 0.664976 0.315218 0.280991 0.25237 0.185412 6.00334e-07 4.90582e-07 5.58642e-08 3.14067e-08 1.86367e-08 1.35795e-08 3.18026e-08 9.29774e-09 8.51464e-09 4.04813e-09 2.6084e-10
threshold=0.04189748574694898 0.99963924459869846 0.67476956592363857 1.0000000180025095e-35 1.5000000000000002 0.98751063528077154 0.75369602441787731 5.5000000000000009 0.58769289597610996 0.90521115064620983 0.75295636518626508 0.92587920922628875 0.17962771777507108 0.96559001702592306 7.5000000000000009 16.500000000000004 0.65873203582663697 91.500000000000014 5.5000000000000009 54.500000000000007 5.5000000000000009 289.50000000000006 0.076215735554843275 0.99932577015882063 0.025815472311926973 0.69201196119866226 0.99980763608514578 16.500000000000004 1.0000000180025095e-35 0.90422871708869945 0.58105147084522546 2.5000000000000004 3.5000000000000004 0.59391413434887597 0.99683409416661961 0.00051488248552539694 6.5000000000000009 1.5000000000000002 3.5000000000000004 8.5000000000000018 28.500000000000004 7.5000000000000009 0.99996408959079042 0.9997656589885876
decision_type=2 2 2 2 2 2 2 2 2 2 2 2 2 2 2 2 2 2 2 2 2 2 2 2 2 2 2 2 2 2 2 2 2 2 2 2 2 2 2 2 2 2 2 2
left_child=28 3 21 9 5 6 -5 8 -6 23 20 -7 -9 -12 18 16 -16 -17 19 -4 -11 26 -20 25 -25 -2 27 -3 29 36 33 -32 -31 34 -30 -34 38 -35 39 -1 -39 -37 -40 -38
right_child=1 2 14 4 7 11 -8 12 -10 10 13 -13 -14 -15 15 17 -18 -19 22 -21 -22 -23 -24 24 -26 -27 -28 -29 30 32 31 -33 35 37 -36 41 43 40 42 -41 -42 -43 -44 -45
leaf_value=-0.050062849602275666 -0.014058824172751672 -0.082492097278722157 0.013423921578916892 0.0097532593217702201 -0.011741720320019296 -0.0091340627027413513 -0.0046279328907921349 0.0022506393602550879 0.0091681888745056526 -0.017652285853357066 -0.002836108372122885 0.0053553160173179749 0.035475521235334498 0.0076398851382786766 0.0088134865862937693 0.0037042339683583596 -0.032124768447760181 0.032183931589662901 0.021679782840473488 -0.047138899631939055 -0.0025767303848426358 0.022531927596572521 0.056605151537028733 0.011420635554947918 -0.017015622501165686 0.014165435282416658 0.020983112006305676 -0.058290673319426549 -0.050109198314331561 0.03823639384036967 -0.052720773000838252 0.038358947289780711 -0.05014239712947488 -0.050017045327577087 -0.050345330932280698 -0.050095279298410789 -0.050005183613680629 -0.050041292580522811 -0.050007324510837441 -0.050012246521116611 -0.050089951339114341 -0.050051056013816903 -0.050009836842979508 -0.050005605497204744
leaf_weight=0.036566589609718814 51.376603650249308 6.3883416056633093 224.42574268195312 502.50228590404731 198.1330566660763 275.72867967229104 2771.8459388871124 67.923193466413068 933.10736324332538 503.86944076430518 3387.984398990724 2956.2063959683292 134.26010032650083 462.8558528162539 109.12327077981899 756.92105932638515 106.31919559184462 107.83502879060688 87.173015029460657 24.685824947664514 250.21427964358008 7.1277767032443071 41.144931167887989 101.68022738519358 109.88050831254805 421.70894567033974 2.3889267332851878 14.184166810126042 0.052963312598875656 0.16094070597318832 0.094736157494480722 0.38572390319313854 0.04414576489944011 0.067608247729367577 0.03761907498119399 0.016011691943276674 111.74751623399061 0.026282626524334773 7.1114981816790515 0.20577304239850491 0.015670974156819284 0.033990182011621073 2.0701405823929235 3.7879169535735846
leaf_count=38 373 28 582 4923 3852 1595 10129 4961 5091 2110 10726 8780 492 1426 333 2837 342 374 226 85 2051 38 90 295 359 1273 22 151 39 32 62 86 31 235 11 13 1077932 39 48991 1040 16 62 11049 33978
internal_value=0.000539896 0.000971956 0.00587847 0.000415984 0.00210854 0.000827817 -0.0024209 0.00835766 0.00550589 -0.00209256 -0.00339022 0.00411917 0.0243137 -0.00157694 0.00678401 0.00353698 -0.0113892 0.00725565 0.016077 0.00742242 -0.01265 -0.0379891 0.0328785 0.00663549 -0.0033486 0.0111003 -0.0567763 -0.0658059 -0.0496242 -0.0498921 -0.000335341 0.0204 0.00563281 -0.050112 -0.0502073 -0.0501014 -0.0500054 -0.0500333 -0.0500082 -0.0500199 -0.0500595 -0.0500652 -0.0500079 -0.0500052
internal_weight=14742.9 14617 1487.72 13129.3 7839.71 6506.28 3274.35 1333.42 1131.24 5289.57 4604.92 3231.94 202.183 3850.84 1457.63 1080.2 215.442 864.756 377.43 249.112 754.084 30.0892 128.318 684.646 211.561 473.086 22.9614 20.5725 125.895 125.214 0.680604 0.48046 0.255088 0.200144 0.0905824 0.0941476 124.959 0.109562 9.42398 0.24234 0.0419536 0.0500019 9.18164 115.535
internal_count=1237198 63544 5108 58436 39823 25427 15052 14396 8943 18613 16313 10375 5453 12152 4869 3886 675 3211 983 667 4161 239 316 2300 654 1646 201 179 1173654 1173166 488 148 138 340 50 106 1173028 290 61118 1078 55 75 60040 1111910
is_linear=0
shrinkage=0.05


Tree=101
num_leaves=45
num_cat=0
split_feature=78 75 53 75 38 74 60 4 74 43 43 43 43 44 46 75 44 77 43 43 21 53 60 3 67 77 60 44 32 41 38 3 28 74 74 48 3 17 42 28 43 75 42 77
split_gain=121.385 15.8137 22.0685 22.4247 31.4306 22.3043 20.7859 19.1711 19.9975 44.2843 28.1125 30.4576 24.1196 17.914 14.345 16.0928 14.2482 13.1935 11.5123 10.2369 13.6359 9.18356 8.90907 6.95017 5.87967 10.0603 5.33608 3.37054 0.644325 0.307897 0.272553 0.23498 2.19001e-07 1.64821e-07 1.36395e-07 1.30373e-07 4.02481e-08 3.47742e-08 1.9329e-08 1.52151e-08 1.1124e-08 7.60398e-09 3.76168e-09 7.62753e-10
threshold=0.04189748574694898 0.034713166053291562 0.12936332719799057 0.5429149992228971 1.5000000000000002 0.19123829202407719 81.500000000000014 0.054299755021929748 0.77938050280719606 84.500000000000014 33.500000000000007 50.500000000000007 5.5000000000000009 0.99963924459869846 0.8618690030540207 0.55399605889940962 0.67130851886049792 0.17962771777507108 334.50000000000006 5.5000000000000009 1.0000000180025095e-35 0.051917182740992857 32.500000000000007 0.94669514894485485 4.5000000000000009 0.3542742430227645 70.500000000000014 0.99971739134952842 1.0000000180025095e-35 0.80816438794136058 1.5000000000000002 0.96197089552879345 0.85756292939186107 0.59514543181355706 0.53912397517524824 0.98751063528077154 0.96524760127067577 0.83402201533317577 6.5000000000000009 0.85756292939186107 3.5000000000000004 0.51753251043814097 2.5000000000000004 0.00021682481437905869
decision_type=2 2 2 2 2 2 2 2 2 2 2 2 2 2 2 2 2 2 2 2 2 2 2 2 2 2 2 2 2 2 2 2 2 2 2 2 2 2 2 2 2 2 2 2
left_child=28 7 17 4 6 -6 -4 24 10 13 12 -12 -9 -10 15 -5 -16 21 -11 -19 -21 22 -3 -23 25 27 -27 -2 29 32 33 35 38 34 -30 39 37 -34 40 -31 -1 -35 -43 -40
right_child=1 2 3 14 5 -7 -8 8 9 18 11 -13 -14 -15 16 -17 -18 19 -20 20 -22 23 -24 -25 -26 26 -28 -29 30 31 -32 -33 36 41 -36 -37 -38 -39 43 -41 -42 42 -44 -45
leaf_value=-0.050018480897818865 -0.064095803076939947 0.054346986391536338 -0.006719301825618861 0.040784546904671592 -0.056907005439826602 0.0047915378570919012 0.0027794545291888223 0.021488505918097964 0.0019186487876768786 0.02423730284480893 0.0095124002359823299 -0.0029671400177204857 -0.021024778434246758 0.012605949538194914 0.022747359855493293 -0.020188927250663086 0.0031389879412106361 -0.02893900494383932 -0.018861506024794698 0.056447096196473347 0.016417418707433632 -0.027046187615871228 0.0016880467424648434 0.024392510881042866 0.083972545007308649 0.067414588148092688 0.017997945303668657 0.067354630143326807 -0.050053227140035766 -0.050010571541796646 0.020424956727376854 0.049122364772180897 -0.050125135993464326 -0.050016131074597674 -0.050210679670940297 -0.050222663267811551 -0.050144628752584658 -0.050044077862803155 -0.050004959162227025 -0.050065387004268908 -0.050007160655650224 -0.050016386053712371 -0.050044847752590362 -0.050005833984911742
leaf_weight=0.22288429428590362 3.2478748433204632 12.240713103965389 3256.2833677862072 12.060430573823394 14.823987879324703 1234.0311322070775 699.68982354702894 38.330805422650883 3567.592517068435 314.90512425120687 705.43940218295029 1592.9610495440284 257.40342335919559 440.51532578616752 97.004478377813939 105.35002670573886 2060.9943881393992 6.8398266509175292 16.296067124203546 39.018615230917931 46.782005921006203 29.441078350442695 23.361173605400836 8.4520517133059894 6.4234274576883754 11.319229714572431 10.558470971882342 0.57381469011306752 0.027704392996382832 0.081660643925714704 0.46541529873502441 0.13827900652540848 0.017840836691901951 0.061892849516880233 0.027315578947309405 0.008559571549994871 0.020617795758880675 0.051211086938565131 107.76466489004815 0.014981792963226326 8.2410548924526648 0.014214357623131946 0.063340636450448073 2.5505944735341464
leaf_count=1060 218 307 11428 88 519 5769 2501 656 11741 1400 3475 9686 3293 1340 250 2151 5730 25 122 100 157 1202 1080 218 22 30 35 1 31 540 81 8 11 227 11 3 8 100 1088342 17 60493 49 89 22584
internal_value=0.000513272 0.000924185 -0.000645757 -0.00104607 -0.00285617 0.00405917 -0.00503926 0.00264757 0.00246903 0.00454523 -0.00100392 0.000863158 -0.0155145 0.00309325 0.00309439 -0.0139257 0.00402041 0.0173784 0.0221167 0.0299285 0.0346213 0.001559 0.0197934 -0.0155728 0.041185 0.0304904 0.0435655 -0.0443589 -0.0496172 -0.0498902 -0.000346432 0.00627869 -0.0500052 -0.0500581 -0.0501314 -0.0500356 -0.0500833 -0.050065 -0.0500052 -0.0500191 -0.0500075 -0.0500292 -0.0500396 -0.050005
internal_weight=14731.7 14611.9 7646.37 7480.24 5204.83 1248.86 3955.97 6965.57 6933.44 4339.31 2594.13 2298.4 295.734 4008.11 2275.41 117.41 2158 166.135 331.201 92.6404 85.8006 73.495 35.6019 37.8931 32.1228 25.6994 21.8777 3.82169 119.772 119.112 0.659883 0.243481 118.869 0.194468 0.05502 0.105202 0.0896697 0.0690519 118.779 0.0966424 8.46394 0.139448 0.077555 110.315
internal_count=1237198 63544 31525 28436 20217 6288 13929 32019 31713 14603 17110 13161 3949 13081 8219 2239 5980 3089 1522 282 257 2807 1387 1420 306 284 65 219 1173654 1173166 488 568 1172598 407 42 560 119 111 1172479 557 61553 365 138 1110926
is_linear=0
shrinkage=0.05


Tree=102
num_leaves=45
num_cat=0
split_feature=78 41 47 75 44 43 75 75 61 51 74 33 76 74 74 44 20 75 27 47 76 74 2 45 76 76 74 1 45 47 74 41 42 3 54 74 44 31 45 3 51 31 72 76
split_gain=115.283 15.8339 20.7455 34.8996 21.9415 19.7087 18.493 18.6313 27.6833 17.9379 26.6969 16.1876 19.3682 15.5956 15.589 14.7697 18.707 15.5998 13.5958 13.1626 13.8089 22.9717 13.1152 12.6948 13.974 12.2012 11.481 7.33702 6.08216 0.6232 0.351198 0.298342 0.278399 0.217989 4.51214e-07 6.58983e-07 5.70832e-07 1.8904e-07 1.17405e-07 2.97892e-08 2.7399e-08 2.26413e-08 2.12994e-08 1.64879e-08
threshold=0.04189748574694898 0.5123116970062257 0.007385627809015324 0.00095615362139050985 0.99726197019494844 7.5000000000000009 0.015524800192328993 0.016216885803328699 54.500000000000007 0.036271333061266335 0.88639957800627434 0.66778150200843822 0.29032840808060478 0.81611493993381334 0.66489795452513611 0.99967119428804885 0.82085561752319347 0.012942303105432819 0.97515434026718151 0.77827671854801139 0.3203222811016227 0.53912397517524824 0.90521115064620983 -0.37783521128028003 0.14630926420287657 0.59391413434887597 0.91620579917227818 0.93957647681236278 -0.022342188908743586 0.41632551829129177 0.60336812859337219 0.80816438794136058 2.5000000000000004 0.96197089552879345 0.9999975384203722 0.59514543181355706 0.99940530953641049 0.90422871708869945 -1.0000000180025095e-35 0.94487920403480541 0.4268504470574177 0.90422871708869945 6.5000000000000009 0.58598518198972938
decision_type=2 2 2 2 2 2 2 2 2 2 2 2 2 2 2 2 2 2 2 2 2 2 2 2 2 2 2 2 2 2 2 2 2 2 2 2 2 2 2 2 2 2 2 2
left_child=29 2 3 4 26 19 15 8 -8 27 -11 23 14 -9 -13 17 -17 -4 -14 20 21 -3 -22 25 -25 -7 -2 -5 -6 31 32 34 -31 38 37 36 -36 42 41 -39 -32 -33 -1 -37
right_child=1 5 6 9 28 11 7 13 -10 10 -12 12 18 -15 -16 16 -18 -19 -20 -21 22 -23 -24 24 -26 -27 -28 -29 -30 30 40 33 -34 -35 35 43 -38 39 -40 -41 -42 -43 -44 -45
leaf_value=-0.050007334835845345 -0.0037124334513992229 0.001811050782389621 0.0015403981539687296 0.046060027857546634 -0.08153094447905862 0.043215476198854491 -0.03638224022866323 -0.0017162435259112522 0.020265449684669 -0.026537975284614979 -0.0020350740321661335 -0.021681916774471174 -0.032746421110317184 0.002871796082886673 0.0041946085481921703 0.0088311950312530557 0.042633240118986809 0.011891438869324256 0.017621689246245128 -0.058026266894578071 -0.0065623143680585763 0.031271918922434881 0.017411106071961842 0.013149536862762663 -0.013895441611392653 -0.0033303973063153491 -0.18345310196910558 -0.024325453188472443 -0.16387986925894618 -0.052764327769229014 -0.050046053980730698 -0.050010450439584554 0.046944046001278661 0.048693311709416306 -0.050064823507719097 -0.050115506064038667 -0.050367722711431834 -0.05004679726976366 -0.0502645899538256 -0.050108039560201982 -0.05000823744438973 -0.050079046034388564 -0.050004701558291301 -0.050023446087069649
leaf_weight=8.2886142865245329 8.5688202131568687 99.200926719466224 3217.8403586545173 21.720340914529519 3.7883824951713905 48.392185891832924 79.598969041340752 5783.7119815921178 29.582499771204311 148.81059158351854 439.41971694832318 67.950025231621112 79.16546325435047 2724.8040257734829 405.76149709150195 273.2694193001953 48.142416420392692 410.41701661865227 16.127070481947158 6.3541456758975974 117.08058874838753 198.6995662599802 111.26710450701648 160.43215376848821 68.009771053126315 19.856367770029465 0.99120537936687547 4.4633108564303248 5.4939593672752363 0.088508917688158273 0.066816018501413055 0.077150904704467393 0.3349056531151291 0.13266516671865247 0.031797817224286429 0.0049932370020542285 0.030448864650679752 0.035138278879457086 0.0052362484857429994 0.045655412366613746 0.16916006823885255 0.014251706510549411 104.44068043268635 0.18744748857716331
leaf_count=59811 4627 698 11308 1177 25 342 355 23871 87 891 1528 656 1015 8441 1158 945 135 1409 130 22 763 476 363 1422 700 767 5 202 26 41 115 533 103 8 52 3 8 66 1 40 1159 14 1110937 763
internal_value=0.000488135 0.000879162 0.000343235 -0.00848691 -0.0755144 0.00593858 0.000788177 -0.000510306 -0.0210337 -0.00643136 -0.00823382 0.00128252 -0.00365459 -0.00024695 0.000482834 0.00362131 0.0138942 0.00271128 -0.0242222 0.0135066 0.0143703 0.0214614 0.00511923 0.0107511 0.00509794 0.0296733 -0.0223484 0.034062 -0.130271 -0.0496075 -0.00113978 -0.0498896 0.0261014 0.00708511 -0.0500051 -0.0500716 -0.050213 -0.0500049 -0.0500343 -0.0500814 -0.0500189 -0.0500211 -0.0500049 -0.0500258
internal_weight=14712.9 14598.9 13200.6 633.256 18.8424 1398.3 12567.4 8617.7 109.181 614.414 588.23 865.695 569.004 8508.52 473.712 3949.67 321.412 3628.26 95.2925 532.602 526.248 297.9 228.348 296.69 228.442 68.2486 9.56003 26.1837 9.28234 113.953 0.659391 113.294 0.423415 0.229304 113.065 0.254687 0.0622467 112.81 0.0966389 0.0807937 0.235976 0.0914026 112.729 0.192441
internal_count=1237198 63544 55032 8481 4683 8512 46551 32754 442 3798 2419 6190 2959 32312 1814 13797 1080 12717 1145 2322 2300 1174 1126 3231 2122 1109 4632 1379 51 1173654 1418 1172236 144 556 1171680 826 60 1170854 548 106 1274 547 1170748 766
is_linear=0
shrinkage=0.05


Tree=103
num_leaves=45
num_cat=0
split_feature=78 65 34 13 74 76 62 52 27 44 74 43 31 67 36 43 60 43 6 3 18 33 75 74 43 61 22 1 3 30 78 32 31 33 78 17 76 76 3 72 43 57 42 54
split_gain=109.507 15.7391 15.5454 22.6983 20.2525 19.1506 18.0724 21.333 19.8286 15.6724 16.4095 31.1761 16.4793 15.5063 15.766 14.7326 11.5768 9.55476 14.0112 12.9092 13.3418 11.5583 8.81686 8.28205 7.80754 10.0101 5.56925 5.40707 9.95291 6.24057 1.09939 0.610455 0.277904 0.251361 0.208278 0.159967 2.02682e-07 3.73035e-08 2.42904e-08 2.01389e-08 8.64418e-09 2.02836e-08 8.24773e-09 2.69121e-09
threshold=0.04189748574694898 1.0000000180025095e-35 1.0000000180025095e-35 0.97182539105415355 0.3987402619367188 0.044949603787714197 11.500000000000002 0.00017749879855157242 0.77820187807083141 0.94743867909711921 0.69837560842023683 289.50000000000006 0.92880183458328258 2.5000000000000004 6.5000000000000009 32.500000000000007 73.500000000000014 75.500000000000014 0.57932874560356151 0.9636862874031068 0.71564128994941723 0.66202038526535045 0.02911550940239244 0.91620579917227818 106.50000000000001 84.500000000000014 1.0000000180025095e-35 0.91945946216583263 0.96805173158645641 0.88261792063713085 0.74291585239718161 1.0000000180025095e-35 0.90422871708869945 0.56642282009124767 0.019247659171958722 0.83402201533317577 0.59391413434887597 0.64041861067126971 0.96524760127067577 6.5000000000000009 3.5000000000000004 8.5000000000000018 7.5000000000000009 0.99996408959079042
decision_type=2 2 2 2 2 2 2 2 2 2 2 2 2 2 2 2 2 2 2 2 2 2 2 2 2 2 2 2 2 2 2 2 2 2 2 2 2 2 2 2 2 2 2 2
left_child=31 17 9 4 16 -6 8 -8 -5 13 11 -11 -12 14 -3 -15 -4 18 21 23 -21 30 -23 -20 27 26 -26 29 -29 -19 -2 32 39 36 -35 -34 -33 -37 -39 40 41 -1 -38 -42
right_child=1 2 3 6 5 -7 7 -9 -10 10 12 -13 -14 15 -16 -17 -18 24 19 20 -22 22 -24 -25 25 -27 -28 28 -30 -31 -32 33 35 34 -36 37 42 38 -40 -41 43 -43 -44 -45
leaf_value=-0.050054095965287829 -0.064371521172043963 -0.063516376372422897 -0.028050357763998859 0.017418365852755583 0.0033853215321348121 -0.0026069957416663021 -0.015114643576359003 0.015734522308944753 -0.0039116411454930616 -0.02425303044492122 0.0011510731412983485 0.034547061106518534 0.0097158823078772119 0.0036139150835456249 0.01045930044935731 0.021946294877641739 0.0039834323469085074 0.017275958290802831 0.0088454749544053298 -0.074253642127222658 -0.0038820555630653128 -0.065354697661884995 0.0087328114068602053 0.032266247549841851 0.022798019527359863 0.062209851769516503 -0.0092386635833636727 -0.021945963802958966 0.046111247743170755 0.053875750867375151 -0.11039004480115069 -0.050145484575644605 0.037622771496356629 0.036198584780147834 -0.052730410497592251 -0.050151499553914063 -0.050027635905687179 -0.050044121649742195 -0.050114478736681858 -0.0500044766250499 -0.050006304211252607 -0.050010540662670792 -0.050077453235867542 -0.050008511307681081
leaf_weight=0.031481368263483023 2.0253306076483595 13.572561596432935 94.23307655476674 117.85700711960089 3602.2703921757638 2116.8090676589491 592.80645911046304 61.891904998148675 1442.5979687043873 131.26886916006333 4722.8536076502933 27.216560588945867 637.41954467329197 202.53895900250063 15.34633613747428 238.81502525141696 40.251289801657549 18.101465230574831 248.12523312770645 7.5282940896286155 63.94613353535533 5.6413941727369119 13.935390604601706 44.518906254088506 20.460689240353531 7.6609935765154651 40.255752424447564 11.125980541110041 10.387645145994609 32.662441298074555 3.6133203892968595 0.056722057663136094 0.1427515409886827 0.36208208979223855 0.08047471841564402 0.013541543106839526 0.11420243665634189 0.052214307026588358 0.016034905391279608 99.444390720200317 6.1210561721163685 0.17711566705111181 0.0089601858635433018 1.783624988303927
leaf_count=38 159 259 6724 352 10379 12190 2663 551 4521 694 16027 123 1769 1071 111 2168 1948 96 819 33 186 40 72 112 118 19 154 34 24 86 42 36 13 95 35 13 302 103 9 1111910 48991 1040 20 11049
internal_value=0.000464309 0.000836374 0.000517484 -0.000914999 0.000716384 0.00116738 -0.00522594 -0.0121983 -0.00230064 0.00244739 0.00170075 -0.0141553 0.00216956 0.0112094 -0.0242598 0.0135335 -0.0184626 0.00929481 0.00525963 0.00775571 -0.0112942 -0.0307845 -0.0126168 0.0124084 0.0204642 0.0083528 0.0015573 0.0319221 0.0109148 0.0408249 -0.0938608 -0.0496035 -0.0498887 -0.000229647 0.0200277 0.00567813 -0.0500673 -0.0500757 -0.0500607 -0.0500047 -0.0500071 -0.0500171 -0.0500313 -0.0500068
internal_weight=14696.1 14587.7 14057.7 8068.72 5853.56 5719.08 2215.15 654.698 1560.45 5989.03 5518.76 158.485 5360.27 470.273 28.9189 441.354 134.484 529.989 389.334 364.119 71.4744 25.2154 19.5768 292.644 140.655 68.3774 60.7164 72.2775 21.5136 50.7639 5.63865 108.405 107.782 0.622441 0.442557 0.224542 0.179885 0.0817908 0.0682492 107.558 8.11328 0.208597 0.123163 7.90468
internal_count=1237198 63544 61550 39328 31241 22569 8087 3214 4873 22222 18613 817 17796 3609 370 3239 8672 1994 1463 1150 219 313 112 931 531 291 272 240 58 182 201 1173654 1173166 488 130 138 358 125 112 1173028 61118 1078 322 60040
is_linear=0
shrinkage=0.05


Tree=104
num_leaves=45
num_cat=0
split_feature=78 21 43 74 74 43 19 13 75 4 77 74 43 74 75 74 75 75 38 62 77 44 44 78 22 44 45 75 44 61 10 13 32 41 53 78 3 74 31 45 13 28 72 38
split_gain=104.018 16.0229 22.1928 29.3282 27.3964 25.4392 33.7122 28.145 24.9041 21.012 19.376 19.2787 68.8934 35.9513 32.3262 31.4338 33.6089 25.8099 41.6836 45.965 27.8183 22.5634 18.4241 17.7942 14.8478 15.1978 13.9679 12.8258 10.183 8.85145 9.16739 5.14311 0.592161 0.272129 0.244035 0.209362 0.201839 5.33096e-07 1.5415e-07 8.08327e-08 2.8156e-08 1.83203e-08 1.65246e-08 1.2813e-08
threshold=0.04189748574694898 1.0000000180025095e-35 14.500000000000002 0.88639957800627434 0.82420065303839152 7.5000000000000009 0.92419019341468822 0.77459675073623668 0.041720382226369764 0.81934732198715221 0.079371427573475192 0.80381798312439978 18.500000000000004 0.84164048756937737 0.021428043699726344 0.80693854465389236 0.10112074186064016 0.53637184124417125 1.5000000000000002 15.500000000000002 0.3542742430227645 0.88966810249742379 0.93684428637238903 0.92587920922628875 1.0000000180025095e-35 0.72664971357257291 -0.57263464862738223 0.37772161512816677 0.94085164647736752 68.500000000000014 0.58411949872970592 0.96922349929809581 1.0000000180025095e-35 0.80816438794136058 0.17926877387329235 0.019247659171958722 0.96197089552879345 0.58769289597610996 0.90422871708869945 -1.0000000180025095e-35 0.94494947791099559 0.85756292939186107 6.5000000000000009 1.5000000000000002
decision_type=2 2 2 2 2 2 2 2 2 2 2 2 2 2 2 2 2 2 2 2 2 2 2 2 2 2 2 2 2 2 2 2 2 2 2 2 2 2 2 2 2 2 2 2
left_child=32 2 3 5 9 7 -7 -2 26 10 -4 17 15 14 -14 16 -13 18 19 -3 -20 -17 -10 -11 25 -19 -5 -15 -26 30 -6 -31 33 38 37 -36 39 -34 42 41 -40 -35 -1 -39
right_child=1 11 4 8 29 6 -8 -9 22 23 -12 12 13 27 -16 21 -18 24 20 -21 -22 -23 -24 -25 28 -27 -28 -29 -30 31 -32 -33 34 36 35 -37 -38 43 40 -41 -42 -43 -44 -45
leaf_value=-0.05000666769589876 0.034863539832985922 -0.0030528512667888073 -0.035307334326356889 -0.015460823452730449 -0.038151000498148992 -0.020581407021534041 -0.10065687432584192 -0.0086952169510970938 -0.03502975561474498 -0.0069709617210184528 0.010036071752116935 -0.16747084275433177 0.024224636634734273 0.048964600076692996 0.0026624834322083978 0.026291308246790747 0.0054554206021277182 0.022349893113036305 -0.017803650577165361 -0.018121695180963977 0.016861967722594306 -0.00092972195711853449 4.5439476759092815e-06 0.0051819171203263299 0.022319147053713309 -0.021526250947582284 0.018616945055925066 -0.017458920852169931 0.0054321892424896018 0.035148581611301348 0.025182507529604999 0.093901295922632466 -0.050228502451105175 -0.0500090987657478 0.036820298113153398 -0.052460158536917982 0.048224808311455564 -0.050025577271396442 -0.05004152941460091 -0.05022601538896844 -0.050101315269517832 -0.050069013730555972 -0.050004254899468498 -0.050059134854384416
leaf_weight=7.6719685234565977 41.308514995442238 3976.9563090155862 23.997938745174906 33.596113896579482 5.9657662449171758 129.24436047082418 14.632078169262966 362.64919464639388 42.337661621626467 514.96266746631591 1291.0448781291489 5.8253234384465014 294.36598812660668 90.926940880948678 424.48290542676114 77.720579859276768 5.4278537835925817 25.350709379650652 68.908038291658158 579.85223156488792 361.36722472310066 3711.5131716998585 330.24196110776393 725.628042387194 100.38701134244911 89.114176006463822 286.4726867658319 7.8987210291670626 806.21719873067923 7.8642981209559348 135.23818538588239 7.076650470495224 0.052526176237733035 0.070287608068611007 0.34876800111669581 0.080893702921457589 0.1229498598841019 0.076884538648300804 0.036124018173722017 0.0050394873251197172 0.043296087678754702 0.015588083668262698 94.564411885396112 0.045149141500587575
leaf_count=60904 443 13417 8487 279 56 1068 81 1765 174 4182 5658 30 1155 460 1862 204 18 73 1697 2408 1000 10614 1370 2314 312 411 842 57 2410 36 648 13 30 540 101 55 8 242 77 2 42 18 1111575 60
internal_value=0.000441253 0.000795233 0.00351325 -0.00202643 0.00604734 -0.0106711 -0.028725 -0.00424092 0.00481088 0.0048051 0.00920861 -0.000215683 0.00221346 0.0153795 0.0114921 -0.0006192 -0.0840616 -0.00208284 -0.00356569 -0.00497036 0.0113103 -0.000371394 -0.00397654 0.000137321 0.00515966 -0.0118089 0.01504 0.0436556 0.00730206 0.0263791 0.0225067 0.0629763 -0.0495959 -0.0498867 -0.000242604 0.0200112 0.00645557 -0.0500953 -0.0500045 -0.0500314 -0.0500741 -0.05002 -0.0500044 -0.050038
internal_weight=14681.7 14578.6 3952.26 1240.48 2711.78 547.834 143.876 403.958 692.648 2555.63 1315.04 10626.3 4618.16 817.675 718.849 3800.49 11.2532 6008.15 4987.08 4556.81 430.275 3789.23 372.58 1240.59 1021.07 114.465 320.069 98.8257 906.604 156.145 141.204 14.9409 103.134 102.53 0.604222 0.429662 0.213865 0.17456 102.316 0.0909152 0.0794201 0.0858757 102.236 0.122034
internal_count=1237198 63544 27416 6022 21394 3357 1149 2208 2665 20641 14145 36128 14400 3534 3017 10866 48 21728 18522 15825 2697 10818 1544 6496 3206 484 1121 517 2722 753 704 49 1173654 1173166 488 156 568 332 1172598 560 119 558 1172479 302
is_linear=0
shrinkage=0.05


Tree=105
num_leaves=45
num_cat=0
split_feature=78 42 77 76 4 47 45 6 76 74 34 19 44 76 53 52 53 75 76 30 56 47 66 61 32 43 43 28 75 42 60 74 56 74 75 3 42 66 43 10 46 77 42 77
split_gain=98.8161 15.1653 18.9547 16.6596 22.4493 18.9568 18.7011 28.7328 26.168 16.7184 13.247 15.3777 13.1516 16.8585 16.4715 11.0585 8.77634 8.40514 7.34357 10.2794 5.24064 3.2031 2.86191 2.14109 0.574036 0.377568 0.348381 0.25637 0.236556 0.205686 0.148771 4.45806e-07 3.79504e-07 1.92701e-08 1.57845e-08 1.51156e-08 1.13093e-08 8.5802e-09 6.65341e-09 1.25851e-08 1.79127e-09 4.31399e-10 1.24814e-10 8.52509e-11
threshold=0.04189748574694898 5.5000000000000009 0.079371427573475192 0.37016848701995991 0.054299755021929748 0.41632551829129177 -0.26535899752810604 0.94312667846679699 0.082331710859778681 0.49337244944199415 1.0000000180025095e-35 0.87888437509536754 0.99736232710236383 0.48261304045459763 0.23330776762750924 3.9522780079305675e-05 0.85021877443604843 0.034713166053291562 0.51987012477728023 0.87514045834541332 25.500000000000004 -0.33251516012753041 3.5000000000000004 106.50000000000001 1.0000000180025095e-35 14.500000000000002 3.5000000000000004 0.85756292939186107 0.58105147084522546 2.5000000000000004 31.500000000000004 0.59514543181355706 26.500000000000004 0.49337244944199415 0.50588148610962957 0.94487920403480541 6.5000000000000009 4.5000000000000009 3.5000000000000004 0.37176080048084265 0.030641947064152731 0.00021682481437905869 11.500000000000002 0.0015227881022130691
decision_type=2 2 2 2 2 2 2 2 2 2 2 2 2 2 2 2 2 2 2 2 2 2 2 2 2 2 2 2 2 2 2 2 2 2 2 2 2 2 2 2 2 2 2 2
left_child=24 3 21 4 9 12 7 -6 -8 26 11 -7 14 -14 -5 -12 18 -11 20 -20 -4 -3 -18 25 27 -23 -2 36 31 -30 -29 32 -26 -32 37 -35 38 -33 39 -1 -40 42 -38 -43
right_child=1 2 16 5 6 10 8 -9 -10 17 15 -13 13 -15 -16 -17 22 -19 19 -21 -22 23 -24 -25 28 -27 -28 30 29 -31 33 34 -34 35 -36 -37 41 -39 40 -41 -42 43 -44 -45
leaf_value=-0.05004515690113015 -0.11191476520299647 0.022701861849142153 0.026246563348895642 0.0061219338852690711 0.018369446991781599 -0.017609286593112037 0.0012659463977391565 -0.00095322956889331504 -0.0064105754699769471 0.055945007273526096 -0.028858961603441896 0.025280573296293296 0.0208974682200017 -0.0017383626595631856 -0.0133040718478366 0.0037761709866227741 0.011685328107453413 0.021076595808631429 -0.044141479400083256 0.03410726412555392 0.066633511410531462 -0.072203560759377602 -0.049759995712878952 0.045639620391762246 -0.050104906681683305 -0.050294314416710117 -0.057385372943167735 0.03787921683751911 -0.052267280838992208 0.03705917009200916 -0.050147992454941184 -0.050020070631713646 -0.050337051990792914 -0.050043529578510708 -0.050095823555872221 -0.050090835412553908 -0.050004289718204732 -0.050066432666064122 -0.050005392266700172 -0.05000981721443102 -0.050007187205330442 -0.050004562756417847 -0.050004043870065178 -0.050005242283463786
leaf_weight=0.029949895084427136 0.31218477984657411 1.6449467948987138 12.168486250098793 163.19682747242041 378.14882426036638 51.380278151948005 11256.62887102965 391.64918269732152 1231.6122062505747 26.410830590873957 163.44865277822828 35.227667969389586 121.24782851198688 255.77588724956149 329.31194805848645 30.85847015096806 3.8304639086127272 50.007788136601448 5.3067180828657028 20.073609505547211 23.631034838501364 3.4921732621878601 3.7505497466772795 0.51164139114553098 0.044646815716986477 4.5008794797759037 4.7439109020488104 0.13131537433946405 0.079671845989651047 0.33717493613949046 0.0078469746295013465 0.075043050281237811 0.029066429531667382 0.036792197861359455 0.0089960589539259672 0.031211205248837359 5.5065094515812225 0.011510282623930834 4.8318358512115083 0.15859510575683089 1.9512837501461033 1.4182701126483146 82.742905946419341 0.68423523597448355
leaf_count=57 9 16 53 2837 1630 881 37866 1473 4518 70 1693 361 357 3069 2877 425 12 172 75 157 72 306 28 45 35 4332 210 18 62 86 7 262 13 81 11 33 65042 19 45979 1021 14698 15856 1023512 6862
internal_value=0.000420259 0.00075706 0.022617 0.000638013 0.0011359 -0.00513504 0.000975106 0.00853867 0.000508874 0.0273015 -0.0164271 -0.000163893 -0.00148697 0.00554114 -0.00686711 -0.0236761 0.0320319 0.0331274 0.03832 0.0177464 0.0529057 -0.0411661 -0.0187135 -0.0535193 -0.0495895 -0.0598665 -0.0607522 -0.049886 -0.000255162 0.0199862 0.00567665 -0.0501041 -0.0501964 -0.0500738 -0.0500328 -0.0500652 -0.0500042 -0.0500262 -0.0500062 -0.0500154 -0.0500059 -0.0500041 -0.0500041 -0.0500048
internal_weight=14667 14568.9 78.9105 14490 13339.5 1150.45 13258 769.798 12488.2 81.4747 280.915 86.6079 869.532 377.024 492.509 194.307 68.7609 76.4186 61.1798 25.3803 35.7995 10.1496 7.58101 8.50469 98.1169 7.99305 5.0561 97.5308 0.586109 0.416847 0.207166 0.169263 0.0737132 0.0758504 0.0955494 0.0680034 97.3236 0.0865533 6.97166 0.188545 6.78312 90.3519 88.2494 2.10251
internal_count=1237198 63544 5096 58448 45948 12500 45487 3103 42384 461 3360 1242 9140 3426 5714 2118 397 242 357 232 125 4699 40 4683 1173654 4638 219 1173166 488 148 139 340 48 121 292 114 1173027 281 61755 1078 60677 1111272 1088554 22718
is_linear=0
shrinkage=0.05


Tree=106
num_leaves=45
num_cat=0
split_feature=78 41 43 74 43 13 74 74 43 60 74 77 43 44 77 33 43 53 76 74 56 77 2 21 60 74 44 44 44 44 21 56 32 41 38 8 31 76 76 48 13 72 41 28
split_gain=93.8739 15.767 20.0595 43.9947 48.2688 46.7572 43.7006 34.4344 50.7376 36.9327 28.5097 27.5054 18.7188 18.3022 15.3154 19.3742 20.3023 16.9077 10.5179 16.1366 15.7394 11.314 10.8852 15.5864 10.2044 9.34428 8.86216 9.31597 8.74287 21.1049 8.99701 7.39154 0.55622 0.252253 0.229382 0.183653 1.26385e-07 9.89046e-08 1.00591e-07 6.40344e-08 2.31905e-08 1.22206e-08 7.54894e-09 6.83245e-09
threshold=0.04189748574694898 0.5123116970062257 32.500000000000007 0.82006021917769722 49.500000000000007 0.12599206715822223 0.71894715964871347 0.81611493993381334 16.500000000000004 71.500000000000014 0.88639957800627434 0.76657831827204215 7.5000000000000009 0.99963924459869846 0.76657831827204215 0.63650977611541759 36.500000000000007 0.85021877443604843 0.35139525814675421 0.53912397517524824 19.500000000000004 0.3542742430227645 0.90521115064620983 1.5000000000000002 37.500000000000007 0.88639957800627434 0.99894997347349768 0.99866022530733278 0.97704185267845556 0.94743867909711921 1.5000000000000002 40.500000000000007 1.0000000180025095e-35 0.80816438794136058 1.5000000000000002 0.79361054301261913 0.90422871708869945 0.59391413434887597 0.5635384120391268 0.98751063528077154 0.94494947791099559 6.5000000000000009 0.72019910812377941 0.85756292939186107
decision_type=2 2 2 2 2 2 2 2 2 2 2 2 2 2 2 2 2 2 2 2 2 2 2 2 2 2 2 2 2 2 2 2 2 2 2 2 2 2 2 2 2 2 2 2
left_child=32 2 7 4 6 -6 -4 9 10 11 -9 -2 18 -11 15 17 -17 -14 19 20 -3 -21 23 -20 -10 -24 27 -5 29 -16 -30 -28 33 36 37 39 41 38 -34 43 -38 -1 -42 -35
right_child=1 12 3 26 5 -7 -8 8 24 13 -12 -13 14 -15 28 16 -18 -19 22 21 -22 -23 25 -25 -26 -27 31 -29 30 -31 -32 -33 34 35 -36 -37 40 -39 -40 -41 42 -43 -44 -45
leaf_value=-0.050006033105958525 -0.017947092822940443 -0.033273086223002436 -0.0086820657267371384 0.017525947521166426 -0.031284845731254694 -0.00040867238826998122 0.012250576279638433 -0.0079530305764008765 0.0084673360386631306 0.00043884739120349925 0.0014544137290092493 -0.0035869272804923361 0.022377881709754983 0.028900949845170443 0.025652012871513242 -0.020171428426028211 0.00083037921598570991 -0.0065482614111991595 0.00025130509004912539 0.035327837507689842 0.013297673280511249 0.012155401263624464 -0.00016896166568700034 -0.058831937640031473 0.026270381265195444 0.030093312506988934 0.032111506378629938 -0.06415311587388324 0.011376375422697616 -0.059233388472157117 0.038599058254831863 0.094563392191370166 -0.050046233239263431 -0.050009062980481793 0.02000181531787594 0.047966343054548749 -0.050038877645764306 -0.050025780070660657 -0.050193140193239484 -0.050174662842239287 -0.050074130779178244 -0.050003851814833633 -0.050117567648932493 -0.050052068816187838
leaf_weight=6.9419733168033408 779.05401583047933 23.878331162966788 302.85052055284905 120.80251324083656 125.8800870324194 4726.4417518410482 1410.9524218848965 1086.6205009901896 133.45863522117725 419.03862680873135 3111.4058827527042 582.99284974485636 123.73099700639432 65.281143692380283 17.414947111159567 193.51812677209091 283.8729537310719 85.37561923431349 92.702159093634691 135.97459889948368 75.530052196525503 85.987278416752815 47.684670545801055 12.6905020934646 202.79908664047252 54.849466936662793 92.008771139517194 3.59485824254807 100.30530706048012 12.635205700993536 43.519857674837112 4.9950931333005419 0.026227556663797169 0.064883529892539538 0.40387071025907062 0.11367777228588238 0.033422529428206782 0.11724041807610774 0.0209680728148669 0.0068655578652396789 0.020530391004285775 85.566089017789636 0.019505848031258211 0.010768284802907147
leaf_count=60904 5026 197 2707 749 688 23306 4766 3123 456 1841 9198 1659 2369 215 54 1295 1692 310 661 323 507 223 179 67 627 165 627 26 301 52 117 18 35 539 81 10 77 364 8 3 30 1111575 12 16
internal_value=0.000399213 0.000719696 0.000185145 0.00207725 0.00133807 -0.00120967 0.00855152 -0.00182761 0.000516287 -0.00758372 -0.000980617 -0.0118006 0.00578497 0.00427524 0.00123342 -0.00212388 -0.00768304 0.0105677 0.0131835 0.0188529 0.00211117 0.0263509 0.00442095 -0.006863 0.0192045 0.0160195 0.0239992 0.0151656 0.0144888 -0.0100398 0.0196136 0.0353274 -0.049582 -0.049884 -0.000267355 0.00675088 -0.0500041 -0.0500504 -0.0501115 -0.0500285 -0.0500696 -0.050004 -0.0500953 -0.0500152
internal_weight=14651.2 14557.8 13168.2 6787.53 6566.12 4852.32 1713.8 6380.65 4534.28 1846.37 4198.03 1362.05 1389.67 484.32 860.373 686.498 477.391 209.107 529.297 321.37 99.4084 221.962 207.927 105.393 336.258 102.534 221.401 124.397 173.875 30.0502 143.825 97.0039 93.346 92.7777 0.568307 0.196195 92.5815 0.164436 0.0471956 0.0825174 0.0734588 92.5081 0.0400362 0.0756518
internal_count=1237198 63544 55032 32887 31467 23994 7473 22145 13404 8741 12321 6685 8512 2056 6190 5666 2987 2679 2322 1250 704 546 1072 728 1083 344 1420 775 524 106 418 645 1173654 1173166 488 568 1172598 407 43 558 119 1172479 42 555
is_linear=0
shrinkage=0.05


Tree=107
num_leaves=45
num_cat=0
split_feature=78 21 43 57 13 74 60 44 47 43 43 75 43 74 43 77 74 74 18 60 52 74 60 29 51 60 56 77 75 43 44 43 47 74 41 42 3 32 74 28 48 51 13 74
split_gain=89.1818 15.5566 20.8226 29.8548 23.857 25.8724 20.4298 18.6783 22.5603 30.9168 41.8215 37.2448 22.4917 32.4201 27.2012 23.504 19.4731 22.2769 18.9581 18.5175 16.4007 21.1793 16.1901 15.5238 15.629 14.486 13.989 13.4845 11.4647 8.86076 7.5617 0.562329 0.549795 0.28816 0.244383 0.227733 0.170525 4.43776e-07 4.36261e-07 1.09962e-07 5.73628e-08 2.04573e-08 1.91996e-08 1.37832e-08
threshold=0.04189748574694898 1.0000000180025095e-35 62.500000000000007 17.500000000000004 0.76817703247070324 0.79127698397696344 102.50000000000001 0.99963924459869846 0.96559001702592306 49.500000000000007 35.500000000000007 0.0011401718017865674 59.500000000000007 0.67476956592363857 71.500000000000014 0.84336562637060275 0.79186550052253923 0.79009130304267672 0.90834090113639843 32.500000000000007 0.001040126191983199 0.32450945056678204 103.50000000000001 0.88260501623153698 0.18703749809478976 83.500000000000014 14.500000000000002 0.17962771777507108 0.19881524512955942 60.500000000000007 0.98164396416753563 16.500000000000004 0.41632551829129177 0.60336812859337219 0.80816438794136058 2.5000000000000004 0.96197089552879345 1.0000000180025095e-35 0.58769289597610996 0.85756292939186107 0.98751063528077154 0.4268504470574177 0.94494947791099559 0.60336812859337219
decision_type=2 2 2 2 2 2 2 2 2 2 2 2 2 2 2 2 2 2 2 2 2 2 2 2 2 2 2 2 2 2 2 2 2 2 2 2 2 2 2 2 2 2 2 2
left_child=32 2 6 4 27 -6 23 8 9 10 -3 -11 13 31 19 -15 17 -10 -16 -14 21 -5 30 24 -2 -22 -25 -4 -18 -24 -8 -9 34 35 37 -34 40 39 -39 -1 -36 -35 -41 -40
right_child=1 7 3 20 5 -7 22 12 16 11 -12 -13 14 15 18 -17 28 -19 -20 -21 25 -23 29 26 -26 -27 -28 -29 -30 -31 -32 -33 33 41 36 -37 -38 38 43 42 -42 -43 -44 -45
leaf_value=-0.050003816397902627 -0.012433947668861023 -0.0020625685239297124 -0.054105551752616748 -0.038918887501674104 -0.016441098518911807 0.025691624580937385 0.1111616911322843 -0.078245083708789229 0.0038532497367180455 0.027765827363057213 0.0092100434613644356 -0.0083037768577314628 0.019485597825843033 0.013957744817510829 -0.015008763773490353 -0.0071191185064785325 0.032865791487659522 -0.058782112315196623 0.010593611202124605 -0.047287756535048658 0.046297976641369483 0.01274390937716215 0.011376176960180142 0.010256266428623206 0.035482944277599876 -0.030376832034551094 -0.0020284370635122303 0.043265701705560433 0.0017699843012375723 0.07937700785639025 0.035746495372566293 -0.057565962222792671 -0.052310212959751481 -0.05004212119158117 -0.050014558092262795 0.04580393709455037 0.047571748054580976 -0.050217034420656149 -0.050097884879344134 -0.05003791026688427 -0.050172401407403755 -0.050006449214151288 -0.050091597882775979 -0.050028724119621087
leaf_weight=87.850239338731626 24.126238499942701 4868.5906844020647 3.9802155892975852 20.323840093493345 229.44312180276029 43.315160650934558 6.4465192064235435 4.9947773516178122 1046.0492245471105 74.048124194421689 990.12363635760266 2137.4146460932243 12.898385688662527 786.76081671574502 115.19122589813196 159.00480784475803 93.713524896651506 14.390936374664305 194.21675577101996 53.238114801817574 56.292616235325113 829.69415822721203 116.19400573401072 258.4218597565341 57.754776107933139 6.9169264679949256 2244.3404977727332 33.330549409613013 43.354452203959227 4.9965185241890131 6.8618488921201788 9.6178607461042684 0.074172636857837371 0.057822474002023228 0.069616923829015742 0.29187565898610046 0.10907986821257509 0.046342363406437381 0.0077607287385035298 0.030015954369445264 0.0062747616320848456 0.13181202256237157 0.037404537142720073 0.10041704255127115
leaf_count=1171216 1385 15782 663 2257 1864 263 23 22 2889 403 3437 8680 33 2184 504 462 480 65 660 230 911 4268 821 1333 477 169 12831 92 199 32 27 98 41 115 546 103 8 31 6 69 2 1159 42 316
internal_value=0.000380221 0.000685207 0.00336684 0.00878441 -0.00462072 -0.00975025 0.000929562 -0.000311828 -0.00110857 -0.00205886 -0.000157495 -0.00709603 0.00521539 0.00927234 -0.00515944 0.0104142 0.00529555 0.00300324 0.00106196 -0.0342652 0.0133359 0.0115087 0.0199284 -5.90932e-05 0.0213642 0.0379076 -0.000759984 0.0328784 0.0230302 0.0141798 0.0722773 -0.0646343 -0.0495713 7.3017e-06 -0.0498834 0.025923 0.00752786 -0.050004 -0.0500887 -0.0500039 -0.0500276 -0.0500173 -0.0500677 -0.0500337
internal_weight=14634.9 14546 3942.44 1223.3 310.069 272.758 2719.14 10603.6 9267.69 8070.18 5858.71 2211.46 1335.92 960.378 375.544 945.766 1197.51 1060.44 309.408 66.1365 913.228 850.018 134.499 2584.64 81.881 63.2095 2502.76 37.3108 137.068 121.191 13.3084 14.6126 88.8128 0.555683 88.2572 0.366048 0.184972 88.0722 0.15452 87.9177 0.0758917 0.189634 0.0674205 0.108178
internal_count=1237198 63544 27416 10487 2882 2127 16929 36128 31935 28302 19219 9083 4193 2766 1427 2646 3633 2954 1164 263 7605 6525 903 16026 1862 1080 14164 755 679 853 50 120 1173654 1418 1172236 144 556 1171680 353 1171327 548 1274 111 322
is_linear=0
shrinkage=0.05


Tree=108
num_leaves=45
num_cat=0
split_feature=78 57 33 38 13 74 73 20 74 1 75 20 74 61 44 30 61 62 76 45 37 74 75 44 57 19 30 57 5 47 74 41 78 3 54 74 44 31 48 51 13 50 72 38
split_gain=84.7368 15.1848 17.2414 22.9616 23.2285 19.7497 32.8528 17.9014 32.2998 25.0039 17.6813 17.1555 16.5011 14.6051 14.1902 13.9165 12.1773 14.903 12.3253 30.3292 14.6674 9.0166 8.60365 7.93435 7.32205 6.48551 8.2651 3.9032 2.62757 0.528599 0.272385 0.233406 0.184668 0.161271 2.85577e-07 4.17301e-07 3.53556e-07 9.41097e-08 4.93631e-08 1.76079e-08 1.5463e-08 8.80272e-09 8.68808e-09 6.48659e-09
threshold=0.04189748574694898 32.500000000000007 0.93356561660766613 1.5000000000000002 0.92907443642616283 0.75340779026422677 91.500000000000014 0.57518798112869274 0.90671793854888028 0.89943820238113414 0.57134830687072624 0.39696970582008367 0.29536426030390478 116.50000000000001 0.99882909937808362 0.96571314334869396 107.50000000000001 7.5000000000000009 0.2213038143741288 -0.48215832325062252 4.5000000000000009 0.69837560842023683 0.066221945039251093 0.9995780593717708 39.500000000000007 0.98314553499221813 0.88024389743804943 37.500000000000007 0.81530213356018078 0.41632551829129177 0.60336812859337219 0.80816438794136058 0.019247659171958722 0.96197089552879345 0.9999975384203722 0.59514543181355706 0.99940530953641049 0.90422871708869945 0.98751063528077154 0.4268504470574177 0.94494947791099559 2.5000000000000004 6.5000000000000009 1.5000000000000002
decision_type=2 2 2 2 2 2 2 2 2 2 2 2 2 2 2 2 2 2 2 2 2 2 2 2 2 2 2 2 2 2 2 2 2 2 2 2 2 2 2 2 2 2 2 2
left_child=29 2 3 5 12 10 -7 8 11 15 -2 -4 -5 16 -6 -9 18 22 20 -20 -3 -11 -18 -10 25 26 -15 -19 -26 31 32 34 -31 38 37 36 -36 42 -33 43 -39 -37 -1 -32
right_child=1 13 7 4 14 6 -8 9 23 21 -12 -13 -14 24 -16 -17 17 27 19 -21 -22 -23 -24 -25 28 -27 -28 -29 -30 30 39 33 -34 -35 35 41 -38 40 -40 -41 -42 -43 -44 -45
leaf_value=-0.050005439146962205 -0.0085819077392315212 0.0048966837915346874 0.02783563331220822 -0.031153226639952326 0.0022858197315840686 -0.0017594243808773417 0.0085924742243157354 -0.046528546101584509 0.029820077871236868 -0.014417323230210347 0.0033440388444817681 -0.025923837785473261 0.012882394726349217 0.046209102911020539 -0.013254257871743686 -0.003470088193456788 -0.049530373950449125 -0.13644648641513007 0.012620222045619548 -0.018849364437980225 0.032595992813127139 0.013143753173378264 0.026730043849200719 -0.020133204107260747 0.039911530258325834 0.065666920498269096 -0.026725175486159908 -0.061000278994071448 0.080529084168175002 0.042194779081754494 -0.050029863832012571 -0.050013848732175417 -0.052449714300108433 0.047094420645689604 -0.050053210347157755 -0.050017684851514976 -0.050318953117866785 -0.050035754155095993 -0.050163968146933524 -0.050006134861520946 -0.050086218785729088 -0.05005809399356928 -0.050003485303861006 -0.050068962590430699
leaf_weight=6.1412199295227756 1549.0354509198223 1979.8724794736772 16.722033679485321 21.95669945894042 1068.438850275008 6302.0655081185687 872.5442192129558 25.690997389145195 54.849183693528175 30.89861030690372 388.79791611601831 131.85627180954907 684.03954737170716 6.2696353928331581 170.31756943982327 69.608514726511203 6.372434698976579 3.0105186315486199 135.81910088990116 175.48821458499879 48.974085399371688 749.33675400726497 8.8140884975437057 9.2965254336595518 7.6940473886934333 5.074562430381774 10.210267865739295 3.9815030058380216 8.2522013647831027 0.29158482628554239 0.04065115783305373 0.066222582216140746 0.062605460057966411 0.10478544913348742 0.02459167380584304 0.13470874925405951 0.025489489155006595 0.026124225310922067 0.0059697162359952918 0.12538424280501204 0.03623278763552662 0.014975368751038332 77.373829972108069 0.014353481819853187
leaf_count=59811 9258 6771 42 4393 6088 20182 3302 94 133 142 1296 453 4066 28 1179 206 36 22 1548 1410 712 1992 32 28 28 12 52 22 17 98 101 546 46 8 52 733 8 64 2 1159 42 33 1110937 14
internal_value=0.000361496 0.000651514 -6.66053e-05 -0.000657612 0.00427451 -0.00171021 -0.000500472 0.00593829 -0.00707167 0.00909925 -0.00618914 -0.0198734 0.0115129 0.00428589 0.000149203 -0.0150779 0.00379444 -0.0330804 0.00414391 -0.00511962 0.00556531 0.0120523 -0.00526968 0.0225804 0.0352446 0.0162414 0.00102203 -0.0934848 0.0609312 -0.0495671 -5.04763e-06 -0.0498826 0.0254657 0.00747721 -0.0500038 -0.0500635 -0.0501885 -0.0500037 -0.0500263 -0.0500165 -0.0500651 -0.0500217 -0.0500036 -0.0500401
internal_weight=14629.8 14545.3 12145.5 11057.2 1944.75 9112.44 7174.61 1088.26 212.724 875.535 1937.83 148.578 705.996 2399.83 1238.76 95.2995 2362.33 22.1785 2340.15 311.307 2028.85 780.235 15.1865 64.1457 37.5007 21.5545 16.4799 6.99202 15.9462 84.4887 0.534579 83.9541 0.35419 0.176978 83.7772 0.199765 0.0500812 83.5774 0.0721923 0.180389 0.062357 0.149684 83.515 0.0550046
internal_count=1237198 63544 52854 49764 15726 34038 23484 3090 656 2434 10554 495 8459 10690 7267 300 10553 112 10441 2958 7483 2134 68 161 137 92 80 44 45 1173654 1418 1172236 144 556 1171680 826 60 1170854 548 1274 106 766 1170748 115
is_linear=0
shrinkage=0.05


Tree=109
num_leaves=45
num_cat=0
split_feature=78 41 76 45 13 76 45 13 43 45 4 77 33 43 77 53 10 52 34 6 51 15 61 57 78 62 33 17 1 4 42 1 32 41 33 33 8 56 76 31 48 13 72 42
split_gain=80.5164 14.8352 19.0832 19.3939 24.0352 22.4899 31.9335 20.5499 16.4696 15.7767 15.6186 15.3602 17.4849 17.3905 14.5332 13.8507 13.6118 13.1584 12.921 15.3489 13.67 11.21 14.2882 13.3332 18.208 14.1762 9.67598 8.29793 8.25865 12.4793 5.15506 2.72112 0.509083 0.219808 0.203262 0.164057 0.15776 2.38356e-07 1.48786e-07 8.06035e-08 4.03346e-08 1.47847e-08 7.85793e-09 5.88083e-09
threshold=0.04189748574694898 0.51027804613113414 0.42667860534672603 -0.40249058483425354 0.93683511018753063 0.082331710859778681 -0.085541502036153585 0.9529346525669099 7.5000000000000009 -0.77539948413006521 0.054299755021929748 0.76657831827204215 0.63650977611541759 36.500000000000007 0.3542742430227645 0.85021877443604843 0.95480081439018261 3.2492186624438817e-05 1.0000000180025095e-35 0.96490147709846508 0.67865426389250116 0.50096523761749279 25.500000000000004 27.500000000000004 0.74291585239718161 30.500000000000004 0.69247421622276317 0.56110003590583812 0.5388936996459962 0.42740046977996832 5.5000000000000009 0.49295215308666235 1.0000000180025095e-35 0.80816438794136058 0.56642282009124767 0.56949043273925792 0.79361054301261913 28.500000000000004 0.59391413434887597 0.90422871708869945 0.98751063528077154 0.94494947791099559 6.5000000000000009 7.5000000000000009
decision_type=2 2 2 2 2 2 2 2 2 2 2 2 2 2 2 2 2 2 2 2 2 2 2 2 2 2 2 2 2 2 2 2 2 2 2 2 2 2 2 2 2 2 2 2
left_child=32 2 3 4 14 10 -7 -6 21 16 -5 12 15 -14 -2 -10 17 -4 20 -20 -11 23 27 24 -3 -25 -24 -23 31 -30 -18 -13 33 39 38 -36 40 -37 -34 42 -35 -41 -1 -40
right_child=1 8 9 5 7 6 -8 -9 11 18 -12 28 13 -15 -16 -17 30 -19 19 -21 -22 22 26 25 -26 -27 -28 -29 29 -31 -32 -33 34 36 35 37 -38 -39 43 41 -42 -43 -44 -45
leaf_value=-0.050005196566684562 -0.0041190303538007553 -0.044572490853773059 0.0048135693039865817 0.031894017125061888 -0.05608638900503661 0.0011979961053293266 -0.015343430769958059 0.0038078334429061142 0.020573583212969846 0.00038476991972066088 0.00071671638023862146 0.029226574966168956 -0.018839997885947531 0.00053618680901301242 0.028180181724254239 -0.0054031771283450181 -0.065082015508629618 0.052232460399610582 -0.014396662302116506 -0.046726201820892765 -0.036286836568058395 0.0010260865947648292 0.034575542275490548 -0.016135792942798249 0.020473934307115291 0.062964022068242878 0.013659369455422938 -0.088078755498281092 -0.049811495679249973 0.013348773499018547 0.021396734912415644 0.063213181451205191 -0.050134127962956757 -0.0500136963807611 0.035525940226302413 -0.050042075192256223 0.047135228513537394 -0.050230576641794415 -0.050022901635369946 -0.050033462072857686 -0.050149810452212056 -0.050082011647221009 -0.050003311419396936 -0.050069051695485534
leaf_weight=5.9764484472834729 42.881770841573598 30.226879437555908 124.34892732530716 40.322174442335381 14.966565528680801 630.47281183541054 543.10885924073227 332.14013639630866 124.89147040671378 224.10379813602776 10663.700044132376 19.865301288664345 195.13061647089489 284.84744023228996 185.41693995893002 87.103087436669739 8.6483552911668067 16.580644959438359 242.32520270143868 43.268196354794782 28.662762075458886 5.3556587161729095 64.623730986961164 10.825752715871205 16.704046746366657 11.880506343790328 382.95706263399916 5.1017367718741298 8.2913041785359365 137.76446257159114 2.1521041463420252 8.3712012879550439 0.047605052153811722 0.065743589271732072 0.3014917028194759 0.039494798264058772 0.10016017462476157 0.029146115841285791 0.09070353745482862 0.028770183140294558 0.0059339113940950474 0.034468515870685223 73.649325813505129 0.0074715558948810204
leaf_count=60904 421 271 1969 238 88 2507 2049 1216 2446 2414 38589 75 1315 1701 455 314 323 288 3363 486 455 20 337 89 91 65 1447 27 30 403 33 19 36 555 9 92 10 29 302 77 3 42 1111575 20
internal_value=0.00034379 0.000619723 9.95444e-05 0.000548044 0.00951288 0.000113746 -0.00645703 0.00122531 0.00552435 -0.00799386 0.000834162 0.00128258 -0.00205889 -0.00734102 0.0221134 0.0099004 0.00624666 0.0103925 -0.0120074 -0.0192947 -0.00377365 0.0124879 0.0153295 -0.00620254 -0.0214206 0.0252513 0.0166793 -0.0424445 0.0145488 0.00976329 -0.0478502 0.0393025 -0.0495619 -0.0498817 -5.35697e-05 0.0196425 0.00660745 -0.0501221 -0.0500616 -0.0500035 -0.050025 -0.0500599 -0.0500035 -0.0500264
internal_weight=14617.4 14537 13143.1 12453 575.405 11877.6 1173.58 347.107 1393.94 690.09 10704 866.265 691.973 479.978 228.299 211.995 151.73 140.93 538.36 285.593 252.767 527.675 458.038 69.6372 46.9309 22.7063 447.581 10.4574 174.292 146.056 10.8005 28.2365 80.3768 79.8609 0.515913 0.370133 0.171838 0.0686409 0.14578 79.689 0.0716775 0.0632387 79.6258 0.0981751
internal_count=1237198 63544 54894 45563 2180 43383 4556 1304 8650 9331 38827 6303 5776 3016 876 2760 2613 2257 6718 3849 2869 2347 1831 516 362 154 1784 47 527 433 356 94 1173654 1173166 488 130 568 121 358 1172598 558 119 1172479 322
is_linear=0
shrinkage=0.05


Tree=110
num_leaves=45
num_cat=0
split_feature=78 65 76 54 47 51 74 76 43 74 19 4 52 60 36 43 56 43 6 3 18 10 33 38 43 52 60 27 21 75 1 31 47 74 41 42 3 32 74 31 45 51 13 76
split_gain=76.5068 14.7504 14.3714 23.758 21.3577 19.39 19.3177 36.7565 35.0356 18.2246 18.2144 16.9054 14.7768 16.847 16.2669 14.1727 11.7431 8.60591 12.6444 11.6692 11.7197 10.4951 14.1894 8.47367 7.31897 9.0864 7.02143 6.93143 5.56587 5.18973 3.54968 1.48079 0.494046 0.242615 0.213006 0.204556 0.145253 2.84019e-07 2.77882e-07 7.01241e-08 3.48436e-08 1.30438e-08 1.19459e-08 1.00467e-08
threshold=0.04189748574694898 1.0000000180025095e-35 0.14630926420287657 0.99999895787473358 0.65873203582663697 0.92009233756444175 0.78564564992411667 0.051493837764774661 18.500000000000004 0.3987402619367188 0.57739216089248668 0.054299755021929748 0.0073991220289547511 30.500000000000004 8.5000000000000018 140.50000000000003 41.500000000000007 75.500000000000014 0.57932874560356151 0.9636862874031068 0.71564128994941723 0.87627550959587108 0.66202038526535045 1.5000000000000002 106.50000000000001 7.6002494593039493e-05 96.500000000000014 0.8919891119003297 1.5000000000000002 0.057456428223937879 0.91945946216583263 0.6062217950820924 0.41632551829129177 0.60336812859337219 0.80816438794136058 2.5000000000000004 0.96197089552879345 1.0000000180025095e-35 0.58769289597610996 0.90422871708869945 -1.0000000180025095e-35 0.4268504470574177 0.94494947791099559 0.59391413434887597
decision_type=2 2 2 2 2 2 2 2 2 2 2 2 2 2 2 2 2 2 2 2 2 2 2 2 2 2 2 2 2 2 2 2 2 2 2 2 2 2 2 2 2 2 2 2
left_child=32 17 3 9 12 15 7 -5 -8 10 -3 -11 13 -4 -14 -6 -7 18 21 23 -21 22 -2 -20 28 26 -26 -27 30 -30 -19 -23 34 35 37 -34 40 39 -39 -1 -36 -35 -41 -40
right_child=1 2 4 6 5 16 8 -9 -10 11 -12 -13 14 -15 -16 -17 -18 24 19 20 -22 31 -24 -25 25 27 -28 -29 29 -31 -32 -33 33 41 36 -37 -38 38 43 42 -42 -43 -44 -45
leaf_value=-0.050003285817470572 -0.092893538598473352 0.0063729848859469113 -0.014054989661623879 -0.0016039151499646805 -0.0034386254754254181 -0.034336889588081503 -0.0010198074840101405 -0.021506826323205785 0.0079226539095310598 0.040150978817183589 -0.022290547127442207 0.0058486123021981064 0.038369478625013609 9.7522366615269683e-06 -0.019209678712897436 -0.044294003907669431 0.042204589603989213 0.045511457372182797 0.0083972938741677244 -0.069154054006064808 -0.0037321268831545318 -0.080850086994089146 0.0048767758933273668 0.033231945714382947 0.0072165807479953291 -0.11559015839608133 0.062428880962858639 0.0023856638135349734 0.032141505480499863 -0.029738718886559608 0.018524058203445451 -0.14740638955652391 -0.052165245681238107 -0.050036252461290509 -0.05001533195786672 0.04416436531191878 0.046399307794758544 -0.05018679101066148 -0.050091784002797471 -0.050032578939267318 -0.050177103513836196 -0.050005551094953193 -0.050078009722033315 -0.050024908537860027
leaf_weight=75.613535344393313 4.7590994717757047 106.11936311332101 247.36257404170465 3776.9881383553147 260.52472381838015 112.27748710621381 3454.2129394114017 247.15439128410071 1603.8846950158477 36.459534987807274 116.01648829276382 2419.9657683894038 45.460051675472641 1528.7356980172772 16.799136389454361 23.110330676689046 5.2451395308598867 40.462263006382273 250.72543572552968 7.6672099017887367 63.880572989583015 1.8075686784286511 16.850389796833042 39.799777449050453 56.411598776976462 2.5201362738298476 6.4129046426387495 2.4606593789649196 6.9091395214200002 6.6490354090929031 17.434614202240482 1.5543484240770338 0.069449230060853462 0.049773975522839464 0.06209799167845631 0.26692189930327004 0.096496151643805206 0.039912963169625892 0.006001142814056947 0.025898071129630718 0.0035171059425910247 0.11345371398419957 0.032790020544780418 0.087508063494169619
leaf_count=1171216 164 6626 1916 10475 1435 655 9362 828 5940 103 3904 6816 719 12116 416 226 13 152 726 33 186 51 91 205 234 31 16 10 20 22 46 7 41 115 547 103 8 31 4 69 1 1159 42 318
internal_value=0.000326683 0.000589258 0.000280343 0.000979395 -0.00339073 -0.0138434 -0.000241029 -0.00282631 0.00181578 0.00511751 -0.00859732 0.00635775 -0.00110979 -0.00194909 0.0228331 -0.00676749 -0.0309208 0.00880677 0.00497161 0.00734496 -0.0107429 -0.0294408 -0.0166554 0.0117995 0.0194658 0.00769876 0.0128525 -0.0573066 0.0306317 0.00179496 0.0373847 -0.111622 -0.0495551 3.56571e-06 -0.049881 0.0242756 0.00737163 -0.0500035 -0.0500763 -0.0500033 -0.050024 -0.0500149 -0.050058 -0.0500292
internal_weight=14603.1 14526.6 14000.3 11760.8 2239.52 401.158 9082.24 4024.14 5058.1 2678.56 222.136 2456.43 1838.36 1776.1 62.2592 283.635 117.523 526.305 387.044 362.073 71.5478 24.9714 21.6095 290.525 139.26 67.8053 62.8245 4.9808 71.4551 13.5582 57.8969 3.36192 76.4674 0.499599 75.9678 0.336371 0.162111 75.8056 0.133422 75.6722 0.0656151 0.163228 0.0586881 0.0935092
internal_count=1237198 63544 61550 44054 17496 2329 26605 11303 15302 17449 10530 6919 15167 14032 1135 1661 668 1994 1463 1150 219 313 255 931 531 291 250 41 240 42 198 58 1173654 1418 1172236 144 556 1171680 353 1171327 548 1274 111 322
is_linear=0
shrinkage=0.05


Tree=111
num_leaves=45
num_cat=0
split_feature=78 21 43 74 29 74 44 43 19 13 53 77 77 74 44 47 13 43 74 43 60 66 5 44 21 74 59 61 48 21 13 32 41 33 78 8 74 31 48 13 72 42 41 29
split_gain=72.7037 14.3278 19.6542 26.0834 23.9809 23.9336 23.9002 21.8098 29.1001 24.9092 18.5282 32.4752 22.2016 18.0421 20.2867 27.5176 21.3462 20.3556 29.8305 27.4981 16.4998 25.385 17.4398 16.7973 20.627 16.076 13.6126 10.7058 10.8213 10.249 3.31266 0.475869 0.200713 0.184845 0.155224 0.142197 1.21023e-07 5.97066e-08 2.97051e-08 1.09524e-08 5.81028e-09 4.34817e-09 3.56232e-09 3.28431e-09
threshold=0.04189748574694898 1.0000000180025095e-35 14.500000000000002 0.88639957800627434 0.96823117136955272 0.82577494622058778 0.985434263750946 7.5000000000000009 0.92419019341468822 0.77459675073623668 0.17926877387329235 0.17962771777507108 0.57819165034846887 0.92499652337813132 0.99962494045685157 0.96559001702592306 0.83438816666603099 59.500000000000007 0.67476956592363857 71.500000000000014 89.500000000000014 4.5000000000000009 0.30053764581680303 0.9441900238258164 1.5000000000000002 0.79186550052253923 0.72157622739018101 68.500000000000014 0.80857614332861871 1.5000000000000002 0.96922349929809581 1.0000000180025095e-35 0.80816438794136058 0.56642282009124767 0.019247659171958722 0.79361054301261913 0.60336812859337219 0.90422871708869945 0.98751063528077154 0.94494947791099559 6.5000000000000009 7.5000000000000009 0.72019910812377941 1.7702897191047671
decision_type=2 2 2 2 2 2 2 2 2 2 2 2 2 2 2 2 2 2 2 2 2 2 2 2 2 2 2 2 2 2 2 2 2 2 2 2 2 2 2 2 2 2 2 2
left_child=31 2 3 7 26 10 -6 9 -9 -2 11 -4 -12 14 15 16 -3 18 -16 -19 21 22 -15 -22 -25 -17 -5 28 -7 -23 -29 32 37 36 -35 38 -33 40 43 -39 -1 -38 -41 -34
right_child=1 13 5 4 6 27 -8 8 -10 -11 12 -13 -14 20 17 25 -18 19 -20 -21 23 29 -24 24 -26 -27 -28 30 -30 -31 -32 33 35 34 -36 -37 41 39 -40 42 -42 -43 -44 -45
leaf_value=-0.050004704720415495 0.032772339373316382 0.0015115428135075322 2.6714807613782157e-05 -0.078660173050895385 -0.010961006383865241 0.060513631434810637 0.01308729611909042 -0.019289781918258305 -0.092977134423618157 -0.0084437521373010287 -0.0019586960784408604 0.050747339385592762 0.0076802553347091775 -0.049892564590529334 -0.063579335679874546 0.0029491860802834929 -0.004854115132218801 -0.033984554086241764 0.0099888311939616073 0.0012384887662741518 0.055602469506299781 0.016632450439489882 0.0045384089924285654 -0.059640809900183459 -0.0019457737128972027 0.021498427293040655 -0.013738133257084501 0.042981928206483652 0.015679913552889228 0.043107294652486125 0.091939374105709293 -0.05012486320370662 -0.050005032784373939 0.034916647976379285 -0.052161828312800855 0.046446523863918843 -0.050020754133315186 -0.050030277395880729 -0.050135530660198005 -0.050057731111769255 -0.050003000705663408 -0.050062481277200616 -0.050091535825520173 -0.050030510161818191
leaf_weight=5.4085379017851656 40.793448364085634 1764.3372853518813 69.698873509449186 9.0664393561892194 132.15647198585793 15.214290818053994 473.45227707200684 129.11803528670862 14.949558304215314 361.59044102733606 1069.0391001381213 57.672447208315134 1354.0904081016779 14.962338236568028 13.997111557051538 1050.5900621553883 5193.816140091425 67.08674198758672 884.67958324070787 318.35107342843548 7.0031811812659717 125.90694276115391 893.77862693992211 26.549935878603719 37.194343614275567 131.41778261959553 73.771098626370076 7.0131229765247536 116.65463613113388 51.511460676905699 6.8108370006084442 0.044809757644542425 0.041645184744992458 0.28474065307091223 0.062390903105551843 0.0922726424105349 0.081428009150840808 0.026033971720606952 0.0053703638986917204 0.015993098830222152 66.641684652036929 0.0067616579326568163 0.015200044625089504 0.018167953108786605
leaf_count=60904 443 8810 8265 93 484 63 1731 1068 81 1765 8568 148 3709 96 120 2931 16300 266 2485 1203 20 350 2536 106 112 669 357 32 596 124 13 38 500 95 35 10 300 77 3 30 1111575 20 12 55
internal_value=0.000310589 0.000560525 0.00313804 -0.00208593 0.00438814 0.0055307 0.00783945 -0.0102423 -0.0269361 -0.00426529 0.00440479 0.0229925 0.00342773 -0.000397068 -0.00112046 -0.00204183 -0.00324001 0.00472026 0.00884299 -0.0048922 0.00549573 0.00701967 0.00364221 -0.0179008 -0.0259762 0.00501152 -0.0208437 0.025241 0.0208526 0.0243191 0.0671025 -0.0495504 -0.04988 6.26637e-05 0.0192658 0.00651024 -0.050058 -0.0500032 -0.0500229 -0.0500542 -0.0500031 -0.050024 -0.0500742 -0.0500128
internal_weight=14585 14512.3 3931.09 1234.9 688.446 2696.19 605.609 546.451 144.068 402.384 2550.5 127.371 2423.13 10581.2 9424.28 8140.16 6958.15 1284.11 898.677 385.438 1156.91 1086.16 908.741 70.7475 63.7443 1182.01 82.8375 145.693 131.869 177.418 13.824 72.745 72.2649 0.480131 0.347132 0.157456 0.132999 72.1074 0.0651835 0.0572271 72.0502 0.0881897 0.0311931 0.0598131
internal_count=1237198 63544 27416 6022 2665 21394 2215 3357 1149 2208 20690 8413 12277 36128 32784 28710 25110 4074 2605 1469 3344 3106 2632 238 218 3600 450 704 659 474 45 1173654 1173166 488 130 568 358 1172598 558 119 1172479 320 42 555
is_linear=0
shrinkage=0.05


Tree=112
num_leaves=45
num_cat=0
split_feature=78 75 75 38 4 73 13 74 44 74 73 56 62 17 35 52 73 56 74 33 44 73 74 75 56 44 76 60 13 57 74 36 47 74 41 42 13 32 44 74 28 48 51 13
split_gain=69.0901 14.6097 17.795 36.3235 26.1132 23.8326 22.5196 19.9934 16.1641 26.0405 34.1255 27.1677 25.0429 17.8441 17.547 17.2182 16.7494 15.5718 14.8595 14.5186 15.9611 21.6114 20.089 13.9644 12.858 12.5001 12.0292 10.39 11.2206 8.71517 7.58938 2.86734 0.46442 0.221955 0.194543 0.183199 0.132053 2.58292e-07 2.64718e-07 1.38606e-07 5.19525e-08 2.55395e-08 1.06555e-08 9.06803e-09
threshold=0.04189748574694898 0.034713166053291562 0.18729103117916099 1.5000000000000002 0.83176100254058849 24.500000000000004 0.82972848415374767 0.63448895195058641 0.99459548427622624 0.77498531734571885 90.500000000000014 41.500000000000007 6.5000000000000009 0.1706371754407883 1.0000000180025095e-35 0.0073991220289547511 133.50000000000003 17.500000000000004 0.37875613485119858 0.93356561660766613 0.59556235071998842 72.500000000000014 0.74501466115407167 0.16166401676364703 23.500000000000004 0.48384273251561477 0.26594337562702602 60.500000000000007 0.96225070953369152 26.500000000000004 0.74048344596568971 2.5000000000000004 0.41632551829129177 0.60336812859337219 0.80816438794136058 2.5000000000000004 0.99404761195182811 1.0000000180025095e-35 0.99971739134952842 0.49337244944199415 0.85756292939186107 0.98751063528077154 0.4268504470574177 0.94494947791099559
decision_type=2 2 2 2 2 2 2 2 2 2 2 2 2 2 2 2 2 2 2 2 2 2 2 2 2 2 2 2 2 2 2 2 2 2 2 2 2 2 2 2 2 2 2 2
left_child=32 8 3 6 5 -5 7 -3 14 11 13 12 -10 -11 25 18 -12 -8 -16 20 21 -4 -22 -6 -17 31 -27 28 -21 -29 -13 -2 34 35 37 -34 41 40 39 -39 -1 -36 -35 -42
right_child=1 2 19 4 23 -7 17 -9 9 10 16 30 -14 -15 15 24 -18 -19 -20 27 22 -23 -24 -25 -26 26 -28 29 -30 -31 -32 -33 33 42 36 -37 -38 38 -40 -41 43 -43 -44 -45
leaf_value=-0.050002971125965856 -0.20585999654477322 -0.028134885167089022 0.0046403212780454107 -0.0010656459854374251 -0.001398734385160736 0.024988740728772472 -0.001012132359378353 0.0039413856756199952 0.00062901045432024131 0.015006967423709994 0.032594956800966385 0.0081909517469493081 -0.01157461198578868 0.0010598880440936902 -0.026998374954537437 -0.0090745997540742484 0.0080460772434453633 -0.011503431549683819 0.011330062409894072 -0.022890054820249223 -0.0063425918713011986 0.039279512673982935 0.0018193033747658143 -0.042802195076587723 0.085648758813640605 0.0020331574056016931 -0.033067025055930677 0.037817950955808588 0.0097915709335722693 0.0073144346226140609 0.066914095146900929 -0.062116575819304812 -0.051951332977299161 -0.050033990222759686 -0.050014955019517242 0.04325297279473838 0.046028653489615039 -0.050210214408255217 -0.050368213664340002 -0.050037655203408221 -0.050029523232250232 -0.050134177420254139 -0.050005022660848747 -0.050071326636409869
leaf_weight=68.418962660100078 0.36778223514556785 52.627669917012099 206.82633964979323 139.02121052486473 271.47989500549738 238.0856903247186 461.58538657784811 631.65175297652604 938.73737448082829 246.03965242215781 137.45452217536513 8.1809361308696698 761.31518876424525 3377.6277674357407 26.070602320338367 4.9403240936371757 140.5090697502892 1513.0890915058553 841.52197119803168 30.202555974712595 1060.1382188617135 57.559913412580499 2609.9320707255974 22.016738407255616 13.036154945017186 368.49174305622 26.141053651634138 56.04682756960392 201.362992326729 40.219979415647686 16.802873740263749 6.1195095725706778 0.063234434255717953 0.045958256174344569 0.055108860571634888 0.25150832917279331 0.088650364705245011 0.013106361962853863 0.0072570024058222762 0.1038099832876469 0.023380388571239474 0.0048906133743003002 0.10265826500472031 0.029142482104361989
leaf_count=1171216 2 643 1002 886 1192 1805 1683 2249 2891 1051 554 28 2907 10872 7253 190 729 5322 2944 95 5198 293 10270 104 233 1148 236 130 539 114 35 946 41 115 529 103 25 14 1 338 69 2 1159 42
internal_value=0.000295706 0.000533498 -0.000980761 -0.00371964 0.00667939 0.0153837 -0.00634234 0.00147441 0.00219637 0.00104022 0.00330197 -0.00407533 -0.004836 0.00200687 0.00725217 0.0111819 0.0201856 -0.00905106 0.0101783 0.00115876 0.00031641 0.0121817 -0.000538346 -0.00450463 0.0596167 -0.00142361 -0.00029193 0.0112682 0.00552898 0.0250737 0.0476852 -0.0702658 -0.049543 0.00034631 -0.0498793 0.0241256 0.00725869 -0.0500031 -0.0500752 -0.050057 -0.050003 -0.0500247 -0.050014 -0.0500527
internal_weight=14574.4 14505.2 7591.85 3329.56 670.604 377.107 2658.95 684.279 6913.36 5626.67 3901.63 1725.04 1700.05 3623.67 1286.69 885.569 277.964 1974.67 867.593 4262.29 3934.46 264.386 3670.07 293.497 17.9765 401.12 394.633 327.832 231.566 96.2668 24.9838 6.48729 69.2077 0.463359 68.7443 0.314743 0.14865 68.5957 0.124173 0.116916 68.4715 0.0599995 0.148617 0.0525229
internal_count=1237198 63544 31525 13884 3987 2691 9897 2892 32019 19067 13206 5861 5798 11923 12952 10620 1283 7005 10197 17641 16763 1295 15468 1296 423 2332 1384 878 634 244 63 948 1173654 1418 1172236 144 556 1171680 353 352 1171327 531 1274 111
is_linear=0
shrinkage=0.05


Tree=113
num_leaves=44
num_cat=0
split_feature=72 41 47 75 44 75 75 40 21 43 77 33 43 67 7 44 30 60 66 62 75 60 4 75 40 41 44 17 75 35 45 20 46 77 53 77 77 21 46 1 76 46 46
split_gain=64.1443 14.2995 18.5546 29.2991 18.8835 17.146 16.7948 24.8832 15.9273 15.8666 13.9798 15.7018 15.3663 13.2652 13.1541 22.9812 16.4503 12.8941 20.1982 13.6364 12.804 12.5701 11.815 11.3919 18.8479 12.0795 11.1689 9.48029 9.03978 9.02549 4.46901 0.0178797 0.00309178 0.00196532 3.52095e-06 2.69423e-06 1.094e-06 8.00536e-07 1.69865e-07 7.77293e-08 3.69078e-08 1.11538e-08 1.04334e-08
threshold=6.5000000000000009 0.51027804613113414 0.007385627809015324 0.00095615362139050985 0.99726197019494844 0.015524800192328993 0.016216885803328699 9.5000000000000018 1.0000000180025095e-35 7.5000000000000009 0.76657831827204215 0.63650977611541759 36.500000000000007 4.5000000000000009 0.17156863212585452 0.99971183341554648 0.94148769974708568 27.500000000000004 3.5000000000000004 7.5000000000000009 0.28677830409355115 30.500000000000004 0.46737588942050939 0.50908349575064837 1.0000000180025095e-35 0.59229984879493724 0.99600154162876231 0.22394030541181567 0.78339778264036208 1.0000000180025095e-35 -0.022342188908743586 0.8441295623779298 0.8618690030540207 0.079371427573475192 0.69733064575799342 0.020397055716778426 -0.018545217684821477 1.5000000000000002 0.068690624084815521 0.93582704663276683 0.2213038143741288 0.64613580925817204 0.030641947064152731
decision_type=2 2 2 2 2 2 2 2 2 2 2 2 2 2 2 2 2 2 2 2 2 2 2 2 2 2 2 2 2 2 2 2 2 2 2 2 2 2 2 2 2 2 2
left_child=1 2 3 4 26 17 7 -7 -8 20 11 13 -13 -11 16 -16 -5 18 -4 -19 21 22 -3 24 -22 -25 -1 -23 29 -12 -6 33 34 35 36 38 -33 39 42 -37 -40 -38 -2
right_child=31 9 5 14 30 6 8 -9 -10 10 28 12 -14 -15 15 -17 -18 19 -20 -21 23 27 -24 25 -26 -27 -28 -29 -30 -31 -32 32 -34 -35 -36 37 41 -39 40 -41 -42 -43 -44
leaf_value=-0.082536694758785167 -0.050002745227205839 0.039411166201780874 -0.026326308477182554 0.020253562961869531 -0.076913381946726464 -0.025253632982627651 0.0028035865367373168 0.094859485481537165 -0.0019788758984692141 0.0035249582537952339 -0.0081053067106405929 -0.017840682251483053 0.00038151376203488495 0.03635752507712596 -0.0086805247153447108 -0.20617888210648611 -0.069380386161184665 0.0062983799449597274 0.0073478452124529975 0.00016289391356073959 0.0095859958026644487 -0.0012073541119811259 -0.0072195234277691979 0.046602604074814022 -0.03002327590848837 0.0061445067120421554 0.03457711802225185 0.029498055793032652 -0.031462416995207021 0.022377300835129083 -0.14665874674503399 -0.050555615436074633 -0.062782154019769582 -0.052541666117606314 -0.051111729009331197 -0.050119514594949878 -0.050007963201071259 -0.050412578083011805 -0.050025968640485419 -0.050190584513342733 -0.050006615424948345 -0.050100185434581293 -0.05000888281847992
leaf_weight=3.590699197789947 59.509762160243554 17.128132818237646 91.772822142957011 67.206737735370552 3.7956532355674426 104.83731963011087 2453.0219173789228 4.4968204182441687 5997.0810225415844 174.91668530213065 29.741739332675934 195.11330907185038 284.22651556188066 37.329422705424804 539.16013717800161 1.4769791553371749 5.5408269855070094 2203.4411825063216 86.505280219374981 1537.5399743653397 71.493743800005177 29.059707871369028 65.650520810631861 23.896739903837442 51.790072656935081 80.931578760428238 4.7012388116709189 186.27498950417066 10.32812214642763 132.31192651577294 5.8162516951560956 0.022418987598939566 0.32424615323543549 0.77241239044815202 0.021861835513846017 0.1458536746322342 0.013446590455713614 0.030720050355739659 0.97265417174639768 0.05225683429671335 0.3299069947534008 0.0043358030234230674 0.70057468950471857
leaf_count=2304 1096156 243 384 20446 392 465 16805 22 20823 7863 95 2735 3078 1622 24663 234 204 7362 286 6622 280 457 354 958 376 659 79 1691 35 397 26 9 2 30 6 272 175 27 4478 48 5082 5 8948
internal_value=0.000281328 0.000499883 -1.14216e-05 -0.00837448 -0.0714232 0.00041166 -0.000842483 -0.0203135 -0.000590551 0.00532166 0.00115286 -0.00202251 -0.00703576 0.00929948 -0.00653418 -0.00922008 0.0134266 0.00315063 -0.00998671 0.0037767 0.0121661 0.0189885 0.00242906 0.00325001 -0.00705339 0.0153674 -0.0161373 0.0253543 0.0138922 0.0167828 -0.119117 -0.0501015 -0.0608252 -0.0500352 -0.050601 -0.0500038 -0.0503233 -0.0501751 -0.0500032 -0.0501383 -0.0500211 -0.0500304 -0.0500028
internal_weight=14563.1 14500.2 13110 631.289 17.9038 12478.7 8559.44 109.334 8450.1 1390.19 863.968 691.586 479.34 212.246 613.385 540.637 72.7476 3919.26 178.278 3740.98 526.225 298.113 82.7787 228.112 123.284 104.828 8.29194 215.335 172.382 162.054 9.6119 62.9005 0.386309 62.5141 0.0620632 61.7417 0.0402014 0.228831 61.5129 0.198111 1.30256 0.0177824 60.2103
internal_count=1237198 121960 101117 48348 2801 52769 38115 487 37628 20843 15825 15298 5813 9485 45547 24897 20650 14654 670 13984 5018 2745 597 2273 656 1617 2383 2148 527 492 418 1115238 197 1115041 195 1115011 189 347 1114664 320 9560 180 1105104
is_linear=0
shrinkage=0.05


Tree=114
num_leaves=45
num_cat=0
split_feature=78 65 34 13 74 52 74 62 47 44 43 43 43 48 5 74 30 43 6 1 19 61 33 56 43 52 75 30 78 47 74 31 42 66 47 74 44 51 77 74 72 43 78 56
split_gain=62.6481 13.7283 14.6631 19.3883 16.3666 17.6987 15.6256 17.5967 15.5378 15.2112 16.1342 21.7812 19.9713 13.1852 13.5251 9.8137 9.68567 7.89014 11.6127 11.2321 10.8331 10.1279 9.7733 8.29067 8.40112 8.71954 7.47983 6.66857 0.72963 0.445896 0.208716 0.183105 0.171757 0.0984929 1.67252e-07 2.2498e-07 2.61361e-07 9.22354e-09 9.02512e-09 6.94512e-09 5.39625e-09 2.28653e-09 1.84532e-09 1.23968e-09
threshold=0.04189748574694898 1.0000000180025095e-35 1.0000000180025095e-35 0.97182539105415355 0.3987402619367188 0.0020124995361430584 0.92499652337813132 11.500000000000002 0.77827671854801139 0.94743867909711921 7.5000000000000009 16.500000000000004 5.5000000000000009 0.77361677715451316 0.90366768836975109 0.32450945056678204 0.68612122535705578 79.500000000000014 0.57932874560356151 0.91331186890602123 0.87888437509536754 34.500000000000007 0.66202038526535045 11.500000000000002 106.50000000000001 7.6002494593039493e-05 0.021951004117354459 0.85300117731094371 0.74291585239718161 0.41632551829129177 0.60336812859337219 0.90422871708869945 2.5000000000000004 3.5000000000000004 0.33111548546443764 0.58769289597610996 0.99940530953641049 0.4268504470574177 0.00051488248552539694 0.60336812859337219 6.5000000000000009 3.5000000000000004 0.0095626153296106079 16.500000000000004
decision_type=2 2 2 2 2 2 2 2 2 2 2 2 2 2 2 2 2 2 2 2 2 2 2 2 2 2 2 2 2 2 2 2 2 2 2 2 2 2 2 2 2 2 2 2
left_child=29 17 9 4 16 -6 7 -5 -8 13 12 -12 -11 14 -3 -15 -4 18 22 20 -20 -21 28 -19 27 -26 -24 -25 -2 31 32 34 -31 -33 40 36 -36 42 -35 -37 41 -1 -32 -44
right_child=1 2 3 6 5 -7 8 -9 -10 10 11 -13 -14 15 -16 -17 -18 23 19 21 -22 -23 26 24 25 -27 -28 -29 -30 30 37 33 -34 38 35 39 -38 -39 -40 -41 -42 -43 43 -45
leaf_value=-0.05001089314536436 -0.062047377062267643 0.02407067846002834 -0.05616882854082518 -0.0037302157179901207 0.00031947605839598766 0.020714592403096567 0.011520059711776611 -0.014218249681316545 -0.016077547107991221 0.0022898267051170624 -0.0076615776950027404 0.0015441664662999757 0.015777337299204462 -0.010633142949007857 -0.046254833019189319 0.015274529840214586 -0.012430588451642237 -0.035331475569898387 0.026332737014351727 -0.047478789737281292 0.0049218121965877611 -0.00042603168992556709 -0.069790734242079128 -0.015021180157970871 0.014704081308364876 -0.054097370034191988 0.0048067758116246521 0.04079119832323435 -0.10119235216656873 -0.051860994985988298 -0.050021051381715191 0.037351594300517953 0.042331444651170821 -0.050080033889722111 -0.050037593523143381 -0.050072775407127658 -0.050291140370149923 -0.050004784867812326 -0.050037324912711248 -0.050016463832309788 -0.050002579610176713 -0.050004139667298803 -0.050028191737427966 -0.050051187817942537
leaf_weight=0.1287637951245405 1.7890322260500422 10.572759332470016 14.197847092873415 1341.5012783643906 5568.3446617027075 108.44400158090866 232.25246952788439 569.79657459101873 65.353323638439178 991.22984878573334 796.89790053709294 3317.3528570973431 379.55792697722791 40.242169773366186 19.348337070710841 398.65637123648776 116.66592407530698 6.6390893516363567 96.104442703333916 12.803085334919158 153.33679468161426 107.13296646322124 4.3199306417955112 5.933320442272815 57.982510929272394 5.0023917689250075 15.127729113446547 54.619885965177673 3.5574896570760757 0.060378363043127048 0.019644141772005241 0.092393429091315649 0.2439041832840303 0.024375141605560202 0.021928172664046452 0.0057531182392267502 0.018945427189464681 0.096824876782193314 0.025114198484516237 0.11347342476074118 57.336724484281149 4.7022086784854764 0.0099885721356258728 0.014181110440404154
leaf_count=1078 162 87 3934 4295 21829 740 637 2959 196 2747 2467 12404 995 1628 183 1711 4738 31 347 45 476 308 33 52 231 40 80 147 42 41 65 31 103 31 84 6 6 1159 65 777 1111230 58928 25 25
internal_value=0.000267621 0.000483718 0.000185607 -0.00121039 0.000306083 0.000709085 -0.00519749 -0.00685691 0.00545971 0.00206524 0.00132637 -0.000238914 0.00602439 0.0107097 -0.021405 0.0128991 -0.0171759 0.00842641 0.00490167 0.00712516 0.013171 -0.00544888 -0.0282232 0.0190992 0.0220244 0.00923973 -0.0117637 0.0353224 -0.0880938 -0.0495185 0.000358974 -0.0498737 0.023641 0.00686261 -0.0500028 -0.0500539 -0.0501551 -0.0500134 -0.0500584 -0.0500192 -0.0500027 -0.0500043 -0.0500324 -0.0500417
internal_weight=14557.7 14494.8 13970.4 8016.56 5807.65 5676.79 2208.9 1911.3 297.606 5953.86 5485.04 4114.25 1370.79 468.82 29.9211 438.899 130.864 524.349 394.171 369.377 249.441 119.936 24.7942 130.177 123.538 62.9849 19.4477 60.5532 5.34652 62.9146 0.444921 62.4697 0.304283 0.141883 62.3278 0.1601 0.0408736 0.140639 0.0494893 0.119227 62.1677 4.83097 0.0438138 0.0241697
internal_count=1237198 63544 61550 39328 31241 22569 8087 7254 833 22222 18613 14871 3742 3609 270 3339 8672 1994 1493 1176 823 353 317 501 470 271 113 199 204 1173654 1418 1172236 144 127 1172109 873 90 1274 96 783 1171236 60006 115 50
is_linear=0
shrinkage=0.05


Tree=115
num_leaves=45
num_cat=0
split_feature=78 42 76 53 35 76 77 74 33 77 29 43 66 40 61 53 77 30 47 75 61 60 47 43 45 41 13 76 56 78 54 74 44 51 40 28 48 13 74 72 28 74 28 72
split_gain=59.541 13.6038 16.7221 16.8259 23.892 21.5516 19.1191 18.8391 17.821 16.4269 16.4005 10.5223 12.2214 14.8361 9.77303 7.58488 7.45363 12.61 2.9196 2.56325 1.98624 1.78506 0.429368 0.301394 0.201377 0.179193 0.117578 0.0775175 0.0390449 0.0147538 1.45181e-07 2.17586e-07 1.96443e-07 7.89068e-08 4.93616e-08 4.09816e-08 2.03962e-08 7.33542e-09 6.02238e-09 4.34736e-09 3.78567e-09 1.56924e-10 1.20353e-10 5.50758e-11
threshold=0.04189748574694898 5.5000000000000009 0.59391413434887597 0.42606564308231526 1.5000000000000002 0.2213038143741288 0.3542742430227645 0.87919462285902539 0.5505102574825288 0.079371427573475192 1.7702897191047671 123.50000000000001 2.5000000000000004 14.500000000000002 116.50000000000001 0.85021877443604843 0.3542742430227645 0.61826965212821972 -0.33251516012753041 0.013861202484218073 106.50000000000001 64.500000000000014 0.41632551829129177 14.500000000000002 -0.55865731462183332 0.80816438794136058 0.99404761195182811 0.61035662396954138 20.500000000000004 0.12449907904534323 0.9999975384203722 0.58769289597610996 0.99940530953641049 0.4268504470574177 5.5000000000000009 0.85756292939186107 0.98751063528077154 0.94494947791099559 0.60336812859337219 6.5000000000000009 0.78422036767005932 0.60336812859337219 0.85756292939186107 5.5000000000000009
decision_type=2 2 2 2 2 2 2 2 2 2 2 2 2 2 2 2 2 2 2 2 2 2 2 2 2 2 2 2 2 2 2 2 2 2 2 2 2 2 2 2 2 2 2 2
left_child=22 2 3 4 10 8 -6 -7 -5 18 -2 12 13 -4 -14 16 17 -11 -3 -17 23 -18 25 -20 -24 30 36 28 -13 -29 35 32 -32 34 -26 39 40 -37 -33 -1 -27 43 -43 -35
right_child=1 9 11 5 6 7 -8 -9 -10 15 -12 27 14 -15 -16 19 21 -19 20 -21 -22 -23 24 -25 33 26 -28 29 -30 -31 31 38 -34 41 -36 37 -38 -39 -40 -41 -42 42 -44 -45
leaf_value=-0.05000406047399869 0.0015926796717137992 0.020944052933287955 0.0084256638826297418 0.0094810443740105353 0.0073489451350807911 -0.01025713448999138 0.04220462114980908 0.0049047196079052384 0.00035692626284440854 -0.093699702493681827 0.041553064782868659 -0.068386713292688348 -0.015918566335917889 0.18550854393459346 0.07737129653961404 -0.047866742992257537 0.038139153937723741 0.02985082466594223 -0.070664156625330959 0.010637888619457598 0.044493309850741368 0.069321132132038818 0.023651947880573124 -0.05030204731007612 -0.050034993829135115 -0.050004285619733579 0.045404218591524534 -0.050666761391733574 -0.056056437044855661 -0.054936492284131389 -0.050041188257988659 -0.050069222129421415 -0.050274654224599091 -0.050012212166960494 -0.050176778530946931 -0.050026256019753794 -0.050124689810321199 -0.050066330035865705 -0.050015470499768233 -0.050002454609863814 -0.050034390769067773 -0.05000427510264132 -0.050016296234558014 -0.050006859232133528
leaf_weight=4.5675654420047058 593.31641913954809 1.6104563234839568 48.660908884805394 560.84034256095765 77.109736807411537 831.4896244215488 80.325433019548655 271.86452846974134 11691.268903418182 2.1891343609895548 26.838078213564586 1.5761241854052053 215.4739310471341 1.2122556653339405 2.8444345488678655 3.5900603774934998 6.6613541617989567 36.482504625804722 3.3099116988742026 3.9125767289660871 0.48995378814288404 14.758279688656328 0.2931341446164879 4.02996035538672 0.012533238135801095 0.033765960095478387 0.081620289911370492 2.768186642235376 1.0833316445641683 7.5178970010019839 0.0178665877901939 0.0054729137482354409 0.018176442754338495 0.0095607945550000295 0.012031460588332266 0.019782132247199935 0.0045129328500479451 0.02701216177229071 0.1089082781727484 54.525587601448933 0.015117680079129059 0.089758781028649537 0.0021315668273018664 0.0096607636005501263
leaf_count=59811 5452 16 1154 1851 3745 4014 194 770 34500 28 248 17 5748 16 30 18 22 267 306 22 45 40 97 4332 28 487 25 533 34 142 51 6 7 46 14 65 2 42 762 1110936 42 1145 11 77
internal_value=0.000254367 0.000459921 0.000347927 0.000588121 0.00773795 0.000171839 0.0251328 -0.00652128 0.000774583 0.0214155 0.00332202 -0.0117268 -0.00960162 0.01273 -0.0147031 0.0300442 0.0359625 0.0228568 -0.0403672 -0.017357 -0.0529779 0.0596238 -0.049512 -0.0594843 0.000340934 -0.0498717 0.00766459 -0.0557548 -0.063364 -0.0537874 -0.0500027 -0.0500518 -0.0501589 -0.0500233 -0.0501044 -0.0500026 -0.050023 -0.0500494 -0.050018 -0.0500026 -0.0500136 -0.0500054 -0.0500046 -0.0500095
internal_weight=14551.1 14491.2 14414.2 14133.1 777.59 13355.5 157.435 1103.35 12252.1 77.0342 620.154 281.137 268.192 49.8732 218.318 67.5939 60.0913 38.6716 9.44028 7.50264 7.82983 21.4196 59.8542 7.33987 0.428811 59.4254 0.135017 12.9455 2.65946 10.2861 59.2904 0.150424 0.036043 0.135677 0.0245647 59.1399 0.0533966 0.0467943 0.114381 59.0932 0.0488836 0.111112 0.0918903 0.0192216
internal_count=1237198 63544 58448 50774 9639 41135 3939 4784 36351 5096 5700 7674 6948 1170 5778 397 357 295 4699 40 4683 62 1173654 4638 1418 1172236 556 726 51 675 1171680 826 58 1321 42 1170854 531 107 768 1170747 529 1279 1156 123
is_linear=0
shrinkage=0.05


Tree=116
num_leaves=45
num_cat=0
split_feature=78 41 76 53 77 74 43 52 56 43 47 77 21 78 48 43 77 17 59 74 56 21 16 8 75 13 53 60 37 62 47 74 41 42 8 32 44 74 28 48 51 13 72 5
split_gain=56.5841 13.2639 16.9481 16.7513 26.464 23.2366 21.9898 17.7073 17.6687 14.7467 17.4191 19.9826 14.5056 16.0324 16.0087 14.3232 16.9946 19.2257 13.5722 13.0748 17.6537 11.8972 11.5664 11.1473 11.0118 11.0117 10.1599 7.88429 7.58619 2.61598 0.419961 0.190072 0.17134 0.162486 0.114029 1.66133e-07 1.69937e-07 8.98748e-08 3.57335e-08 1.83066e-08 8.34445e-09 6.43071e-09 3.71851e-09 1.90139e-09
threshold=0.04189748574694898 0.51027804613113414 0.42667860534672603 0.42606564308231526 0.3542742430227645 0.66960857994731116 283.50000000000006 0.00063084797208585259 45.500000000000007 9.5000000000000018 0.77827671854801139 0.71016232810857505 1.0000000180025095e-35 0.43092195823604534 0.6207344379758174 19.500000000000004 0.84336562637060275 0.53671374917030346 0.53889369057908387 0.79740795442389933 23.500000000000004 1.5000000000000002 0.7212272882461549 0.78474903106689464 0.28677830409355115 0.96824595332145702 0.12936332719799057 26.500000000000004 2.5000000000000004 5.5000000000000009 0.41632551829129177 0.60336812859337219 0.80816438794136058 2.5000000000000004 0.79361054301261913 1.0000000180025095e-35 0.99971739134952842 0.49337244944199415 0.85756292939186107 0.98751063528077154 0.4268504470574177 0.94494947791099559 6.5000000000000009 0.89512962102890026
decision_type=2 2 2 2 2 2 2 2 2 2 2 2 2 2 2 2 2 2 2 2 2 2 2 2 2 2 2 2 2 2 2 2 2 2 2 2 2 2 2 2 2 2 2 2
left_child=30 2 3 4 7 6 -5 -2 -7 10 11 24 14 18 28 16 17 -11 -14 20 -17 -18 -16 -6 -3 -12 -15 -21 -4 -13 32 33 35 -32 39 38 37 -37 42 43 -33 -40 -1 -34
right_child=1 9 12 5 23 8 -8 -9 -10 15 25 29 13 26 22 19 21 -19 -20 27 -22 -23 -24 -25 -26 -27 -28 -29 -30 -31 31 40 34 -35 -36 36 -38 -39 41 -41 -42 -43 -44 -45
leaf_value=-0.050003855399075176 -0.010019291755083804 0.015402884392093204 -0.067258062618128708 -0.012917460460683912 0.023752885277821118 0.00037582160932496492 0.022770346011338122 0.043211075454510264 0.033633986043439833 -0.00061281597769863023 -0.089225883182708007 0.056716086735665576 0.017186081612832492 0.0054258031401435824 -0.0065324940691867135 -0.0098126147689326527 -0.0063268915077429912 -0.039078646663864923 -0.02540323745509861 -0.050103141291322054 0.0088533080708074127 0.050779108932441912 0.010677501371374267 -0.0022612432667196789 0.001036443187725507 0.0023468235841569689 -0.078596286982522814 0.025955372428357992 -0.015292836740593363 0.032472020695752842 -0.051825999743873488 -0.050031425200892557 -0.050007295838076338 0.041548309962246469 0.045834509079533653 -0.050182406141810715 -0.050317517370024926 -0.050032371618500153 -0.050025579014152735 -0.050118599645097767 -0.050004330029347559 -0.050063094024495762 -0.050002337131115897 -0.050039674785858572
leaf_weight=4.3728098204992412 168.23710593985743 327.99814255135425 13.957294712628938 514.62985167693114 234.93257017061114 11342.517741695046 47.115851730981376 17.222669438342564 40.075650114566088 61.425416884172591 6.9504349082708341 21.869514063000679 24.93416691274615 4.5079636424779919 405.16911092493683 215.04749179395731 22.159485578536987 68.944692992095952 74.894324534514453 3.5619552388670845 308.22887088569405 15.500235468149183 128.62129620136693 49.933073617517948 224.79885671852389 6.2215856313705444 17.820729687809944 78.462371777801309 14.136847050336653 22.650686398148537 0.058299129392252236 0.042051883581734728 0.042243201791278717 0.23199330379429739 0.07778159966255771 0.011242798922466046 0.0062704645097255698 0.088971252338524209 0.020565548667945133 0.0042933431686833492 0.087627015120233409 0.025696382304886356 51.873335955930088 0.0050791959947673595
leaf_count=60123 8127 1692 161 2285 602 33005 221 1070 110 521 27 45 501 13 4703 1892 63 500 1723 26 2332 34 1921 143 975 16 85 470 224 57 41 115 532 103 10 14 1 338 69 2 1159 42 1111093 12
internal_value=0.000241507 0.000437104 -5.47196e-05 0.000367453 0.00962314 2.99729e-06 -0.00992418 -0.00507607 0.000492916 0.00509251 0.0109018 0.012156 -0.00771673 -0.0233324 -0.00432178 0.000506513 -0.0124086 -0.020955 -0.0147657 0.00409172 0.00118229 0.0171772 -0.0023856 0.019193 0.00956067 -0.045973 -0.061633 0.0226525 -0.0411094 0.0443814 -0.0495007 0.000314005 -0.0498708 0.022796 0.00759888 -0.0500026 -0.050065 -0.0500492 -0.0500025 -0.0500197 -0.0500131 -0.0500464 -0.0500025 -0.0500108
internal_weight=14539.5 14482.5 13098.7 12414.7 470.325 11944.3 561.746 185.46 11382.6 1383.82 610.489 597.317 684.042 122.157 561.885 773.331 168.03 130.37 99.8285 605.301 523.276 37.6597 533.79 284.866 552.797 13.172 22.3287 82.0243 28.0941 44.5202 56.9483 0.419971 56.5283 0.290292 0.129397 56.3989 0.106485 0.100214 56.2924 0.0516157 0.129679 0.0462619 56.2461 0.0473224
internal_count=1237198 63544 54894 45563 9942 35621 2506 9197 33115 8650 2812 2769 9331 2322 7009 5838 1118 1021 2224 4720 4224 97 6624 745 2667 43 98 496 385 102 1173654 1418 1172236 144 556 1171680 353 352 1171327 546 1274 111 1171216 544
is_linear=0
shrinkage=0.05


Tree=117
num_leaves=45
num_cat=0
split_feature=78 38 6 61 37 78 51 45 57 56 27 74 77 27 37 74 56 67 74 54 77 39 6 9 8 10 32 74 31 66 78 74 29 74 73 48 42 38 73 57 17 56 33 47
split_gain=53.7823 13.4805 27.2602 17.5123 17.1076 17.0508 21.128 22.8 19.3649 16.8149 19.7038 16.6263 16.17 15.3657 15.0894 13.7663 26.3175 16.6393 11.6283 13.0387 9.05655 6.89223 5.31049 4.69046 4.29367 2.02646 0.40541 0.280524 0.159625 0.154506 0.136183 0.0887584 0.0236337 7.3726e-08 6.539e-09 5.63792e-09 2.81274e-09 1.72847e-09 1.56976e-09 3.18277e-09 8.92224e-10 8.88614e-10 5.79297e-10 2.79454e-10
threshold=0.04189748574694898 1.5000000000000002 0.86616915464401256 92.500000000000014 6.5000000000000009 0.92587920922628875 0.99948887278834997 -0.085541502036153585 32.500000000000007 31.500000000000004 0.91634860634803783 0.93409761802761604 0.17962771777507108 0.98726060986518871 1.5000000000000002 0.66960857994731116 32.500000000000007 1.5000000000000002 0.19123829202407719 0.9999975384203722 0.3542742430227645 1.0000000180025095e-35 0.90366768836975109 2.5000000000000004 0.58898946642875682 0.87026646733284008 1.0000000180025095e-35 0.86671848860324696 0.90422871708869945 3.5000000000000004 0.019247659171958722 0.92499652337813132 0.49655960500240331 0.59514543181355706 16.500000000000004 0.49742915300835366 6.5000000000000009 1.5000000000000002 3.5000000000000004 8.5000000000000018 0.85206231474876415 15.500000000000002 0.86799004673957836 0.41632551829129177
decision_type=2 2 2 2 2 2 2 2 2 2 2 2 2 2 2 2 2 2 2 2 2 2 2 2 2 2 2 2 2 2 2 2 2 2 2 2 2 2 2 2 2 2 2 2
left_child=26 4 13 15 5 6 7 -2 11 22 -11 -7 -10 18 -8 16 -4 -17 24 -20 27 25 -5 -23 -3 -15 28 32 36 33 -31 34 -6 -28 35 -30 38 43 39 -1 -36 -39 -40 -35
right_child=1 2 3 9 20 8 14 -9 12 10 -12 -13 -14 21 -16 17 -18 -19 19 -21 -22 23 -24 -25 -26 -27 29 -29 31 30 -32 -33 -34 37 40 -37 -38 41 42 -41 -42 -43 -44 -45
leaf_value=-0.050029392085770764 -0.0010609340512733581 -0.051978651453407111 -0.0032048284024369616 0.088228986693002207 -0.07178683467924328 -0.0010623707600434906 0.024381542691904786 -0.011105803726509676 0.021216254675801467 0.03968097409271798 -0.11332305653860641 0.0071916925321441234 0.0040222801187344897 -0.026097433273126431 -0.043667119068684035 -0.054170265829165412 -0.044344802137914079 0.0030025566722901996 0.034520755996524904 0.013114011120025826 0.059066403764485291 0.053541698215467164 0.037788993066004167 -0.036726342876099827 0.060759194092007821 -0.090039045456823397 -0.050108417862824689 -0.1145089290446873 -0.050037340689314258 0.035671933061011574 -0.051742121676002242 0.03719549634880296 -0.053631168750302077 -0.050013143804490436 -0.050038830447306774 -0.050082373312050989 -0.050002238758805287 -0.050023035885995742 -0.050003388801109917 -0.050005879878818119 -0.050015074850129182 -0.050044921939475365 -0.050009645336837251 -0.050020202741817066
leaf_weight=0.016992920704068548 1446.3334713866789 8.012027585820757 294.15205035021063 6.2804742246516971 0.21254032844444992 7365.4700098078465 92.095367416739464 926.99058889971639 150.9816507382784 4.5030094747780804 3.9499293273547664 665.19770200178027 1449.6704605817795 1.6417213646927828 8.9370850181439874 12.835781860281712 44.793459334498039 1489.267264336755 89.227814345824299 350.77054766510264 16.63705849647522 2.4021186252939515 30.85313741437858 3.5895748512411956 0.94407407077960748 5.0527929335366935 0.035154748606145314 0.2459864169359206 0.011977156733336325 0.23883766843937337 0.054773530551756267 0.081792341923573986 1.1442284593358634 0.030914533486793516 0.0063852866078377693 0.016560096468310803 49.639127283349808 0.0093152996123535559 3.8587565232701313 0.094082236362737603 0.010374677527579479 0.009236503901774995 0.037355740008933824 0.025657091035100166
leaf_count=38 9751 4490 3261 21 3 22406 233 4839 448 22 40 1801 4254 35 42 79 534 7417 1320 1798 39 34 133 193 28 58 34 1 27 68 62 18 264 190 15 22 1111272 25 60345 1040 56 16 333 93
internal_value=0.000229503 0.000415649 0.00388304 0.00121821 -0.000255948 -0.000328853 -0.00403106 -0.00498433 0.00062227 0.0318316 -0.0318155 -0.000378669 0.0056441 0.0147736 0.0183621 0.000460188 -0.0086417 0.002514 0.0163071 0.0174551 0.048131 -0.0394926 0.04632 -0.000537151 -0.0400948 -0.0743584 -0.0494949 -0.0653821 -0.0498697 0.000412064 0.0193647 0.00609987 -0.0564753 -0.0500487 -0.0500489 -0.0500635 -0.0500023 -0.0500207 -0.0500036 -0.0500095 -0.0500241 -0.0500339 -0.0500034 -0.0500163
internal_weight=14526.4 14472.2 2348.28 1886.64 12123.9 12105.7 2474.36 2373.32 9631.32 45.5866 8.45294 8030.67 1600.65 461.641 101.032 1841.05 338.946 1502.1 448.954 439.998 18.2398 12.6862 37.1336 5.99169 8.9561 6.69451 54.1773 1.60276 53.7734 0.403889 0.293611 0.12709 1.35677 0.110278 0.0452972 0.0285373 53.6463 0.0751234 4.00719 0.111075 0.01676 0.0185518 3.89611 0.0565716
internal_count=1237198 63544 19463 11507 44081 43774 14865 14590 28909 216 62 24207 4702 7956 275 11291 3795 7496 7636 3118 307 320 154 227 4518 93 1173654 268 1173166 488 130 138 267 358 120 49 1173028 324 61756 1078 71 41 60678 283
is_linear=0
shrinkage=0.05


Tree=118
num_leaves=45
num_cat=0
split_feature=78 75 53 48 41 47 53 77 62 4 47 60 43 43 60 13 17 44 76 77 75 21 60 10 51 2 72 60 10 76 47 76 45 41 3 54 76 44 51 75 31 76 48 13
split_gain=51.1176 12.9997 17.4964 17.9978 20.69 18.8687 15.7599 27.6653 17.7523 15.5497 14.6785 13.4163 25.4158 24.1598 20.6037 13.9686 20.8906 16.4851 12.0992 10.4821 9.18014 9.34842 7.04851 8.667 5.62191 4.92605 4.63556 4.18004 3.89712 2.01267 0.394541 0.345454 0.17622 0.158637 0.103347 1.15339e-07 1.6907e-07 1.94997e-07 6.64648e-08 4.30465e-08 2.73625e-08 1.83488e-08 1.34249e-08 4.39452e-09
threshold=0.04189748574694898 0.034713166053291562 0.12936332719799057 0.96695455786364881 0.54005366563797008 0.007385627809015324 0.93853118710502292 0.3542742430227645 13.500000000000002 0.054299755021929748 0.77827671854801139 26.500000000000004 37.500000000000007 70.500000000000014 21.500000000000004 0.46986201405525213 0.39300976693630224 0.99459548427622624 0.37016848701995991 0.17962771777507108 0.50908349575064837 1.0000000180025095e-35 32.500000000000007 0.69069263339042675 0.92009233756444175 0.11566332355141641 1.5000000000000002 35.500000000000007 0.96039214730262767 0.3203222811016227 0.41632551829129177 0.40935916975331404 -0.55865731462183332 0.80816438794136058 0.96197089552879345 0.9999975384203722 0.55160686037988793 0.99940530953641049 0.4268504470574177 0.3064602401990158 0.90422871708869945 0.59391413434887597 0.98751063528077154 0.94494947791099559
decision_type=2 2 2 2 2 2 2 2 2 2 2 2 2 2 2 2 2 2 2 2 2 2 2 2 2 2 2 2 2 2 2 2 2 2 2 2 2 2 2 2 2 2 2 2
left_child=30 9 19 4 5 -4 7 -5 -8 18 -6 12 14 -14 -11 16 -13 -17 25 22 21 -21 23 -3 31 28 -24 -22 -2 -27 33 -20 -32 35 42 40 37 -37 39 -34 -1 -38 -35 -42
right_child=1 2 3 6 10 -7 8 -9 -10 11 -12 15 13 -15 -16 17 -18 -19 24 20 27 -23 26 -25 -26 29 -28 -29 -30 -31 32 -33 38 34 -36 36 41 -39 -40 -41 43 -43 -44 -45
leaf_value=-0.050002218743833954 0.048763991513681923 -0.04190868669630439 -0.026325063531122513 -0.0070168048504118483 0.006870092519558741 -0.0068289946596782787 -0.00035304217158676148 0.0075320840967650939 -0.0096150959591813495 0.039638397324981457 -0.031160140387734798 0.021310515825548305 -0.079845387300490511 -0.016883493309785051 -0.007286945055804646 0.0081966367594841719 -0.016637614020088187 0.0014958606461850541 -0.090658471283900713 0.053231871781424245 0.021153171128130283 0.017833634404995198 0.02542554389226543 0.041488127925019283 0.064072998890621943 0.070155567341035466 -0.015382548924957938 -0.036286872081855291 -0.0080589087817852546 0.13029079370912158 0.022950774362825589 -0.057716541812468214 -0.05017759155186631 -0.050010250088795782 0.045316014868749699 -0.050030543758803087 -0.050081416482088303 -0.050306680390247938 -0.050004839761710357 -0.05003785505845583 -0.050023810933320992 -0.050014141962307114 -0.050107294041474605 -0.050056845333053615
leaf_weight=50.862184179441101 14.383333400764977 3.8317049332545166 138.66911515779793 434.89663911118987 363.75741352602199 1181.6260558789945 3345.3957086047158 1313.9754514433444 611.98584794253111 29.74077429062163 27.274950672057457 44.501797580225684 20.177107249488472 62.220451956491161 109.58357210848772 1110.7007378123308 195.98900710829184 5286.8979439031973 1.4786258637905114 33.420499848201871 5.4820599555969221 42.206347987055779 8.300929307471959 16.66429982817499 0.97737949303700578 5.5853905572148497 43.048810153413797 7.5012095347046852 3.8184921816573469 1.8530230522155759 0.27051339476020075 1.7235096248332409 0.010005644857300378 0.04300816780232608 0.072189684622571804 0.013187473592551124 0.011343191505147843 0.012409053051669616 0.09690263702213997 0.012269901875697542 0.017390858574798496 0.095199061684979824 0.003885807702317833 0.023907002934720367
leaf_count=1170748 102 173 628 4826 1992 5484 9711 3756 1940 116 99 1202 152 494 407 9723 1973 17646 7 90 17 141 147 428 13 76 2059 34 37 3 97 68 14 546 8 44 18 4 1279 28 64 760 2 42
internal_value=0.00021803 0.000395113 -0.00103397 -0.00138733 -0.00588469 -0.00887664 -3.85506e-05 0.00391417 -0.00178536 0.00196699 0.00421744 0.00181038 -0.0102886 -0.0323013 0.00272994 0.0022145 -0.00961547 0.0026592 0.0379947 0.015301 0.0268084 0.0334766 0.00110854 0.0258972 -0.0408902 0.0508534 -0.00878573 -0.0120334 0.0368433 0.0851362 -0.0494861 -0.0729279 0.000633507 -0.0498679 0.0077743 -0.0500024 -0.050049 -0.0501644 -0.0500227 -0.0501006 -0.0500023 -0.0500213 -0.0500183 -0.0500429
internal_weight=14519.2 14467.7 7578.04 7417.58 1711.33 1320.3 5706.25 1748.87 3957.38 6889.63 391.032 6859.81 221.722 82.3976 139.324 6638.09 240.491 6397.6 29.8198 160.456 88.6101 75.6268 71.8457 20.496 4.17951 25.6402 51.3497 12.9833 18.2018 7.43841 51.5444 3.20214 0.389692 51.1547 0.119084 51.0356 0.132139 0.0255965 0.119178 0.0222755 50.9035 0.106542 0.046894 0.0412979
internal_count=1237198 63544 31525 28436 8203 6112 20233 8582 11651 32019 2091 31713 1169 646 523 30544 3175 27369 306 3089 282 231 2807 601 88 218 2206 51 139 79 1173654 75 1418 1172236 556 1171680 826 48 1321 42 1170854 778 548 106
is_linear=0
shrinkage=0.05


Tree=119
num_leaves=36
num_cat=0
split_feature=78 56 42 76 21 43 76 77 43 66 53 77 20 47 43 33 47 74 41 42 3 76 32 74 31 42 51 13 38 76 29 72 43 29 72
split_gain=48.5838 12.5186 12.5632 14.9378 15.466 20.6915 19.3863 14.6523 10.0986 11.1334 6.86414 7.01796 5.06011 2.8203 1.98074 1.64737 0.385991 0.167003 0.151668 0.147793 0.0976196 0.0677312 1.31017e-07 1.36365e-07 2.39109e-08 1.12866e-08 7.09164e-09 3.86963e-09 2.87184e-09 2.83774e-09 2.81161e-09 2.3681e-09 5.05764e-10 6.60614e-11 1.49092e-11
threshold=0.04189748574694898 50.500000000000007 5.5000000000000009 0.59391413434887597 1.0000000180025095e-35 62.500000000000007 0.40935916975331404 0.079371427573475192 123.50000000000001 2.5000000000000004 0.85021877443604843 0.3542742430227645 0.64852941036224376 -0.33251516012753041 57.500000000000007 0.86799004673957836 0.41632551829129177 0.60336812859337219 0.80816438794136058 2.5000000000000004 0.96197089552879345 0.61035662396954138 1.0000000180025095e-35 0.58769289597610996 0.90422871708869945 1.5000000000000002 0.4268504470574177 0.94494947791099559 1.5000000000000002 0.59391413434887597 1.8515106439590456 6.5000000000000009 294.50000000000006 1.8515106439590456 6.5000000000000009
decision_type=2 2 2 2 2 2 2 2 2 2 2 2 2 2 2 2 2 2 2 2 2 2 2 2 2 2 2 2 2 2 2 2 2 2 2
left_child=16 2 3 4 5 -2 -6 13 9 -5 11 -9 -12 -4 -3 -15 18 19 22 -18 25 -10 24 -24 31 -20 28 -26 32 -25 -27 -1 -19 34 -28
right_child=1 14 7 8 6 -7 -8 10 21 -11 12 -13 -14 15 -16 -17 17 26 20 -21 -22 -23 23 29 27 30 33 -29 -30 -31 -32 -33 -34 -35 -36
leaf_value=-0.050003316244231114 0.00073887126414653624 0.06632637133924732 0.020999116591150464 0.012050402706467147 -0.00023568613332021292 0.0088930344394662006 -0.016449792503022313 0.021893697453478113 -0.062790079144514524 -0.014126675875942036 -0.057305904068901542 0.058067607321809184 0.024754192152791767 -0.058854000517341687 0.02660897082972985 0.03154360055043931 -0.051691767379268574 -0.050033784259882932 -0.050122153865219322 0.040882264526031581 0.044757463143492993 -0.053628139768277863 -0.050151309783378985 -0.050061664041187441 -0.050023169471722612 -0.050005365896125843 -0.050003916887479405 -0.050054072366728208 -0.050052496178390832 -0.050018370299546915 -0.050039162025910557 -0.050002010187956386 -0.050018080619209072 -0.050013341880735196 -0.050002287297381313
leaf_weight=3.7632347794533407 2521.2022614402667 7.4710112829925475 1.5994781819172184 50.037379406159744 10261.125484516044 1125.2007390044164 187.7255365983583 38.599069044459611 2.5421260899165636 215.79049306979869 3.7569990870542815 20.544136365875602 3.7574304104782641 6.8617853288014885 5.4138614605180919 0.54393544394406479 0.054014533987355118 0.0067159087629988781 0.0024311591405411495 0.21363314271002309 0.069504551036516204 9.7695051362679788 0.029022747796260684 0.0040342930296901605 0.018266375198435436 0.034695572452619672 0.054825321123644244 0.02274227277666796 0.010410227812826633 0.061245800403412431 0.0074809733268921255 44.648145943818236 0.021675594987755176 0.0017453019827371455 0.018865565241867444
leaf_count=60122 11335 22 16 1170 31994 6135 1269 295 51 5775 26 62 14 4651 25 32 41 16 1 103 8 672 31 4 69 532 729 42 14 318 15 1111094 85 11 419
internal_value=0.000207412 0.00037589 0.00033196 0.00022499 0.000451417 0.00325507 -0.000526991 0.0206527 -0.0112497 -0.00919931 0.02874 0.0344592 -0.0162735 -0.0392105 0.0496382 -0.0522145 -0.049474 0.000597973 -0.0498669 0.0221997 0.00770895 -0.0555199 -0.0500023 -0.0500611 -0.0500021 -0.0500174 -0.0500127 -0.0500403 -0.05003 -0.050021 -0.0500114 -0.0500021 -0.0500218 -0.0500037 -0.0500035
internal_weight=14511 14461.9 14449.1 14373.4 14095.3 3646.4 10448.9 75.6628 278.14 265.828 66.6576 59.1432 7.51443 9.0052 12.8849 7.40572 49.0427 0.381886 48.6608 0.267648 0.114112 12.3116 48.5467 0.0943028 48.4524 0.0446077 0.114238 0.0410086 0.0388017 0.0652801 0.0421765 48.4114 0.0283915 0.0754362 0.0736909
internal_count=1237198 63544 63497 58401 50733 17470 33263 5096 7668 6945 397 357 40 4699 47 4683 1173654 1418 1172236 144 556 723 1171680 353 1171327 548 1274 111 115 322 547 1171216 101 1159 1148
is_linear=0
shrinkage=0.05


Tree=120
num_leaves=45
num_cat=0
split_feature=78 65 44 74 47 16 74 13 74 44 43 75 74 43 75 54 6 61 3 13 76 10 7 29 10 44 51 10 27 74 67 47 40 41 42 60 13 32 44 44 74 28 42 32
split_gain=46.1816 12.4218 13.7534 16.8257 16.5663 22.4382 25.7576 23.7343 18.3735 20.0895 14.6043 28.5043 23.3377 11.3351 10.2412 7.70624 7.45712 13.4061 12.637 9.9823 8.22156 8.02654 6.39208 5.78325 6.09996 5.53202 4.07016 3.55648 2.89865 3.63209 1.80261 0.371894 0.162161 0.145062 0.136872 0.0980767 0.0934221 1.12792e-07 1.20693e-07 9.24813e-08 6.68437e-08 2.0588e-08 9.13633e-09 7.1594e-09
threshold=0.04189748574694898 1.0000000180025095e-35 0.99963924459869846 0.67476956592363857 0.96559001702592306 0.882317215204239 0.7893625098381466 0.81892696022987377 0.79186550052253923 0.99955731017115612 59.500000000000007 0.00073920656442659895 0.73590780803055911 289.50000000000006 0.19881524512955942 0.99999623426245787 0.74115687608718883 40.500000000000007 0.88778790831565868 0.91945946216583263 0.35139525814675421 0.83192089200019848 0.31666667759418493 1.3582170009613039 0.83935481309890758 0.99980763608514578 0.081248133460092589 0.84045451879501354 0.82940685749053966 0.75433969941297985 4.5000000000000009 0.41632551829129177 6.5000000000000009 0.80816438794136058 2.5000000000000004 35.500000000000007 0.99404761195182811 1.0000000180025095e-35 0.99971739134952842 0.81289879553113786 0.49337244944199415 0.85756292939186107 1.5000000000000002 1.0000000180025095e-35
decision_type=2 2 2 2 2 2 2 2 2 2 2 2 2 2 2 2 2 2 2 2 2 2 2 2 2 2 2 2 2 2 2 2 2 2 2 2 2 2 2 2 2 2 2 2
left_child=31 15 4 13 5 7 -7 -3 9 -6 12 -12 -5 25 -10 23 17 18 -17 20 -18 -21 -19 24 26 -4 -2 -26 30 -30 -25 33 43 37 -34 -36 42 41 40 -37 -39 -1 -35 -33
right_child=1 2 3 10 8 6 -8 -9 14 -11 11 -13 -14 -15 -16 16 19 22 -20 21 -22 -23 -24 28 27 -27 -28 -29 29 -31 -32 32 34 36 35 39 -38 38 -40 -41 -42 -43 -44 -45
leaf_value=-0.050002009370128456 0.013590093168483303 0.0070933305942805502 -0.063258524849411524 0.029322469216373184 0.0042036694113792182 -0.0082554765470721266 -0.00070190696044799964 -0.00063430988951678011 0.031293725744333471 -0.027884680008948805 -0.11216093842978599 -0.00095958597925328436 0.0058763310323957235 0.019320800134532315 0.0023101590371732979 -0.068118883417646187 0.023529816961246904 0.012179019776244483 0.024965766308655088 0.01503482248742876 -0.029928079992614799 -0.0022809983378988602 -0.039257550826239225 0.08892467461352685 0.085859828085679504 0.020394264468435827 -0.072399652328876352 0.010485055885255704 -0.025307781502532923 0.057034716912433829 0.047688336679309787 -0.050004604614239258 -0.05164262207780778 -0.050116180824919088 0.053385595474383568 -0.050233869495609845 0.044662459212020646 -0.050166574923027812 -0.050282997461575933 -0.050022405603102352 -0.050027096842215825 -0.050038547805711375 -0.050014004544315094 -0.050031707833084707
leaf_weight=46.050849469622335 2.6194997079001059 1225.4303327234957 17.606533970014432 120.6664828134235 1124.7493892316706 1874.5008455775533 2836.2553704796883 5252.7145116635074 94.904715549200773 50.988171279430389 5.8476878259098148 396.80358894981327 881.27960636338685 7.2146112293994511 44.896029055118561 14.259330812899863 123.56793192052282 42.721178914885968 4.8986801207065573 103.37915018084459 7.636849823058582 189.78245166284614 7.0345865134149781 5.2819350095815043 2.5530065838247538 2.2262438337784252 2.8991772522713291 4.0438071945973206 2.252557548461481 3.3028339567244984 5.3190923321526498 0.074576043709383977 0.050312484509049682 0.0023128588218231929 0.18101199398370227 0.0070842568384250617 0.066626890053157695 0.0097110830465670928 0.0055963774211704722 0.019138135488901753 0.074401375943125458 0.038585032962145216 0.040468616225552978 0.036189245132845826
leaf_count=1171216 172 12195 173 375 3109 7636 9289 23420 512 173 37 1650 2707 38 214 79 330 146 12 306 59 561 27 19 6 22 71 119 39 20 28 1052 58 1 3 9 25 14 1 191 338 111 530 105
internal_value=0.000196878 0.000357153 7.3628e-05 0.00471577 -0.000457856 -0.00108189 -0.00370762 0.00082748 0.00484967 0.0028121 0.00546796 -0.00257456 0.0087 -0.034346 0.0219859 0.00793306 0.00647802 -0.00877747 -0.0443173 0.00895539 0.0204183 0.00382517 0.0049068 0.0333201 0.00720566 -0.0538684 -0.0315837 0.0396555 0.0529029 0.0236471 0.0682342 -0.0494677 0.000576152 -0.0498659 0.0223336 0.0402936 0.00763938 -0.0500021 -0.0500582 -0.0500795 -0.0500432 -0.050002 -0.0500195 -0.0500135
internal_weight=14504.3 14457.6 13936.1 1431.64 12504.4 11188.9 4710.76 6478.14 1315.54 1175.74 1404.6 402.651 1001.95 27.0474 139.801 521.552 493.28 68.9138 19.158 424.366 131.205 293.162 49.7558 28.2719 12.1155 19.8328 5.51868 6.59681 16.1564 5.55539 10.601 46.6569 0.368312 46.2886 0.257547 0.207234 0.109408 46.1791 0.0897088 0.0262224 0.0841125 46.0894 0.0427815 0.110765
internal_count=1237198 63544 61550 5002 56548 52540 16925 35615 4008 3282 4769 1687 3082 233 726 1994 1520 264 91 1256 389 867 173 474 368 195 243 125 106 59 47 1173654 1418 1172236 261 203 556 1171680 353 200 352 1171327 531 1157
is_linear=0
shrinkage=0.05


Tree=121
num_leaves=45
num_cat=0
split_feature=78 75 78 38 75 44 8 44 52 8 75 40 61 8 53 48 43 33 59 59 57 57 54 47 75 20 31 65 76 47 57 47 40 41 78 62 8 32 44 76 44 28 48 32
split_gain=43.9039 12.4736 15.763 16.8518 19.2647 19.7893 18.1455 15.0091 13.7482 15.9952 13.7717 26.76 30.3067 12.8762 11.5948 12.1392 11.5237 11.0742 9.98953 12.358 9.3123 9.02315 8.6741 11.3677 8.04392 5.84822 4.14519 3.37515 4.28325 4.13073 2.93036 0.354362 0.154107 0.138749 0.115292 0.106114 0.0900052 9.70885e-08 1.03832e-07 5.75424e-08 5.41826e-08 1.77209e-08 8.43334e-09 6.16227e-09
threshold=0.04189748574694898 0.015524800192328993 0.23390836776912052 1.5000000000000002 0.012942303105432819 0.99970456720254097 0.70479303598403942 0.99937678219153192 0.0073991220289547511 0.78474903106689464 0.016216885803328699 9.5000000000000018 54.500000000000007 0.70106381177902233 0.011889239089063646 0.98751063528077154 64.500000000000014 0.52528449892997753 0.60826939471440766 0.58160676532769562 10.500000000000002 37.500000000000007 0.99999463067355965 0.15944021203530079 0.052851631827398556 0.22792208194732669 0.25887605547904974 1.0000000180025095e-35 0.63571351946577648 0.093510150266923123 26.500000000000004 0.41632551829129177 6.5000000000000009 0.80816438794136058 0.019247659171958722 35.500000000000007 0.79361054301261913 1.0000000180025095e-35 0.99971739134952842 0.48261304045459763 0.81289879553113786 0.85756292939186107 0.98751063528077154 1.0000000180025095e-35
decision_type=2 2 2 2 2 2 2 2 2 2 2 2 2 2 2 2 2 2 2 2 2 2 2 2 2 2 2 2 2 2 2 2 2 2 2 2 2 2 2 2 2 2 2 2
left_child=31 2 18 4 5 -4 13 -6 10 22 11 12 -3 -5 30 -16 21 -18 19 25 -8 -11 23 -10 -24 -2 -21 29 -29 -20 -12 33 43 37 35 -34 42 41 39 -39 -37 -1 -35 -33
right_child=1 8 3 6 7 -7 20 -9 9 16 14 -13 -14 -15 15 -17 17 -19 27 26 -22 -23 24 -25 -26 -27 -28 28 -30 -31 -32 32 34 36 -36 40 -38 38 -40 -41 -42 -43 -44 -45
leaf_value=-0.050001911435256521 0.033172302815237122 -0.038952617738284789 -0.00015315388937703334 0.024600037094638528 0.017772508087585206 0.019525426401757043 -0.067505672626160959 -0.0023814159433977805 0.031498343730074853 -0.038370420874200048 0.058386034198249559 0.088857799413314009 0.019350778476514011 0.15199713954708155 -0.0028404968380700592 0.00074039833704079823 0.056100750972318952 -0.007831602182751838 0.064232839398092559 0.14290792122519319 0.005814417475215901 0.055587889539705039 0.043473208302636464 0.15994979895441175 0.010817037985229105 -0.054775175523226707 -0.051948203347428591 -0.018261069976902213 -0.055044744224453518 -0.059535505533877091 -0.0079715661901451091 -0.050004380026877196 0.052997274501091512 -0.050009504659075915 -0.051703513017062275 -0.050220348767697411 0.044818431778678072 -0.050158453264303328 -0.050269114981746271 -0.050025776072570804 -0.050059510744957639 -0.050036667863569841 -0.050092322171934767 -0.050030161366210218
leaf_weight=43.805005357415212 3.6099869588360871 82.031286056037061 3300.6525210630789 148.90223604782659 307.78211607853882 132.90055191516876 4.4032660810626103 131.99837065115571 4.5276394882530431 25.077271956834014 10.381605141636099 5.6016129192139479 30.604803734167945 2.0101642587687811 3960.5944989755517 5881.0165895170212 10.871018117322821 17.970201995864045 1.6888933853115298 2.0829214274708652 262.52136849542148 2.8451167708262792 30.740720596106257 2.7799462214461528 48.780470442783553 3.9678690918517532 0.31408982470020408 12.194727138092274 22.546148257664754 1.1219852082140276 1.9812187778879877 0.070939237783021691 0.17310891743181855 0.037856661121621893 0.043372002153773792 0.0068408318584260988 0.063699194506625645 0.0092389257988533258 0.0053248717449605456 0.070774599462311016 0.022324213252431946 0.03670456275358347 0.0033456007950007907 0.034425311925588176
leaf_count=1171216 700 368 11072 2157 923 408 30 431 152 291 251 24 92 6 19603 19210 169 235 115 38 1206 12 211 55 510 377 122 3373 1282 16 105 1052 8 544 89 7 10 14 1 338 157 111 2 105
internal_value=0.000187237 0.000339699 0.00258247 0.00289964 0.00187052 0.000608534 0.0124395 0.0117234 -0.000622233 0.0147389 -0.000843421 -0.0178062 -0.0231108 0.026297 -0.000639885 -0.000700674 -0.00590052 0.0162662 -0.0260547 0.0184223 0.00460491 -0.0287967 0.0282317 0.0803637 0.023441 -0.0128782 0.117375 -0.0378691 -0.042133 0.0148297 0.0477518 -0.049466 0.000573063 -0.0498649 0.0222708 0.0381325 0.00757012 -0.050002 -0.0500553 -0.0500411 -0.0500972 -0.0500019 -0.0500162 -0.0500128
internal_weight=14498.9 14454.5 4338.7 4291.17 3873.33 3433.55 417.837 439.78 10115.8 143.592 9972.21 118.238 112.636 150.912 9853.97 9841.61 56.7636 28.8412 47.5266 9.97487 266.925 27.9224 86.8288 7.30759 79.5212 7.57786 2.39701 37.5518 34.7409 2.81088 12.3628 44.383 0.351011 44.0319 0.245646 0.202274 0.104901 43.927 0.0853384 0.0800135 0.029165 43.8417 0.0412023 0.105365
internal_count=1237198 63544 22256 16233 12834 11480 3399 1354 41288 1635 39653 484 460 2163 39169 38813 707 404 6023 1237 1236 303 928 207 721 1077 160 4786 4655 131 356 1173654 1418 1172236 261 172 556 1171680 353 352 164 1171327 546 1157
is_linear=0
shrinkage=0.05


Tree=122
num_leaves=30
num_cat=0
split_feature=72 21 74 56 56 7 43 43 43 74 47 62 44 75 75 27 77 20 54 77 54 77 61 77 48 47 74 54 77
split_gain=41.2703 13.7042 12.6244 23.1243 28.363 30.9907 19.9694 18.8492 49.5755 35.6436 15.7773 9.62218 12.4894 8.28487 13.1139 7.83369 0.621529 0.01031 0.00161931 0.00143121 1.88102e-06 1.7882e-06 7.00523e-07 5.64496e-07 2.08226e-07 8.33271e-08 3.53542e-08 2.17424e-08 6.17846e-09
threshold=6.5000000000000009 6.5000000000000009 0.74785458390773274 5.5000000000000009 6.5000000000000009 0.63068181276321422 92.500000000000014 322.50000000000006 287.50000000000006 0.52014156185220484 0.52664288881242227 11.500000000000002 0.99967343986524415 0.16486952821483122 0.17248813356160619 0.8246518373489381 0.71016232810857505 0.8441295623779298 0.99999886430482721 0.079371427573475192 0.99999856055236036 0.020397055716778426 111.50000000000001 -0.018545217684821477 0.55441295689260162 -3.3591457249702989e-05 0.21210159085144339 0.99999800764523483 0.039448129013839019
decision_type=2 2 2 2 2 2 2 2 2 2 2 2 2 2 2 2 2 2 2 2 2 2 2 2 2 2 2 2 2
left_child=1 2 7 11 5 -5 -6 8 10 -10 -1 15 -13 16 -15 -4 -9 19 20 21 23 25 24 -19 -23 27 -27 -2 -25
right_child=17 -3 3 4 6 -7 -8 13 9 -11 -12 12 -14 14 -16 -17 -18 18 -20 -21 -22 22 -24 28 -26 26 -28 -29 -30
leaf_value=0.0027715451149611537 -0.050001829765363194 0.10900490912380743 0.092828007992388828 0.00071315556781057019 0.00024145442510722128 -0.15582531637460256 0.0066605913729507228 -0.061160622140136338 -0.049600466856630603 0.06218984715811228 -0.0052564492639197609 -0.082509984622552809 0.16160062198724387 0.13132838473740702 -0.028832612928528064 0.035571131502687141 -0.085369697575427797 -0.050460088135251296 -0.06032926811336943 -0.05227237743628417 -0.050924114974588514 -0.050338880663504074 -0.050523639138206691 -0.050005276123216563 -0.050116781003600411 -0.050019123783380408 -0.050002297653604824 -0.050129294812453096 -0.050079269155916539
leaf_weight=854.75850422110307 37.972017506843251 2.899764795205555 7.8289219419675637 6.641553121924515 9920.470941453561 6.0345533223662642 1380.136226061768 12.095904861311281 8.4255121087116986 46.386933519723243 2155.0065375018858 2.8691925030580019 0.6410357880158698 1.3791958068795818 17.433056691166712 25.210578754318703 3.3954380601644507 0.018458326023392146 0.2837604284286499 0.70716649969108303 0.017979634892981267 0.011262940475716188 0.012116526369936764 0.0087517686588388655 0.16743908857461065 1.0200133240250639 0.44987341755040677 0.0033458198740835545 0.0041633202927187094
leaf_count=33629 1093292 11 24 87 67697 48 11376 525 186 318 7446 113 2 6 354 123 15 9 2 30 3 2 2 180 343 9565 11803 4 3
internal_value=0.000177836 0.000319394 0.000297581 0.00106985 0.000941572 -0.0738081 0.00102542 -0.0025309 -0.00211833 0.045006 -0.00297654 0.0407764 -0.0379307 -0.0393887 -0.0170906 0.0491385 -0.0664668 -0.0501151 -0.0588754 -0.0500428 -0.0505164 -0.050003 -0.0501557 -0.0502827 -0.0501308 -0.0500023 -0.050014 -0.0500018 -0.0500291
internal_weight=14492.3 14451.6 14448.7 11349.8 11313.3 12.6761 11300.6 3098.88 3064.58 54.8124 3009.77 36.5497 3.51023 34.3036 18.8123 33.0395 15.4913 40.6763 0.333113 40.3432 0.049353 39.6361 0.190819 0.0313734 0.178702 39.4453 1.46989 37.9754 0.0129151
internal_count=1237198 121960 121949 79470 79208 135 79073 42479 41579 504 41075 262 115 900 360 147 540 1115238 197 1115041 195 1115011 347 192 345 1114664 21368 1093296 183
is_linear=0
shrinkage=0.05


Tree=123
num_leaves=43
num_cat=0
split_feature=72 42 76 21 13 45 76 4 3 73 77 73 66 76 73 73 60 30 73 1 47 77 61 52 61 73 45 76 74 67 20 46 77 54 77 61 77 27 46 46 46 46
split_gain=39.2338 12.0879 14.1318 14.1877 19.1925 27.4564 17.9063 16.959 16.6305 13.8708 13.5426 9.76242 10.0971 12.9098 12.8308 6.46305 16.0755 6.7633 6.20575 5.94819 2.53164 4.16623 1.81991 0.423693 0.234886 0.209597 0.0902498 0.0616456 0.0407272 0.0105379 0.00878897 0.0013664 0.00123289 1.61613e-06 1.53923e-06 6.0253e-07 4.85516e-07 1.60651e-07 1.06383e-07 1.99934e-08 5.67493e-09 5.43354e-09
threshold=6.5000000000000009 5.5000000000000009 0.59391413434887597 1.0000000180025095e-35 0.94028520584106456 -0.77539948413006521 0.35139525814675421 0.054299755021929748 0.39788307249546057 34.500000000000007 0.079371427573475192 123.50000000000001 2.5000000000000004 0.68323359167902364 122.50000000000001 33.500000000000007 73.500000000000014 0.64885830879211437 85.500000000000014 0.81872946023941051 -0.33251516012753041 -0.018545217684821477 106.50000000000001 0.19091884577378174 107.50000000000001 14.500000000000002 -0.58988289062240429 0.61035662396954138 0.77134341402560314 7.5000000000000009 0.8441295623779298 0.8618690030540207 0.079371427573475192 0.99999856055236036 0.020397055716778426 111.50000000000001 -0.018545217684821477 0.98726060986518871 0.068690624084815521 0.25354477085722027 0.024690589029483737 0.64613580925817204
decision_type=2 2 2 2 2 2 2 2 2 2 2 2 2 2 2 2 2 2 2 2 2 2 2 2 2 2 2 2 2 2 2 2 2 2 2 2 2 2 2 2 2 2
left_child=1 2 3 4 5 -1 7 -5 -8 -6 20 12 13 -4 -14 16 19 -17 -19 -12 21 23 25 -3 -24 -22 -23 28 -13 -29 32 33 34 36 38 37 -32 -36 40 -40 -2 -38
right_child=30 10 11 6 9 -7 8 -9 -10 -11 15 27 14 -15 -16 17 -18 18 -20 -21 22 26 24 -25 -26 -27 -28 29 -30 -31 31 -33 -34 -35 35 -37 41 -39 39 -41 -42 -43
leaf_value=0.055877318740902265 -0.050001669431949836 -0.059984482502486919 0.027098888694667929 0.025297656679721989 -0.0032543947239821874 0.0069620520513475953 -0.060652542613156363 -0.00033924273908848151 -0.0098970724892659123 0.0043645010621355873 -0.0059651232512434446 -0.052886840278735664 -0.014320396066815844 -0.029023099465935412 0.23775901455685103 -0.023024660456559952 0.056117294174807944 0.057390118428010652 0.019173935904040221 -0.088328491287557861 -0.068285308593240876 0.053264527285455776 0.059088948435455084 -0.15146282740928899 -0.050608627680113899 -0.050257769303559512 0.083356028301401985 -0.05306894066512699 -0.066682952433362738 -0.063718792529658105 -0.050437460269531935 -0.059724567248952247 -0.05216023847141478 -0.050878231388373468 -0.050112130830433671 -0.050497879937895965 -0.050006987402564734 -0.050316988041434023 -0.050013370006639517 -0.050028584155905789 -0.050006612252888549 -0.050081070787369612
leaf_weight=29.373864698252873 35.98472397252408 0.29600828470938712 36.059636965263053 64.921857922196068 1220.7875942014434 1227.9987508154409 17.20399270625785 10105.069767888879 260.7491787975523 1169.8619633383823 4.6610819883644563 0.78976536792470087 213.89539939865062 14.314609119122904 0.50599259676891861 4.2611718182452014 7.1804843321442595 27.970334885641932 17.127749447245151 4.1382997259497643 2.8561276310174435 0.38101061420093174 0.39661496569533472 0.22113874554634094 0.055644396525167394 3.7023499617534981 0.72009795904159346 9.2852313386611023 1.6579858986660836 0.23823812870614425 0.017565781403391156 0.2725847065448761 0.67408725689165194 0.017117790994234383 0.15982798889672167 0.011531327443663031 0.0088495361342201262 0.010179736778809456 0.61334383446592156 0.33327482201275416 0.59022347615973458 0.0034360167446720888
leaf_count=637 1092980 470 632 329 4584 10434 201 31986 1827 6254 30 86 31104 4157 50 38 22 139 115 26 3491 323 14 1 170 21207 1 3594 13 25 9 2 30 3 341 2 178 4 7279 2281 12124 5
internal_value=0.000168941 0.000303617 0.00019986 0.000419541 0.00310406 0.00810478 -0.000517788 -0.000175585 -0.0130386 0.000473904 0.0204644 -0.0109895 -0.00899267 0.011151 -0.0137255 0.0282393 0.000601735 0.0371868 0.042876 -0.0447002 -0.0384072 0.017963 -0.0514188 -0.0991018 0.0455921 -0.0581085 0.0729436 -0.0551544 -0.0622316 -0.0533354 -0.0501095 -0.0583674 -0.0500408 -0.0504909 -0.0500029 -0.0501481 -0.0502688 -0.0501244 -0.0500022 -0.0500187 -0.0500017 -0.0500277
internal_weight=14485.4 14446.7 14372.7 14096 3648.02 1257.37 10447.9 10170 277.953 2390.65 73.9681 276.747 264.776 50.3742 214.401 65.3391 15.9799 49.3593 45.0981 8.79938 8.62899 1.61826 7.01074 0.517147 0.452259 6.55848 1.10111 11.9712 2.44775 9.52347 38.6967 0.319554 38.3772 0.0469691 37.7031 0.181539 0.0298513 0.170008 37.5216 0.946619 36.5749 0.0122856
internal_count=1237198 121960 95913 56252 21909 11071 34343 32315 2028 10838 26047 39661 35943 4789 31154 370 78 292 254 56 25677 795 24882 471 184 24698 324 3718 99 3619 1115238 197 1115041 195 1115011 347 192 345 1114664 9560 1105104 183
is_linear=0
shrinkage=0.05


Tree=124
num_leaves=45
num_cat=0
split_feature=78 41 43 43 74 74 13 74 43 60 74 61 13 44 74 44 43 27 33 57 10 61 16 47 78 15 8 54 72 72 44 75 40 74 44 74 44 28 78 7 43 72 60 43
split_gain=37.9451 12.8174 15.7889 40.9165 42.5862 40.6299 39.5662 31.4237 46.8884 32.2235 25.948 19.6189 19.6161 19.1933 18.5215 16.9238 14.7311 13.1817 12.0809 13.9901 17.0634 14.2678 12.8889 10.9808 9.95311 10.2544 7.6799 0.317119 0.204896 0.123372 0.134804 0.0720557 2.10852e-05 9.07125e-08 8.85025e-08 2.76112e-08 6.48378e-08 2.07136e-08 2.58359e-09 2.54903e-09 2.03935e-09 1.78362e-09 1.29072e-09 6.40541e-10
threshold=0.04189748574694898 0.51027804613113414 32.500000000000007 49.500000000000007 0.81162009452820072 0.71894715964871347 0.12599206715822223 0.81611493993381334 16.500000000000004 71.500000000000014 0.88639957800627434 99.500000000000014 0.84292763471603405 0.99873967396657626 0.78416258955095086 0.99970456720254097 7.5000000000000009 0.85254529118537914 0.50079366564750682 17.500000000000004 0.83503401279449474 40.500000000000007 0.84498000144958507 0.77827671854801139 0.99999866487549316 0.50096523761749279 0.79361054301261913 0.99999623426245787 3.5000000000000004 2.5000000000000004 0.99768496084287051 0.50588148610962957 6.5000000000000009 0.59514543181355706 0.99971739134952842 0.60336812859337219 0.99940530953641049 0.85756292939186107 0.013267219544436956 0.81666666269302379 5.5000000000000009 6.5000000000000009 26.500000000000004 3.5000000000000004
decision_type=2 2 2 2 2 2 2 2 2 2 2 2 2 2 2 2 2 2 2 2 2 2 2 2 2 2 2 2 2 2 2 2 2 2 2 2 2 2 2 2 2 2 2 2
left_child=27 2 7 5 6 11 -5 9 10 14 -9 -4 -7 -6 -2 -11 23 -10 22 21 -21 -20 26 24 25 -3 -18 37 29 32 33 -32 42 -31 35 36 -30 41 -39 -37 -40 43 -29 -1
right_child=1 16 3 4 13 12 -8 8 17 15 -12 -13 -14 -15 -16 -17 18 -19 19 20 -22 -23 -24 -25 -26 -27 -28 28 34 30 31 -33 -34 -35 -36 39 -38 38 40 -41 -42 -43 -44 -45
leaf_value=-0.050007373002591796 -0.017485047818238519 -0.0072292795346899407 -0.013102377130241726 -0.030491951465029851 0.0058704828183078874 0.022859634556494476 -0.0012050087679841049 -0.0078290287840399719 0.008471517191842335 0.00072902648090441028 0.001160315581236881 0.027727053195531023 0.0085884901862283928 0.03158970294367304 -0.0057870126560585974 0.03390564449695304 0.019445926710612921 0.028412834599491996 -0.02927966804847882 0.016431365250523532 -0.0022317136281805312 -0.0012278214766435619 0.096197735993219555 -0.053052372202516698 0.052920240411274855 0.01391634108842154 -0.078173330107676284 -0.050045995311172098 -0.050022663996974262 -0.050154144205512376 -0.050009818537197159 0.048081439662314984 -0.05185298307870561 -0.050012632595750242 -0.050186044475045412 -0.050003579813911507 -0.050176415619122297 -0.050021497499673155 -0.050072596773407987 -0.050016151585326477 -0.050040437167747531 -0.05000156574871676 -0.050009894565619988 -0.050002706555878795
leaf_weight=0.07538180061965194 654.72026281058788 66.047163269511657 266.391034808119 118.29547030865797 157.17163454325055 307.11977266540634 4589.7323674780782 1084.1129321889894 167.05837935031741 436.83645888976753 3093.2557836024207 33.074590549134882 1114.8609651694715 134.71416806816706 700.28546563783311 42.148003186128335 48.547896206131554 164.44637490974856 76.5765864776331 169.29931769946415 442.79368126273766 111.08354913356015 5.4679027320817104 6.5056194663047782 14.662801221013067 434.58660361434158 2.1019992418005122 0.0027845595068346487 0.035643801977130352 0.017207495977345388 0.02043979820155073 0.22274179981468478 0.041050586780329468 0.033124521512945648 0.0080116910139622632 0.11407902333303355 0.0084902124108339194 0.0095369791451948016 0.0080649156006984413 0.062360909274502774 0.012680197785812197 34.762160560410848 0.022339163213473512 3.007131588365155
leaf_count=987 4366 509 2542 651 1002 1215 22702 3119 582 1897 9185 160 3690 865 2271 147 997 500 455 1780 2259 764 13 22 33 1783 35 8 241 28 200 87 27 282 42 2103 5 44 9 501 33 1110806 226 58025
internal_value=0.000160203 0.000292293 -0.000191422 0.00149714 -0.000791908 0.00814566 -0.00194088 -0.00198075 0.000263753 -0.00749887 -0.0011726 -0.00859296 0.0116708 0.0177407 -0.0114393 0.00364839 0.00487927 0.0183636 0.000842231 -0.000731348 0.00293032 -0.0126747 0.0232678 0.0115009 0.0123159 0.0111267 0.0153947 -0.0494359 -0.0130071 0.0105168 0.024421 0.0398367 -0.0511548 -0.050061 -0.0500228 -0.0500169 -0.0500522 -0.0500017 -0.050043 -0.050008 -0.0500529 -0.0500017 -0.0500139 -0.0500028
internal_weight=14480.4 14441.9 13064.2 6721.36 4999.91 1721.45 4708.03 6342.86 4508.87 1833.99 4177.37 299.466 1421.98 291.886 1355.01 478.984 1377.67 331.505 855.871 799.753 612.093 187.66 56.1178 521.802 515.297 500.634 50.6499 38.4632 0.588274 0.359688 0.293514 0.243182 0.0661743 0.050332 0.228586 0.220574 0.044134 37.875 0.0302821 0.17644 0.0207451 37.8447 0.0251237 3.08251
internal_count=1237198 63544 54894 32827 25220 7607 23353 22067 13386 8681 12304 2702 4905 1867 6637 2044 8650 1082 6303 5258 4039 1219 1045 2347 2325 2292 1032 1173654 3750 858 597 287 261 310 2892 2850 246 1169904 86 2604 42 1169818 234 59012
is_linear=0
shrinkage=0.05


Tree=125
num_leaves=45
num_cat=0
split_feature=78 57 43 74 43 21 74 74 35 44 60 43 13 29 61 56 60 43 56 75 74 52 56 53 4 43 57 27 43 54 72 72 44 75 40 74 44 74 44 28 32 78 43 72
split_gain=36.077 12.1671 13.9801 40.1901 32.3701 29.8328 29.5021 25.2661 19.6405 19.0011 31.8558 17.7982 14.6161 14.302 13.3339 13.1354 17.8254 18.5398 14.6555 14.3913 12.7794 11.8541 10.9923 9.3974 7.58853 15.3245 6.9955 4.22138 0.90412 0.303625 0.194904 0.116833 0.127343 0.0679014 1.8105e-05 7.80844e-08 7.61829e-08 2.3766e-08 5.57988e-08 1.78292e-08 2.31841e-09 2.22367e-09 1.75508e-09 1.53569e-09
threshold=0.04189748574694898 32.500000000000007 34.500000000000007 0.79470359839972693 49.500000000000007 1.5000000000000002 0.71894715964871347 0.91620579917227818 3.5000000000000004 0.99963924459869846 84.500000000000014 51.500000000000007 0.90521115064620983 0.87647277116775524 116.50000000000001 34.500000000000007 101.50000000000001 18.500000000000004 50.500000000000007 0.019928372370230155 0.94412727889595982 0.008807162766097108 11.500000000000002 0.52882820054969593 0.57294833660125744 43.500000000000007 38.500000000000007 0.93364781141281139 38.500000000000007 0.99999623426245787 3.5000000000000004 2.5000000000000004 0.99768496084287051 0.50588148610962957 6.5000000000000009 0.59514543181355706 0.99971739134952842 0.60336812859337219 0.99940530953641049 0.85756292939186107 1.0000000180025095e-35 0.013267219544436956 5.5000000000000009 6.5000000000000009
decision_type=2 2 2 2 2 2 2 2 2 2 2 2 2 2 2 2 2 2 2 2 2 2 2 2 2 2 2 2 2 2 2 2 2 2 2 2 2 2 2 2 2 2 2 2
left_child=29 2 7 4 6 -6 -4 9 12 13 -11 -10 -5 -2 15 16 20 -18 19 -17 -3 22 -9 -23 25 -16 27 -26 -20 39 31 34 35 -34 -31 -33 37 38 -32 43 -39 -41 -43 -1
right_child=1 14 3 8 5 -7 -8 21 11 10 -12 -13 -14 -15 24 18 17 -19 28 -21 -22 23 -24 -25 26 -27 -28 -29 -30 30 36 32 33 -35 -36 -37 -38 40 -40 41 -42 42 -44 -45
leaf_value=-0.050002683099774826 0.021201529357440407 0.0062692778099852232 -0.0085005823343829775 0.02550084317874339 -0.00048055643071840261 -0.012349915366783948 0.010441652701269594 -0.015985581497320427 0.031057713278513029 0.00048904368138134153 0.038315272632169058 -0.041291356478379213 0.0095722070214551529 -0.005470690021948367 0.048216697502663414 0.0061962723254544074 -0.083168001622970722 -0.0084248023347151153 0.064958990530250865 -0.0074129604453725233 0.032948143615704313 -0.0072391538327359244 0.0045729089727552007 -0.10999462705986891 0.054359945938051449 -0.073774258049224384 0.073563169044009155 -0.0031898606218629787 0.037807766601298559 -0.050013218196944244 -0.050021559250041842 -0.050146626423571233 -0.050009340078789426 0.04758074538988688 -0.051759938690249058 -0.050012016724191824 -0.050176966259388923 -0.05000397313727592 -0.050167792104090149 -0.050020449263187078 -0.050017070288981273 -0.050069053801819342 -0.050038465293976264 -0.050001489181053606
leaf_weight=2.9321853010660552 50.905002339699422 1360.1761434797809 256.14755149692064 214.43300089822151 3220.0686543600532 633.55287571284862 1040.7418297294207 67.901934439898469 11.902576711203436 530.07767213587067 62.190112711978145 29.741376558493357 438.5628042431199 3964.566608197827 6.2265454696462239 300.40105162008695 9.7019800933194329 57.275576825326425 6.5851986707421002 549.75332440709462 46.418225953588262 4.8974879737943393 1531.8422529646195 4.0775712734321132 5.6378382891416567 4.3889868088590447 13.177460281032834 7.3283521886914968 5.737537152483128 0.023898739909781308 0.033906163218489382 0.016370668774470687 0.019443118879280519 0.21405256148864282 0.039116946845751954 0.03150939779879991 0.0076223002542974419 0.12094801735838701 0.0080774930502229836 0.0090720406296885825 0.046888117656635586 0.0076721143996110177 0.012062240599334473 33.066838645048847
leaf_count=59012 1235 6558 2278 1098 17700 2208 3583 228 57 1600 183 206 2483 15234 30 1197 68 356 19 2187 145 31 4710 20 11 30 31 35 23 234 241 28 200 87 27 282 42 2318 5 44 286 9 33 1110806
internal_value=0.000152853 0.000278547 -0.000365314 0.00139017 -0.000132431 -0.00243193 0.00670039 -0.00201594 0.0126797 -0.00389944 0.00446093 -0.0206127 0.0148029 -0.00513256 0.00355147 0.00308129 0.00594968 -0.0192517 -0.00181946 -0.00260415 0.00714969 0.00337881 0.00370029 -0.0539233 0.0334311 -0.00222041 0.0479073 0.0218334 0.0523172 -0.0494328 -0.0129595 0.0104408 0.0242226 0.0394544 -0.0510975 -0.050058 -0.0500217 -0.050016 -0.0500497 -0.0500016 -0.0500076 -0.0500409 -0.0500504 -0.0500016
internal_weight=14471 14434.4 12061.6 5845.15 5150.51 3853.62 1296.89 6216.46 694.64 4607.74 592.268 41.644 652.996 4015.47 2372.81 2336.05 1473.57 66.9776 862.477 850.154 1406.59 1608.72 1599.74 8.97506 36.7592 10.6155 26.1437 12.9662 12.3227 36.5897 0.561834 0.344391 0.281376 0.233496 0.0630157 0.0478801 0.217442 0.20982 0.0419837 36.0278 0.167836 0.0288064 0.0197344 35.999
internal_count=1237198 63544 52854 29613 25769 19908 5861 23241 3844 18252 1783 263 3581 16469 10690 10553 7127 424 3426 3384 6703 4989 4938 51 137 60 77 46 42 1173654 3750 858 597 287 261 310 2892 2850 246 1169904 2604 86 42 1169818
is_linear=0
shrinkage=0.05


Tree=126
num_leaves=45
num_cat=0
split_feature=78 38 6 76 47 51 15 17 57 61 21 28 56 62 33 41 27 5 5 7 74 44 77 74 1 43 74 39 37 18 10 77 54 72 72 44 8 40 74 44 74 44 28 78
split_gain=34.3015 12.3631 23.9563 16.2996 23.1394 17.8728 20.97 16.9092 16.0316 16.0268 15.4768 15.4573 15.4189 17.9118 14.5192 13.9789 13.8089 13.4814 14.4743 12.9341 12.792 11.4578 20.7789 14.3708 10.6847 10.3193 9.51253 6.40946 5.22126 4.24644 1.89568 1.64026 0.290819 0.1854 0.11062 0.120249 0.0638185 1.55479e-05 6.72145e-08 6.55793e-08 2.04562e-08 4.80196e-08 1.53452e-08 1.91375e-09
threshold=0.04189748574694898 1.5000000000000002 0.86616915464401256 0.082331710859778681 0.77827671854801139 0.99948887278834997 0.94633257389068615 0.16990566253662112 30.500000000000004 92.500000000000014 1.0000000180025095e-35 0.85756292939186107 31.500000000000004 9.5000000000000018 0.93356561660766613 0.51068001985549938 0.98726060986518871 0.84660634398460399 0.83910790085792553 0.31666667759418493 0.43949605872518499 0.9887752808554876 0.17962771777507108 0.68785524213985705 0.91734972596168529 5.5000000000000009 0.93409761802761604 1.0000000180025095e-35 2.5000000000000004 0.89668855071067821 0.87026646733284008 0.71016232810857505 0.99999623426245787 3.5000000000000004 2.5000000000000004 0.99768496084287051 0.79361054301261913 6.5000000000000009 0.59514543181355706 0.99971739134952842 0.60336812859337219 0.99940530953641049 0.85756292939186107 0.013267219544436956
decision_type=2 2 2 2 2 2 2 2 2 2 2 2 2 2 2 2 2 2 2 2 2 2 2 2 2 2 2 2 2 2 2 2 2 2 2 2 2 2 2 2 2 2 2 2
left_child=32 3 16 7 11 6 -6 17 14 19 -10 15 28 -14 -9 -5 21 18 -2 24 -21 22 -3 -23 -4 -13 -19 30 -11 -29 -18 -7 42 34 37 38 -37 -34 -36 40 41 -35 -1 -44
right_child=1 2 9 4 5 31 -8 8 10 12 -12 25 13 -15 -16 -17 27 26 -20 20 -22 23 -24 -25 -26 -27 -28 29 -30 -31 -32 -33 33 39 35 36 -38 -39 -40 -41 -42 -43 43 -45
leaf_value=-0.050001509485339005 0.020064238075018052 -0.021722233742821579 -0.10033725153776336 -0.0060141240883022232 -0.013161475079546847 0.024528690801898137 -0.049231417975396 -0.0018960698848978661 0.014849206748993246 0.022423399202243014 0.0021723769884958097 0.00033346913522881732 -0.10915148129790937 0.037584475757777291 0.0050215585800743312 0.0046035545332669689 -0.025306146013827233 0.0024041893383200015 0.11120681213344136 -0.016079044316275916 0.0016847411924334598 -0.065891865026635812 0.015101692808850093 0.027130866383649206 0.037139097779058709 0.033479631685445238 0.043718077817305197 0.026861018419615093 0.060657906287653419 -0.067570669638811184 -0.087790100575300567 0.058926597721263775 -0.050012573923321348 -0.050020508409642533 -0.050139475592593345 -0.05000746930968869 0.047039307690263411 -0.051671697576242362 -0.050011430748701735 -0.050168332775682861 -0.050007259934825958 -0.050159590287147685 -0.050019452072487196 -0.050047899575881877
leaf_weight=34.243382426422613 130.52891164817265 46.448874621441064 5.5565940250380654 1126.172556429301 320.7182650778268 7.8131783036515099 46.084659832529724 6591.1462191068058 276.08067637660133 15.423101829655932 1882.4377723926154 44.638536626473069 3.8898961772356397 4.4691369831562042 857.1698370911181 427.73507576956763 1.612173871792036 306.90602327347733 4.5064581464393987 107.70068297941179 1717.6790729601489 4.251388983859214 218.60684915911406 177.32210522392415 1.8954655569978056 49.542194790788926 14.595583900809286 4.155424522497924 21.206035834286013 1.6685177207109516 4.913077111938037 6.2284170016646385 0.022733470086676699 0.032253200792183634 0.015574426928651519 0.018459456427081022 0.20586175598873524 0.037271132445312105 0.029973008680826752 0.0072517728694947428 0.15965182810396072 0.0076847735945193554 0.0086297596571957014 0.018772797622659709
leaf_count=1169818 1406 5376 73 7157 1265 30 200 20871 877 67 5773 122 41 21 2427 2555 35 1195 29 2685 8527 63 728 1469 6 119 33 143 87 84 58 22 234 241 28 233 54 27 282 42 2604 5 44 42
internal_value=0.000145906 0.000265498 0.00359484 -0.000377886 -0.00446618 -0.015574 -0.0176933 0.000446377 -4.16554e-07 0.00109197 0.00379378 -0.00189935 0.0305755 -0.0306995 -0.00109997 -0.00309146 0.0138348 0.00984819 0.0231059 0.000368273 0.000636646 0.0152769 0.0086486 0.0249528 -0.0653695 0.0177695 0.00427976 -0.0383216 0.0445588 -0.000192984 -0.0723524 0.0397865 -0.0494296 -0.0129092 0.0103609 0.0240139 0.0390533 -0.0510431 -0.0500552 -0.0500206 -0.0500153 -0.0500473 -0.0500015 -0.0500389
internal_weight=14463.9 14429.1 2336.8 12092.3 2028.93 380.845 366.803 10063.4 9606.83 1877.82 2158.52 1648.09 44.9882 8.35903 7448.32 1553.91 458.978 456.537 135.035 1832.83 1825.38 446.629 265.056 181.573 7.45206 94.1807 321.502 12.3492 36.6291 5.82394 6.52525 14.0416 34.8075 0.536715 0.329873 0.269869 0.224321 0.0600046 0.0455474 0.206842 0.19959 0.039938 34.2708 0.0274026
internal_count=1237198 63544 19463 44081 11470 1517 1465 32611 29948 11507 6650 9953 216 62 23298 9712 7956 2663 1435 11291 11212 7636 6104 1532 79 241 1228 320 154 227 93 52 1173654 3750 858 597 287 261 310 2892 2850 246 1169904 86
is_linear=0
shrinkage=0.05


Tree=127
num_leaves=45
num_cat=0
split_feature=78 47 76 45 43 74 74 47 43 67 43 43 56 76 44 47 2 30 43 74 77 34 76 29 56 3 74 45 53 74 44 56 47 28 40 42 62 3 32 44 44 74 32 43
split_gain=32.6131 11.7414 24.9504 24.3365 22.6887 55.7246 37.1007 52.6002 22.2455 20.6828 20.4786 23.2427 19.653 18.61 17.8986 18.9649 28.4681 17.6377 17.4862 22.702 18.39 16.2133 21.9819 17.5821 15.8433 13.1423 12.5765 10.9789 7.83113 7.51616 8.38784 2.48075 0.271739 0.118805 0.116504 0.108511 0.0723657 0.0611587 5.54356e-08 7.1289e-08 5.34008e-08 2.71604e-08 3.19198e-09 1.4137e-09
threshold=0.04189748574694898 0.52664288881242227 0.12387291353145517 -0.085541502036153585 14.500000000000002 0.81611493993381334 0.91620579917227818 0.65873203582663697 18.500000000000004 4.5000000000000009 10.500000000000002 16.500000000000004 28.500000000000004 0.065820483200304508 0.99813279685909839 0.020737301924496961 0.72343286871910106 0.79682460427284252 33.500000000000007 0.86671848860324696 0.17962771777507108 1.5000000000000002 0.3887213723125818 1.6169480681419375 31.500000000000004 0.39788307249546057 0.88639957800627434 -0.022342188908743586 0.42606564308231526 0.41750385041337507 0.93075098674835044 41.500000000000007 0.41632551829129177 0.85756292939186107 6.5000000000000009 2.5000000000000004 35.500000000000007 0.96197089552879345 1.0000000180025095e-35 0.99971739134952842 0.81289879553113786 0.49337244944199415 1.0000000180025095e-35 7.5000000000000009
decision_type=2 2 2 2 2 2 2 2 2 2 2 2 2 2 2 2 2 2 2 2 2 2 2 2 2 2 2 2 2 2 2 2 2 2 2 2 2 2 2 2 2 2 2 2
left_child=32 9 4 21 6 8 7 -3 -6 14 27 -12 -7 -8 15 16 -2 29 19 -19 -20 22 -4 -23 -17 28 -27 -5 -16 31 -31 -11 33 38 42 -36 -37 43 -1 41 -38 -40 -34 -35
right_child=1 2 3 10 5 12 13 -9 -10 17 11 -13 -14 -15 25 24 -18 18 20 -21 -22 23 -24 -25 -26 26 -28 -29 -30 30 -32 -33 34 37 35 36 40 -39 39 -41 -42 -43 -44 -45
leaf_value=-0.050001441097737798 0.017071440937929668 -0.0029164303637117736 0.01055706570760628 -0.0403437063258772 -0.020079618135892763 0.0086399747907714344 0.0025387647475414703 -0.029403918159606482 0.00033339225682750355 -0.056844673115980959 -0.081898425040739534 -0.022758382194748836 0.026333301843849036 -0.03477446241325393 -6.8805753069129722e-05 0.0020708840350377013 -0.018250213896943927 -0.0078063309151088101 -0.011067179196294767 0.012171201805289557 0.035048178056821248 -0.0098461595133624152 -0.017396315762096288 -0.062971613257312736 -0.012261466999905884 0.0013037013546543697 0.010836448170376503 0.016273638623735959 -0.077384735531862522 0.084872362475959084 0.032198715983605568 0.059408950117040428 -0.05000357453720547 -0.050040898926370606 -0.051368200607843799 0.052272097886816173 -0.050197056652937805 0.038324892731850226 -0.050123563163935708 -0.05023531253082722 -0.050016739587314597 -0.050020945252583028 -0.050024322383101533 -0.050019044841763352
leaf_weight=32.674536805392563 69.25117952288565 489.84958087769337 272.66390911233611 10.468512558378277 136.19319545268081 447.56345786526799 1006.7319097965956 303.60111065837555 6663.6307029877207 2.2937311562563987 18.029135577497073 211.59546938506537 241.70258313789964 34.563740730285645 5.7411314873315842 1459.2520065271237 323.63582039987523 227.81547635157767 27.604790058685467 378.43182858690852 99.695584401488304 176.29280139056209 94.774824746331433 17.083382764074486 222.17660651021288 760.24174236602266 634.9677364899253 47.028981535229832 7.6247910023957957 11.683992743666748 21.40225540069514 0.57365943062177382 0.056127541050954188 0.014331677819426569 0.041719161061337218 0.13698900307281292 0.0058192864926240864 0.057770903091295622 0.0072850279539115039 0.0046622026711702338 0.013945798831628053 0.056124747094145278 0.027679568956955336 0.015299933998903725
leaf_count=1171755 3958 1358 787 40 410 1769 2803 939 19956 1077 80 1161 857 108 70 9374 3914 1394 1578 1258 330 986 1261 120 1722 3825 1998 122 59 54 159 17 1052 40 58 7 9 11 14 1 187 338 105 77
internal_value=0.000138689 0.000252471 -0.000669894 -0.00888145 7.68895e-05 0.00129771 -0.00490627 -0.0130514 -7.54585e-05 0.00245878 -0.0207199 -0.0274018 0.0148444 0.00130023 0.000819724 -0.00213394 -0.0120243 0.0098774 0.00820152 0.00466405 0.0250482 -0.0028205 0.00334695 -0.0145394 0.00017707 0.0051694 0.00564211 0.00596537 -0.0441748 0.0440697 0.0507998 -0.0335866 -0.0494261 -0.0498461 -0.000578147 0.0202951 0.0393678 0.00837053 -0.0500015 -0.0500466 -0.0500698 -0.0500327 -0.0500104 -0.0500296
internal_weight=14457.3 14424.2 10171.8 847.937 9323.84 7489.09 1834.75 793.451 6799.82 4252.39 287.122 229.625 689.266 1041.3 3482.89 2074.32 392.887 769.501 733.548 606.247 127.3 560.815 367.439 193.376 1681.43 1408.58 1395.21 57.4975 13.3659 35.9536 33.0862 2.86739 33.1123 32.83 0.28228 0.198473 0.156754 0.0874025 32.7426 0.068072 0.0197651 0.0634098 0.0838071 0.0296316
internal_count=1237198 63544 32757 4557 28200 22992 5208 2297 20366 30787 1403 1241 2626 2911 24920 18968 7872 5867 4560 2652 1908 3154 2048 1106 11096 5952 5823 162 129 1307 213 1094 1173654 1172236 1418 261 203 128 1172108 353 196 352 1157 117
is_linear=0
shrinkage=0.05


Tree=128
num_leaves=45
num_cat=0
split_feature=78 41 76 51 77 13 76 7 52 75 43 75 52 53 52 62 78 51 10 41 48 60 21 75 20 47 21 76 48 43 4 20 47 41 76 42 8 47 76 57 28 48 51 13
split_gain=31.0095 12.1022 15.0989 16.0693 26.5274 23.0515 20.3324 30.2609 15.232 14.0429 13.6562 15.1844 12.8491 18.0956 14.5119 11.8027 16.9473 21.7998 11.9789 13.2432 11.5759 11.4532 12.2686 11.3463 18.7021 13.0943 10.8924 12.7172 10.6834 10.5761 9.7292 5.29904 0.258864 0.116156 0.107371 0.103752 0.0692109 3.58755e-08 4.81581e-08 4.78191e-08 9.08973e-09 4.01851e-09 2.21149e-09 1.5091e-09
threshold=0.04189748574694898 0.51027804613113414 0.42667860534672603 0.54451021529349231 0.3542742430227645 0.91024166345596325 0.12387291353145517 0.4083333313465119 0.00063084797208585259 0.015524800192328993 9.5000000000000018 0.28677830409355115 1.829696695499032e-05 0.23330776762750924 7.781465777448726e-05 28.500000000000004 0.99999866487549316 0.99755027816228681 0.89323708415031444 0.59002017974853527 0.84508955909369277 30.500000000000004 1.0000000180025095e-35 0.50908349575064837 0.39696970582008367 0.77827671854801139 1.0000000180025095e-35 0.46482154297154371 0.6207344379758174 54.500000000000007 0.46737588942050939 0.61721614003181469 0.41632551829129177 0.80816438794136058 0.60146468131813691 2.5000000000000004 0.79361054301261913 0.33111548546443764 0.58598518198972938 28.500000000000004 0.85756292939186107 0.98751063528077154 0.4268504470574177 0.94494947791099559
decision_type=2 2 2 2 2 2 2 2 2 2 2 2 2 2 2 2 2 2 2 2 2 2 2 2 2 2 2 2 2 2 2 2 2 2 2 2 2 2 2 2 2 2 2 2
left_child=32 2 3 4 8 -6 9 -8 -2 -5 11 21 26 20 -15 16 17 -12 19 -17 -14 30 -23 24 -13 -25 28 -28 -4 -20 -3 -18 33 37 35 -34 41 40 39 -39 -1 -35 -36 -42
right_child=1 10 12 6 5 -7 7 -9 -10 -11 15 23 13 14 -16 18 31 -19 29 -21 -22 22 -24 25 -26 -27 27 -29 -30 -31 -32 -33 34 36 42 -37 -38 38 -40 -41 43 -43 -44 -45
leaf_value=-0.050001366749151177 -0.0080601835815285391 0.035419321769901389 -0.03817118703600475 0.0027311239999913382 0.025843647754082356 0.0050489260660503982 -0.021949175781692018 -0.00094458215500967601 0.040022601263959512 -0.0010744275340532946 -0.0043727185850525154 -0.0392170045341102 -0.077224077809748215 0.036647598004114282 -0.019896653804048165 0.057590332741805333 0.0066634817358803113 -0.081736597705498473 0.01119383972098327 0.0050998191269478778 0.038254806435079815 0.0090799241927945595 0.03111742968742064 0.01784532254116317 0.0025713951683559231 -0.03724850940504592 -0.062605094508973724 -0.017000959190881529 -0.0054840981811388433 -0.041310609257660544 -0.0057661202674151851 0.029634962772776503 -0.051273310237381645 -0.050007625547273116 -0.050020379785322935 0.038776917668688654 0.044427419388235301 -0.05003526807072245 -0.050010089196929758 -0.05017661136699697 -0.050016445238950505 -0.050072450260617657 -0.050002623695577279 -0.050039984295821731
leaf_weight=31.031841614638338 281.73678563923022 17.648519303053035 26.522933755331906 3692.7989021802641 219.10846683755517 340.18110994622111 262.93070727679878 492.95784530573292 17.493570734121022 7056.3664764786954 549.47045390182029 37.239622734021395 2.2859479027101761 14.286504019633865 55.151974106222042 26.763969789870316 58.948602123185992 9.2592084854841215 47.207644581634668 21.807172037733835 42.843550812540343 105.42811437463388 157.50918811972952 105.06260563785327 95.273907257942483 12.01867291331291 18.798635649611242 81.837268332092208 434.66491442531697 12.036785271164261 76.475059155374765 43.727508619427681 0.040633749162224286 0.028312679005465635 0.026623064684827114 0.15030575767013943 0.052057933717151172 0.014819999225436642 0.062656741780301672 0.010036535973995342 0.011868631088872372 0.0026111806510016313 0.051376155191974249 0.015971799799444852
leaf_count=1170703 8700 105 378 11016 554 934 961 1590 1052 20756 3971 175 37 204 860 605 188 41 366 372 880 808 521 553 282 37 141 1803 5028 164 331 131 42 544 115 103 10 68 778 25 65 2 1158 41
internal_value=0.000132306 0.000240587 -0.000229993 0.00016796 0.00676676 0.0131955 -0.00032445 -0.00825089 -0.00524917 0.000232942 0.00470054 0.0103097 -0.00750407 0.00775669 -0.00826305 0.000276795 -0.00222379 -0.00565478 0.0156169 0.0340235 0.0324054 0.0169234 0.0222812 0.00084841 -0.00917219 0.0121898 -0.0106161 -0.0255197 -0.00736393 0.000526427 0.0019563 0.0164465 -0.0494235 -0.0498441 -0.000578835 0.0196134 0.00923337 -0.0500015 -0.0500335 -0.0500923 -0.0500014 -0.0500131 -0.0500087 -0.0500299
internal_weight=14447.3 14415.8 13040 12363.6 858.52 559.29 11505.1 755.889 299.23 10749.2 1375.88 606.656 676.392 114.568 69.4385 769.221 661.406 558.73 107.816 48.5711 45.1295 357.061 262.937 249.595 132.514 117.081 561.824 100.636 461.188 59.2444 94.1236 102.676 31.4991 31.2302 0.268939 0.19094 0.0829818 31.1472 0.0875133 0.0248565 31.0597 0.0309239 0.0779992 0.0278404
internal_count=1237198 63544 54894 45563 11240 1488 34323 2551 9752 31772 8650 2812 9331 1981 1064 5838 4331 4012 1507 977 917 1765 1329 1047 457 590 7350 1944 5406 530 436 319 1173654 1172236 1418 145 556 1171680 871 93 1170809 546 1273 106
is_linear=0
shrinkage=0.05


Tree=129
num_leaves=45
num_cat=0
split_feature=78 38 6 37 74 48 43 43 16 52 74 61 56 62 30 27 67 45 60 74 43 37 39 18 17 19 44 10 36 78 54 72 36 44 72 75 62 40 44 44 74 44 31 3
split_gain=29.4822 12.2485 22.0611 15.932 15.9179 24.0434 21.157 20.3963 19.3003 18.1838 16.047 14.6648 14.0612 16.3681 13.2074 12.6412 11.9959 11.8386 11.3014 10.5658 4.90439 4.83449 4.63126 4.03449 3.59311 3.05802 9.8868 1.82986 1.15568 0.348658 0.257821 0.16194 0.13078 0.0954444 0.104111 0.0567773 4.91454e-06 5.19376e-08 4.15216e-08 2.79116e-08 1.31275e-08 3.05721e-08 1.06916e-08 1.30374e-09
threshold=0.04189748574694898 1.5000000000000002 0.86616915464401256 6.5000000000000009 0.74785458390773274 0.99117639425946602 91.500000000000014 103.50000000000001 0.96892714500427257 0.00029519175124173065 0.7495290693556057 92.500000000000014 31.500000000000004 9.5000000000000018 0.84237241744995128 0.98802351951599132 1.5000000000000002 -0.21357303789543022 138.50000000000003 0.19123829202407719 54.500000000000007 2.5000000000000004 1.0000000180025095e-35 0.88642504811286937 0.28310234844684606 0.60384759306907665 0.999470399316574 0.87026646733284008 3.5000000000000004 0.9999971650543823 0.99999623426245787 3.5000000000000004 2.5000000000000004 0.99768496084287051 2.5000000000000004 0.50588148610962957 34.500000000000007 7.5000000000000009 0.99971739134952842 0.85135434497534113 0.60336812859337219 0.99940530953641049 0.90422871708869945 0.9703982174396516
decision_type=2 2 2 2 2 2 2 2 2 2 2 2 2 2 2 2 2 2 2 2 2 2 2 2 2 2 2 2 2 2 2 2 2 2 2 2 2 2 2 2 2 2 2 2
left_child=30 3 15 4 5 9 10 -8 -7 -2 -6 14 21 -14 17 18 -16 -4 19 -3 25 -13 27 -24 -22 26 -5 -17 -27 -20 42 33 -26 37 36 -36 -35 43 40 -39 41 -33 -1 -32
right_child=1 2 11 20 6 8 7 -9 -10 -11 -12 12 13 -15 16 22 -18 -19 29 -21 24 -23 23 -25 32 28 -28 -29 -30 -31 31 38 -34 34 35 -37 -38 39 -40 -41 -42 -43 -44 -45
leaf_value=-0.050001298917500971 -0.013136855928133982 -0.040268664793775277 -0.0042228146206417412 -0.10108187842695826 0.021791430320930678 -0.0035714765888810681 0.017840899529220963 0.0028702349637528164 0.010300954774965451 0.019599887302822912 -0.00070953735330557587 0.021653772323769561 -0.10537950671285046 0.035848238633080419 -0.044589787044792994 -0.024431563506754884 0.0012917003693596579 -0.077424279224833789 -0.086379907411984536 0.016276969980224949 0.036797059430238838 0.058689240923802781 0.028666739683410682 -0.065452537460277321 -0.08790608084455126 0.0525049779806466 0.094538469677218365 -0.087341558807722527 0.083493207549113602 -0.12964564152875532 -0.050005198136429119 -0.050018117663193286 -0.056374839427502814 -0.050014465792678223 -0.050008374352681122 0.04673511818349764 -0.051472036963016256 -0.050219685505856759 -0.050144174186253138 -0.050068957894830901 -0.050006273363219403 -0.050137321981667871 -0.050034472590357683 -0.050023331696495824
leaf_weight=29.47378435394058 748.52027467269363 8.4207722013670701 12.027293631108479 1.1384688339021549 79.982509281020612 1107.4981400546967 299.70222875615582 944.57869523442059 324.09818695357535 44.966686621351982 8509.2870053349907 15.276705050258895 3.8092558895004895 4.4464266826980747 14.360296081053091 1.5878052066254875 1792.534398913529 10.213935646519529 0.92286365827749139 436.00657563385903 1.7071277524228201 20.821328186197206 3.2214644378109369 1.761017170443665 0.69826847314834573 5.5304037951427727 1.492878794670105 4.2493474624498049 6.5986413245991571 0.93985749781131744 0.022913590950337404 0.028725823303830111 0.62158704471949022 0.0070888036389078471 0.016547067192732356 0.18170965902027092 0.031398184157296782 0.0050730482107610442 0.0062765985639998681 0.0077844123443355784 0.13751178327765956 0.0066179183304484459 0.024308330770508202 0.017468848156568129
leaf_count=1169819 5768 4501 148 143 226 4278 1008 3642 930 959 26963 67 41 21 177 34 10855 111 36 3110 33 87 122 97 4 26 2 52 54 4 332 241 45 79 200 87 19 4 42 41 2604 5 85 96
internal_value=0.00012573 0.00022878 0.00354742 -0.000411677 -0.000481427 -0.0043004 0.00038271 0.00647613 -0.000430906 -0.0112817 -0.00050001 0.00114453 0.0295525 -0.0293157 0.000455679 0.0133958 0.000927057 -0.0378394 0.0146905 0.0152056 0.046874 0.0430158 -0.0400061 -0.00459895 -0.0111024 0.0587634 0.00990212 -0.070229 0.0693637 -0.10821 -0.0494165 -0.0126406 -0.0730564 0.0104485 0.0240516 0.0386606 -0.0512036 -0.0500409 -0.0500178 -0.0501284 -0.0500133 -0.0500404 -0.0500013 -0.050013
internal_weight=14437 14407 2330.6 12076.4 12058.6 2225.08 9833.55 1244.28 1431.6 793.487 8589.27 1873.49 44.3537 8.25568 1829.14 457.11 1806.89 22.2412 446.29 444.427 17.7874 36.098 10.8196 4.98248 3.02698 14.7604 2.63135 5.83715 12.129 1.86272 29.9672 0.469116 1.31986 0.289984 0.236744 0.198257 0.038487 0.0532399 0.179132 0.0128575 0.172856 0.0353437 29.4981 0.0403824
internal_count=1237198 63544 19463 44081 43774 11935 31839 4650 5208 6727 27189 11507 216 62 11291 7956 11032 259 7651 7611 307 154 305 219 82 225 145 86 80 40 1173654 3750 49 858 385 287 98 473 2892 45 2850 246 1169904 428
is_linear=0
shrinkage=0.05


Tree=130
num_leaves=45
num_cat=0
split_feature=78 4 74 76 42 76 53 74 31 47 45 77 30 30 76 18 48 60 30 75 56 27 75 47 74 43 54 75 75 42 77 77 76 76 44 28 78 1 43 30 42 66 60 41
split_gain=28.0324 11.7387 12.3798 13.7547 11.7475 13.2669 21.2274 27.7062 20.0686 17.0411 12.9486 11.5453 10.8724 21.0853 10.2883 7.11336 6.6538 16.3379 7.3232 5.40747 3.29256 2.59517 2.52787 3.63737 0.496737 0.306718 0.247022 0.151949 0.129504 0.0274083 0.0169448 0.00746927 5.43291e-08 5.93248e-08 2.51831e-08 9.2052e-09 1.13965e-09 9.86585e-10 8.41663e-10 6.02349e-10 5.62057e-10 5.13798e-10 4.43061e-10 3.61508e-10
threshold=0.04189748574694898 0.054299755021929748 0.49337244944199415 0.24487749970953815 5.5000000000000009 0.2213038143741288 0.85021877443604843 0.6256694159269357 0.20816666632890704 0.52664288881242227 -0.21357303789543022 0.079371427573475192 0.77280429005622875 0.79682460427284252 0.52979936332408595 0.80090090632438671 0.84508955909369277 73.500000000000014 0.65462696552276622 0.034713166053291562 19.500000000000004 0.46613356471061712 0.027826613577560059 -0.33251516012753041 0.95617254397737439 3.5000000000000004 0.99999623426245787 0.50588148610962957 0.58847851931559847 2.5000000000000004 0.3542742430227645 0.17962771777507108 0.55160686037988793 0.53896898435557816 0.99940530953641049 0.85756292939186107 0.013267219544436956 0.90815371274948131 5.5000000000000009 0.95013812184333812 6.5000000000000009 4.5000000000000009 27.500000000000004 0.80816438794136058
decision_type=2 2 2 2 2 2 2 2 2 2 2 2 2 2 2 2 2 2 2 2 2 2 2 2 2 2 2 2 2 2 2 2 2 2 2 2 2 2 2 2 2 2 2 2
left_child=26 2 25 15 5 6 7 -3 -8 14 -11 22 21 -14 -7 20 17 -13 -18 -17 -4 -5 24 -24 -6 -2 35 32 29 -29 31 -27 33 34 -28 40 -37 -30 -38 -34 43 -41 -39 -1
right_child=1 4 3 12 11 9 8 -9 -10 10 -12 16 13 -15 -16 19 18 -19 -20 -21 -22 -23 23 -25 -26 30 27 28 37 -31 -32 -33 39 -35 -36 36 38 42 -40 41 -42 -43 -44 -45
leaf_value=-0.050001972618837404 -0.10831959616922611 -0.0032452899240013136 0.089035756806968444 -0.0085449425783050842 -0.058868002997212898 0.0017642120763980249 -0.014320849561940999 0.010716767914921797 0.0001164888519985368 -0.0039663086289375678 -0.021460183965004334 -0.042126349112710813 0.11438666519331471 -0.021436445863971615 -0.007557440947180704 0.049674908216664343 -0.035867697551813953 0.052493550844027542 0.042703892170786739 0.013024574464848891 0.043097144550748687 -0.070802538134803972 0.071442259996853427 -0.038439361193965856 -0.13375561893653851 -0.051126069542285581 -0.050018878727596319 0.006128643463492899 -0.050003643949329296 0.043308073066146625 -0.061608240706525423 -0.056481406977062776 -0.050003345572644402 -0.050173997233219851 -0.050149789709436003 -0.050016314522707273 -0.050054934863155764 -0.050030225452673285 -0.050031247480448265 -0.050008241579912974 -0.050001171404508597 -0.050023711267736505 -0.050013407918159183 -0.050011388436034865
leaf_weight=2.1101122648779085 0.31034403626108442 537.62378304575395 7.1918923482298842 2.2678140288335289 4.0300779909011899 901.68930094852112 246.27279682224616 1047.8465754166245 10644.727965623519 209.40071695690858 213.75050504825776 9.8502705467399228 3.9696598765731315 10.198226972366681 440.66610031473101 15.013579243794082 3.1851724081207058 8.4980954523198289 43.015565924113616 30.528822600841522 8.5227128863334638 6.3911443975666771 1.0654155443189668 2.5695730872976128 0.23430932263727289 0.93123331031529266 0.026945538707876859 0.079368791728484211 0.034632262741070008 0.13202765868118149 1.3357514217495916 2.1643690038472414 0.088801074625735055 0.010526426458454807 0.0042535617794783312 0.0071226751679195335 0.0061118063749745479 0.004533654107945039 0.0097048726493085269 0.031953473000612576 25.91619332155642 0.0064511064429098033 0.028761385354300728 0.01024343477183709
leaf_count=59171 9 8042 23 37 4097 3901 910 2835 31158 1527 1461 66 20 132 7878 41 34 32 258 101 26 145 7 558 2 208 211 37 678 104 9 27 2034 31 8 44 9 14 33 374 1110509 57 202 138
internal_value=0.000119427 0.000217464 0.0183379 0.0227706 0.000105021 2.85986e-06 0.000576921 0.00598232 -0.000209976 -0.00405391 -0.0128032 0.020188 -0.0103573 0.0166194 -0.00129588 0.0351154 0.0271704 0.00169711 0.037287 0.0251068 0.0641213 -0.054497 -0.0368687 -0.00623305 -0.0629827 -0.0602667 -0.049413 -0.0125888 0.0100502 0.0293491 -0.0569014 -0.0548704 -0.0500218 -0.0500714 -0.0500367 -0.0500013 -0.0500329 -0.0500096 -0.0500404 -0.0500056 -0.0500012 -0.0500108 -0.0500157 -0.050002
internal_weight=14431.8 14403.3 88.8256 84.0839 14314.4 14242 12476.5 1585.47 10891 1765.51 423.151 72.4485 22.8268 14.1679 1342.36 61.257 64.5491 18.3484 46.2007 45.5424 15.7146 8.65896 7.89938 3.63499 4.26439 4.7417 28.5077 0.448255 0.279324 0.211396 4.43135 3.0956 0.168931 0.0417255 0.0311991 28.0595 0.0229394 0.0679273 0.0158167 0.127206 28.0365 0.0384046 0.033295 2.12036
internal_count=1237198 63544 778 525 62766 57712 42945 10877 32068 14767 2988 5054 334 152 11779 191 390 98 292 142 49 182 4664 565 4099 253 1173654 3750 1035 141 244 235 2715 250 219 1169904 86 894 42 2465 1169818 431 216 59309
is_linear=0
shrinkage=0.05


Tree=131
num_leaves=45
num_cat=0
split_feature=78 64 60 75 63 77 44 74 43 75 77 44 74 43 74 74 75 75 43 43 43 41 74 74 5 18 43 30 75 60 54 75 75 42 76 76 44 31 78 1 41 30 42 66
split_gain=26.6505 11.6074 13.3619 13.532 24.7227 15.0146 13.1059 15.7773 16.3021 24.7964 21.1748 15.0354 48.1618 23.2951 30.0653 28.1315 22.7761 22.7428 11.9596 24.2463 10.2173 8.97478 10.176 22.7863 9.76675 8.61814 6.48751 5.64738 4.40321 3.59341 0.240424 0.14462 0.121355 0.0263694 4.67627e-08 5.10576e-08 2.16719e-08 7.92106e-09 9.43575e-10 8.49181e-10 7.52578e-10 5.18503e-10 4.82331e-10 4.4228e-10
threshold=0.04189748574694898 1.0000000180025095e-35 28.500000000000004 0.091928602664870254 1.0000000180025095e-35 0.74626141618161512 0.99963924459869846 0.67476956592363857 59.500000000000007 0.00073920656442659895 0.84336562637060275 0.99928356858150791 0.88639957800627434 19.500000000000004 0.7893625098381466 0.83607480913383581 0.02911550940239244 0.0022009332789401652 19.500000000000004 44.500000000000007 289.50000000000006 0.76520243287086498 0.90671793854888028 0.89553041188165816 0.75134408473968517 0.85304400324821483 7.5000000000000009 0.80078125000000011 0.082986409221954507 42.500000000000007 0.99999623426245787 0.50588148610962957 0.58847851931559847 2.5000000000000004 0.55160686037988793 0.53896898435557816 0.99940530953641049 0.90422871708869945 0.013267219544436956 0.90815371274948131 0.73433139920234691 0.95013812184333812 6.5000000000000009 4.5000000000000009
decision_type=2 2 2 2 2 2 2 2 2 2 2 2 2 2 2 2 2 2 2 2 2 2 2 2 2 2 2 2 2 2 2 2 2 2 2 2 2 2 2 2 2 2 2 2
left_child=30 6 3 4 5 -3 11 20 10 -10 -9 13 17 15 -15 -2 -14 -13 26 -20 27 22 23 -4 -24 -6 -5 -8 -23 -30 37 34 33 -33 35 36 -32 42 -39 -34 -40 -36 -1 -43
right_child=1 2 21 18 25 -7 7 8 9 -11 -12 12 16 14 -16 -17 -18 -19 19 -21 -22 28 24 -25 -26 -27 -28 -29 29 -31 31 32 39 -35 41 -37 -38 38 40 -41 -42 43 -44 -45
leaf_value=-0.050001918417794035 -0.011539344420735391 0.020052198533316551 0.0067112820536184559 0.0017224503372060896 -0.056072440273146576 -0.0742303275177848 0.025768743121001997 0.01186616593184564 -0.10438549113502552 -0.0018032238575116976 -0.0081758402126902909 0.008055134558342841 0.014488608645955407 0.00021351302808973131 0.0086580958113675419 -0.00084547825374490886 -0.0058038243452949341 -0.012495928524584046 -0.14045183173849513 0.0082290053146339883 0.016778419150412709 0.056150128020271375 -0.0046578224176478189 -0.038756479035484924 0.028477006585109349 -0.16114484090801226 0.059577172901363044 -0.06260375571780645 0.039364052813255029 -0.010714536568923586 -0.050017957949513706 0.005826815222195093 -0.050003466247897581 0.042527283024151118 -0.050003182330003705 -0.050165497317317898 -0.050142466833063629 -0.05001560130773014 -0.050027214765265227 -0.050014932395019501 -0.050049425985886326 -0.050007839770292106 -0.050001114171472197 -0.050022555677682191
leaf_weight=2.0167733732487347 766.97422306226508 12.634569963571272 489.62797711053281 9.6880777456099185 3.4016878507100037 6.3425061404705039 2.0232166751811809 822.44751009147149 5.9807710106542791 392.19120364577975 156.93512991815805 152.38816949372995 377.41661254924838 5166.2994461743292 1324.1797518400854 3103.3388409242616 218.23359159554821 1154.709603509822 3.6699001509696236 10.845536730688762 7.1909952310234067 13.82066596724326 29.503755534620723 29.198700226843357 90.322122632525861 4.5778064373880625 9.6940049142576736 16.979899519865285 7.9078506631776673 6.5485200583934784 0.025631849010095631 0.079307695032184711 0.032943341508143931 0.12783657749059785 0.084470463851175737 0.01001470026858442 0.0040466889549861653 0.0067339814104333531 0.0078030205331742764 0.031671693852331373 0.0074595074256649241 0.030395321840842371 24.652273669144051 0.0061366205336526028
leaf_count=59310 4996 64 1887 30 22 25 17 2560 37 1647 461 538 1069 28414 5878 9784 701 4562 20 52 38 37 100 99 238 25 24 175 20 24 211 37 678 104 2034 31 8 43 31 216 11 374 1110509 57
internal_value=0.000113482 0.00020678 0.00635954 -0.0160688 -0.0425086 -0.0114588 -0.000120855 0.00445556 0.00518652 -0.00334407 0.00865466 -0.000644695 -0.00473001 0.000105567 0.00193637 -0.00296467 0.00705389 -0.0101 0.00495707 -0.0293616 -0.0339854 0.00840602 0.00718556 0.00415243 0.0203185 -0.116352 0.0306587 -0.0531949 0.035971 0.0166792 -0.049402 -0.0124193 0.00981499 0.0284761 -0.0500208 -0.0500679 -0.0500349 -0.0500012 -0.0500312 -0.0500091 -0.0500381 -0.0500053 -0.0500012 -0.0500103
internal_weight=14422.2 14395.1 727.784 60.8541 26.9566 18.9771 13667.3 1403.75 1377.55 398.172 979.383 12263.5 1902.75 10360.8 6490.48 3870.31 595.65 1307.1 33.8975 14.5154 26.1941 666.93 638.653 518.827 119.826 7.97949 19.3821 19.0031 28.277 14.4564 27.1235 0.432455 0.271759 0.207144 0.160696 0.0396932 0.0296785 26.691 0.0219965 0.064615 0.0152625 0.121002 26.669 0.0365319
internal_count=1237198 63544 2667 262 136 89 60877 4935 4705 1684 3021 55942 6870 49072 34292 14780 1770 5100 126 72 230 2405 2324 1986 338 47 54 192 81 44 1173654 3750 1035 141 2715 250 219 1169904 85 894 42 2465 1169819 431
is_linear=0
shrinkage=0.05


Tree=132
num_leaves=43
num_cat=0
split_feature=72 41 76 45 44 43 6 77 38 33 74 56 38 43 77 33 61 75 56 66 60 56 28 22 1 75 8 31 31 74 45 1 78 1 77 72 20 78 78 77 78 78
split_gain=25.4903 11.8972 13.8741 41.422 21.9594 23.6153 19.6559 18.1296 16.2649 15.929 15.9217 24.72 23.4871 13.1891 12.5085 13.2553 15.1149 11.6475 9.76151 18.4077 12.5831 19.1123 8.98738 8.65334 8.09374 12.988 7.82022 7.72303 17.7661 10.1674 4.97917 2.80942 0.0051847 0.00104075 0.000326042 9.86256e-05 3.43847e-06 1.35044e-06 5.79294e-07 5.67112e-07 1.46194e-07 1.26894e-07
threshold=6.5000000000000009 0.51027804613113414 0.11077337920917406 -0.085541502036153585 0.99965151823322984 18.500000000000004 0.93582704663276683 0.079371427573475192 1.5000000000000002 0.5505102574825288 0.61918034385026866 29.500000000000004 3.5000000000000004 7.5000000000000009 0.76657831827204215 0.63650977611541759 31.500000000000004 0.73393649917705661 27.500000000000004 5.5000000000000009 29.500000000000004 28.500000000000004 0.43792724609375006 -1.0000000180025095e-35 0.5388936996459962 0.78339778264036208 0.8473193645477296 0.37317003309726721 0.33708772063255316 0.72685916682046814 -0.10466109802581834 0.49295215308666235 0.43092195823604534 0.094494048506021514 0.079371427573475192 7.5000000000000009 0.72474747896194469 0.23390836776912052 0.068886077280793725 0.020397055716778426 0.068886077280793725 0.068886077280793725
decision_type=2 2 2 2 2 2 2 2 2 2 2 2 2 2 2 2 2 2 2 2 2 2 2 2 2 2 2 2 2 2 2 2 2 2 2 2 2 2 2 2 2 2
left_child=1 2 9 7 5 -5 -6 23 -9 27 11 -11 -12 18 15 17 -17 -15 19 22 21 -20 -3 -4 31 -26 -22 28 -1 -29 -21 -16 34 -34 36 -35 39 38 -38 41 -41 -2
right_child=32 13 3 4 6 -7 -8 8 -10 10 12 -13 -14 14 24 16 -18 -19 20 30 26 -23 -24 -25 25 -27 -28 29 -30 -31 -32 -33 33 35 -36 -37 37 -39 -40 40 -42 -43
leaf_value=0.0091743226935221706 -0.050001112267795238 -0.010328536067352638 -0.039620709427140507 -0.051725840501765222 -0.04674965299690393 -0.017786481722057823 0.020260710304800006 -0.0033986458748061126 0.0072652282048113418 -0.0033160020765872003 0.00026476440374785737 -0.035641956228160153 0.074849424145046001 0.0093202801483279075 0.027561300963534319 -0.039179751790323118 -0.0043678617798921663 -0.12494901060491391 0.06552256405820317 -0.021678725946310873 0.022282263837214725 -0.03327483495416108 0.01120140602731586 -0.010191487890152737 0.011853656787543626 -0.054510750572601754 0.056214258795838426 -0.0075165019442209116 -0.022619883331192064 0.024777163161493546 -0.1251666367611152 0.062837237001115695 -0.057726455808170929 -0.051586221152453399 -0.051392439761934951 -0.053745199082976439 -0.050004186821834953 -0.050768914738117038 -0.050342159027618696 -0.050021970304947788 -0.050135838617303967 -0.050024577154555043
leaf_weight=338.36288261988557 23.51080427970739 58.099678742535616 38.36793615364877 68.551313003315954 13.911789684756512 203.1244081364639 51.286358516663313 963.70758115174249 568.50885340920649 256.97139795041403 10153.083471447229 76.820585013463642 10.566268548369406 207.67534231952413 18.870585881173614 33.550473301917009 441.49613627280814 1.6278388408918534 6.4026010740890369 1.8047630142973501 116.09451304318463 20.790352926536798 292.49756219291703 71.57678916025543 134.56076388806105 7.7997848466038695 19.889093952155235 30.45996743136493 50.494578904519585 121.97318259999156 3.2650405102758659 8.0527148023247701 0.23182662576436897 0.080817635665880516 0.42986889975145359 0.15311540686525404 0.018455143106620109 0.014916015788912773 0.040507788537070155 0.039466289661503562 0.098638371855486184 0.59063671798503392
leaf_count=4246 1112502 1876 18598 319 77 1214 139 4640 3451 2917 29592 988 22 8136 75 478 5335 1349 28 33 1234 175 1600 32343 406 27 48 1428 806 337 24 19 2 25 26 30 651 1 9 287 43 1662
internal_value=0.000108379 0.00019638 -0.000270434 -0.00412555 -0.0200966 -0.0263503 0.00596224 -0.000849243 0.000558045 0.000420716 -1.05835e-05 -0.0107557 0.000342304 0.00462404 0.000802775 -0.00220749 -0.00682647 0.00827601 0.010911 0.00626569 0.0210362 -0.0100129 0.00763354 -0.0204615 0.0129721 0.00821762 0.0272452 0.00878505 0.00504573 0.0183241 -0.0883267 0.0381123 -0.0501258 -0.0553522 -0.0500274 -0.0529993 -0.0500033 -0.0503439 -0.0502364 -0.0500023 -0.0501033 -0.0500017
internal_weight=14415.5 14390.2 13017.8 1979.04 336.874 271.676 65.1981 1642.16 1532.22 11038.7 10497.4 333.792 10163.6 1372.48 853.634 684.35 475.047 209.303 518.844 355.667 163.177 27.193 350.597 109.945 169.284 142.361 135.984 541.291 388.857 152.433 5.0698 26.9233 25.2091 0.46576 24.7433 0.233933 24.3134 0.0738789 0.0589629 24.2395 0.138105 24.1014
internal_count=1237198 121960 101117 60781 1749 1533 216 59032 8091 40336 33519 3905 29614 20843 15825 15298 5813 9485 5018 3533 1485 203 3476 50941 527 433 1282 6817 5052 1765 57 94 1115238 57 1115181 55 1115155 661 660 1114494 330 1114164
is_linear=0
shrinkage=0.05


Tree=133
num_leaves=44
num_cat=0
split_feature=72 21 76 4 60 61 34 6 76 4 43 44 4 31 43 35 60 44 61 46 60 57 30 43 72 47 2 56 75 43 17 53 78 1 78 76 72 33 44 47 78 78 47
split_gain=24.237 11.9457 19.976 15.5189 20.1497 20.7873 17.6319 20.3645 18.2063 15.7346 19.8066 15.4225 15.1163 15.5911 26.8151 15.281 13.4304 12.7829 12.4689 12.2295 11.627 11.1853 10.9083 10.4774 9.94669 9.6761 9.56204 8.92091 13.598 6.96588 3.11446 1.36148 0.00443839 0.000880322 0.000155714 0.000111631 8.436e-05 1.55108e-05 4.61887e-06 6.30747e-07 2.74146e-07 1.16997e-07 2.19086e-08
threshold=6.5000000000000009 1.0000000180025095e-35 0.35139525814675421 0.82426470518112194 43.500000000000007 44.500000000000007 1.0000000180025095e-35 0.98571136593818676 0.16631494353984097 0.47871376574039465 106.50000000000001 0.72664971357257291 0.054299755021929748 0.12290209904313089 50.500000000000007 1.5000000000000002 45.500000000000007 0.99969001318535222 25.500000000000004 0.36866659035396082 25.500000000000004 29.500000000000004 0.56070169806480419 104.50000000000001 4.5000000000000009 -0.11590495260702267 0.91325253248214733 14.500000000000002 0.034713166053291562 5.5000000000000009 0.80086207389831554 0.93853118710502292 0.43092195823604534 0.094494048506021514 0.12449907904534323 0.53896898435557816 7.5000000000000009 0.86799004673957836 0.99608987421092288 0.22913071008302102 0.068886077280793725 0.068886077280793725 0.020737301924496961
decision_type=2 2 2 2 2 2 2 2 2 2 2 2 2 2 2 2 2 2 2 2 2 2 2 2 2 2 2 2 2 2 2 2 2 2 2 2 2 2 2 2 2 2 2
left_child=1 3 12 6 5 19 9 17 -9 10 -1 -7 27 14 -14 -15 23 -8 26 -5 -11 -18 25 -6 -24 -20 31 30 -29 -28 -3 -4 34 -34 37 38 -35 39 42 41 -41 -2 -36
right_child=32 2 18 4 16 11 7 8 -10 20 -12 -13 13 15 -16 -17 21 -19 22 -21 -22 -23 24 -25 -26 -27 29 28 -30 -31 -32 -33 33 36 35 -37 -38 -39 -40 40 -42 -43 -44
leaf_value=-0.022771777603593082 -0.050001061947595141 0.037895201043384417 -0.078156030904012214 -0.02891496355688275 0.038914342357604811 -0.083254293084066552 0.006265115700641033 0.0012219816436029247 -0.020268166855600026 -0.066564256874012503 0.050479794225674141 -0.017857350557697556 0.0030753366423040174 -0.0010082972491008138 -0.029305940499610984 0.0042557266715883453 0.0086107683789233159 0.058252454136525272 0.050005405764986237 -0.0010467106927565142 0.017949940795936242 -0.0042311071624401763 -0.0061991102864175822 -0.063291355275290229 -0.038333929680566828 -0.07930492991985022 0.065167959021448771 0.048652243300733908 -0.0032020824287401907 -0.047251093811401572 0.096309707986713497 -0.1207167623892834 -0.057293084567491541 -0.051507326508744893 -0.050017547794548159 -0.051377291678426709 -0.053552378065941833 -0.050949952270360026 -0.050616472343245233 -0.050010946176890704 -0.050148328473347048 -0.050032747611466304 -0.050058689019687519
leaf_weight=51.423958492770907 22.359932015715476 4.1992259877770248 5.4565949260904727 41.014201806479832 40.806607352371429 9.6268885611661954 975.50809008892065 292.07918270238952 148.74774023531609 4.1080727165299313 11.246385446047496 141.90296692961419 131.90702224562119 8170.6345700107267 124.06911387810396 1658.5063941991011 476.33997917899978 11.969345692303248 1.7115506842692418 979.95074712152928 434.24966173592111 263.28435416359571 297.81277571050668 2.6716781582690592 26.198965666379081 9.3483889401231828 2.02624307633232 20.295874025639932 33.528654144203756 4.3068802620273345 4.9973202273249626 2.8659301787556615 0.22214604169130225 0.076990892790490761 0.24456688015197769 0.35918917413800955 0.14615905028767884 0.043249693746473805 0.037099082488566637 0.055458679829824997 0.10518595183384605 0.29517858005419739 0.037293891422450542
leaf_count=666 1112126 32 542 3932 290 328 44076 1418 4064 106 195 1523 484 24725 567 6899 3573 1206 1306 4526 6350 2013 6181 75 4343 2147 9 106 189 61 13 15 2 25 769 20 30 40 4 1278 49 856 39
internal_value=0.000103156 0.0001869 -0.000689687 0.00255562 -0.00058325 -0.00473106 0.00573721 0.00290623 -0.00602942 0.0138076 -0.00962656 -0.0220121 -0.000284789 -0.000437336 -0.0126195 -0.00012008 0.00562702 0.00689526 -0.0124387 -0.00216623 0.0171579 0.00403944 -0.0104642 0.0326339 -0.00879747 -0.0592939 -0.0575812 0.0241268 0.0163509 -0.0112833 0.0696371 -0.0928122 -0.0501197 -0.0550649 -0.0500261 -0.0507728 -0.0528468 -0.050004 -0.050092 -0.0500022 -0.0501009 -0.0500015 -0.050023
internal_weight=14406.8 14382.8 10497.9 3884.93 1955.6 1172.49 1929.33 1428.3 440.827 501.028 62.6703 151.53 10148.1 10085.1 255.976 9829.14 783.103 987.477 349.727 1020.96 438.358 739.624 335.072 43.4783 324.012 11.0599 14.6556 63.0211 53.8245 6.33312 9.19655 8.32253 23.9824 0.445296 23.5372 0.678149 0.22315 22.859 0.31896 22.8158 0.160645 22.6551 0.281861
internal_count=1237198 121960 47619 74341 16260 10309 58081 50764 5482 7317 861 1851 33015 32675 1051 31624 5951 45282 14604 8458 6456 5586 13977 365 10524 3453 627 340 295 70 45 557 1115238 57 1115181 832 55 1114349 812 1114309 1327 1112982 808
is_linear=0
shrinkage=0.05


Tree=134
num_leaves=30
num_cat=0
split_feature=72 21 42 76 21 3 76 77 73 66 48 60 30 48 32 45 76 20 77 46 77 51 61 77 48 46 46 46 46
split_gain=23.0456 11.7612 11.0984 12.7469 13.5208 16.6526 15.0916 10.2368 9.26507 8.99746 5.77574 14.6845 8.38086 2.3187 1.8299 1.77112 0.0535903 0.00342626 0.000762496 0.000516925 8.48017e-07 7.05678e-07 3.32432e-07 2.21848e-07 8.5254e-08 6.46597e-08 1.28943e-08 3.32424e-09 2.64105e-09
threshold=6.5000000000000009 6.5000000000000009 5.5000000000000009 0.59391413434887597 1.0000000180025095e-35 0.83543270826339733 0.40935916975331404 0.079371427573475192 123.50000000000001 2.5000000000000004 0.84508955909369277 73.500000000000014 0.64885830879211437 0.03853291529614309 1.0000000180025095e-35 -0.84811453911904111 0.61035662396954138 0.8441295623779298 0.079371427573475192 0.8618690030540207 0.020397055716778426 0.67865426389250116 111.50000000000001 -0.018545217684821477 0.55441295689260162 0.068690624084815521 0.25354477085722027 0.024690589029483737 0.64613580925817204
decision_type=2 2 2 2 2 2 2 2 2 2 2 2 2 2 2 2 2 2 2 2 2 2 2 2 2 2 2 2 2
left_child=1 2 3 4 5 -1 -6 13 9 -5 11 -9 -12 14 -4 -15 -10 18 20 21 25 23 24 -19 -22 27 -27 -2 -25
right_child=17 -3 7 8 6 -7 -8 10 16 -11 12 -13 -14 15 -16 -17 -18 19 -20 -21 22 -23 -24 28 -26 26 -28 -29 -30
leaf_value=0.011024323849748491 -0.050000980524452177 0.099498391784655763 -0.066864106536451223 0.010244949553369055 -0.00039485601674803711 0.0014835263629303854 -0.014852368682687132 -0.039417322264355216 -0.061791854869678364 -0.013264003039701881 -0.041764092779134621 0.050973958595766415 0.041468045334022832 0.00091293080707485731 0.079573452167383291 -0.060975917753092614 -0.053258537483563607 -0.050352491534270238 -0.051840943896228557 -0.056887003170965789 -0.050256718980879661 -0.050687944612087678 -0.050408904824524974 -0.050006384360262716 -0.050092411689887144 -0.050011407238280153 -0.050025598669504082 -0.050005703113600364 -0.050066421990608116
leaf_weight=536.64822356791228 20.775156563589935 2.9800369746881179 0.30674093013112613 50.420292733469978 10218.475708544658 3095.249031870806 183.75094769657517 9.7434571520425397 2.3148422411868514 211.11354114419555 3.2537651963066301 8.3381279669702035 42.914349188096821 1.5068107566039532 0.70057857036590576 4.9654860413920696 8.9672250963139941 0.014031569464350468 0.57875387603416939 0.21278202533721924 0.0084118929225941441 0.013631355419420288 0.0094652241095900536 0.0055511375430786769 0.12843067758331017 0.43313795940230093 0.25387969058465387 0.37943103207180584 0.002733890358285862
leaf_count=6657 1092980 11 1316 4789 32758 15252 1577 63 99 31154 33 32 242 17520 1 6837 3619 9 30 2 2 7 2 175 343 7279 2281 12124 4
internal_value=9.79874e-05 0.000177645 0.00015706 5.87007e-05 0.000266786 0.00289327 -0.000650242 0.0197756 -0.0106456 -0.00873179 0.0262204 0.00226564 0.0356021 -0.035585 0.0349815 -0.0465676 -0.0550094 -0.0501138 -0.0500495 -0.0559501 -0.0500024 -0.0504045 -0.0501223 -0.0502314 -0.0501025 -0.0500016 -0.0500167 -0.0500011 -0.0500262
internal_weight=14404.5 14381.6 14378.7 14306.9 14034.1 3631.9 10402.2 71.7293 272.816 261.534 64.2497 18.0816 46.1681 7.47962 1.00732 6.4723 11.2821 22.8154 22.5667 0.24873 21.9879 0.035948 0.146308 0.0223166 0.136843 21.8416 0.687018 21.1546 0.00828503
internal_count=1237198 121960 121949 95905 56244 21909 34335 26044 39661 35943 370 95 275 25674 1317 24357 3718 1115238 1115041 197 1115011 195 347 188 345 1114664 9560 1105104 179
is_linear=0
shrinkage=0.05


Tree=135
num_leaves=45
num_cat=0
split_feature=78 41 47 75 44 74 45 74 56 56 21 20 74 43 75 27 77 38 43 15 15 75 74 56 76 61 74 44 27 19 20 45 54 75 75 42 76 76 44 28 78 43 3 42
split_gain=21.9637 11.1332 14.2132 26.3975 16.0709 15.0719 15.8824 13.9388 17.9337 27.8069 14.0383 20.9556 18.2094 12.6543 13.6536 11.7829 13.3622 13.253 11.7122 15.9187 24.5989 13.2629 12.1901 15.7057 10.8028 14.8791 10.5773 10.5359 7.83726 7.09147 6.53521 3.49403 0.251082 0.140676 0.111953 0.0255809 3.66954e-08 4.00902e-08 1.6345e-08 6.69901e-09 8.94709e-10 6.80384e-10 5.83537e-10 4.98254e-10
threshold=0.04189748574694898 0.51027804613113414 0.007385627809015324 0.00095615362139050985 0.99726197019494844 0.94412727889595982 -0.94308267351280384 0.74670827989950739 5.5000000000000009 6.5000000000000009 1.5000000000000002 0.82085561752319347 0.73868890741983451 9.5000000000000018 0.28677830409355115 0.75517338514328014 -0.018545217684821477 1.5000000000000002 19.500000000000004 0.51138958334922802 0.60280528664588939 0.17248813356160619 0.79740795442389933 23.500000000000004 0.3203222811016227 47.500000000000007 0.63448895195058641 0.99600154162876231 0.62894910573959362 0.83889505267143261 0.32843138277530676 -0.022342188908743586 0.99999623426245787 0.50588148610962957 0.58847851931559847 2.5000000000000004 0.55160686037988793 0.53896898435557816 0.99940530953641049 0.85756292939186107 0.013267219544436956 5.5000000000000009 0.96524760127067577 6.5000000000000009
decision_type=2 2 2 2 2 2 2 2 2 2 2 2 2 2 2 2 2 2 2 2 2 2 2 2 2 2 2 2 2 2 2 2 2 2 2 2 2 2 2 2 2 2 2 2
left_child=32 2 3 4 27 6 -5 10 30 -10 11 -4 -12 14 24 16 -16 -17 19 21 -21 -15 23 -20 26 -26 -3 -2 -7 -24 -9 -6 39 36 35 -35 37 38 -34 43 -41 -42 -36 -1
right_child=1 13 7 5 31 28 -8 8 9 -11 12 -13 -14 18 15 17 -18 -19 22 20 -22 -23 29 -25 25 -27 -28 -29 -30 -31 -32 -33 33 34 42 -37 -38 -39 -40 40 41 -43 -44 -45
leaf_value=-0.050001777476015689 -0.080004042781153889 0.0096999239727229153 -0.0029223831785985411 0.04304901341981042 -0.072594422892153745 -0.017965707029263596 -0.010322761258610456 -0.0067442946209121876 -0.082174138864102533 0.00088135835177290643 -0.0070127432988017022 0.017877037652370125 -0.035307701797052553 0.039748974687225262 -0.098408696750198144 -0.0021279137079718742 -0.012358398354395166 0.025949427620161211 -0.0097605594603687347 -0.092668778623393233 -0.013083202197624631 -0.026495437205366852 -0.0048627970825719808 0.0079284079038612308 -0.0060468288542295445 0.032522953370806636 0.031636093719929453 0.033943630443871796 0.022821872473568788 0.02992011684657693 0.048027354124651159 -0.13425682603844247 -0.050016634244348872 0.0061043800806625682 -0.050003264115097194 0.042566600961654988 -0.050004790720731142 -0.050153655867234762 -0.050129334391578323 -0.050013867851855943 -0.050050247033356782 -0.050027798532424395 -0.05001333468764322 -0.050000915616183354
leaf_weight=1.8285052606079357 3.6087772824685107 92.74623613388394 1914.4067143610519 14.327991421392651 3.7076820245711133 14.58424032514449 513.48710345290601 6.8021961733174967 10.087830577977 9895.804630713712 335.74585573247168 129.2758163321414 68.454890748980688 23.656018078654597 5.0500215356005347 142.05073824082501 42.301027345471084 59.688281460199505 213.2382937937 10.551731839652346 121.60914487792616 11.101765804196473 19.277373971010093 304.92506999238685 91.813559864822309 34.363343243196141 134.85955884307623 4.6329705975949764 61.194080359273357 61.093481482268544 27.31835023793974 6.0395418554544431 0.023117064865799786 0.077289413933613105 0.030814427362201968 0.12738128896853596 0.1082866774086142 0.0091192602158116642 0.0037373041941464171 0.0062146473574092856 0.0055638948979321876 0.0085811102071602363 0.026978850175510161 20.230837015555153
leaf_count=59309 4608 757 10797 174 25 57 3325 48 62 33441 1386 398 246 215 61 437 244 305 1892 95 691 117 194 2332 530 135 343 11 202 302 88 26 211 37 691 104 2465 31 8 44 9 33 203 1110509
internal_value=9.29174e-05 0.000170141 -0.000281089 -0.00765903 -0.0673448 -0.0058802 -0.00887394 8.9111e-05 0.000921422 0.000796777 -0.00329062 -0.00160669 -0.0118047 0.00446025 0.00987828 0.000910779 -0.0215357 0.0061793 0.000192998 -0.0115188 -0.0194373 0.0185903 0.00345916 0.000648918 0.0161921 0.00445737 0.0226974 -0.0159501 0.0149719 0.0215773 0.0371082 -0.110801 -0.0492839 -0.0103557 0.0114449 0.0287974 -0.0500193 -0.0500631 -0.0500323 -0.050001 -0.0500297 -0.0500366 -0.050008 -0.050001
internal_weight=14400.3 14377.8 13009.5 621.582 17.989 603.593 527.815 12387.9 9940.01 9905.89 2447.88 2043.68 404.201 1368.33 602.873 249.09 47.351 201.739 765.453 166.919 132.161 34.7578 598.534 518.163 353.783 126.177 227.606 8.24175 75.7783 80.3709 34.1205 9.74722 22.4864 0.406724 0.262464 0.204671 0.14426 0.0359736 0.0268544 22.0797 0.0203597 0.014145 0.0577933 22.0593
internal_count=1237198 63544 54894 8428 4670 3758 3499 46466 33639 33503 12827 11195 1632 8650 2812 1047 305 742 5838 1118 786 332 4720 4224 1765 665 1100 4619 259 496 136 51 1173654 3750 1035 141 2715 250 219 1169904 86 42 894 1169818
is_linear=0
shrinkage=0.05


Tree=136
num_leaves=45
num_cat=0
split_feature=72 38 6 37 76 47 76 29 3 27 4 61 56 62 30 27 61 9 74 16 45 66 57 46 37 10 41 74 19 74 29 78 5 1 78 45 72 61 74 33 47 47 78 78
split_gain=20.8822 10.8312 19.9886 14.6758 14.1346 16.9943 25.5609 17.9534 16.3362 18.0662 15.1839 13.6687 12.7365 15.0955 11.9419 11.4772 11.2869 10.8873 21.208 15.0223 10.7906 6.20163 6.55491 5.41612 4.50621 4.32525 5.79745 1.04951 0.48075 0.0603041 0.0218181 0.00326752 0.000740429 0.000625007 0.00011764 8.97225e-05 5.41145e-05 2.38489e-05 2.0827e-05 1.15147e-05 7.47286e-07 4.69126e-07 1.97641e-07 8.38934e-08
threshold=6.5000000000000009 1.5000000000000002 0.86616915464401256 6.5000000000000009 0.52979936332408595 0.52664288881242227 0.12387291353145517 0.91558665037155162 0.90304020047187816 0.92274534702301036 0.41421362757682806 92.500000000000014 31.500000000000004 9.5000000000000018 0.84237241744995128 0.98802351951599132 90.500000000000014 5.5000000000000009 0.55775765346823336 0.57600414752960216 -0.21357303789543022 4.5000000000000009 15.500000000000002 0.99999899657686442 2.5000000000000004 0.92380261421203624 0.65455666184425365 0.91620579917227818 0.83889505267143261 0.86671848860324696 1.7702897191047671 0.43092195823604534 0.94570022821426403 0.094494048506021514 0.12449907904534323 -0.54594413618458526 8.5000000000000018 33.500000000000007 0.71494652819965554 0.86799004673957836 0.65873203582663697 0.22913071008302102 0.068886077280793725 0.068886077280793725
decision_type=2 2 2 2 2 2 2 2 2 2 2 2 2 2 2 2 2 2 2 2 2 2 2 2 2 2 2 2 2 2 2 2 2 2 2 2 2 2 2 2 2 2 2 2
left_child=1 3 15 4 5 7 -7 -1 9 -6 -10 14 24 -14 20 17 -16 18 -3 -19 -4 22 27 -24 -13 26 -17 -5 -27 30 -23 34 -31 -33 39 -36 37 -35 40 41 -37 43 -43 -2
right_child=31 2 11 21 8 6 -8 -9 10 -11 -12 12 13 -15 16 25 -18 19 -20 -21 -22 29 23 -25 -26 28 -28 -29 -30 32 -32 33 -34 36 35 38 -38 -39 -40 -41 -42 42 -44 -45
leaf_value=0.019156404572272745 -0.050000917056541853 -0.018254547709630052 -0.0042585449358138556 -0.048858330995464563 -0.042271227746470005 -0.00070514108892651009 -0.012448781133507475 0.0020747166106611309 0.298028078826446 0.0030467006188724644 -0.0028175248850701023 0.020872612462521093 -0.10219004692708743 0.034505708393421201 0.00090637020565345963 -0.044915874196507929 -0.12618308500624006 -0.05234554075851286 0.015317118374398682 0.035638274835319637 -0.074539578484070543 -0.050386608495419885 0.065745211351755969 -0.084464875760285829 0.056876572258253301 -0.1145701054851298 0.056578688794119085 -0.17750273923830692 -0.072264831574231136 -0.097385792960506229 -0.079572783534940961 -0.056511911456225694 -0.10122628666344236 -0.052716594295795949 -0.051683109253608632 -0.050019886277700071 -0.053668057746127068 -0.051344167049450634 -0.050755023743128062 -0.050860375477464963 -0.050353047927549466 -0.050010080795987726 -0.050133890665862761 -0.050029880249558172
leaf_weight=162.69186741016892 19.244284743972475 55.610183686896562 11.993817418924666 0.72645224672851938 68.694188875937471 8298.3032806749688 490.75329425540986 2822.2346844161821 0.42052788475120806 32.348247848420215 157.44449242598239 15.129197380112599 3.7097762707853672 4.4330943460372509 1799.4828399420239 4.8063887841581145 1.748704658824862 5.1720184914174743 305.35189317544791 78.271423216905532 10.027554518213945 0.088223934088090483 15.028458621773094 0.62506940960884172 20.421029939327127 0.87916119024157557 1.9893362538387007 0.20280312688555568 2.843566590865521 0.2519908556023438 0.23352484405040741 0.20387231558561225 0.25002359983045608 0.057591349192080088 0.1709756376221776 0.23873076561721873 0.073057383735431358 0.070284798421198502 0.17143364017829299 0.03914333530519698 0.018107939977198839 0.048764220578958795 0.095085929962806404 0.25331122530042094
leaf_count=3262 1112126 3308 422 284 15031 25118 1947 10739 8 2781 5838 82 56 52 22390 842 32 3501 11492 12666 125 203 1228 3 227 97 65 29 57 71 1 2 3 12 8 807 14 29 14 40 3 1278 49 856
internal_value=8.866e-05 0.000160912 0.00328791 -0.000441603 -0.000507969 -0.00025385 -0.00136087 0.00300575 -0.0120642 -0.0277629 -0.00201612 0.000997856 0.0286345 -0.0277709 0.000335562 0.012686 0.000782987 0.0139078 0.010145 0.0301848 -0.0362614 0.045436 0.0520878 0.0597471 0.0415543 -0.0389358 -0.015205 -0.076934 -0.0822557 -0.0884682 -0.0715699 -0.0501135 -0.0992985 -0.0545615 -0.0500247 -0.0507148 -0.0525825 -0.0519623 -0.0503282 -0.0500037 -0.0500434 -0.050002 -0.0500919 -0.0500013
internal_weight=14392.9 14372.2 2321.87 12050.3 12032.9 11774 8789.06 2984.93 258.907 101.042 157.865 1866.95 43.6931 8.14287 1823.25 454.924 1801.23 444.406 360.962 83.4434 22.0214 17.4065 16.5828 15.6535 35.5502 10.5185 6.79573 0.929255 3.72273 0.823763 0.321749 20.6846 0.502014 0.404806 20.2798 0.599248 0.200934 0.127876 0.428272 19.6806 0.256839 19.6414 0.14385 19.4976
internal_count=1237198 121960 55414 66546 64724 41066 27065 14001 23658 17812 5846 23386 417 108 22969 32028 22422 30967 14800 16167 547 1822 1544 1231 309 1061 907 313 154 278 204 1115238 74 57 1115181 832 55 41 824 1114349 810 1114309 1327 1112982
is_linear=0
shrinkage=0.05


Tree=137
num_leaves=45
num_cat=0
split_feature=78 13 67 74 21 8 38 76 75 10 74 47 57 75 47 75 43 43 60 60 13 75 18 44 44 75 75 31 76 76 41 60 54 72 72 60 44 40 74 44 74 44 28 43
split_gain=19.9369 10.6532 34.7693 23.4401 22.6655 24.11 19.5519 24.4662 15.9657 15.9016 15.5419 19.7661 22.8777 17.3316 19.7631 15.9247 14.9109 21.0612 14.976 14.9004 14.6687 14.5602 12.456 12.25 22.9396 22.2571 12.23 11.9377 19.3745 8.2541 6.46069 5.10069 0.244454 0.136517 0.0872025 0.0886899 0.0386254 7.41849e-06 3.61079e-08 1.99437e-08 8.52871e-09 1.65467e-08 5.78897e-09 1.10937e-09
threshold=0.04189748574694898 0.83438816666603099 4.5000000000000009 0.55775765346823336 1.0000000180025095e-35 0.62115561962127697 1.5000000000000002 0.2213038143741288 0.45998967844712163 0.93969696760177623 0.92499652337813132 0.007385627809015324 42.500000000000007 0.0015124853191874276 0.96559001702592306 0.0022009332789401652 9.5000000000000018 12.500000000000002 34.500000000000007 26.500000000000004 0.76253134012222301 0.15411572905116586 0.70094281435012828 0.9985017684434504 0.99756899022253942 0.043233790398824197 0.0020021021278705778 0.108054056763649 0.018580523974017552 0.40935916975331404 0.52238440513610851 94.500000000000014 0.99999623426245787 3.5000000000000004 2.5000000000000004 35.500000000000007 0.99768496084287051 6.5000000000000009 0.59514543181355706 0.99971739134952842 0.60336812859337219 0.99940530953641049 0.85756292939186107 3526.5000000000005
decision_type=2 2 2 2 2 2 2 2 2 2 2 2 2 2 2 2 2 2 2 2 2 2 2 2 2 2 2 2 2 2 2 2 2 2 2 2 2 2 2 2 2 2 2 2
left_child=32 2 3 4 8 -6 7 -5 -2 20 11 12 15 19 -15 -3 23 18 -18 -13 29 -8 -22 24 -12 -25 -19 31 -29 -4 -14 -11 42 34 37 36 -36 -34 -37 40 41 -35 -1 -42
right_child=1 10 9 6 5 -7 21 -9 -10 27 16 13 30 14 -16 -17 17 26 -20 -21 22 -23 -24 25 -26 -27 -28 28 -30 -31 -32 -33 33 39 35 38 -38 -39 -40 -41 43 -43 -44 -45
leaf_value=-0.050000910737676846 -0.0082871700290692418 -0.055246029736376268 0.018740711443679756 0.0028043805414464697 -0.047600907917055811 0.053192490098752224 0.024449543270718729 -0.011871124239154509 0.060131006100944698 0.029022126069649164 0.0084850785990091306 -0.040137247567249096 0.016934387856944032 -0.0021160707732676642 0.0043640996111882465 -0.011797338500607888 -0.029055690156501154 -0.049517717541949439 -0.0034434286675133724 0.010015106307201836 0.066590028928056683 0.0014214631768934265 0.028117264720255272 0.028872295606625738 -0.022526746271217535 0.0014854563850350737 0.01465832249012748 0.016350907209596394 -0.022412347899193493 -0.019460185787206357 0.090517536452220909 0.095374358603556517 -0.050008624202968394 -0.050017000757768854 -0.050012949001457266 -0.050120817548250624 0.045790917326538637 -0.05134909060935159 -0.050006544646406616 -0.050114023917780609 -0.050004446646553263 -0.050112976445060568 -0.05002829605297554 -0.050046384591391185
leaf_weight=20.04908515588523 64.852264010187355 22.431009784908383 115.57739493101326 1602.1406073793769 65.988997768654372 6.5191206151503129 156.65652006257733 345.19040606297494 9.8175619085668568 13.752629598908245 413.71357700269436 15.285928372875786 5.6449439691059506 8140.2721973144653 1375.3742563510314 352.52273004644667 81.454988170124125 7.7955117998644701 190.68122188042616 475.71963063915609 29.69914982807677 122.17716687158099 72.142996639595367 169.14466722123325 69.673388828523457 132.14538357767742 155.65489619559958 71.712780638186814 58.556634000487975 16.111633104010252 6.3260553964064457 3.669144822342786 0.01578811475155717 0.022670418649795465 0.01124412478384329 0.0099157846561865881 0.16353522456847713 0.029809698920871597 0.02282621514677885 0.0049307858807878793 0.10374755938482849 0.0056002340697887112 0.019316325044200222 0.0016012326141208169
leaf_count=1169818 4504 1027 1693 4799 1832 21 1004 2847 26 85 1206 61 41 30993 4280 2173 306 30 623 1694 228 1019 406 434 231 377 481 371 308 403 30 11 234 241 110 23 105 27 359 42 2588 5 86 16
internal_value=8.40226e-05 0.000154255 0.00294981 0.000698422 -0.0186269 -0.0385387 0.00197607 0.000202951 0.000708427 0.0169661 -0.000508794 -0.00113552 -0.0122242 -0.000706757 -0.00117944 -0.0143966 0.00482934 -0.00258893 -0.0111096 0.00845377 0.025087 0.0143593 0.0393367 0.00894734 0.00401516 0.0168605 0.0115975 0.00412516 -0.00107333 0.014067 0.0558193 0.0429964 -0.0492374 -0.0101163 0.0117233 0.0254799 0.0396275 -0.050885 -0.0500412 -0.0500153 -0.0500116 -0.050036 -0.0500009 -0.0500051
internal_weight=14388.9 14368.4 2754.57 2373.34 147.178 72.5081 2226.16 1947.33 74.6698 381.222 11613.8 10393.6 386.925 10006.7 9515.65 374.954 1220.26 435.587 272.136 491.006 233.531 278.834 101.842 784.677 483.387 301.29 163.45 147.691 130.269 131.689 11.971 17.4218 20.4601 0.391669 0.253119 0.207521 0.174779 0.0455978 0.032742 0.13855 0.133619 0.0282707 20.0684 0.105349
internal_count=1237198 63544 19557 16052 6383 1853 9669 7646 4530 3505 43987 40299 3271 37028 35273 3200 3688 1440 929 1755 2730 2023 634 2248 1437 811 511 775 679 2096 71 96 1173654 3750 858 597 215 261 382 2892 2850 246 1169904 2604
is_linear=0
shrinkage=0.05


Tree=138
num_leaves=38
num_cat=0
split_feature=72 64 34 76 31 30 44 43 74 74 20 76 45 43 8 75 41 61 57 3 3 48 56 75 63 10 33 3 75 54 77 20 3 77 21 54 41
split_gain=18.9504 10.5717 12.7475 16.8934 20.0676 16.7793 23.1158 22.7494 21.5106 19.6654 24.844 18.5936 16.0713 14.7827 14.4641 14.0963 13.9811 12.0984 13.4331 12.6599 22.1799 11.5257 9.31565 14.9672 20.7147 10.0064 8.76293 7.04781 5.22183 0.00257704 0.000165709 1.81287e-06 5.97797e-07 3.09406e-07 2.13369e-07 2.51702e-08 1.93049e-08
threshold=6.5000000000000009 1.0000000180025095e-35 1.0000000180025095e-35 0.14630926420287657 0.65682536363601696 0.99382716417312633 0.99916874090618391 32.500000000000007 0.88639957800627434 0.80591444768643317 0.65301004052162182 0.0055434807258494916 -0.65569246876774279 167.50000000000003 0.81934732198715221 0.0013694108088998741 0.5375427007675172 34.500000000000007 7.5000000000000009 0.94839990139007579 0.95557281374931347 0.22076195081514233 11.500000000000002 0.25762728800312074 1.0000000180025095e-35 0.53390806913375866 0.71671482920646679 0.54153305292129528 0.62220731400797169 0.99999886430482721 0.079371427573475192 0.72474747896194469 0.40905597805976873 0.020397055716778426 1.5000000000000002 0.99997646188339295 0.68985578417778026
decision_type=2 2 2 2 2 2 2 2 2 2 2 2 2 2 2 2 2 2 2 2 2 2 2 2 2 2 2 2 2 2 2 2 2 2 2 2 2
left_child=1 2 5 4 13 6 7 -1 -8 10 -7 -11 14 -4 -5 -6 -14 18 -3 21 -21 -20 23 24 -19 27 -27 -24 -25 30 31 33 -33 35 -34 -2 -35
right_child=29 17 3 12 15 9 8 -9 -10 11 -12 -13 16 -15 -16 -17 -18 22 19 20 -22 -23 25 28 -26 26 -28 -29 -30 -31 -32 32 34 36 -36 -37 -38
leaf_value=0.0019815869663214899 -0.050001148391812557 -0.11125835880830225 0.0028669379427483928 0.0051641510671778324 0.010883675572457861 -0.007952647987318982 -0.0087946474262479198 0.013913717130303468 0.012875679528928766 -0.00097101368740201309 0.0037342032725538998 0.0099428156195754038 -0.013109064664588955 0.028460642549418533 -0.053118180479194269 -0.0030025689825580598 -0.0012796319179582958 -0.0061618868088759273 -0.12696997537386631 -0.12310103503712577 -0.013861331774753528 0.0098038076811975839 -0.031793321570559085 0.064430666271090536 -0.11882534752715446 -0.0062947709379772634 0.011239445760673306 0.042720279001760807 -0.011348989296802076 -0.053922248752545657 -0.051217432358826281 -0.050586605885456798 -0.050027258281566123 -0.050078762462025486 -0.050265213086292004 -0.050020741171800269 -0.050154725162850904
leaf_weight=767.65671581256902 17.727279114490575 3.1028018391498327 2098.6899125413329 325.76880510707269 191.43507751039579 1285.0580813909746 450.64550478407909 832.83967490311989 153.52839816888263 925.99774024635553 703.79754267260432 674.53301739748713 753.58599556019544 57.977980117340849 11.004872918325416 4031.6450072098814 373.61346913906891 11.307974985533297 1.5743866074772075 5.3100504880421786 37.192263602173625 71.126739209094012 3.5109776742046952 5.2544544917473086 6.3828855916526654 84.35990269308968 458.69689484027913 33.003583571691706 4.0068359731831151 0.43344595585131074 0.28521015832666208 0.012526889051513446 0.013198614400607767 0.10210797696527052 0.032912042679527076 0.16545074103669222 0.0091100677527720109
leaf_count=4099 1108747 27 13963 46930 580 7938 2802 6670 704 2709 2032 3112 8893 642 679 12397 3165 68 50 49 166 940 185 23 48 1374 1521 162 32 20 21 24 425 316 212 5462 11
internal_value=8.02595e-05 0.000145893 -0.000166839 -0.00148068 -0.000369117 0.00161177 0.00504501 0.00819063 -0.00328794 -0.00049699 -0.00381701 0.00362855 -0.00632466 0.00355498 0.00325964 -0.0023731 -0.00918817 0.00602998 -0.00859639 -0.00583137 -0.0275093 0.00684189 0.00888295 -0.0198519 -0.046811 0.0102192 0.00851563 0.0355556 0.0316451 -0.0501117 -0.0500216 -0.0500028 -0.0502803 -0.0500018 -0.0501971 -0.0500013 -0.050085
internal_weight=14381.4 14362.6 13637.8 7843.72 6379.75 5794.06 2204.67 1600.5 604.174 3589.39 1988.86 1600.53 1463.97 2156.67 336.774 4223.08 1127.2 724.83 118.306 115.203 42.5023 72.7011 606.524 26.9522 17.6909 579.571 543.057 36.5146 9.26129 18.7812 18.3478 18.0626 0.0586375 18.0039 0.0461107 17.8927 0.111218
internal_count=1237198 121960 117315 87249 27582 30066 14275 10769 3506 15791 9970 5821 59667 14605 47609 12977 12058 4645 1232 1205 215 990 3413 171 116 3242 2895 347 55 1115238 1115218 1115197 661 1114536 637 1114209 327
is_linear=0
shrinkage=0.05


Tree=139
num_leaves=42
num_cat=0
split_feature=78 56 47 74 44 43 74 43 43 67 44 30 43 61 47 43 74 43 54 72 72 60 44 40 74 44 74 44 28 43 78 72 43 3 41 8 43 9 47 8 54
split_gain=18.11 10.5884 10.539 21.5359 26.7561 23.6577 65.5323 28.7254 22.5923 16.9109 15.6294 15.6268 15.4322 15.1975 15.0547 9.3392 6.55866 1.9602 0.237109 0.129757 0.0825306 0.0836277 0.0363179 6.2587e-06 3.03211e-08 1.67698e-08 7.19982e-09 1.38598e-08 4.96616e-09 9.38796e-10 6.52816e-10 5.71969e-10 5.1119e-10 2.22128e-10 1.74918e-10 3.70622e-10 1.28624e-10 5.4879e-11 1.71951e-12 1.58969e-12 5.93303e-13
threshold=0.04189748574694898 50.500000000000007 0.52664288881242227 0.6791779542999502 0.59556235071998842 16.500000000000004 0.81611493993381334 7.5000000000000009 283.50000000000006 4.5000000000000009 0.99813279685909839 0.79682460427284252 33.500000000000007 39.500000000000007 0.020737301924496961 36.500000000000007 0.41750385041337507 57.500000000000007 0.99999623426245787 3.5000000000000004 2.5000000000000004 35.500000000000007 0.99768496084287051 6.5000000000000009 0.59514543181355706 0.99971739134952842 0.60336812859337219 0.99940530953641049 0.85756292939186107 3526.5000000000005 0.013267219544436956 6.5000000000000009 5.5000000000000009 0.9703982174396516 0.80816438794136058 0.8019607961177827 3.5000000000000004 8.5000000000000018 0.33111548546443764 0.78474903106689464 0.9997656589885876
decision_type=2 2 2 2 2 2 2 2 2 2 2 2 2 2 2 2 2 2 2 2 2 2 2 2 2 2 2 2 2 2 2 2 2 2 2 2 2 2 2 2 2
left_child=18 2 9 4 15 7 -7 -5 -6 10 14 16 -13 -12 -2 -4 -11 -3 28 20 23 22 -22 33 -23 26 27 -21 31 -28 37 34 -32 -20 36 -36 -1 -30 40 -40 -33
right_child=1 17 3 5 8 6 -8 -9 -10 11 13 12 -14 -15 -16 -17 -18 -19 19 25 21 24 -24 -25 -26 -27 29 -29 30 -31 32 38 -34 -35 35 -37 -38 -39 39 -41 -42
leaf_value=-0.050004305835489551 -0.010867887339658254 0.064385366164884564 0.094008014929912065 0.0037611388504381347 -0.01617181910831619 -0.00017809992776491717 0.018101859746520725 -0.0087258872679928899 0.018350778274775725 -0.033763432622305439 0.0099565132541277069 0.0040409055133335233 0.023314863428915283 -0.00047900001599920461 2.0170359401017771e-05 0.02272032784151122 0.047786056841166429 0.02356936028342424 -0.050004685600749943 -0.050016135826374125 -0.050012212181541095 -0.050113814324851139 0.045253229384059332 -0.051271397348133678 -0.050006205261024443 -0.050107741127024034 -0.05000423623136796 -0.050106626244441316 -0.050018210815238141 -0.05004411105430201 -0.050045481968539529 -0.050000739884153295 -0.050025023101218105 -0.050018680127545061 -0.05000363583438399 -0.050029170420285866 -0.050001575795557973 -0.050008193722576144 -0.05000099723424694 -0.050003557342256227 -0.050000794297625432
leaf_weight=0.044228583621598427 392.01403648351697 6.9145443367306125 5.849474903894591 668.89565489441156 480.72169669126743 6891.2238817343605 527.83410549676046 1478.7279870148923 52.573508692847099 2.6689402239244364 706.28984652193321 600.27302518986835 125.58237951563933 689.45985962355917 1669.674668936932 21.411076835705899 32.352292516021407 5.1194949037744664 0.01124637690736463 0.021231879498373019 0.010679723527573515 0.0093768081533198711 0.1582057302694011 0.028185507262605825 0.021684841998649063 0.0046480551491185898 0.097653860528225778 0.0052847256429231484 0.0024211552954501716 0.0014987479389674254 0.0050331753955106251 15.898578626617567 0.0077615352529392112 0.0037913790256425281 0.0073023543936868718 0.0017644254767219536 1.7602347627980632 0.0031412595217261696 0.0014740476635769486 0.0010301203155904659 0.51967500937917144
leaf_count=978 7871 22 16 1786 2185 21688 2341 4342 253 1094 3272 2647 1903 2680 11092 114 213 25 201 241 110 23 105 27 359 42 2588 5 9 16 9 1077830 33 33 147 4 57883 35 85 28 32863
internal_value=7.6606e-05 0.000140525 0.000101198 -0.000773455 -0.0102987 -0.000215326 0.00112244 -0.0048367 -0.0127685 0.00220105 0.000715919 0.00894949 0.00737555 0.00480167 -0.00205011 0.038017 0.0415712 0.0470215 -0.0491939 -0.00975655 0.011818 0.0253613 0.039229 -0.0508319 -0.0500387 -0.0500145 -0.050011 -0.0500342 -0.0500009 -0.0500048 -0.0500269 -0.0500008 -0.0500331 -0.0500082 -0.0500017 -0.0500086 -0.0500016 -0.0500126 -0.0500007 -0.0500021 -0.0500007
internal_weight=14376.2 14357.6 14345.6 10127.2 560.556 9566.68 7419.06 2147.62 533.295 4218.32 3457.44 760.877 725.855 1395.75 2061.69 27.2606 35.0212 12.034 18.6261 0.373488 0.24317 0.199947 0.168885 0.0432233 0.0310617 0.130317 0.125669 0.0265166 18.2526 0.0991526 0.0183571 18.2343 0.0127947 0.0150378 1.81353 0.00906678 1.80446 0.00556241 16.4208 0.00250417 16.4183
internal_count=1237198 63544 63497 32725 2568 30157 24029 6128 2438 30772 24915 5857 4550 5952 18963 130 1307 47 1173654 3750 858 597 215 261 382 2892 2850 246 1169904 2604 86 1169818 42 234 59012 151 58861 44 1110806 113 1110693
is_linear=0
shrinkage=0.05


Tree=140
num_leaves=45
num_cat=0
split_feature=78 35 39 51 78 43 77 9 18 62 60 13 27 3 10 19 72 77 47 77 8 43 44 29 29 8 6 21 27 56 1 54 72 72 60 44 40 43 44 32 56 28 78 72
split_gain=17.2213 10.3525 17.529 20.2013 29.006 19.7615 19.6271 16.9918 20.4956 16.2313 22.2093 20.6214 18.6887 16.231 16.111 15.8938 15.7842 14.4234 13.4252 20.1139 15.3233 12.931 17.5388 16.8789 12.82 11.9937 11.6563 11.299 3.24186 4.20945 1.95092 0.227362 0.123353 0.0780497 0.0788184 0.0341361 5.37759e-06 2.45666e-08 1.44353e-08 5.63455e-09 6.13471e-09 4.27524e-09 5.61745e-10 4.96204e-10
threshold=0.04189748574694898 1.0000000180025095e-35 1.0000000180025095e-35 0.92009233756444175 0.92587920922628875 31.500000000000004 0.17962771777507108 2.5000000000000004 0.97241246700286876 11.500000000000002 68.500000000000014 0.83935481309890758 0.77820187807083141 0.4024167805910111 0.94519516825675975 0.96911758184432995 3.5000000000000004 0.57819165034846887 0.94374685324473473 0.71016232810857505 0.70900535583496105 50.500000000000007 0.59556235071998842 0.9380401372909547 1.4550158381462099 0.95346319675445568 0.14389234036207202 1.5000000000000002 0.95854809880256664 28.500000000000004 0.80229884386062633 0.99999623426245787 3.5000000000000004 2.5000000000000004 35.500000000000007 0.99768496084287051 6.5000000000000009 294.50000000000006 0.99971739134952842 1.0000000180025095e-35 29.500000000000004 0.85756292939186107 0.013267219544436956 6.5000000000000009
decision_type=2 2 2 2 2 2 2 2 2 2 2 2 2 2 2 2 2 2 2 2 2 2 2 2 2 2 2 2 2 2 2 2 2 2 2 2 2 2 2 2 2 2 2 2
left_child=31 7 18 5 26 13 -7 8 14 11 25 17 -13 -4 30 -12 -16 -9 21 27 -21 23 -23 -3 -6 -11 -5 -20 29 -10 -2 41 33 36 35 -35 -33 -36 39 -34 -41 43 -43 -1
right_child=1 2 3 4 24 6 -8 9 28 10 15 12 -14 -15 16 -17 -18 -19 19 20 -22 22 -24 -25 -26 -27 -28 -29 -30 -31 -32 32 38 34 37 -37 -38 -39 -40 40 -42 42 -44 -45
leaf_value=-0.050001595695914447 0.030787284778105179 0.013295035602167896 -0.033775794153059528 0.037154720952871784 0.014053899736802723 -0.0078250680933618037 0.01734351575447525 -0.019696965414775891 0.011633529391336377 -0.02063952243339242 0.0021808284401411571 0.016600603344975068 -0.0047542482214195303 0.00397101783078317 -0.00079298503090302847 -0.05402291254825016 0.013305640248373336 0.046597025384915003 -0.0082426182532601873 0.0018795968843143196 0.017268694953156808 0.02115320168092584 -0.0084369437915024961 -0.0014345063573386501 0.0018953419367321003 0.049204046322090439 -0.013778402865457779 -0.053039851965527643 0.055706393186389216 0.053213871922591111 0.065482761121440483 -0.050007813253988169 -0.050002620688593673 -0.050011616705634358 -0.050007730058542456 0.044646398786883423 -0.051208095745847698 -0.050108295774817339 -0.0501024866337395 -0.05001775045225329 -0.050073743866944832 -0.050011942249808199 -0.050031456347734996 -0.050000702097595273
leaf_weight=1.725085969978873 7.4279109963681575 211.41401136365312 29.92132687663252 11.612109311390666 245.93792132649105 88.133699973994226 639.61069645546377 10.735333583055761 17.846944414079193 368.97252944995853 253.61075540562888 110.59089107981708 1392.3621785399446 590.80341535657499 3701.2995888711885 13.235224798321722 209.77374587988015 34.804204605519772 76.258344730362296 390.80029712617397 275.99636844545603 52.828447924839566 961.8294086583046 2430.2110245316799 1830.0553274601698 6.2508192185778162 344.15779050082347 17.262345358729362 13.6379551962018 9.2372167035937292 8.9138702501659264 0.014304467631517492 0.078358253207625239 0.010158985200177995 0.021005485832574777 0.15248434777822695 0.026843191268199007 0.0085423553755390458 0.004421818915034236 0.035510036612322438 0.0056732165339781196 0.0052911957554887526 0.012171088088507531 15.619919790548009
leaf_count=59012 23 1734 324 43 697 7055 2227 47 54 1924 1349 327 4383 5469 11888 51 1307 83 273 1183 731 1595 4955 9162 5288 19 1201 74 38 20 20 234 2528 110 353 105 27 29 42 294 28 44 42 1110806
internal_value=7.30262e-05 0.000133832 0.0012977 0.00379696 0.00107513 0.00870537 0.0142955 -0.00141521 0.000536116 -0.00494997 -0.0116339 -0.00217853 -0.00318291 0.00215148 0.000170211 -0.000606806 -3.67933e-05 0.0309691 -0.000841444 0.00520373 0.00824936 -0.00209853 -0.00689632 -0.000255675 0.00333574 -0.019476 -0.012116 -0.0165114 0.0358256 0.0258148 0.0497125 -0.0491883 -0.00970738 0.0117058 0.0250861 0.0387339 -0.0507908 -0.0500368 -0.0500138 -0.0500105 -0.0500255 -0.0500008 -0.0500255 -0.0500008
internal_weight=14373.3 14355.5 8196.83 3780.23 2431.76 1348.47 727.744 6158.7 3968.14 2190.56 642.069 1548.49 1502.95 620.725 3927.42 266.846 3911.07 45.5395 4416.6 760.317 666.797 3656.28 1014.66 2641.63 2075.99 375.223 355.77 93.5207 40.7221 27.0842 16.3418 17.7198 0.357302 0.233339 0.192191 0.162643 0.0411477 0.0295478 0.123963 0.119542 0.0411833 17.3625 0.0174623 17.345
internal_count=1237198 63544 42011 22304 7229 15075 9282 21533 13350 8183 3343 4840 4710 5793 13238 1400 13195 130 19707 2261 1914 17446 6550 10896 5985 1943 1244 347 112 74 43 1173654 3750 858 597 215 261 382 2892 2850 322 1169904 86 1169818
is_linear=0
shrinkage=0.05


Tree=141
num_leaves=45
num_cat=0
split_feature=78 38 6 74 43 43 60 74 75 75 75 17 74 75 42 43 27 61 56 62 74 44 77 9 33 45 7 47 17 33 76 74 54 75 75 42 76 76 44 28 78 43 3 42
split_gain=16.3763 10.4266 18.0239 13.6917 18.7633 18.8614 19.6736 18.9621 16.6595 36.3029 26.3798 20.0565 16.4427 20.1633 15.8043 15.4581 15.4269 12.5501 11.5179 13.8833 11.3279 10.6669 18.6806 14.0665 13.8347 13.323 10.5309 9.63952 8.98773 5.52218 4.34231 0.649732 0.218137 0.116679 0.0927865 0.0208838 1.98607e-08 2.16797e-08 8.76075e-09 3.67936e-09 4.83553e-10 3.78623e-10 3.77507e-10 3.25638e-10
threshold=0.04189748574694898 1.5000000000000002 0.86616915464401256 0.74785458390773274 91.500000000000014 103.50000000000001 79.500000000000014 0.78185618811093727 0.0022009332789401652 0.0020021021278705778 0.0034766414611228651 0.54849910736083995 0.7495290693556057 0.016666947283245252 2.5000000000000004 50.500000000000007 0.78281378746032726 92.500000000000014 31.500000000000004 9.5000000000000018 0.43949605872518499 0.9887752808554876 0.079371427573475192 5.5000000000000009 0.44096933305263525 -0.61529285525282729 0.31666667759418493 0.41632551829129177 0.50187969207763683 0.3140928596258164 0.15338249112400668 0.74424611668286178 0.99999623426245787 0.50588148610962957 0.58847851931559847 2.5000000000000004 0.55160686037988793 0.53896898435557816 0.99940530953641049 0.85756292939186107 0.013267219544436956 5.5000000000000009 0.96524760127067577 6.5000000000000009
decision_type=2 2 2 2 2 2 2 2 2 2 2 2 2 2 2 2 2 2 2 2 2 2 2 2 2 2 2 2 2 2 2 2 2 2 2 2 2 2 2 2 2 2 2 2
left_child=32 3 21 8 12 6 -6 -7 9 16 11 -10 13 -5 -12 -14 -2 20 30 -20 27 22 28 -24 29 -26 -22 -4 -3 -23 -19 -11 39 36 35 -35 37 38 -34 43 -41 -42 -36 -1
right_child=1 2 17 4 5 7 -8 -9 10 31 14 -13 15 -15 -16 -17 -18 18 19 -21 26 24 23 -25 25 -27 -28 -29 -30 -31 -32 -33 33 34 42 -37 -38 -39 -40 40 41 -43 -44 -45
leaf_value=-0.050001462050125602 -0.06250205732799631 -0.0017431061083743962 -0.0042811070297152053 0.05277722213007166 0.021510736533270167 -0.0023868028017184489 -0.020312124915582711 0.012689082082254156 -0.027510217243968134 -0.090850717433487674 -0.0021976186574292067 0.049777694219703628 0.00043775002310276047 0.0018223600255212983 -0.014549239254378472 -0.0046833864199521012 -0.00034531329964101196 0.047997624925233295 -0.098889872571386567 0.033250061652846621 -0.061199110778730428 0.011459222128854883 0.0038864188557051517 0.033527368326455163 0.056124024165699664 0.018566611158077635 0.0016239314384474211 -0.035696536941749797 -0.063302074756469873 -0.067676367561257417 0.0010722829052294588 -0.11568602961836677 -0.050013659000558465 0.0062957934220423482 -0.050002760485240952 0.041758025126620531 -0.050004049101531278 -0.050125872793062069 -0.050105248483425284 -0.050011359110634063 -0.050041150319892716 -0.050022640917752027 -0.050011626116296885 -0.050000684197851197
leaf_weight=1.4778579406020167 11.989436535375715 10.589835470753316 68.945992200577166 32.020646182820201 265.48777827169397 627.37502394872718 31.449684828985482 312.4505340452306 10.723415585875044 11.472482046796356 1783.5461717425205 38.64272708343924 6598.6412091344901 49.315333171689417 302.97518367123121 1897.2131982402061 59.637712434967398 29.140887525776634 3.6199642357387329 4.4085655296221375 6.6967485342756836 3.5486391062731837 195.72388948523439 50.315597253618762 28.203558455963503 145.07291234748845 1710.2847857767047 37.808087264129426 13.473048784209821 5.8199403593607713 5.9338715368066905 3.4181454684585324 0.018598929511425832 0.066940176726348 0.025456087238126202 0.1093098678647948 0.088530440434624325 0.0073573425088397917 0.0030372661076398791 0.0050331982656633958 0.0045546433320851065 0.0070231997560767923 0.02272770572835725 15.021233821884378
leaf_count=59309 1086 3824 2329 66 871 2003 138 1647 147 83 6677 108 19852 164 3193 7162 869 92 41 21 51 39 849 289 505 966 8527 384 1383 101 62 15 211 37 691 104 2465 31 8 44 9 33 203 1110509
internal_value=6.97424e-05 0.000127577 0.00319709 -0.000463963 0.00033853 0.00609601 0.0170811 0.00262526 -0.0040077 -0.025517 -0.00313643 0.0329891 -0.000491652 0.0218825 -0.00399115 -0.000705853 -0.0107495 0.00102656 0.0276931 -0.0263302 0.000396311 0.0121469 0.00583587 0.00994806 0.0214799 0.0246797 0.0013789 -0.0154072 -0.0362106 -0.0377013 0.0400589 -0.0965517 -0.0491824 -0.00965492 0.0114799 0.0282894 -0.0500158 -0.0500517 -0.0500265 -0.0500008 -0.0500243 -0.0500299 -0.0500069 -0.0500008
internal_weight=14372.8 14355.9 2319.59 12036.4 9813.95 1236.76 296.937 939.826 2222.41 86.5178 2135.89 49.3661 8577.19 81.336 2086.52 8495.85 71.6271 1866.84 43.1033 8.02853 1823.74 452.747 270.102 246.039 182.645 173.276 1716.98 106.754 24.0629 9.36858 35.0748 14.8906 16.8577 0.341958 0.224434 0.17625 0.117524 0.0289935 0.0216362 16.5157 0.016611 0.0115778 0.0481838 16.4991
internal_count=1237198 63544 19463 44081 31903 4659 1009 3650 12178 2053 10125 255 27244 230 9870 27014 1955 11507 216 62 11291 7956 6345 1138 1611 1471 8578 2713 5207 140 154 98 1173654 3750 1035 141 2715 250 219 1169904 86 42 894 1169818
is_linear=0
shrinkage=0.05


Tree=142
num_leaves=32
num_cat=0
split_feature=72 21 41 43 43 13 78 30 47 76 38 11 44 76 30 1 53 78 15 78 76 42 27 28 37 44 47 61 78 78 44
split_gain=15.7027 10.8214 10.8159 14.1698 36.1148 29.9734 17.8148 16.4552 13.273 20.0485 13.4604 12.8126 12.69 12.088 20.8904 11.608 9.22849 0.00236147 0.000428679 9.18882e-05 6.03719e-05 4.54402e-05 2.32155e-05 8.90375e-06 2.68632e-06 2.55294e-06 3.71002e-07 1.44765e-07 1.35957e-07 5.83543e-08 1.20336e-08
threshold=6.5000000000000009 6.5000000000000009 0.5123116970062257 32.500000000000007 49.500000000000007 0.12599206715822223 0.92587920922628875 0.99382716417312633 0.65873203582663697 0.29032840808060478 2.5000000000000004 1.0000000180025095e-35 0.99967343986524415 0.3203222811016227 0.62973192334175121 0.087595909833908095 0.85021877443604843 0.43092195823604534 0.92880183458328258 0.12449907904534323 0.53896898435557816 9.5000000000000018 0.50917509198188793 0.78422036767005932 4.5000000000000009 0.99608987421092288 0.22913071008302102 111.50000000000001 0.068886077280793725 0.068886077280793725 0.42570007073423027
decision_type=2 2 2 2 2 2 2 2 2 2 2 2 2 2 2 2 2 2 2 2 2 2 2 2 2 2 2 2 2 2 2
left_child=1 2 3 6 12 -6 7 -1 9 10 -4 -8 -5 16 -15 -11 -10 19 21 23 25 22 -19 26 27 30 29 -25 -28 -2 -21
right_child=17 -3 8 4 5 -7 11 -9 13 15 -12 -13 -14 14 -16 -17 -18 18 -20 20 -22 -23 -24 24 -26 -27 28 -29 -30 -31 -32
leaf_value=-0.011269840537686345 -0.050000694857559418 0.095059500407943032 0.017863612878584244 0.0064365900564707437 -0.023320875058452411 -0.00021834120513911632 0.0040108228932957618 0.0028524926767503171 0.017223484954456813 0.074708439865740925 -0.046730671963515193 -0.0020885912393577475 0.024369524385085523 0.08584712583528481 -0.058754171813120773 -0.00041367078606950472 -0.0025068780304368203 -0.05256541898394005 -0.055773561981470904 -0.050012775181378623 -0.051146016116914661 -0.053409291073471671 -0.051142562484647214 -0.050045144255792179 -0.051140311662796492 -0.050506883493028676 -0.050009929907144313 -0.050379571856093208 -0.050121519002014239 -0.050026571419993594 -0.050045939262344713
leaf_weight=836.83773190075408 14.278581176054093 3.0008608687057849 386.19594413981213 1600.2838884726025 144.60459961999004 4824.699032489154 1088.543231920863 273.7404617566408 67.661611640593037 5.2111389902674992 8.2370959256695624 4118.7888420745439 105.13172081284574 2.8986130169741982 18.058984836114178 389.70005699240755 477.58836364315357 0.051028495770879867 0.18553753197193146 0.1773618916122367 0.29711236711591482 0.065866535849636421 0.065422467770986259 0.0056168353185065412 0.021827101293638407 0.030584442429244518 0.039623482633943108 0.0076339102133715642 0.087735549052013084 0.22124699350388333 0.032340218647732399
leaf_count=22957 1112052 11 3046 14035 1332 45204 3239 2279 244 407 625 11845 705 30 338 14170 1493 7 2 764 20 11 37 108 2 4 1275 6 50 856 44
internal_value=6.63243e-05 0.000120767 0.000100911 -0.000342506 0.00126397 -0.000890615 -0.00203971 -0.0077889 0.00435096 0.00854132 0.0165147 -0.000813567 0.00754208 -0.00149078 -0.0387546 0.00057762 -5.84815e-05 -0.0501231 -0.0540816 -0.0500273 -0.0506694 -0.0523597 -0.0517661 -0.0500037 -0.0507994 -0.0500801 -0.0500018 -0.0502378 -0.0500868 -0.0500011 -0.0500179
internal_weight=14366.7 14351.2 14348.2 12992.6 6674.72 4969.3 6317.91 1110.58 1355.55 789.344 394.433 5207.33 1705.42 566.208 20.9576 394.911 545.25 15.5675 0.367855 15.1997 0.537399 0.182317 0.116451 14.6623 0.0350778 0.240287 14.6272 0.0132507 0.127359 14.4998 0.209702
internal_count=1237198 121960 121949 101596 61276 46536 40320 25236 20353 18248 3671 15084 14740 2105 368 14577 1737 1115238 57 1115181 832 55 44 1114349 116 812 1114233 114 1325 1112908 808
is_linear=0
shrinkage=0.05


Tree=143
num_leaves=40
num_cat=0
split_feature=72 4 42 76 45 6 76 37 37 77 77 56 76 61 60 8 17 17 17 34 53 76 48 45 32 27 17 36 78 15 77 42 27 20 78 77 78 78 78
split_gain=14.9323 10.3676 11.2128 11.7207 12.7956 13.9121 12.7312 10.2973 10.4447 9.62536 8.70075 8.1403 6.70348 12.3723 15.2773 6.63773 6.29525 7.93285 6.20405 5.85396 5.60621 7.10429 2.1448 1.82178 1.62333 1.05009 0.555986 0.00776152 0.0020238 0.000364243 0.000137718 3.88383e-05 1.98707e-05 1.39214e-06 4.78642e-07 2.31446e-07 1.97408e-07 5.73907e-08 4.37018e-08
threshold=6.5000000000000009 0.054299755021929748 5.5000000000000009 0.59391413434887597 -0.65569246876774279 0.93419912457466137 0.2213038143741288 3.5000000000000004 2.5000000000000004 0.3542742430227645 0.079371427573475192 14.500000000000002 0.53896898435557816 64.500000000000014 51.500000000000007 0.35043859481811529 0.70620205998420726 0.80086207389831554 0.61781227588653576 4.5000000000000009 0.85021877443604843 0.52979936332408595 0.03853291529614309 -0.84811453911904111 1.0000000180025095e-35 0.84101527929306041 0.23012361675500873 12.500000000000002 0.43092195823604534 0.92880183458328258 0.079371427573475192 9.5000000000000018 0.50917509198188793 0.72474747896194469 0.23390836776912052 0.020397055716778426 0.068886077280793725 0.068886077280793725 0.068886077280793725
decision_type=2 2 2 2 2 2 2 2 2 2 2 2 2 2 2 2 2 2 2 2 2 2 2 2 2 2 2 2 2 2 2 2 2 2 2 2 2 2 2
left_child=1 9 3 4 5 -3 -6 8 -5 12 22 -11 19 27 -15 -9 18 -18 -13 26 21 -12 24 -24 -4 -21 -1 -14 30 31 33 32 -30 35 36 38 -35 -37 -2
right_child=28 2 10 7 6 -7 -8 15 -10 11 20 16 13 14 -16 -17 17 -19 -20 25 -22 -23 23 -25 -26 -27 -28 -29 29 -31 -32 -33 -34 34 -36 37 -38 -39 -40
leaf_value=-0.12607661923150779 -0.050000655863794125 0.01913635779870991 -0.06583978025928082 -0.012684531709790815 0.00036226428156079372 -0.0020140096518789035 -0.0049692109707633646 -0.0002215070097784489 0.011965470268542798 0.066976354441228653 0.046483360850833134 0.022568409781317259 -0.05307969618158033 0.44263873821551575 0.061550800316511792 -0.049024505148907188 -0.038018074328216023 0.017713562250157907 0.078451177490458976 0.058014661514956524 -0.016233985460027692 0.010475709805287527 0.0052596775064211445 -0.060902465291346963 0.076865790920887481 -0.011267478220140197 -0.060061660872397171 -0.06319076123651958 -0.052434660389800408 -0.055460391534371684 -0.05104650694731621 -0.053233114081027356 -0.051086203196363145 -0.05000326499028275 -0.050556345675458025 -0.050016735235116162 -0.050250441074623502 -0.050100471344639068 -0.050017456926859688
leaf_weight=0.3331904076931077 13.584168590099569 180.75508385691319 0.28153770954668189 175.33110564329399 12378.445173809043 136.43523674380049 1231.0912102087386 9.5843507020781527 56.926085203031107 9.95042786747217 32.025845184922218 19.613926045596603 2.0262951344138851 0.30112290519900886 2.0766278426235658 25.516545924194361 8.4026966318488103 26.591486562043428 6.6506794095039359 1.2965162694254107 7.0488583575934163 23.937077752780169 1.3591646278073302 4.4367863671323002 0.68206328153610229 0.94596823583560752 7.4611704429535166 0.20941405214216491 0.048657796927728536 0.17746010422706604 0.32318470906466323 0.062856303236912936 0.062298700591782108 0.011102330942777239 0.010883426293730736 0.028447301144297721 0.029651125776581466 0.072899962775409222 0.39840065246244272
leaf_count=39 1112502 1890 1302 16428 44906 912 7819 9023 5872 36 125 68 837 25 517 7244 35 91 17 35 30 208 17273 6765 1 32 378 52 7 2 26 11 37 651 1 287 9 43 1662
internal_value=6.30568e-05 0.000114847 1.05756e-05 -8.77109e-05 0.000111363 0.0100388 -0.00012001 -0.0104575 -0.00664283 0.0174374 0.0200057 0.0250309 -0.0194713 0.030415 0.109813 -0.0356988 0.0182175 0.00433145 0.036719 -0.0424017 0.0257888 0.0310818 -0.0339034 -0.0453873 0.0351711 0.0287887 -0.0628836 -0.0540268 -0.0501171 -0.053867 -0.050026 -0.0522401 -0.0516775 -0.0500026 -0.0502618 -0.0500017 -0.0501831 -0.050077 -0.0500011
internal_weight=14364.5 14349.7 14263.9 14194.1 13926.7 317.19 13609.5 267.358 232.257 85.8595 69.7713 71.2092 14.6503 4.61346 2.37775 35.1009 61.2588 34.9942 26.2646 10.0368 63.0118 55.9629 6.75955 5.79595 0.963601 2.24248 7.79436 2.23571 14.81 0.351273 14.4587 0.173813 0.110956 14.1356 0.0516369 14.0839 0.0407535 0.101347 13.9826
internal_count=1237198 121960 119798 94094 55527 2802 52725 38567 22300 2162 25704 247 1915 1431 542 16267 211 126 85 484 363 333 25341 24038 1303 67 417 889 1115238 57 1115181 55 44 1115155 661 1114494 660 330 1114164
is_linear=0
shrinkage=0.05


Tree=144
num_leaves=42
num_cat=0
split_feature=72 21 76 43 56 17 17 66 53 77 13 77 53 76 18 62 44 47 77 77 38 17 27 33 72 28 3 4 18 47 78 15 77 72 61 20 78 77 78 78 78
split_gain=14.1998 10.8246 15.9329 14.3935 18.2772 22.7117 18.8643 16.8486 15.4477 21.5145 19.7129 18.6114 24.3958 15.0134 14.1534 13.9462 16.3387 20.2949 16.7367 15.1688 26.9005 13.8014 12.4333 11.4161 9.91058 13.07 10.3336 8.7508 4.83987 3.68097 0.0017348 0.000309704 0.000118574 3.02328e-05 1.68042e-05 1.198e-06 4.11525e-07 1.99199e-07 1.69867e-07 4.93906e-08 3.76118e-08
threshold=6.5000000000000009 1.0000000180025095e-35 0.35139525814675421 14.500000000000002 35.500000000000007 0.85206231474876415 0.70620205998420726 1.5000000000000002 0.17926877387329235 0.17962771777507108 0.92206478118896495 0.3542742430227645 0.85021877443604843 0.52979936332408595 0.94906607270240795 7.5000000000000009 0.99960533241041316 0.96559001702592306 0.17962771777507108 0.74626141618161512 1.5000000000000002 0.45852446556091314 0.74427348375320446 0.46021401882171636 4.5000000000000009 0.049732299521565444 0.38249973952770239 0.81530213356018078 0.88642504811286937 -0.11590495260702267 0.43092195823604534 0.92880183458328258 0.079371427573475192 8.5000000000000018 31.500000000000004 0.72474747896194469 0.23390836776912052 0.020397055716778426 0.068886077280793725 0.068886077280793725 0.068886077280793725
decision_type=2 2 2 2 2 2 2 2 2 2 2 2 2 2 2 2 2 2 2 2 2 2 2 2 2 2 2 2 2 2 2 2 2 2 2 2 2 2 2 2 2
left_child=1 3 15 4 7 6 -6 28 9 10 -5 14 -13 -11 -10 16 17 -3 -18 20 -17 -9 -21 27 26 -26 -25 29 -1 -4 32 33 35 34 -32 37 38 40 -37 -39 -2
right_child=30 2 23 8 5 -7 -8 21 11 13 -12 12 -14 -15 -16 19 18 -19 -20 22 -22 -23 -24 24 25 -27 -28 -29 -30 -31 31 -33 -34 -35 -36 36 -38 39 -40 -41 -42
leaf_value=-0.13466627779352636 -0.05000062468049931 -0.0012992317441334542 0.012901425604109935 -0.038264317917421214 -0.025255313959992878 0.038357193535926898 -0.096138765594449116 -0.0070023471107196721 -0.0049043206080236568 0.059131998937609287 0.019596120038230993 0.013775864482223236 0.0019052536709611625 -0.0013612878059132104 0.070220610005509373 -0.0088341786869329652 0.021257765513366455 0.0077793337351664263 0.0040472162541495956 -0.0039918658767011507 0.008835247738128639 0.0041992566167164463 0.0034456686150008023 -0.073220120310167544 0.19906647753110696 -0.043804103856488259 -0.0056961929880346637 0.096429135001461455 -0.0087111918754966666 -0.079092761947435627 -0.052324034092352367 -0.055165821521075568 -0.050995156329173452 -0.053010395353776309 -0.051047550901782236 -0.050003105944894002 -0.050528923059184716 -0.050015919064344619 -0.050238189273848759 -0.050095564903917894 -0.050016605639753534
leaf_weight=3.0059670999489745 12.921668843216128 4408.1578577853488 1.2138237183426088 20.434852052771021 46.177040899221538 11.116662778198586 11.780898761891875 457.41484146617222 594.06401844348511 42.628325462341309 52.643525812058215 658.52092713862658 1262.8322762399912 13.50631161034107 6.3363597404913881 1459.3184971471946 168.92818856891245 715.50959081947803 862.47048039827496 1043.6065288633108 252.70609426224655 689.46024985300937 1217.3969255164266 5.7751894745015298 0.565888482085941 26.245465211699411 299.67991878157591 0.85263047822263693 1.0219795093726132 10.438536618185022 0.046124514352414603 0.16968382149934769 0.30772455956321287 0.061100014107069001 0.058461690874537453 0.010560896634161376 0.010358112864196301 0.027060340318713183 0.028211728087626398 0.069351210142485797 0.37897671035898461
leaf_count=76 1112502 14081 1072 30475 992 39 125 10349 9847 117 11081 1770 3702 44 70 5237 403 2129 2636 3460 1394 5648 3675 178 28 4764 6424 16 6 2122 7 2 26 14 34 651 1 287 9 43 1662
internal_value=5.96802e-05 0.000108961 -0.000726103 0.00236823 -0.00212617 -0.0271071 -0.0396635 -0.000626866 0.00443656 0.0212981 0.00341665 0.00357258 0.00597376 0.044577 -0.00411149 -0.000366282 0.00112438 -3.14288e-05 0.00686606 -0.00267563 -0.00622606 -0.000268344 1.27417e-05 -0.0112963 -0.00953122 -0.038678 -0.00697286 -0.0581955 -0.102709 -0.0695097 -0.0501113 -0.0536644 -0.0500247 -0.0521267 -0.0516105 -0.0500025 -0.050249 -0.0500016 -0.0501742 -0.0500732 -0.0500011
internal_weight=14357.9 14343.8 10472.9 3870.94 1219.98 69.0746 57.9579 1150.9 2650.97 129.213 73.0784 2521.75 1921.35 56.1346 600.4 10128.1 6155.07 5123.67 1031.4 3973.03 1712.02 1146.88 2261 344.771 332.266 26.8114 305.455 12.505 4.02795 11.6524 14.0893 0.33537 13.7539 0.165686 0.104586 13.4462 0.0491307 13.3971 0.0387726 0.0964116 13.3006
internal_count=1237198 121960 47619 74341 17235 1156 1117 16079 57106 41717 41556 15389 5472 161 9917 33015 19249 16210 3039 13766 6631 15997 7135 14604 11394 4792 6602 3210 82 3194 1115238 57 1115181 55 41 1115155 661 1114494 660 330 1114164
is_linear=0
shrinkage=0.05


Tree=145
num_leaves=45
num_cat=0
split_feature=78 74 43 67 6 43 43 74 44 60 61 75 74 20 56 74 75 74 15 51 76 77 75 75 43 43 43 17 21 43 60 32 44 74 31 72 38 8 43 10 28 75 74 54
split_gain=13.5296 11.4618 24.5509 17.0507 21.9785 18.9442 24.2192 23.7667 16.539 20.2783 53.4438 16.4436 15.9343 15.756 15.0414 14.2134 14.0891 19.5412 18.0135 13.6954 25.3131 14.9318 12.3002 12.2019 11.8344 10.7119 22.4335 8.74666 8.13079 6.68155 11.3658 1.00876e-08 1.44141e-08 2.22015e-09 5.15593e-10 3.3361e-10 1.32173e-10 1.10532e-10 9.31957e-11 1.4898e-10 7.36153e-11 5.36838e-11 2.85125e-11 4.17444e-13
threshold=0.013267219544436956 0.77235107975040262 93.500000000000014 2.5000000000000004 0.61633428931236278 287.50000000000006 304.50000000000006 0.52014156185220484 0.99971168568543189 39.500000000000007 41.500000000000007 0.044432601129475897 0.77273736199928467 0.78759399056434642 11.500000000000002 0.6791779542999502 0.041720382226369764 0.95617254397737439 0.52277442812919628 0.67865426389250116 0.3203222811016227 0.57819165034846887 0.47786476548987816 0.0011401718017865674 36.500000000000007 297.50000000000006 289.50000000000006 0.52512624859809887 1.0000000180025095e-35 29.500000000000004 32.500000000000007 1.0000000180025095e-35 0.99971739134952842 0.59514543181355706 0.90422871708869945 6.5000000000000009 1.5000000000000002 0.75255101919174205 3.5000000000000004 0.37176080048084265 0.78422036767005932 0.5602476959586965 0.92499652337813132 0.9999975384203722
decision_type=2 2 2 2 2 2 2 2 2 2 2 2 2 2 2 2 2 2 2 2 2 2 2 2 2 2 2 2 2 2 2 2 2 2 2 2 2 2 2 2 2 2 2 2
left_child=31 3 12 4 15 19 7 -7 11 10 -10 23 29 -11 -13 28 18 -18 -14 21 -21 -5 -8 -4 -17 26 -6 -27 -2 -3 -31 34 33 -33 35 38 41 42 39 -1 -40 -35 -36 -37
right_child=1 2 8 5 25 6 22 -9 9 13 -12 14 16 -15 -16 24 17 -19 -20 20 -22 -23 -24 -25 -26 27 -28 -29 -30 30 -32 32 -34 36 37 43 -38 -39 40 -41 -42 -43 -44 -45
leaf_value=-0.050011171801770629 0.012991864750250159 -0.016314145534743175 -0.029310378481467891 0.0024735107826451778 -0.010897267679096122 -0.042510740991033434 -0.044151172773427533 0.066225689951488351 0.024165674520710764 0.045728248878016596 -0.21969820632077255 0.033834328109974478 0.0098237895256974885 -0.064354694500532092 -0.0017230505863500161 0.027252281877711657 -0.0029173100320358859 0.015276453152591072 0.00087629246596356318 -0.0015265730527367191 -0.038341875778845944 0.022055371966277531 0.028788207821642084 0.021145932574642902 0.0030880920210739639 -0.007791289019284893 0.096505167426265359 -0.06334781758136819 -0.022554252764636209 -0.017436966051529012 0.05946291410641999 -0.050038006198109365 -0.0501380421369646 -0.050003765078079604 -0.050005922453133178 -0.050000546584262631 -0.050016600140218373 -0.050021727389870589 -0.050001285181605029 -0.050002430704553458 -0.050006379155639727 -0.05000958314515927 -0.050013365802111825 -0.050000971678162413
leaf_weight=0.0059411931470049186 21.224272143125745 5.5159717733058633 12.423270687119837 753.65757299227516 812.15216490186685 5.883943038878896 13.683657712331298 34.434798920206049 4.827523602878502 9.1302474355679788 4.2024795874494885 34.131501078009023 654.1821886110547 5.0473747135565636 231.25708143271459 68.026998120671124 3263.9805596797296 154.57597177533899 4014.5168344843687 3400.8798901427535 47.340448844830462 111.79265637695789 10.006961618581043 337.45668539372855 198.57549417040809 11.869493569430235 4.8912175156237927 17.57385819585943 66.470648045183225 6.0484386171901887 23.371265047848283 0.0097427083965165862 0.0027457196265459052 0.0074586802020348833 0.002921961995526412 12.104725310560749 0.0044556097782333373 0.0026567719141894486 1.294424910074667 0.027151922447956167 0.0071314963133773937 0.0084641706380352844 0.002298770661582239 0.0057591392687762468
leaf_count=49 1500 22 82 22205 4595 117 314 128 46 50 35 255 3150 35 1499 301 13450 543 13893 9849 813 274 73 1875 1031 517 17 118 997 24 82 23 1 141 39 1105410 18 11 52174 817 165 68 10 382
internal_value=5.6772e-05 0.000103851 0.00123189 -0.00166767 -0.00694571 -0.000219919 0.0267816 0.0503572 0.0106725 -0.0307627 -0.0893263 0.0122354 0.000489774 0.00653762 0.00284997 0.00351021 0.000344217 -0.00209465 0.00213002 -0.000620586 -0.00203201 0.00500296 -0.0133414 0.0193544 0.00925389 -0.011322 -0.0102543 -0.0409513 -0.0139512 0.0341848 0.043653 -0.0500007 -0.0500284 -0.0500184 -0.0500006 -0.0500006 -0.050009 -0.0500134 -0.0500014 -0.050004 -0.0500013 -0.0500069 -0.0500092 -0.0500005
internal_weight=14352.6 14339.1 8760.67 5578.46 1200.78 4377.68 64.0094 40.3187 638.476 23.2076 9.03 615.269 8122.19 14.1776 265.389 354.297 8087.26 3418.56 4668.7 4313.67 3448.22 865.45 23.6906 349.88 266.602 846.487 817.043 29.4434 87.6949 34.9357 29.4197 13.4859 0.0328669 0.0301212 13.453 13.4451 0.0203785 0.0078775 1.33465 0.0330931 1.30156 0.0159229 0.00522073 12.1105
internal_count=1237198 77890 35041 42849 9076 33773 632 245 3877 166 81 3711 31164 85 1754 3829 31036 13993 17043 33141 10662 22479 387 1957 1332 5247 4612 635 2497 128 106 1159308 251 250 1159057 1158997 227 60 53205 866 52339 209 49 1105792
is_linear=0
shrinkage=0.05


Tree=146
num_leaves=44
num_cat=0
split_feature=72 41 43 43 43 74 74 56 74 43 74 60 43 74 44 47 33 77 62 74 27 10 30 28 57 76 31 76 15 43 20 20 77 46 77 53 61 77 48 46 77 46 46
split_gain=12.9066 10.7231 12.3123 12.2348 41.2983 41.1919 34.9756 33.6036 23.4648 41.2003 24.557 24.104 22.5652 22.0885 18.1987 17.9128 15.8486 11.9766 12.1194 13.2085 11.8167 11.1955 8.7574 8.74309 13.7235 9.29556 6.85623 8.22459 3.75481 3.41231 1.71175 0.00130523 0.000303281 0.000183732 3.53214e-07 2.56226e-07 1.37122e-07 7.5815e-08 2.92079e-08 2.29894e-08 5.79383e-09 1.20169e-09 9.79392e-10
threshold=6.5000000000000009 0.51027804613113414 7.5000000000000009 35.500000000000007 49.500000000000007 0.71894715964871347 0.81162009452820072 27.500000000000004 0.81611493993381334 16.500000000000004 0.85965128215670017 87.500000000000014 36.500000000000007 0.7906344656808042 0.99873967396657626 0.94374685324473473 0.82574725151062023 0.76657831827204215 28.500000000000004 0.55775765346823336 0.85254529118537914 0.82650500535964977 0.64722883701324474 0.3797468394041062 29.500000000000004 0.67944547096297991 0.4993750005960465 0.082331710859778681 0.64418154954910289 43.500000000000007 0.21807064861059192 0.8441295623779298 0.079371427573475192 0.8618690030540207 0.020397055716778426 0.69733064575799342 111.50000000000001 -0.018545217684821477 0.6207344379758174 0.068690624084815521 0.0060230718244431315 0.024690589029483737 0.64613580925817204
decision_type=2 2 2 2 2 2 2 2 2 2 2 2 2 2 2 2 2 2 2 2 2 2 2 2 2 2 2 2 2 2 2 2 2 2 2 2 2 2 2 2 2 2 2
left_child=1 3 22 8 5 12 7 -6 11 10 -10 15 -5 -13 -8 -1 -7 18 19 -4 -11 -20 28 24 -24 -25 29 -28 30 -19 -3 32 34 35 39 37 38 -33 -36 41 -41 -2 -39
right_child=31 2 17 4 6 16 14 -9 9 20 -12 13 -14 -15 -16 -17 -18 26 21 -21 -22 -23 23 25 -26 -27 27 -29 -30 -31 -32 33 -34 -35 36 -37 -38 42 -40 40 -42 -43 -44
leaf_value=-0.0097135425815379397 -0.05000054527803053 -0.051889062582450879 -0.02926662932639509 0.045329580703167678 0.00095895953841427573 0.01798967395289371 0.0045400701155469533 -0.0081076091079316463 -0.013008801222931052 0.0079309275264157261 8.5435602060100787e-05 0.014393895437022356 -0.013747147478203624 -0.018804586041553665 0.030112049960457229 0.010012805435141114 0.0063028518283090298 0.049427480669974516 0.03886870939524862 -0.0027689052668440294 0.026893757421672538 0.0026654835883206519 -0.023943472981872729 0.013243450257856429 0.029534790064083907 -0.032015325025519334 0.012365999577820197 -0.026386748979530042 0.19021328248068159 0.013037037209314765 0.063725994725122914 -0.050253669800355477 -0.051348361557157066 -0.054874343585032598 -0.050181049050797399 -0.050498466626538653 -0.05030510113559411 -0.050005223073393348 -0.050070040312080469 -0.050010402422640314 -0.050030295816605556 -0.050004205307229294 -0.050049181095234166
leaf_weight=1685.8213868168277 11.409471272281724 0.34055043330681556 51.652242789999946 17.366581032109025 3170.2182996452966 637.90868788941771 152.37537013946258 1508.1500322990978 395.66750251200938 167.57849753316987 3767.0905853100421 228.21078151177426 233.40536821643855 64.198494271542586 128.03586709812225 123.51412872970104 532.04482703116628 16.851928541436795 30.617436798325798 525.5563482316611 161.16281238447664 70.583701170396125 41.530435992046478 437.48192469637434 16.869146336677659 11.647182952860019 125.0838931966573 15.374282091856001 0.58131654583121406 10.428253056481479 5.3441941499750101 0.010094927123645903 0.43303508590906936 0.16181431710720062 0.0063215440086431532 0.0098875084640894784 0.0070484807947650543 0.0033831926321007408 0.094585053112496098 0.40422881590438997 0.04024451808345475 0.2287617576521378 0.0020258987142369733
leaf_count=16309 1092980 713 2135 263 28904 6375 1845 14128 1833 1194 19550 2078 3906 408 1520 316 1655 48 2691 8508 833 1964 1116 1518 326 1002 378 49 5 52 338 9 30 2 5 6 2 175 340 8508 1052 12124 5
internal_value=5.4524e-05 9.93618e-05 0.00432335 -0.000343441 0.00121758 0.00873338 -0.000935747 -0.0019638 -0.00185386 0.000186577 -0.00115916 -0.00621434 -0.00965594 0.00710516 0.0162162 -0.00836693 0.012675 0.000616097 -0.0023418 -0.00514009 0.0172273 0.0136184 0.0104287 0.00970334 -0.00849589 0.0120698 0.0125792 0.0081242 0.069177 0.0355167 0.0568 -0.0501095 -0.050048 -0.0542538 -0.0500018 -0.0502996 -0.0500919 -0.0501727 -0.050077 -0.050001 -0.0500122 -0.0500006 -0.0500217
internal_weight=14345.5 14332.7 1359.94 12972.7 6379.51 1420.73 4958.78 4678.37 6593.24 4491.5 4162.76 2101.74 250.772 292.409 280.411 1809.34 1169.95 846.148 678.41 577.209 328.741 101.201 513.795 507.529 58.3996 449.129 167.738 140.458 6.26606 27.2802 5.68474 12.8109 12.6237 0.187206 12.1907 0.0253915 0.107955 0.015504 0.100907 12.0827 0.444473 11.6382 0.00540909
internal_count=1237198 121960 20843 101117 58596 12199 46397 43032 42521 23410 21383 19111 4169 2486 3365 16625 8030 15825 15298 10643 2027 4655 5018 3962 1442 2520 527 427 1056 100 1051 1115238 1115041 197 1115011 195 347 189 345 1114664 9560 1105104 180
is_linear=0
shrinkage=0.05


Tree=147
num_leaves=39
num_cat=0
split_feature=72 74 43 74 74 56 75 75 60 43 44 3 43 60 44 43 75 44 29 61 35 7 13 76 75 75 10 74 61 17 54 77 20 3 77 21 46 76
split_gain=12.2742 10.3922 41.5645 44.937 31.4675 33.615 31.1775 30.126 30.103 25.7876 18.4573 17.2909 16.6845 16.4851 27.3292 23.0821 21.8015 17.6534 25.9115 22.5879 17.5095 28.0955 18.7824 16.2749 15.9657 13.5615 13.0683 11.5864 8.37954 6.5526 0.00117869 8.0738e-05 8.84778e-07 2.69997e-07 1.53624e-07 9.43305e-08 1.98952e-08 8.62928e-09
threshold=6.5000000000000009 0.7893625098381466 18.500000000000004 0.83607480913383581 0.81707632756450399 31.500000000000004 0.0020021021278705778 0.0015124853191874276 97.500000000000014 21.500000000000004 0.99431062641480505 0.39788307249546057 14.500000000000002 25.500000000000004 0.99960533241041316 38.500000000000007 0.40086525339131934 0.99919309732480366 1.9001284241676333 99.500000000000014 1.0000000180025095e-35 0.73214286565780651 0.88047617673873912 0.42667860534672603 0.018960539480225472 0.039855705960047845 0.8539126217365266 0.52014156185220484 34.500000000000007 0.81861472129821788 0.99999886430482721 0.079371427573475192 0.72474747896194469 0.40905597805976873 0.020397055716778426 1.5000000000000002 0.068690624084815521 0.48261304045459763
decision_type=2 2 2 2 2 2 2 2 2 2 2 2 2 2 2 2 2 2 2 2 2 2 2 2 2 2 2 2 2 2 2 2 2 2 2 2 2 2
left_child=1 13 3 6 5 24 7 -3 -8 -7 25 28 -13 14 15 27 -17 20 19 -19 22 -22 -15 -12 -4 -6 -20 -1 -5 -16 31 32 34 -34 36 -35 -2 -36
right_child=30 2 4 11 10 9 8 -9 -10 -11 23 12 -14 17 29 16 -18 18 26 -21 21 -23 -24 -25 -26 -27 -28 -29 -30 -31 -32 -33 33 35 37 -37 -38 -39
leaf_value=-0.068220289754703553 -0.05000058440717528 -0.039344528429857965 0.014490385024665471 0.017478225474242753 0.026530615835138258 -0.052867151190105433 -0.010690907215813006 -0.16887550279969379 -0.081165369456386458 -0.0058332358223110578 0.029085815453808707 -0.0002776686230476127 0.011149489256156249 0.010818701068407413 0.0066353958666093395 -0.059484601578740283 0.00062767541412862696 -0.010663460282070596 -0.029139238787310659 0.023605031716635545 0.00084619967975042485 0.014692508691551174 -0.0054218793131657157 -0.010982204418284718 0.0031360114420531135 -0.0088353792763148 0.0083029583316191306 0.0088071883814734696 -0.067573417698756938 0.084306725554296413 -0.052994239215714535 -0.050958514832301439 -0.050458446446159128 -0.050023218241098261 -0.050095407158949105 -0.050210241196893581 -0.050011662373242539 -0.050058735559566997
leaf_weight=5.4580963388116279 11.067652985116172 16.94637133118886 515.67770348690283 3.6781195901512573 40.412407837893625 32.862777466458283 352.82856264445581 6.1063041133929792 15.832524038441987 257.43519632040534 292.44484192691743 4158.6453487425133 346.00868321280905 200.03037737612249 4.3434385563396045 54.139265680043536 20.908717583819453 1137.0666327336639 24.954713888466358 50.210156279019429 3457.3297858640835 409.78438887244192 1618.5262127835394 27.747911668951929 774.72320178788596 82.328370801865276 352.38586758822203 46.254552148669973 13.618659169766032 7.2443274185061455 0.34286981689729223 0.22504909336567003 0.0097295322266298667 0.0092138773143233266 0.021212934545474904 0.025133610406555817 0.42069820357573995 0.065807445124846708
leaf_count=164 1104822 93 3456 71 384 294 2199 47 171 2268 1384 24260 2300 1184 39 660 312 10197 85 235 46781 3172 10724 1694 6972 1104 978 316 401 15 20 21 24 425 17 212 9387 310
internal_value=5.24038e-05 9.50731e-05 0.00148487 -0.000998835 0.00751564 0.00421514 -0.0172449 -0.0736553 -0.0137175 -0.0111576 0.0192942 0.000408479 0.000600067 -0.00120982 -0.018307 -0.025026 -0.042737 -0.000883579 -0.00558678 -0.00921424 0.000410676 0.00231344 -0.00363551 0.0256135 0.00767351 0.00280888 0.00582679 0.000677197 -0.0494874 0.0551932 -0.0501042 -0.0500205 -0.0500023 -0.0502259 -0.0500015 -0.0501601 -0.050001 -0.0500677
internal_weight=14338.1 14325.9 6937.3 4913.66 2023.63 1580.7 391.714 23.0527 368.661 290.298 442.934 4521.95 4504.65 7388.64 138.348 126.761 75.048 7250.29 1564.62 1187.28 5685.67 3867.11 1818.56 320.193 1290.4 122.741 377.341 51.7126 17.2968 11.5878 12.1874 11.8445 11.6194 0.044077 11.5754 0.0343475 11.4884 0.0870204
internal_count=1237198 121960 47098 29542 17556 12990 2510 140 2370 2562 4566 27032 26560 74862 1506 1452 972 73356 11495 10432 61861 49953 11908 3078 10428 1488 1063 480 472 54 1115238 1115218 1115197 661 1114536 637 1114209 327
is_linear=0
shrinkage=0.05


Tree=148
num_leaves=45
num_cat=0
split_feature=78 53 75 75 22 73 3 38 44 60 66 75 56 60 74 53 76 60 60 74 44 37 74 10 16 45 53 44 73 56 36 47 16 30 27 3 77 77 7 78 76 45 45 77
split_gain=11.7929 15.3786 12.9245 15.2225 17.5784 24.2926 16.3306 14.7125 18.9725 18.3567 23.4654 21.2496 15.4704 13.6289 11.8216 11.8503 11.9505 22.0098 47.8674 19.5679 11.4082 11.3027 10.5476 10.6172 11.3054 10.5159 10.8763 10.5392 10.495 7.96562 7.96147 9.57523 8.95915 7.38311 2.26843 1.02255 0.0350575 0.00496263 0.00204544 0.00195971 0.00178813 0.000531538 0.000315652 0.000152239
threshold=0.23390836776912052 0.17926877387329235 0.015524800192328993 0.53637184124417125 1.0000000180025095e-35 7.5000000000000009 0.82136619091033947 1.5000000000000002 0.99555168159470886 27.500000000000004 3.5000000000000004 0.012942303105432819 31.500000000000004 44.500000000000007 0.55775765346823336 0.42606564308231526 0.59391413434887597 89.500000000000014 98.500000000000014 0.76519125784157427 0.99963924459869846 4.5000000000000009 0.1257459053250167 0.45049019157886511 0.78326067328453075 -0.55865731462183332 0.93853118710502292 0.99932577015882063 3.5000000000000004 4.5000000000000009 1.5000000000000002 -0.010925460324649952 0.80154487490654003 0.87443292140960704 0.99671053886413585 0.48770229518413549 0.17962771777507108 0.079371427573475192 0.73214286565780651 0.12449907904534323 0.29032840808060478 -0.45943271298796645 -0.50117004732130133 0.039448129013839019
decision_type=2 2 2 2 2 2 2 2 2 2 2 2 2 2 2 2 2 2 2 2 2 2 2 2 2 2 2 2 2 2 2 2 2 2 2 2 2 2 2 2 2 2 2 2
left_child=14 20 7 4 6 -6 -4 9 13 10 -3 -11 -10 -9 37 16 17 19 -19 -16 22 33 34 24 -24 27 -27 -5 -25 -17 32 -32 -31 -18 -2 -36 -23 39 42 43 -41 -42 -39 -1
right_child=1 2 3 25 5 -7 -8 8 12 11 -12 -13 -14 -15 15 29 21 18 -20 -21 -22 36 23 28 -26 26 -28 -29 -30 30 31 -33 -34 -35 35 -37 -38 38 -40 40 41 -43 -44 -45
leaf_value=-0.050136791842584273 -0.050242146848144202 -0.031668182247835304 0.0089758460405209347 -0.045723471643023379 0.0025410423223461488 -0.0061703738254772671 -0.00078411104725155433 0.011524196964613619 0.0072067420246096766 0.00078738077840761382 0.0047351939358220956 0.012791442434490725 -0.030624945265308613 0.039883411170122923 -0.0086758589839745666 0.13526888069535201 -0.017946729249565415 0.36438786583101035 -0.053566673307933681 0.11597658663027569 -0.055265799703883615 -0.051269709264369447 0.021274252416774622 -0.021212671494822359 -0.04656887058082549 0.010117080666819586 0.0012872742286877922 0.035373138274343012 0.02631702691243681 0.093598871943738615 0.019461166903578537 -0.042170404285087518 -0.052235051968752111 0.0057648143653542885 0.06590478375342082 -0.050725386657076765 -0.063701591416068376 -0.052900517388692371 -0.055277429414148441 -0.050585961026104777 -0.052644822172480787 -0.051464905062145586 -0.051769004478170677 -0.05077147102642126
leaf_weight=5.0053869439980208 7.0297930674423688 92.827597617637366 515.7378584096441 20.059506170451645 1053.4165309431264 3330.1777307677548 2536.5032983319834 96.15201648970833 198.5494992043823 3221.8557022577152 84.621980600175448 416.30426414008252 31.280113013461232 75.735487637313781 17.06741549223262 0.74781457085100456 50.026094335646121 1.4351209213236864 1.3107125045289647 3.8604650273919097 5.8023298457264891 11.943784792950279 12.341828188393267 12.561738818883894 12.221321532037107 435.36856209207326 1753.0435103699565 5.0061132609844199 153.99312187824398 2.6565203301879583 7.2534160076174876 48.048887014591855 1.7448914319993489 95.500209135051591 0.6653341642813756 0.26191451295744628 0.59535127878189165 1.3166749952360992 0.80118559952825297 3.1693092944115051 2.4070940949022774 1.5816736447159199 1.1588063542731097 1.1646878507453946
leaf_count=218101 3574 309 1854 109 2782 11043 8973 352 645 9811 257 1261 122 312 15592 38 126245 727 4331 12 25 770694 57 62 68 1345 4877 18 695 71 6894 6146 210 37469 9 106 5 29 18 1628 68 74 43 137
internal_value=5.07078e-05 0.000245226 4.4308e-05 -0.000964855 -0.00204838 -0.00407694 0.000865031 0.00235329 0.0114548 0.00139505 -0.0143082 0.00216097 0.0020578 0.0240196 -0.0105259 -0.00772774 -0.00134899 0.0317812 0.164879 0.0143182 0.0138439 -0.00631095 0.0158582 0.0182066 -0.0124809 0.00267507 0.0030439 -0.0295268 0.0227323 -0.0269046 -0.0289359 -0.0340868 0.0357846 -0.00238626 -0.0405463 0.0329609 -0.05186 -0.0513382 -0.0530815 -0.0509096 -0.0514725 -0.0521769 -0.0523708 -0.0502566
internal_weight=14330.3 14071.5 13866.6 9649.31 7435.84 4383.59 3052.24 4217.33 401.717 3815.61 177.45 3638.16 229.83 171.888 258.796 242.191 181.739 23.6737 2.74583 20.9279 204.877 158.065 199.075 191.118 24.5631 2213.48 2188.41 25.0656 166.555 60.4515 59.7037 55.3023 4.40141 145.526 7.95704 0.927249 12.5391 16.6048 3.27667 13.3282 7.15808 3.98877 2.47548 6.17007
internal_count=1237198 48666 44070 31001 24652 13825 10827 13069 1431 11638 566 11072 767 664 1188532 968434 955075 20662 5058 15604 4596 934413 4571 882 125 6349 6222 127 757 13359 13321 13040 281 163714 3689 115 770699 220098 90 220008 1770 142 72 218238
is_linear=0
shrinkage=0.05


Tree=149
num_leaves=43
num_cat=0
split_feature=72 73 73 74 66 27 73 74 44 73 73 73 52 74 74 75 74 38 67 67 27 47 27 73 44 74 49 31 41 75 20 77 46 77 53 28 77 73 46 77 46 46
split_gain=11.1702 10.2138 43.73 29.3589 19.0518 18.3433 15.064 15.0209 37.4032 34.2295 14.7701 23.0246 14.7547 14.3753 26.7285 17.7748 13.6036 13.0962 12.3209 9.77843 8.01091 7.85342 7.21478 7.19395 5.74292 5.03859 4.30454 4.03469 3.83319 0.0263115 0.000946595 0.000209639 0.000130542 2.42477e-07 1.86216e-07 9.83553e-08 5.39859e-08 1.92953e-08 1.49155e-08 3.63876e-09 7.61707e-10 6.27655e-10
threshold=6.5000000000000009 307.50000000000006 287.50000000000006 0.52014156185220484 1.5000000000000002 0.80691787600517284 297.50000000000006 0.69837560842023683 0.95042453781657465 5.5000000000000009 188.50000000000003 274.50000000000006 0.00040938851968061327 0.79690662855100347 0.79235863199838275 0.19881524512955942 0.75971346882903656 2.5000000000000004 3.5000000000000004 2.5000000000000004 0.60474494099617015 0.91319276552809481 0.81589472293853771 408.50000000000006 0.99963924459869846 0.7582926300444407 5.5000000000000009 0.72448101639747631 0.51185259222984325 0.010302711772152919 0.8441295623779298 0.079371427573475192 0.8618690030540207 0.020397055716778426 0.69733064575799342 0.85756292939186107 -0.018545217684821477 16.500000000000004 0.068690624084815521 0.0060230718244431315 0.024690589029483737 0.64613580925817204
decision_type=2 2 2 2 2 2 2 2 2 2 2 2 2 2 2 2 2 2 2 2 2 2 2 2 2 2 2 2 2 2 2 2 2 2 2 2 2 2 2 2 2 2
left_child=1 2 7 20 22 16 21 8 12 -10 17 -12 -1 14 -7 -15 19 -9 -8 -6 -4 -5 23 25 -25 -3 27 -24 -18 -22 31 33 34 38 36 37 -32 -35 40 -40 -2 -38
right_child=30 4 3 6 5 13 18 10 9 -11 11 -13 -14 15 -16 -17 28 -19 -20 -21 29 -23 26 24 -26 -27 -28 -29 -30 -31 32 -33 -34 35 -36 -37 41 -39 39 -41 -42 -43
leaf_value=-0.0013789803941943758 -0.05000047148146082 -0.066838926413338148 0.091910552909612878 0.0077039706588123112 -0.080214383557266289 -0.053966996250924305 -0.014325593153659114 0.00013273170544258214 0.0049911731812558972 -0.028929112824518578 0.019560445224780214 -0.050400267665331878 0.025933432529968471 0.015548864450846018 -0.26923251445343083 -0.081036024004972271 0.038652220354309298 0.013070666712348317 0.081997365410210438 0.0059196229812076683 -0.070620333340891392 0.081813959973381881 0.049319771193612735 -0.2774632626264375 -0.031942218583948412 0.052038536127208948 0.091715009015480339 -0.001956987457741585 -0.051293220950017843 -0.063687588896685063 -0.050226587235606857 -0.051191430658572047 -0.054349035196624124 -0.050157054808424299 -0.050447952033337976 -0.050262132818317568 -0.050004526790974661 -0.050060756266661989 -0.050009025738912374 -0.050025914074186363 -0.050003602347998333 -0.050042216331785176
leaf_weight=871.58472650903241 9.8641505160694471 1.5667088962000009 0.91371891069502353 4.0128469809369554 6.1258886095092766 31.861057175197857 10.855378968575677 12480.740077349232 105.65029899179353 251.234281017576 169.04685180545857 12.639754914651347 52.42214148185667 16.442628439464901 1.5103592647210451 6.7063477739029613 17.23650723692845 198.70782571754717 4.7824898542839938 7.1303568014554912 1.8714954810766355 32.743442803621292 9.1944608715621161 0.47194646002390062 0.48083418464557326 2.0677876246154483 3.1771946624030525 6.5828972951276219 1.2719285210314399 5.0931003028636042 0.0089650615454957006 0.38369581848383028 0.14717895537614822 0.0055514146461071992 0.0088985691645575571 0.0069544228026643387 0.0030234008227133522 0.082594824142688594 0.3493988193795311 0.035098815883429779 0.1981697108267334 0.0017405787702955422
leaf_count=19353 1092980 59 76 148 273 445 169 80441 515 3468 1410 198 2937 178 19 77 453 10932 71 260 22 56 99 32 17 73 15 47 47 70 9 30 2 4 6 2 175 341 8508 1052 12124 5
internal_value=4.78055e-05 8.66777e-05 0.000205193 0.042704 -0.0149651 -0.0256223 0.0562358 2.40659e-05 -0.00513945 -0.0188875 0.000538321 0.0146933 0.000170548 -0.042708 -0.0637097 -0.0124322 0.00477929 0.00033549 0.0151326 -0.0338841 -0.0472884 0.073723 0.0250007 -0.0312646 -0.153558 0.000794471 0.0386178 0.0279252 0.032471 -0.0655505 -0.050101 -0.0500434 -0.0538055 -0.0500016 -0.0502698 -0.0500811 -0.0501543 -0.0500668 -0.0500009 -0.0500106 -0.0500005 -0.0500183
internal_weight=14325.2 14314.1 14202.3 60.2725 111.827 88.2851 52.3942 14142 1280.89 356.885 12861.1 181.687 924.007 56.5204 33.3714 23.149 31.7647 12679.4 15.6379 13.2562 7.87831 36.7563 23.5418 4.58728 0.952781 3.6345 18.9546 15.7774 18.5084 6.9646 11.0954 10.9256 0.169807 10.5419 0.0226276 0.0951007 0.013729 0.0881462 10.4468 0.384498 10.0623 0.00476398
internal_count=1237198 121960 119866 612 2094 1752 444 119254 26273 3983 92981 1608 22290 719 464 255 1033 91373 240 533 168 204 342 181 49 132 161 146 500 92 1115238 1115041 197 1115011 195 347 189 345 1114664 9560 1105104 180
is_linear=0
shrinkage=0.05


Tree=150
num_leaves=30
num_cat=0
split_feature=60 78 47 74 44 74 43 74 74 74 29 43 41 47 76 44 43 51 48 32 44 74 31 72 1 41 36 74 54
split_gain=11.4258 10.777 10.0085 20.3423 24.4322 20.6008 19.6636 53.8912 23.7931 18.024 19.4735 18.4577 42.7817 17.2351 13.2109 12.371 8.27734 0.31105 0.00446083 7.27044e-09 1.03742e-08 1.43241e-09 4.27324e-10 3.13939e-10 9.95321e-11 8.3944e-11 6.62626e-11 2.84763e-11 2.55795e-13
threshold=16.500000000000004 0.013267219544436956 0.52664288881242227 0.66489795452513611 0.59556235071998842 0.46099589752321984 18.500000000000004 0.81887673610045775 0.93409761802761604 0.90671793854888028 0.96823117136955272 3.5000000000000004 0.51349914073944103 0.020737301924496961 0.52979936332408595 0.99608987421092288 36.500000000000007 0.99892458820636698 0.96695455786364881 1.0000000180025095e-35 0.99971739134952842 0.59514543181355706 0.90422871708869945 6.5000000000000009 0.88067796826362621 0.81695803999900829 6.5000000000000009 0.92499652337813132 0.9997656589885876
decision_type=2 2 2 2 2 2 2 2 2 2 2 2 2 2 2 2 2 2 2 2 2 2 2 2 2 2 2 2 2
left_child=17 19 9 4 16 -6 8 -8 -5 11 15 12 -3 -12 -13 -11 -4 18 -1 22 21 -21 23 25 27 -2 -23 -24 -25
right_child=1 2 3 6 5 -7 7 -9 -10 10 13 14 -14 -15 -16 -17 -18 -19 -20 20 -22 26 24 28 -26 -27 -28 -29 -30
leaf_value=-0.11789651719524041 -0.050001250563204862 -0.01730173173712175 0.087105903908112958 -0.0070909272953907634 -0.041652576966720402 -0.009500124040009425 9.8440475621561923e-05 0.020707007868056029 0.0044032241607190291 -0.045867299315696157 0.0017276604261017359 0.0034132316899396276 0.013389640780077176 0.015740561278878091 -0.0069078161816739543 -0.0004827119185458746 0.020577218969395159 -0.1715148195920464 -0.12614604941996896 -0.050033368448562821 -0.05012349938347737 -0.050006977498003674 -0.050005201255262345 -0.050000425544377607 -0.05002072059082098 -0.050008071344768069 -0.050013449708842111 -0.050012987175770275 -0.05000047191108993
leaf_weight=0.24847520347338903 1.227031287803579 377.90373563055891 5.9718868490281265 1783.2621158250713 56.892517572859106 400.70217385333126 6898.9919352486222 332.51057417943503 602.2983402031241 25.292752456915878 372.32609913408214 2339.4198850555676 162.31219575512841 534.35045400061244 357.41370696298964 36.951082590479928 21.534551828135591 0.61939306557178497 0.48125776432152634 0.0085764786163061713 0.0024578366428613654 0.013844253444403876 0.0028399986858865791 9.1692139405085946 0.0024908295345085207 0.0045275148459041894 0.0055359469843097022 0.0020023599063279107 0.30467592578861591
leaf_count=260 53103 1415 16 5114 588 1608 22121 1763 1694 215 1806 24876 877 1853 13529 269 115 3 9 23 1 183 43 1072905 8 96 44 9 32652
internal_value=4.55442e-05 5.92534e-05 9.68406e-05 -0.000756434 -0.0107465 -0.0134976 -0.000252519 0.00104604 -0.00418892 0.00214629 0.00812893 0.000355554 -0.00808026 0.00998617 0.00204537 -0.0189247 0.0350212 -0.145456 -0.123337 -0.0500006 -0.050025 -0.0500164 -0.0500005 -0.0500005 -0.0500126 -0.0500013 -0.0500088 -0.0500084 -0.0500004
internal_weight=14320.2 14318.9 14308.1 10102.2 485.101 457.595 9617.06 7231.5 2385.56 4205.97 968.92 3237.05 540.216 906.677 2696.83 62.2438 27.5064 1.34913 0.729733 10.7432 0.0304145 0.0279567 10.7128 10.7054 0.00733319 1.23156 0.0193802 0.00484236 9.47389
internal_count=1237198 1236926 77859 33019 2327 2196 30692 23884 6808 44840 4143 40697 2292 3659 38405 484 131 272 269 1159067 251 250 1158816 1158756 60 53199 227 52 1105557
is_linear=0
shrinkage=0.05


Tree=151
num_leaves=45
num_cat=0
split_feature=76 13 67 74 38 21 8 76 74 39 76 27 56 75 75 56 43 61 74 8 75 44 75 60 75 74 37 56 51 48 76 72 33 30 60 53 45 48 10 3 75 60 17 56
split_gain=10.323 11.3679 30.871 21.7078 20.2996 19.4243 21.2305 18.9914 16.2107 15.2773 15.6949 19.5841 14.7613 14.466 30.9566 27.8199 24.216 32.7488 18.1828 15.0084 13.2026 11.8313 13.4143 20.3351 16.2783 11.3044 9.79606 10.1789 8.39452 11.8698 9.45945 8.3536 8.17358 9.19955 8.01941 7.49398 6.11652 13.8656 5.33365 6.88302 3.05903 2.97707 1.69052 0.680629
threshold=0.68323359167902364 0.83438816666603099 4.5000000000000009 0.55775765346823336 1.5000000000000002 1.0000000180025095e-35 0.62115561962127697 0.2213038143741288 0.92499652337813132 1.0000000180025095e-35 0.0092831438837450448 0.71241438388824474 21.500000000000004 0.030522014924919259 0.18729103117916099 18.500000000000004 3.5000000000000004 50.500000000000007 0.79740795442389933 0.15569985657930377 0.13733124104836328 0.94743867909711921 0.065038405588831907 70.500000000000014 0.22218348127953755 0.25288052505927883 3.5000000000000004 36.500000000000007 0.54451021529349231 0.88273733503618568 0.72598293826878735 4.5000000000000009 0.70283651351928722 0.85508620738983165 28.500000000000004 0.038458308526130046 -0.43163294534596963 0.40002855511136498 0.75716626644134533 0.93325111269950878 0.17248813356160619 62.500000000000007 0.10268392041325571 8.5000000000000018
decision_type=2 2 2 2 2 2 2 2 2 2 2 2 2 2 2 2 2 2 2 2 2 2 2 2 2 2 2 2 2 2 2 2 2 2 2 2 2 2 2 2 2 2 2 2
left_child=1 2 3 5 7 12 -7 -5 13 10 34 -12 -1 16 15 -15 17 -3 -18 -16 -6 38 23 -23 -24 -11 27 28 29 30 -2 -27 -29 -34 -4 -31 37 -30 39 -10 -35 -40 -28 -44
right_child=26 8 9 4 20 6 -8 -9 21 25 11 -13 -14 14 19 -17 18 -19 -20 -21 -22 22 24 -25 -26 31 42 32 36 35 -32 -33 33 40 -36 -37 -38 -39 41 -41 -42 -43 43 -45
leaf_value=0.025296051542260056 0.041951314951826441 -0.024642901504060507 -0.033230046179632489 0.0026447060495812073 0.025406555637391096 -0.045430148713643509 0.049485052646733363 -0.010550849038318101 0.031101592100216124 -0.055300329767773659 0.029689885237662052 -0.019110673693280907 -0.019744195702917827 0.0017147608018329083 -0.064956797767070987 -0.010127218550664237 -0.0010793050785250365 0.026658585039161631 0.0052196185577100826 0.00083603867123876519 0.0029745656151321013 0.012872155167607376 -0.01981931031656874 -0.013809497764443452 0.0023578125810308896 0.031031170830420226 0.037870109041221942 -0.062220419626830725 0.28629042485486633 0.010495077545733759 -0.0099078872691122435 -0.069993943229857788 0.31676893325205741 -0.0521922568275551 0.024857540172625533 -0.043216261581284235 -0.057580245777354017 -0.055046870559118367 0.027029851250771505 -0.035944830331992202 0.082258980378859509 0.055973727848089773 -0.0045960464872803908 -0.052798451422369053
leaf_weight=32.454472893802631 16.660017969156343 177.09427590056566 6.331804640281006 1593.4504896644503 143.65304608345741 63.820792615347273 6.4907312139494016 328.9659351013288 9.377273213118313 4.0040871186247378 27.97599872185674 77.540582909654404 41.392390667431755 676.01255284030049 8.6947133276780715 1862.0962921096489 2762.0959314248857 37.737051691010493 1957.7501835729927 2818.6248022010013 120.71413987983397 509.71905323863029 101.15606725402176 83.044610247015953 454.6090533696115 160.28787868831387 0.55397062975135014 1.1253416152439957 0.43581971069488534 9.1478098935440375 18.622545485453884 2.0726930038254059 0.40229250305583253 0.48257351830397999 96.459085430406049 22.386651883472041 13.248906317418003 0.93753513079536788 22.697565451264381 6.4685348197817794 3.4299633178052318 14.598030544817446 0.76424234644491917 17.543973941994864
leaf_count=27991 3730 655 199 4799 7729 25152 70 12959 25 22168 2427 3625 44113 18828 280 30664 51108 114 6014 56002 19655 1385 303 259 1256 1167 10916 3593 86 19567 35713 21839 43 129 1067 7925 1002 859 57 22 94 34 26714 764861
internal_value=4.35688e-05 0.000159412 0.00307551 0.000934239 0.00217312 -0.0178587 -0.0366682 0.000386669 -0.000526555 0.016397 0.0073741 -0.006172 5.02466e-05 -0.00116771 -0.00296471 -0.00697317 0.000786164 -0.0156313 0.00153343 0.000633709 0.0151638 0.00496906 0.00390188 0.00913413 -0.0016787 0.0276947 -0.0155211 -0.00843007 -0.0128534 -0.00534386 0.0145794 0.0297415 0.0577874 0.0890864 0.0212794 -0.0276352 -0.0471687 0.0532729 0.0280338 0.00373207 0.0656757 0.0383589 -0.0481825 -0.0507863
internal_weight=14313.1 14207.4 2705.61 2330.94 2186.78 144.158 70.3115 1922.42 11501.8 374.672 208.307 105.517 73.8469 10300.1 5365.43 2538.11 4934.68 214.831 4719.85 2827.32 264.367 1201.67 1148.53 592.764 555.765 166.365 105.742 86.8795 81.4393 66.817 35.2826 162.361 5.44017 4.31483 102.791 31.5345 14.6223 1.37335 53.1414 15.8458 3.91254 37.2956 18.8622 18.3082
internal_count=1237198 361966 194960 142468 45142 97326 25222 17758 167006 52492 7318 6052 72104 163665 105774 49492 57891 769 57122 56282 27384 3341 3203 1644 1559 45174 875232 72741 68882 66935 39443 23006 3859 266 1266 27492 1947 945 138 47 223 91 802491 791575
is_linear=0
shrinkage=0.05


Tree=152
num_leaves=45
num_cat=0
split_feature=43 43 74 43 66 74 44 17 43 44 56 60 74 44 43 43 21 15 75 34 20 62 77 67 43 21 44 47 34 28 74 74 19 45 45 43 77 61 76 76 77 13 28 36
split_gain=10.095 31.7376 21.6106 26.3068 18.3251 21.1221 25.2662 17.58 13.5564 33.1952 27.3886 14.8704 12.8658 33.8889 30.4704 20.95 13.6118 12.1669 12.0354 11.208 10.4761 9.80707 10.8952 9.79642 9.73341 9.60291 8.17037 8.44748 7.76757 14.074 7.50979 6.68835 5.40589 6.52899 4.32682 4.28102 2.31202 1.62013 0.966222 0.0471446 0.0222024 0.017183 0.0127147 0.00822746
threshold=322.50000000000006 287.50000000000006 0.52014156185220484 297.50000000000006 1.5000000000000002 0.82420065303839152 0.99971168568543189 0.63427746295928966 276.50000000000006 0.99971168568543189 28.500000000000004 49.500000000000007 0.69837560842023683 0.95042453781657465 5.5000000000000009 188.50000000000003 6.5000000000000009 0.83372825384140026 0.80479017650706275 1.0000000180025095e-35 0.4220647811889649 5.5000000000000009 0.76657831827204215 3.5000000000000004 392.50000000000006 1.5000000000000002 0.99971739134952842 0.91319276552809481 1.5000000000000002 0.82192271947860729 0.3987402619367188 0.69201196119866226 0.73126304149627697 -1.0000000180025095e-35 -0.013320771845917062 454.50000000000006 0.17962771777507108 27.500000000000004 0.6472327636442754 0.091759116539973581 0.76657831827204215 0.59675306081771862 0.85756292939186107 1.5000000000000002
decision_type=2 2 2 2 2 2 2 2 2 2 2 2 2 2 2 2 2 2 2 2 2 2 2 2 2 2 2 2 2 2 2 2 2 2 2 2 2 2 2 2 2 2 2 2
left_child=1 8 30 26 18 6 7 25 12 10 11 -10 13 19 -15 16 -14 -12 31 -1 -17 22 -5 -23 -9 -6 27 -4 38 37 36 41 33 -33 -8 -34 -3 -30 40 -32 -7 -2 -11 -28
right_child=4 2 3 21 5 28 34 24 9 42 17 -13 15 14 -16 20 -18 -19 -20 -21 -22 23 -24 -25 -26 -27 43 -29 29 -31 39 32 35 -35 -36 -37 -38 -39 -40 -41 -42 -43 -44 -45
leaf_value=0.0084300131559196887 -0.072084773561144552 -0.050256776925533944 0.0063173225613744098 -0.067183972820792692 0.0028676661475189008 0.05744188263311148 -0.071139242539351694 -0.073730012899518388 -0.020091350928094779 -0.66878745712669696 -0.19151912487329539 -0.43863777000697229 0.00024920632157882262 0.0045505306746568336 -0.027587855124415424 0.033820344416789154 0.11440116224963735 -0.7358563677987463 -0.60166000277532505 -0.0034474450448314787 0.0083078526024626363 0.0036900229395944711 0.038999988275461361 0.088431099666009039 -0.013673293893979213 -0.087294737394139579 -0.10038562391011296 0.082700102603638803 -0.17353780343704295 -0.92450993292653993 -0.065584358653780844 -0.044528492787849469 0.027985119109955658 -0.50324600205059067 -0.31719264655245261 0.088451731142979217 0.1320163808584201 0.00012681497383351168 -0.05092191599358778 -0.053212738297509277 0.051675884396378914 -0.057977293564609261 -0.69515869302910049 -0.089267856733938195
leaf_weight=289.18146969997861 0.24420491405636036 0.23087751426919467 4.0843127707307749 7.1682190821302374 28.418393512635706 2.166414067149157 0.22124397085008241 25.685418242699598 11.719333910286871 0.069502563828792385 0.22338378740551057 0.21612840487887375 12669.718891010147 105.26018821359503 246.37843254350355 64.265733582732537 2.6120324828443691 0.18994596600532532 0.076774130969169074 634.23308476635384 107.61995295103679 10.819192906554234 3.6437791287899017 4.9805060012477034 9.149857384440109 3.2956729470838573 0.24999630451202293 31.822283588349819 0.20566678805516936 0.051157768815755844 5.8765418753027916 0.58264671530469669 16.793852092065212 0.089483574032779956 0.92847652733325847 3.5451579795071657 0.70588868856430054 0.38700609838542732 0.22909947281914433 0.88617274075340891 7.2788788974285126 1.8585118945807153 0.13350529223680496 0.4976825748981355
leaf_count=32374 158 3601 9595 6930 137088 8 1130 357 8740 281 558 573 705007 515 42196 56704 5 3 421 174316 606 10934 34 3032 148 317 1 53 111 1 34 14901 149 1 7 15 1 3516 10761 5551 80 6094 2 289
internal_value=4.15601e-05 0.000153688 0.0335075 0.0431331 -0.0156937 -0.0272934 -0.0374502 -0.0334353 -1.38039e-05 -0.0519531 -0.0415275 -0.0276704 3.23693e-05 -0.00475803 -0.0179675 0.000507915 0.000272735 -0.44167 0.0233297 0.000272164 0.0178466 0.00529363 -0.0313986 0.0304028 -0.0579555 -0.00650186 0.0706053 0.0740117 0.0393461 -0.128819 -0.0455848 0.0254056 0.0339142 -0.1056 -0.269844 0.0385247 0.0870929 -0.0601375 0.0505375 -0.0639632 0.0529984 -0.0596157 -0.68613 -0.0929852
internal_weight=14304 14202.8 70.9655 63.266 101.208 78.0173 67.6991 66.5493 14131.8 12.5518 12.3488 11.9355 14119.3 1275.05 351.639 12844.2 12672.3 0.41333 23.1906 923.415 171.886 26.6117 10.812 15.7997 34.8353 31.7141 36.6543 35.9066 10.3182 0.643831 7.69948 23.1139 21.0111 0.67213 1.14972 20.339 0.936766 0.592673 9.67439 6.76271 9.44529 2.10272 0.203008 0.747679
internal_count=1237198 1061935 40055 30868 175263 153524 139047 137910 1021880 10157 9874 9313 1011723 249401 42711 762322 705012 561 21739 206690 57310 20930 6964 13966 505 137405 9938 9648 14477 3628 9187 21318 15066 14902 1137 164 3602 3627 10849 5585 88 6252 283 290
is_linear=0
shrinkage=0.05


Tree=153
num_leaves=45
num_cat=0
split_feature=4 74 76 44 74 43 21 47 43 47 60 44 74 47 29 52 56 47 52 74 27 67 43 74 8 13 43 30 30 38 43 15 74 57 4 16 74 27 40 51 57 43 44 78
split_gain=10.1582 10.0036 10.343 9.97593 15.5269 15.9264 24.5786 19.7976 19.4577 32.4469 24.3331 14.1422 35.8773 24.9228 25.5818 22.0295 19.5056 16.3439 24.1148 19.1604 24.3212 18.1288 17.9916 15.7434 15.3784 14.2985 12.0294 9.68757 17.1611 8.54601 8.45719 9.68797 8.21105 8.19284 7.60233 7.29164 6.57222 2.54278 3.50774 1.61982 0.660674 0.194916 0.153753 0.012454
threshold=0.054299755021929748 0.49337244944199415 0.24487749970953815 0.99963924459869846 0.67476956592363857 7.5000000000000009 1.5000000000000002 0.15944021203530079 16.500000000000004 0.65873203582663697 91.500000000000014 0.99916874090618391 0.88639957800627434 0.020737301924496961 0.87647277116775524 0.008807162766097108 40.500000000000007 0.94374685324473473 0.00030814647027752854 0.78748006496777545 0.74318122863769542 4.5000000000000009 136.50000000000003 0.88639957800627434 0.55646631121635448 0.39250700175762182 5.5000000000000009 0.77280429005622875 0.79682460427284252 1.5000000000000002 289.50000000000006 0.91614332795143139 0.57971390242785648 13.500000000000002 0.064866758882999434 0.7212272882461549 0.77134341402560314 0.45846603810787206 6.5000000000000009 0.019936767888279455 37.500000000000007 3.5000000000000004 0.99971739134952842 0.9999971650543823
decision_type=2 2 2 2 2 2 2 2 2 2 2 2 2 2 2 2 2 2 2 2 2 2 2 2 2 2 2 2 2 2 2 2 2 2 2 2 2 2 2 2 2 2 2 2
left_child=1 41 32 11 30 6 26 -8 9 -7 -10 17 13 14 -13 25 -15 18 21 20 -19 -2 -21 -20 -17 -14 -6 37 36 -30 34 42 -3 -34 -5 -35 -29 38 -4 -36 -39 -1 -32 -43
right_child=3 2 27 4 5 8 7 -9 10 -11 -12 12 15 16 -16 24 -18 19 23 22 -22 -23 -24 -25 -26 -27 -28 28 29 -31 31 -33 33 35 39 -37 -38 40 -40 -41 -42 43 -44 -45
leaf_value=-0.097899964277542134 -0.002451967519318381 0.082953321110859513 0.057588268031513359 0.093788724541204224 0.01158643585586918 0.0074304300209574285 -0.094149791267329072 -0.0059940683073399616 0.001723899680041675 -0.031587754726541704 0.02792809815447287 0.083591359049939029 -0.076248514650528176 -0.0080144324386000661 -0.076242285046653396 0.036867157302734509 0.03137534083030101 -0.010805219963748882 0.016020781111324659 0.023562003571333381 0.0049553768144762096 0.0034823076833897385 -0.0069303539383293051 -0.022060848405308944 -0.16376655440284671 0.0063526181269097128 0.032193119485762749 0.20660560454329546 -0.046148164133426317 0.063989509614534701 -0.061603601890449028 0.055064816311585441 0.064714575764571611 0.062253060926472294 0.049086769100049735 0.0056773426773977717 0.064211780364801949 -0.063242633586643379 -0.070257415808044718 -0.06162135438054607 -0.11797751870338478 -0.05404494933419917 -0.089186384183166018 -0.060373721252398198
leaf_weight=0.29751719074374605 6320.5290784470526 7.0162085313349953 1.0892301661369876 0.84761036381406185 217.59199551306847 106.80562440479662 7.7876508985864339 34.953650309180375 731.58935241137669 106.322763428092 100.79837023128721 2.8278793329650425 5.2761009776468191 1626.8925138132322 21.819571423615798 1.357916818450575 32.048240962612908 292.26071648299694 299.30800900762779 211.41890382394195 1506.8025109695736 1616.0495816207931 62.729262825101614 29.846067086427411 3.2195245281372991 747.48871582612674 104.99597409399485 1.1256043492412562 7.1804629700091009 2.3337335848332259 1.5891833940040663 4.5361902202730562 10.481876052916048 6.8417640328407279 0.33683570277662767 33.982417654246092 2.8932536790980521 5.239483583031415 1.0573689898205882 17.308876088332909 0.6161468466439145 2.6954000617188285 0.7407121505584654 1.092374421656132
leaf_count=11 667636 13 212 27 914 2136 47 101 83501 341 7771 25449 711 7886 117555 75 110 872 106027 831 4075 181641 383 932 38 6526 609 52 209 325 4394 21 35 22 2869 121 67 8182 632 423 1021 2097 290 8
internal_value=4.02247e-05 0.0173826 0.0212866 -6.21781e-05 0.00388887 0.00458587 0.0135728 -0.0220564 0.00144561 -0.0120345 0.00489711 -0.000506197 -0.00392934 -0.007995 -0.0579041 0.00510869 -0.00725348 0.000301977 -0.000693639 0.00427142 0.00239504 -0.00124363 0.0165849 0.0125677 -0.104248 0.00577367 0.0182935 -0.0083261 0.0174614 -0.0191325 -0.0348881 0.0124996 0.0322209 0.0252832 -0.052482 0.0151589 0.104094 -0.0519369 -0.00538579 -0.0595081 -0.069002 -0.058931 -0.0703726 -0.0558701
internal_weight=14300 83.9428 79.8576 14216.1 1436.2 1410.85 365.329 42.7413 1045.52 213.128 832.388 12779.9 2440.93 1683.59 24.6475 757.342 1658.94 10338.9 8265.73 2073.21 1799.06 7936.58 274.148 329.154 4.57744 752.765 322.588 21.5353 13.5331 9.5142 25.3594 6.86609 58.3223 51.3061 18.4933 40.8242 4.01886 8.00223 2.1466 17.6457 5.85563 4.08529 2.3299 3.78777
internal_count=1237198 13007 10891 1224191 103444 95420 1671 148 93749 2477 91272 1120747 158350 151000 143004 7350 7996 962397 956236 6161 4947 849277 1214 106959 113 7237 1523 10700 653 534 8024 4705 191 178 3319 143 119 10047 844 3292 9203 2116 4684 2105
is_linear=0
shrinkage=0.05


Tree=154
num_leaves=45
num_cat=0
split_feature=41 76 45 76 45 51 52 17 48 35 74 33 60 47 57 57 74 43 75 40 10 78 51 43 75 41 27 62 56 33 60 62 75 74 74 48 2 48 53 10 41 60 20 21
split_gain=10.2393 13.6959 15.6946 15.5093 25.8887 28.2526 23.1996 15.4557 13.5673 19.587 14.5641 13.9425 13.1875 12.6066 11.4068 14.7263 12.088 10.6638 12.3459 10.7362 15.4061 13.7266 20.9664 15.0773 11.9158 11.667 10.5007 12.8174 13.1118 12.6923 11.512 18.0331 13.0666 10.3898 9.69485 9.77533 15.798 11.9807 11.6689 10.6007 9.67355 9.55946 12.1812 11.2913
threshold=0.51027804613113414 0.48261304045459763 -0.55865731462183332 0.082331710859778681 -0.085541502036153585 0.99948887278834997 0.00023176490881266895 0.19157801568508151 0.96695455786364881 1.5000000000000002 0.70118375635586705 0.48931604623794561 23.500000000000004 0.94374685324473473 16.500000000000004 28.500000000000004 0.80144262160975155 9.5000000000000018 0.28677830409355115 3.5000000000000004 0.82650500535964977 0.99999866487549316 0.99755027816228681 24.500000000000004 0.3064602401990158 0.59281170368194591 0.75517338514328014 33.500000000000007 24.500000000000004 0.50988206267356884 49.500000000000007 10.500000000000002 0.44952608774693453 0.7582926300444407 0.75915296200172355 0.7317390752032521 0.11566332355141641 0.73567183363177968 0.23330776762750924 0.70638945698738109 0.59229984879493724 30.500000000000004 0.70710784196853649 1.0000000180025095e-35
decision_type=2 2 2 2 2 2 2 2 2 2 2 2 2 2 2 2 2 2 2 2 2 2 2 2 2 2 2 2 2 2 2 2 2 2 2 2 2 2 2 2 2 2 2 2
left_child=1 2 8 7 6 -6 -5 12 9 10 -1 -11 -4 -9 16 -16 -10 18 41 21 25 22 23 -19 -22 40 27 28 -20 -29 31 -28 -32 -23 -3 36 -36 -37 -39 -38 -21 42 -2 -43
right_child=17 34 3 4 5 -7 -8 13 14 11 -12 -13 -14 -15 15 -17 -18 19 26 20 24 33 -24 -25 -26 -27 30 29 -30 -31 32 -33 -34 -35 35 37 39 38 -40 -41 -42 43 -44 -45
leaf_value=-0.052583620522588186 0.0046076070828174219 -0.022432648036338092 -0.07989335472245937 -0.0021174008553779887 -0.018165141782135689 0.017820656099033282 0.031679265182670245 -0.0013411584621335071 -0.017234311144362146 -0.01164744152819888 0.0020728461015285617 0.056434014167469862 0.0082606905053751126 0.0026292343256660621 0.048928919285562367 0.0036802273686537658 0.076431105367730068 -0.017462424325307233 -0.014910616528180366 0.064243156268626464 0.013714796162190571 -0.037394277183756597 -0.079098459706510291 0.0011934563803509986 -0.03193527271756267 0.0097242385155034885 0.0077073885766001634 -0.06059741807720908 -0.080332366715558837 0.061536303465787395 -0.069857416862615082 0.09778843059399879 -0.00033622135302991557 0.019751003390642816 0.13237564208223443 0.24341098520879867 0.005920524778245167 0.0096546744559748467 -0.0091035983018635247 -0.047298885813887304 0.3113725319981584 0.0074935279224417469 -0.1036183548806736 0.028886830478681
leaf_weight=12.77120675438209 89.953998334515745 99.255228294638073 4.2702708620895455 803.99750339533011 472.05261004575777 61.668013107962906 54.20078896238374 7188.0641352125876 23.245595255234552 10.339097114609556 266.99682913534343 27.580609819795882 651.69953469318307 2769.5850641895086 54.509518887735339 26.832830488779109 4.0438054129481307 150.45323330849942 24.996213132073535 18.052620939267403 57.832786199462589 8.7103825509548169 9.466220572146538 386.55913881974175 18.988238191916935 14.493146020388847 162.8066574411564 2.9459834046019733 11.041983787498792 7.6537906299699898 9.8641342266923875 5.7520406251669547 21.469150386970796 91.597539955750108 1.513629082364331 0.49548757846787239 13.191376566643155 126.71224252827142 239.80726271391131 32.190145156811923 0.40486404878356452 103.64593493790289 2.6773537285625926 152.31974448114534
leaf_count=25619 752 425445 790 46529 3446 172 3241 76550 394 21353 760 6820 28890 8489 556 340 9 8426 427 9387 4436 27 93 20726 2422 4410 1468 281 281 86 100 45 360 291 3602 2028 143490 115519 5630 260261 47 2345 12 843
internal_value=3.88051e-05 -0.000393584 -6.31574e-05 -0.000397933 -0.00536043 -0.0140072 1.70778e-05 0.000252871 0.00936443 0.00414856 -0.000422182 0.0378711 0.00768682 -0.000236848 0.024618 0.0340025 -0.00335476 0.00417977 0.00918709 0.000240894 0.0146989 -0.0022129 -0.0053336 -0.00403331 0.00243124 0.0432998 0.000623556 -0.02074 -0.0349556 0.0275918 0.00560801 0.0107814 -0.0222224 0.0147887 -0.00839843 -0.00503304 -0.0265292 -0.00228638 -0.00261853 -0.0318292 0.0696639 0.0152433 0.00147952 0.0202242
internal_weight=14296.7 12945 12431.9 12005.5 1391.92 533.721 858.198 10613.6 426.319 317.688 279.768 37.9197 655.97 9957.65 108.632 81.3423 27.2894 1351.69 595.127 756.558 109.772 646.787 546.479 537.012 76.821 32.9506 246.53 46.638 36.0382 10.5998 199.892 168.559 31.3333 100.308 513.165 413.91 46.8952 367.015 366.52 45.3815 18.4575 348.597 92.6314 255.966
internal_count=1237198 1179933 223958 168107 53388 3618 49770 114719 55851 54552 26379 28173 29680 85039 1299 896 403 57265 7000 50265 20702 29563 29245 29152 6858 13844 3048 1075 708 367 1973 1513 460 318 955975 530530 407353 123177 121149 403751 9434 3952 764 3188
is_linear=0
shrinkage=0.05


Tree=155
num_leaves=45
num_cat=0
split_feature=64 56 60 74 43 56 74 13 43 43 74 43 47 74 56 75 75 60 44 57 8 56 8 20 4 60 43 41 41 43 74 43 53 75 13 43 75 3 62 56 77 4 75 56
split_gain=9.75849 11.4522 37.4994 11.888 21.739 19.4597 19.8676 18.6579 17.3199 35.7975 20.2549 16.9213 27.1759 19.374 14.2719 13.4421 13.574 10.9828 11.6819 27.9593 11.9041 13.25 12.859 10.6053 9.96248 14.0031 8.34244 8.01838 16.417 8.95832 13.926 10.499 7.91932 6.36154 8.57188 6.03742 5.71636 5.05839 3.77515 3.73179 3.16977 2.91699 4.7448 1.93395
threshold=1.0000000180025095e-35 46.500000000000007 32.500000000000007 0.75340779026422677 93.500000000000014 26.500000000000004 0.78044553474384715 0.10762548446655275 322.50000000000006 289.50000000000006 0.53527161791297817 61.500000000000007 0.91319276552809481 0.7686233320774678 23.500000000000004 0.14285547099856877 0.17248813356160619 28.500000000000004 0.99897693006767818 27.500000000000004 0.55646631121635448 18.500000000000004 0.86285266280174266 0.56385868787765514 0.63211598992347728 27.500000000000004 3.5000000000000004 0.76520243287086498 0.73907616734504711 79.500000000000014 0.90671793854888028 106.50000000000001 0.42606564308231526 0.12249607085579563 0.94201681017875682 7.5000000000000009 0.7399770320112824 0.92381352186203014 3.5000000000000004 47.500000000000007 0.74626141618161512 0.54631218314170849 0.19253458303394885 58.500000000000007
decision_type=2 2 2 2 2 2 2 2 2 2 2 2 2 2 2 2 2 2 2 2 2 2 2 2 2 2 2 2 2 2 2 2 2 2 2 2 2 2 2 2 2 2 2 2
left_child=1 3 38 8 11 7 -7 -6 9 14 -11 12 -5 -13 -1 -10 -17 18 20 26 24 36 -23 -21 25 -2 -20 28 29 30 -19 -31 43 39 -35 -26 -22 41 -3 -34 -28 42 -29 -4
right_child=17 2 32 4 5 6 -8 -9 15 10 -12 13 -14 -15 -16 16 -18 27 19 23 21 22 -24 -25 35 -27 40 37 -30 31 -32 -33 33 34 -36 -37 -38 -39 -40 -41 -42 -43 -44 -45
leaf_value=-0.0068547847287290077 0.018263720379384486 -0.29436178947981617 -0.066699631500173689 -0.00062401288615320796 -0.23409222581956579 -0.012001447290597022 0.011976001034305633 0.011760487639623646 -0.070392110973204497 -0.025868595789209876 0.05771770560633116 -0.015462596466301172 0.0077724166682122319 -0.0018970724361365118 -0.00018007190306929758 0.086223321153471519 -0.027292946265688484 -0.00057066774642466932 0.023733872828550426 0.064407931095112128 0.038570451599375305 -0.067079945018594267 0.037428432381918342 -0.14198836811862028 0.002053669402923558 -0.1356789167876051 -0.10880773047508359 0.05693853789973144 -0.13313242872194661 0.034061805144048739 0.019079402499639009 0.0047703684440828743 0.094941606653202712 0.066234089445215832 -0.036070813417523898 0.075386551978900485 -0.14628813227869081 0.0020740101585547482 -0.13977114422239173 0.048945781478024919 -0.1792314418717656 0.061722836029653519 -0.035506663352986488 -0.25898943788387857
leaf_weight=1452.1169141692249 6.1488789263110011 0.56294917326568139 0.77677571226922992 6591.8422509553002 0.7724775381739154 218.88140126945018 142.72848173265538 772.27000809505807 16.609027831799267 9.0201849134141394 36.883194775533866 356.07041522755162 1128.6903943465004 1009.1227327523434 1785.6976147282367 3.1245465139995785 16.756897503807068 389.50998168498791 0.89481782913207819 4.2236053271412857 7.6677608764262022 15.797286214692578 3.6173738729203242 0.72994865511464002 4.1192893746956534 1.944345801611689 3.717800305545552 3.3750470507538983 2.0997126676129474 59.68226145148401 117.32365764019232 62.763284513360077 6.6026311525993213 3.8573010550176132 4.3639032579958439 8.8081063156942019 0.44232082157759567 8.4634728990495187 1.3230870697880162 13.278057096275914 2.8021091520786285 13.023141948026931 2.3575481309585484 0.15722644287143339
leaf_count=218974 840 9 2548 182799 466 37867 48423 202257 46283 8611 13179 39076 3298 106672 245262 4528 43657 13343 2 245 353 116 16 6 12 500 464 24 34 4270 1056 11248 14 27 15 59 35 28 77 53 14 36 26 376
internal_value=3.68696e-05 -0.00026397 0.0301299 -0.000333379 0.000511035 0.0070364 -0.00253748 0.0115148 -0.00293268 -0.00255199 0.0412927 -0.000303872 0.000603489 -0.00543524 -0.00317359 -0.03719 -0.00945285 0.00571133 -0.0146011 -0.0579809 -0.00354882 -0.0251863 -0.0476078 0.0339937 0.0247836 -0.01872 -0.119426 0.00759002 0.00644452 0.00691025 0.003978 0.0190476 0.0441631 0.0489236 0.0119296 0.0520192 0.0284883 0.0341612 -0.185914 0.0642216 -0.139074 0.0486404 0.0189202 -0.099069
internal_weight=14291 13571.5 30.9219 13540.6 10220.4 1134.65 361.61 773.042 3320.21 3283.72 45.9034 9085.73 7720.53 1365.19 3237.81 36.4905 19.8814 719.512 60.9136 12.3683 48.5454 27.5247 19.4147 4.95355 21.0206 8.09322 7.41473 658.598 631.379 629.279 506.834 122.446 29.0359 28.1019 8.2212 12.9274 8.11008 27.2192 1.88604 19.8807 6.51991 18.7557 5.7326 0.934002
internal_count=1237198 1204471 3119 1201352 620858 289013 86290 202723 580494 486026 21790 331845 186097 145748 464236 94468 48185 32727 2662 731 1931 520 132 251 1411 1340 480 30065 29951 29917 14399 15518 3033 109 42 71 388 114 86 67 478 86 50 2924
is_linear=0
shrinkage=0.05


Tree=156
num_leaves=45
num_cat=0
split_feature=21 76 74 8 74 38 8 43 74 27 74 74 43 74 44 29 74 77 53 43 75 18 13 60 77 29 17 56 33 61 44 72 20 6 61 57 33 7 27 75 44 61 13 60
split_gain=10.0424 15.3405 15.9788 16.9187 13.7022 15.6407 24.3179 22.2385 18.127 17.7484 39.3083 18.5832 12.5241 21.8404 20.9015 19.3987 19.1265 17.6452 26.188 17.3446 28.0004 20.268 19.3058 19.7705 15.7807 15.0202 11.9277 11.6621 10.6451 10.4854 21.6702 10.4701 12.3193 10.1167 9.78896 10.5026 9.7265 9.65927 9.40916 19.0091 9.09332 6.89015 13.4802 6.47222
threshold=1.0000000180025095e-35 0.35139525814675421 0.74617859319909763 0.83527129888534557 0.25288052505927883 1.5000000000000002 0.88516482710838329 20.500000000000004 0.73590780803055911 0.74427348375320446 0.79425106667632439 0.69201196119866226 14.500000000000002 0.88639957800627434 0.93684428637238903 0.97992095351219188 0.82577494622058778 0.079371427573475192 0.17926877387329235 7.5000000000000009 0.0019008918826702306 0.82777160406112682 0.77459675073623668 52.500000000000007 0.57819165034846887 0.94854104518890392 0.63427746295928966 30.500000000000004 0.46021401882171636 68.500000000000014 0.99960533241041316 4.5000000000000009 0.81101191043853771 0.072948999702930464 67.500000000000014 21.500000000000004 0.80321413278579723 0.88194444775581371 0.91634860634803783 0.0742882908363144 0.70904535787359435 91.500000000000014 0.11852502077817918 32.500000000000007
decision_type=2 2 2 2 2 2 2 2 2 2 2 2 2 2 2 2 2 2 2 2 2 2 2 2 2 2 2 2 2 2 2 2 2 2 2 2 2 2 2 2 2 2 2 2
left_child=12 4 3 -3 -2 9 7 -7 -8 10 -6 -11 13 19 38 37 17 41 25 22 -21 -22 36 -24 -20 -19 -5 -17 40 34 -31 32 -30 -33 35 -18 -1 -16 39 -15 -4 43 -43 -14
right_child=1 2 28 26 5 6 8 -9 -10 11 -12 -13 16 14 15 27 29 18 24 20 21 -23 23 -25 -26 -27 -28 -29 31 30 -32 33 -34 -35 -36 -37 -38 -39 -40 -41 -42 42 -44 -45
leaf_value=0.037105454330435848 -0.050715345294455975 -0.057591034836233471 0.1085327529960593 -0.057086360723076948 -0.014331325840908399 -0.0021936963146324765 -0.068259621634609885 0.02101312701554334 -0.004618876937463926 -0.011618053306507442 0.0015093735403713844 0.0006177319911627962 0.0006386120099242166 -0.11265356967392048 -0.023324085955182122 0.0128634951245249 -0.00014628441188380823 0.0059881205831547263 -0.0020348165030491198 -0.12409181063782777 -0.0048423191744580265 -0.044896577209451893 -0.0032685336445859563 -0.038461602933828429 0.0061965218396712067 0.044954853990515325 0.20430727972793417 -0.0069977238486412935 -0.0060801611860627092 0.055615626682978647 0.51341205025389303 0.1524318386368656 0.038795906247871763 -0.042843536437065032 -0.18543333120651206 0.029750025341300709 -0.047069544259309593 0.035019023075352027 0.016570979908070882 -0.022070689886670682 -0.069891753703847523 0.32833330520791576 -0.050213296956532372 -0.047590527040058193
leaf_weight=35.763039853318332 13.52268555813316 26.22386326627657 0.76956382196522 0.72597711185880953 718.20161567021205 155.96214477169269 12.09761553313683 305.33416038197038 148.9918383397162 323.62355724722147 861.27518135681748 7543.7144785467535 9.4563685188384152 7.0512796250859529 68.052881568803059 464.67364306757599 46.570685347541257 42.743357226019725 1036.8990571533795 6.7172781256399494 86.196702711857142 49.847394542046459 310.7245988198697 45.786877390915834 1328.021310955286 58.682144141290337 1.0941943190991876 87.889959411707423 261.20501088449964 12.742910960772402 0.2638509390603766 0.68212478023588374 16.244182151516725 23.986854378101725 0.58996083256943066 79.567795889930039 3.7961486490512462 7.9198382794857016 9.7622907738173108 32.42402153899593 9.9064205354356982 0.38863694551991912 0.59559192861206611 26.310926619725024
leaf_count=1666 20949 51895 492 258 2590 552 76 1515 467 1855 2783 22003 234126 102 4560 8886 25139 363 6049 540 3785 392 2705 379 3709 316 4 1784 4894 4638 821 313 142 35399 218 18905 34 19 154 542 40225 1089 45642 684223
internal_value=3.56784e-05 -0.000771062 -0.0112038 -0.0473595 -0.000418394 -0.000350846 0.00732655 0.013167 -0.00939822 -0.000856657 -0.00569353 0.000114412 0.00221452 -0.00198346 0.00398978 0.00644731 0.00414703 0.00314203 0.00365448 -0.00949694 -0.0244389 -0.0195184 -0.00411121 -0.00778839 0.00258749 0.0285333 0.10005 0.0097044 -0.00796217 0.0221498 0.0649023 -0.00622824 -0.00345274 -0.037444 0.0177619 0.0187122 0.0290279 -0.0172421 -0.0273816 -0.0382511 -0.0570303 -0.0312481 0.0992613 -0.0348394
internal_weight=14283 10423.6 340.838 28.044 10082.7 10069.2 622.386 461.296 161.089 9446.81 1579.48 7867.34 3859.44 1216.61 677.774 628.536 2642.83 2503.1 2466.35 538.832 142.761 136.044 396.071 356.511 2364.92 101.426 1.82017 552.564 312.794 139.735 13.0068 302.118 277.449 24.669 126.728 126.138 39.5592 75.9727 49.2376 39.4753 10.676 36.7515 0.984229 35.7673
internal_count=1237198 186412 133622 52157 52790 31841 2610 2067 543 29231 5373 23858 1050786 25548 16047 15249 1025238 975517 10437 9501 4717 4177 4784 3084 9758 679 262 10670 81465 49721 5459 40748 5036 35712 44262 44044 1700 4579 798 644 40717 965080 46731 918349
is_linear=0
shrinkage=0.05


Tree=157
num_leaves=45
num_cat=0
split_feature=41 73 73 74 74 13 16 60 74 73 74 44 60 74 75 77 75 73 74 60 8 75 13 44 22 77 48 61 74 75 29 44 57 74 59 73 60 56 53 4 33 41 75 78
split_gain=9.90631 11.195 33.7125 28.4539 26.8881 32.4022 35.1486 26.5762 21.8119 32.2735 28.9676 30.0238 26.3421 22.6721 29.599 21.8145 22.9547 20.5777 20.0034 18.8871 18.8555 19.7981 16.4247 14.7727 15.5532 14.7887 14.2161 13.1043 12.4654 12.0804 23.0568 17.0231 10.7188 9.97275 11.8562 11.7709 11.5324 12.0515 11.4977 14.4842 12.7953 10.9223 10.1618 9.53965
threshold=0.51027804613113414 32.500000000000007 49.500000000000007 0.71894715964871347 0.82006021917769722 0.12599206715822223 0.92135426402091991 25.500000000000004 0.81611493993381334 14.500000000000002 0.88639957800627434 0.99963924459869846 71.500000000000014 0.90671793854888028 0.00044551562000440232 0.76657831827204215 0.02911550940239244 7.5000000000000009 0.78416258955095086 37.500000000000007 0.8410526216030122 0.32799709978805797 0.84292763471603405 0.99970456720254097 1.0000000180025095e-35 0.17962771777507108 0.95295961644846028 86.500000000000014 0.77134341402560314 0.73393649917705661 1.8124243021011355 0.99916874090618391 22.500000000000004 0.3987402619367188 0.87138130686517801 9.5000000000000018 35.500000000000007 27.500000000000004 0.42606564308231526 0.77003204822540294 0.44618450105190283 0.57231414318084728 0.12789866733753621 0.74291585239718161
decision_type=2 2 2 2 2 2 2 2 2 2 2 2 2 2 2 2 2 2 2 2 2 2 2 2 2 2 2 2 2 2 2 2 2 2 2 2 2 2 2 2 2 2 2 2
left_child=1 8 3 20 5 6 -4 -7 12 10 11 -10 15 19 -15 16 -1 -12 -17 -11 27 -22 26 24 -14 -25 -5 -3 -24 31 -31 -6 43 34 41 -35 37 -36 39 -37 -40 -34 -43 -2
right_child=32 2 4 22 29 7 -8 -9 9 13 17 -13 23 14 -16 18 -18 -19 -20 -21 21 -23 28 25 -26 -27 -28 -29 -30 30 -32 -33 33 35 36 38 -38 -39 40 -41 -42 42 -44 -45
leaf_value=-0.028993396426620341 -0.0092001915016422398 -0.020082226097963826 -0.011854946258456683 0.001363505689105722 0.0084088018801108319 -0.030291714680658728 -0.073718007096806509 -0.00057857068221027171 -0.014128838490377674 0.0020543063654014076 0.0042851360152326096 0.0068626792640923244 0.0097958256292851199 -0.22681901309657021 -0.010725470481075807 -0.021059517803272795 -0.010019111729056979 -0.004212627819731851 0.001880990892769119 0.022151226828625623 -0.0089607319635511742 0.043362759661720589 0.0034882041948882865 -0.099753444558408649 -0.0091969579711474094 0.039254062505602677 0.02674031351593021 0.011537110095995014 0.014744727026485042 0.021895292507290012 -0.1680591843434833 0.041445894634450177 -0.065827573461622185 0.017260387834648363 -0.088466302756027668 0.036942550143083557 -0.070970165801171714 0.030655695786670781 0.057083320444773572 -0.074524275119567163 -0.00012011366768752596 -0.046820882731951376 0.03825094015655589 0.0039814834826891648
leaf_weight=225.79185658292727 220.12307575441037 180.10351108416535 94.544324935131044 73.131987065220983 101.33280643159742 76.516745631839512 30.325444233275448 4564.4325686940938 729.76966986205116 184.90321315939718 1738.9027487764674 222.2079070087666 230.99183232469841 1.6228384577721033 67.340097013377544 119.3158908188343 542.07345187202372 1206.8284082119576 466.76372270286083 317.91784141270318 39.444876935407137 33.37614440282141 729.65463017289767 2.0125927835510984 202.09969344700858 38.801866958849132 224.9279858022378 40.05555737027953 370.99614200259111 4.4569705274766411 2.4899724505849008 63.379879838311808 4.1247175283378992 291.90690217049769 2.8950825390152222 39.650233649360416 12.950175530295381 7.9637825551699279 10.042998055615952 3.145554105286009 367.21651190151988 4.3100012633644864 18.917171034410785 364.59817690472119
leaf_count=14657 24068 29692 10997 44593 25719 19700 189 887406 3840 4207 8167 984 12578 45 1263 347 25864 14193 1312 5435 2046 1057 16817 812 1712 123 1041 4864 9588 7833 27 22825 1641 3153 86 20743 1193 113 160 585 2390 1258 527 1348
internal_value=3.38418e-05 -0.000391489 0.00104265 0.0071342 -0.00104445 -0.00174472 -0.0268788 -0.00106846 -0.00190119 -1.93684e-05 -0.0016467 -0.00922906 -0.00650267 0.0110737 -0.0158106 -0.0100538 -0.0155985 0.000803711 -0.00278931 0.014761 -0.00703436 0.0150208 0.010102 0.00364296 0.000932951 0.0323995 0.0205139 -0.0143294 0.00728244 0.0183971 -0.0461895 0.0211212 0.00411298 0.00801599 -0.0133066 0.00954821 -0.0391052 -0.00110343 0.00418883 0.0287496 0.00140269 0.00915042 0.0224651 -0.000980865
internal_weight=14274.4 12926.5 6629.17 1691.69 4937.48 4765.82 124.87 4640.95 6297.34 4469.49 3897.71 951.978 1827.85 571.784 68.9629 1353.94 767.865 2945.73 586.08 502.821 292.98 72.821 1398.71 473.906 433.092 40.8145 298.06 220.159 1100.65 171.66 6.94694 164.713 1347.84 763.123 51.1609 711.962 23.809 10.8589 420.055 42.7958 377.26 27.3519 23.2272 584.721
internal_count=1237198 1179933 1084394 109698 974696 918292 11186 907106 95539 38134 27184 4824 57405 10950 1308 42180 40521 22360 1659 9642 37659 3103 72039 15225 14290 935 45634 34556 26405 56404 7860 48544 57265 31849 4818 27031 1392 199 23878 21328 2550 3426 1785 25416
is_linear=0
shrinkage=0.05


Tree=158
num_leaves=45
num_cat=0
split_feature=4 47 76 45 73 45 76 74 47 61 73 34 76 74 75 47 77 21 67 6 56 60 31 74 73 66 45 75 63 60 60 47 74 76 30 30 38 56 16 75 74 27 20 62
split_gain=10.1331 10.2318 20.339 21.4215 18.2618 18.0267 22.3109 24.9692 21.7797 17.3391 16.9643 15.8078 19.0411 15.3328 23.8371 25.2091 16.801 22.1947 18.7756 22.5397 22.2221 16.9835 15.1496 14.8259 15.9805 13.8671 13.0012 11.1602 10.4437 11.1856 9.88071 9.48717 9.0985 9.27978 8.88855 14.8213 7.71215 6.11219 7.47461 8.34756 4.16664 2.42475 3.27202 0.568411
threshold=0.054299755021929748 0.52664288881242227 0.12387291353145517 -0.085541502036153585 10.500000000000002 -0.034940736509320051 0.051493837764774661 0.78508200843767451 0.94374685324473473 51.500000000000007 16.500000000000004 1.5000000000000002 0.3887213723125818 0.90671793854888028 0.049284429520269075 0.007385627809015324 0.17962771777507108 2.5000000000000004 4.5000000000000009 0.8521554470062257 28.500000000000004 34.500000000000007 0.65682536363601696 0.55775765346823336 14.500000000000002 6.5000000000000009 -0.10466109802581834 0.034713166053291562 1.0000000180025095e-35 26.500000000000004 37.500000000000007 0.020737301924496961 0.49337244944199415 0.24487749970953815 0.77280429005622875 0.79682460427284252 1.5000000000000002 14.500000000000002 0.75862267613410961 0.034713166053291562 0.77134341402560314 0.45846603810787206 0.22792208194732669 37.500000000000007
decision_type=2 2 2 2 2 2 2 2 2 2 2 2 2 2 2 2 2 2 2 2 2 2 2 2 2 2 2 2 2 2 2 2 2 2 2 2 2 2 2 2 2 2 2 2
left_child=32 13 5 11 9 23 8 -8 -7 -5 -6 12 -4 16 15 25 17 21 20 -20 -18 -2 -13 27 -25 -15 -17 -3 29 -16 -19 -30 -1 37 41 40 -37 -34 -39 -40 -36 42 -35 -43
right_child=1 2 3 4 10 6 7 -9 -10 -11 -12 22 -14 14 28 26 18 30 19 -21 -22 -23 -24 24 -26 -27 -28 -29 31 -31 -32 -33 33 34 35 36 -38 38 39 -41 -42 43 -44 -45
leaf_value=-0.057934903923400297 0.0027628601609886397 0.0094843207535198273 0.0099217502380017433 0.019909709632040053 -0.073307813318272436 -0.0022899915312412588 -0.022754565803080062 -0.0012102129297343256 0.0032033079821340432 -0.047290023428921753 -0.022503307985096661 -0.0075336625369742437 -0.016479834223157123 0.0018391906028815811 0.027131315036312522 0.0051238069680825176 0.0045207628704088433 0.065449246847985448 0.04403237172865692 0.00855778366607296 -0.009770404257194245 -0.0083833942264348923 -0.043593958751913145 -0.011532962311667809 0.010013713207891285 -0.2209370068309196 0.030243797629084381 -0.078359460846337201 -0.028580817989482171 -0.0036349299414870969 -0.095064251052448104 0.068948916317516901 0.074839507062672922 -0.068522586983537401 0.17053003599969055 -0.044391650556818707 0.060927443293864181 0.062165520186684448 0.046089283586682149 -0.0017176317049764978 0.062139102683268548 -0.060680395422016246 0.057594368800187028 -0.10433549546102566
leaf_weight=3.8126493074660166 632.78049903466172 6.0920144066876665 268.88107289026084 43.976727728265359 17.949320615094621 4967.1834729091552 241.53279332146303 303.4448061324656 2833.7582435645163 12.279443791368974 194.27910252406627 139.90853154253637 91.543024272111779 184.37638097045328 31.693496698546824 66.598975032605267 1142.1093223048374 1.0736220502226377 53.350343357771635 278.63102025724947 357.05078120902181 743.05823505211583 36.783740517087608 97.31602318584919 743.57901493087411 0.7011889554823928 227.33570350704758 8.8948361703660321 3.3587215971979267 435.33261039562194 8.960610887587789 9.6789833963393885 7.1303899995982638 1.0071126885050063 1.2893576721007765 6.9241786928923812 2.3208082653677593 10.856509715318678 14.20384608581662 25.566503372043371 2.8385576641344414 4.6624950333425659 1.050985086310902 0.88759415323966084
leaf_count=2116 357718 36 790 111 80 14966 856 1003 8648 50 1084 831 1572 7321 607 392 3728 12 155 855 1322 804603 258 287 2171 59 565 58 278 12304 1450 21 28 805 52 209 325 33 41 89 67 7888 39 1315
internal_value=3.31269e-05 -6.85352e-05 -0.000936055 -0.00855423 -0.0200864 -0.000269098 -0.000977797 -0.0107586 -0.000294504 0.00524154 -0.0268001 -0.00278974 0.00321609 0.00201035 0.00755911 0.0154504 0.000356122 -0.00379734 0.00349961 0.0142587 0.00111708 -0.00325697 -0.0150407 0.0066416 0.00752014 0.000995176 0.0245522 -0.0426518 -0.000314868 -0.00154706 -0.07789 0.0438237 0.0175002 0.0211529 -0.00732679 0.0172203 -0.017953 0.0314985 0.0253943 0.0153564 0.0959951 -0.0504731 -0.00411989 -0.0676619
internal_weight=14266 14183.5 10007.4 805.601 268.485 9201.8 8345.92 544.978 7800.94 56.2562 212.228 537.116 360.424 4176.09 959.076 479.012 3217.01 1385.87 1831.14 331.981 1499.16 1375.84 176.692 855.882 840.895 185.078 293.935 14.9869 480.064 467.026 10.0342 13.0377 82.551 78.7383 20.9811 13.3729 9.24499 57.7572 50.6269 39.7703 4.12792 7.60819 2.0581 5.55009
internal_count=1237198 1224191 32801 4776 1325 28025 25473 1859 23614 161 1164 3451 2362 1191390 21547 8337 1169843 1163783 6060 1010 5050 1162321 1089 2552 2458 7380 957 94 13210 12911 1462 299 13007 10891 10700 653 534 191 163 130 119 10047 844 9203
is_linear=0
shrinkage=0.05


Tree=159
num_leaves=45
num_cat=0
split_feature=35 38 10 74 77 17 76 43 76 45 74 9 20 74 5 75 3 40 62 57 75 39 60 62 75 57 37 37 17 16 52 16 8 43 47 43 72 18 44 13 74 51 27 53
split_gain=9.95276 18.2753 21.5188 24.6007 22.9903 19.311 24.08 17.9397 17.9251 17.1731 16.9446 15.7723 19.1409 17.3081 15.7167 16.1491 15.2196 18.29 14.8566 17.6043 23.9286 14.4814 15.3588 13.3512 23.0662 13.317 12.755 12.7395 12.5591 12.5453 12.3405 11.6269 11.1691 11.1473 10.7996 10.7529 10.703 14.918 10.6126 10.0128 11.9579 11.6396 9.72307 9.57427
threshold=1.0000000180025095e-35 1.5000000000000002 0.93582704663276683 0.61389418135066653 0.17962771777507108 0.15694377571344378 0.24487749970953815 133.50000000000003 0.40935916975331404 -0.45943271298796645 0.64587968716995414 4.5000000000000009 0.30901856720447546 0.3987402619367188 0.628892481327057 0.32799709978805797 0.9703982174396516 4.5000000000000009 11.500000000000002 8.5000000000000018 0.0069609669033257613 2.5000000000000004 29.500000000000004 32.500000000000007 0.044432601129475897 28.500000000000004 5.5000000000000009 2.5000000000000004 0.17153518646955493 0.83268406987190258 2.1270118347075244e-05 0.51885762810707103 0.7228132188320161 65.500000000000014 0.41632551829129177 48.500000000000007 3.5000000000000004 0.67576888203620922 0.99736232710236383 0.90521115064620983 0.75081263074686 0.99892458820636698 0.97156333923339855 0.99695233319279952
decision_type=2 2 2 2 2 2 2 2 2 2 2 2 2 2 2 2 2 2 2 2 2 2 2 2 2 2 2 2 2 2 2 2 2 2 2 2 2 2 2 2 2 2 2 2
left_child=18 5 4 14 34 16 9 30 32 10 -7 13 -13 -6 25 -16 -2 38 31 20 27 23 -23 24 -21 -4 -11 -20 -10 43 -8 -1 -5 -25 42 -19 39 -38 -18 41 -41 -33 -3 -22
right_child=1 2 3 8 11 6 7 -9 28 26 -12 12 -14 -15 15 -17 17 35 19 21 29 22 -24 33 -26 -27 -28 -29 -30 -31 -32 36 -34 -35 -36 -37 37 -39 -40 40 -42 -43 -44 -45
leaf_value=-0.10592095728379587 0.015686737862547671 0.0026392364143056932 0.04508079328984594 0.01391361280361585 -0.033619107776628195 -0.045365097700055992 -0.012250772789214333 -0.061492321756685508 0.01910542684592546 -0.00016684726603353651 0.029931230835033792 0.0038674905798956362 0.038298768067284779 0.012952852353112757 -0.02187082317768339 -0.0797471651785783 0.051180196291952779 -0.0024047880953573086 -0.061633080297258613 -0.0016496366214132094 0.0013014727751180103 0.027963412360586859 -0.1336616065520233 -0.003084873730085536 -0.017225647375459004 -0.081034772663885535 0.032295052718988367 -0.23016584434138265 -0.031170530825865836 -0.092427932467500418 0.013689784069413166 0.014745601755385607 -0.0063802935024430026 0.009971681350308445 -0.037733554344342592 -0.039285884315604543 -0.050479170621708286 0.017260465339193457 -0.018618771600399278 -0.0082980867068596694 -2.7782732637415983e-06 -0.00092470587565622597 -0.060799915694101175 -0.2101788528687322
leaf_weight=2.5818909760173474 327.78497819351014 174.09591324776079 10.135200987775759 220.05606276541948 20.904217241331935 8.2757702112739917 418.21491565005726 17.135081948406423 15.973085610450878 5788.0112978253983 76.910454025492072 57.800907541066408 133.8035133825615 436.98856973228976 33.254152759921908 18.904633044083312 18.339225801073102 47.810856160122967 2.1359779811984962 550.46768512029871 17.986353820264874 2.2256426894755341 4.328574791607025 663.67856378559873 418.30629087997204 2.6380100529622714 30.419405466771423 2.3604550948548422 55.866336886060026 5.2681662589311591 51.492066603198964 226.86475671352127 97.990264721214771 216.90284203336751 20.651042073263397 33.689026048248252 8.6251057322692741 140.92402422195983 7.745970199229304 504.99027365141683 3109.7151778720308 248.08737695603122 6.2569552643603847 0.55160027591136795
leaf_count=8181 37869 613097 8285 604 143 5083 63558 64468 21117 22711 214 243 506 1466 14828 2872 309 233 37 25909 8667 42 249 17298 37520 3576 4502 1206 80398 28 22240 675 289 10896 1431 595 101552 417 158 1958 9467 746 41508 47
internal_value=3.18595e-05 0.00117853 0.00659911 -0.00217977 0.0112937 0.000141938 -0.00055222 -0.0112402 0.00256577 0.000329167 0.0226163 0.0158669 0.027912 0.0108267 -0.0306745 -0.0428477 0.0103309 -0.00598683 -0.00149013 -0.00518459 -0.0443209 -0.00458776 -0.0787779 -0.00432483 -0.00837519 0.0190346 2.86717e-06 -0.150106 -0.019992 -0.0243404 -0.00940702 0.000150952 0.00766105 0.000131188 -0.00348341 -0.0176501 0.000215555 0.0133536 0.0304535 -0.000264874 -0.00116167 0.00656034 0.000438351 -0.00499116
internal_weight=14257.1 8131.15 1305.32 454.818 850.501 6825.83 6390.46 486.842 389.886 5903.62 85.1862 649.497 191.604 457.893 64.932 52.1588 435.37 107.585 6126 1884.21 28.3026 1855.91 6.55422 1849.36 968.774 12.7732 5818.43 4.49643 71.8394 23.8061 469.707 4241.79 318.046 880.581 201.004 81.4999 4239.21 149.549 26.0852 4089.66 3614.71 474.952 180.353 18.538
internal_count=1237198 1012303 790363 131969 658394 221940 182776 150266 102408 32510 5297 2358 749 1609 29561 17700 39164 1295 224895 101899 9985 91914 291 91623 63429 11861 27213 1243 101515 8742 85798 122996 893 28194 656036 828 114815 101969 467 12846 11425 1421 654605 8714
is_linear=0
shrinkage=0.05


Tree=160
num_leaves=24
num_cat=0
split_feature=60 56 41 47 75 44 74 47 74 76 47 76 74 74 77 8 61 76 51 32 48 33 57
split_gain=9.4836 9.45394 9.53651 11.9462 21.5927 13.4851 13.4752 11.991 23.6045 16.9545 9.9388 16.8856 25.6242 12.2037 11.3648 15.1658 7.788 4.05431 0.223885 0.01743 0.00181531 0.00023937 3.65066e-05
threshold=16.500000000000004 3.5000000000000004 0.51027804613113414 0.007385627809015324 0.00095615362139050985 0.99726197019494844 0.88639957800627434 0.52664288881242227 0.90671793854888028 0.12387291353145517 0.65873203582663697 0.29032840808060478 0.55775765346823336 0.87919462285902539 0.76657831827204215 0.86285266280174266 87.500000000000014 0.42667860534672603 0.99892458820636698 1.0000000180025095e-35 0.96695455786364881 0.25628395378589636 2.5000000000000004
decision_type=2 2 2 2 2 2 2 2 2 2 2 2 2 2 2 2 2 2 2 2 2 2 2
left_child=18 17 3 4 5 -3 -6 8 -5 -9 11 12 -4 -13 15 -12 -16 -2 20 21 -1 -19 -23
right_child=1 2 10 7 6 -7 -8 9 -10 -11 14 13 -14 -15 16 -17 -18 19 -20 -21 -22 22 -24
leaf_value=-0.10726094994491826 0.065158380443365124 -0.012133475308129518 -0.0012959340449059773 0.00060042227804230118 -0.017523945836740652 -0.10005862114980586 -0.00092638312981263506 -0.00035921178916495269 0.012183310173128785 -0.0087907547788790268 -0.0034947227811575211 -0.0079259647197312284 0.02515741797174614 0.0097944332766028604 0.0073916396378330687 -0.056386233068599717 0.049035028986770715 -0.055097465179016418 -0.15057384792833778 -0.070987283880308075 -0.11246698906824737 -0.052523255781748115 -0.050204456275353283
leaf_weight=0.2527092869718206 7.3136798143377737 7.7579899631518883 147.9519640811186 2395.6795318531686 169.63342671593591 9.9586076328500877 438.15531564336743 8700.9722380833646 538.763258865426 640.0881193023688 401.31858852653249 208.19736900479847 240.10752484761178 182.17352313428819 137.13222140446305 14.026634367693985 12.22842928022146 0.16764588203477604 0.66489514708518982 0.41377636790275574 0.49629140697061302 0.045732788741588593 0.026992435868123721
leaf_count=260 16 30931 7396 26736 1059985 9430 19838 26487 1852 3721 1576 40726 650 6338 436 96 37 5 3 2 9 1 667
internal_value=3.04997e-05 4.33455e-05 1.28885e-05 -0.000404552 -0.00714482 -0.0615567 -0.00555875 -6.10981e-05 0.00272704 -0.000936976 0.00402246 0.00768581 0.0150718 0.000343574 -0.00102735 -0.00528092 0.0108011 0.0544917 -0.129457 -0.0647666 -0.11071 -0.0540582 -0.0516626
internal_weight=14253.5 14252.1 14244.1 12901 625.505 17.7166 607.789 12275.5 2934.44 9341.06 1343.14 778.43 388.059 390.371 564.706 415.345 149.361 7.96783 1.4139 0.654147 0.749001 0.240371 0.0727252
internal_count=1237198 1236926 1236235 1178980 1120184 40361 1079823 58796 28588 30208 57255 55110 8046 47064 2145 1672 473 691 272 675 269 673 668
is_linear=0
shrinkage=0.05


Tree=161
num_leaves=45
num_cat=0
split_feature=13 67 77 16 28 43 60 51 47 1 21 47 30 74 47 34 78 77 43 44 27 74 43 47 52 13 74 59 56 13 30 74 18 52 18 27 47 48 31 3 56 29 1 76
split_gain=9.48985 25.8779 18.5079 22.0062 23.6717 28.3044 15.6423 14.9432 14.9102 18.2721 15.632 17.5193 15.1576 13.5828 15.0329 25.8764 20.2124 22.1038 22.1301 20.0116 19.0218 30.0712 18.7165 17.5524 17.3455 16.5372 16.3602 13.3063 13.9929 13.7203 12.4592 12.3621 11.9094 11.8956 10.9044 14.5745 10.721 16.7614 12.0931 9.92191 16.7789 9.85468 14.3794 9.37799
threshold=0.83438816666603099 4.5000000000000009 0.57819165034846887 0.90172171592712413 0.11751618608832361 51.500000000000007 43.500000000000007 0.67865426389250116 -0.13780241767852627 0.87226107716560375 1.5000000000000002 0.77827671854801139 0.55747640132904064 0.92499652337813132 0.94374685324473473 1.0000000180025095e-35 0.92587920922628875 0.71016232810857505 289.50000000000006 0.99963924459869846 0.74007874727249157 0.79740795442389933 99.500000000000014 0.65873203582663697 0.00058665530146315571 0.99404761195182811 0.90671793854888028 0.93969696969696981 42.500000000000007 0.76253134012222301 0.82168036699295055 0.94412727889595982 0.59858977794647228 0.008807162766097108 0.70094281435012828 0.6860889494419099 0.77827671854801139 0.90771149050450806 0.87194395065307628 0.96524760127067577 40.500000000000007 0.96823117136955272 0.93788579106330883 0.71543051321435525
decision_type=2 2 2 2 2 2 2 2 2 2 2 2 2 2 2 2 2 2 2 2 2 2 2 2 2 2 2 2 2 2 2 2 2 2 2 2 2 2 2 2 2 2 2 2
left_child=1 2 8 7 5 -5 -6 -4 9 32 11 -10 -12 14 15 22 17 18 -16 24 21 -18 23 -2 -17 -22 -21 29 39 31 -9 -3 -1 36 -31 -36 41 -38 -39 40 -29 42 -15 -43
right_child=13 27 3 4 6 -7 -8 30 10 -11 12 -13 -14 33 16 19 20 -19 -20 26 25 -23 -24 -25 -26 -27 -28 28 -30 34 -32 -33 -34 -35 35 -37 37 38 -40 -41 -42 43 -44 -45
leaf_value=-0.052276692442431549 0.0035683606133057179 0.012878642880853912 0.032277099048666373 0.0015905608792963115 -0.0065559407051701398 -0.051254049466310472 0.0094677007129987441 0.00068626348930016354 -0.0010060884176392359 0.39430470379900462 -0.087266654568687943 -0.030680174991684073 -0.0173538770934848 -0.0082046741465933836 -0.042337760365180908 -0.0066337510622697139 -0.012501924856834682 0.013899926022435734 0.030621556499535137 0.0096922889033681878 0.010745103581458186 0.026464379304400706 0.016375238261865269 -0.0037100852486849955 0.013242605070102473 0.0016391659511871594 -0.052258077095068356 -0.0016292686787061251 0.058664994656572003 0.062162021376086563 0.014363579946309902 -0.18698567736875304 0.032485114885111237 -0.060935097048045062 -0.12402321334746812 0.029200239974401982 -0.061063991129051733 -0.008513465241015301 0.010994045504979554 0.063545150834148148 -0.13472850688750251 0.0092294937640929747 -0.118546556691633 -0.049754181054778308
leaf_weight=4.7210354775372698 1669.4448526263482 128.60320361975892 69.813887326046824 51.46082716435194 296.96118326485157 49.91930989921093 312.67072928696871 312.7762929610908 652.56252680844841 0.33262069183001486 8.2227220594163537 53.843492972398963 135.65452803885273 25.598728363571812 73.088784924242646 3654.6662376770523 351.39653085917234 37.983349673449993 12.116544276475905 288.0223781797049 753.45093086920679 57.632701378315687 183.18264013536054 1644.0300301419929 113.1608012400452 1474.0748420022428 11.066635252375816 126.55609414597802 10.495095713322369 29.027518418440195 356.0453421510756 0.77836438640542738 33.909506089310071 6.9244851938819911 1.5877361180669129 68.884695096505311 11.878439798951147 196.06250974013983 133.56968620419502 5.6552133612053685 2.4129869315102033 827.45720095094293 3.3375280238687983 6.7941899044858465
leaf_count=10774 80118 188074 198 175 913 234 892 965 511851 31 4554 428 4482 195 294 212349 1089 164 56 19052 2130 324 125839 5175 16294 4517 108 20909 448 8906 1000 1103 5478 66 33 794 43 572 357 13 372 2274 16 3539
internal_value=2.92749e-05 0.0026901 0.000737341 0.0042209 -0.00205806 -0.02443 0.00166234 0.010265 -0.00494155 0.0253036 -0.0063275 -0.0032679 -0.0213495 -0.000596523 -0.00118432 -0.00233686 0.00197439 -0.0178216 -0.0319626 -0.00504862 0.00289933 -0.00701153 0.000817166 -4.2949e-05 -0.0060368 0.00471921 0.00740005 0.0149021 0.00305792 0.0224117 0.00796734 0.0116763 0.0221264 0.00441169 0.0363713 0.0257481 0.00478729 -0.00271161 -0.000608861 -0.00127711 -0.00411953 0.00775415 -0.0209316 0.00874913
internal_weight=14247.8 2712.89 2338.89 1449.65 711.012 101.38 609.632 738.636 889.246 38.9632 850.283 706.406 143.877 11534.9 10323.3 7563.57 2759.74 123.189 85.2053 4066.92 2636.56 409.029 3496.66 3313.47 3767.83 2227.53 299.089 374.001 145.119 228.882 668.822 129.382 38.6305 1211.62 99.4999 70.4724 1204.7 341.511 329.632 134.624 128.969 863.188 28.9363 834.251
internal_count=1237198 762627 541975 4377 2214 409 1805 2163 537598 16283 521315 512279 9036 474571 467509 458935 8574 514 350 247803 8060 1413 211132 85293 228643 6647 19160 220652 21742 198910 1965 189177 16252 7062 9733 827 6996 972 929 21294 21281 6024 211 5813
is_linear=0
shrinkage=0.05


Tree=162
num_leaves=45
num_cat=0
split_feature=4 21 74 43 43 44 74 44 43 17 9 75 56 30 56 28 43 57 61 74 52 4 47 77 74 44 74 74 74 40 66 74 74 56 74 44 57 43 77 61 77 61 43 78
split_gain=9.89468 9.67551 14.1472 19.6957 42.0004 18.9652 18.3209 14.6812 17.4717 15.3105 12.835 12.8141 15.1024 12.9967 11.9514 13.4839 11.1796 26.9996 16.5967 24.8174 20.7487 13.5062 13.9458 24.4612 12.732 17.2113 12.1152 21.9291 17.1265 11.9494 9.9362 8.43135 8.06018 7.62034 8.61071 9.29846 6.73861 6.39933 4.25395 3.63114 5.28264 2.43207 0.101586 0.00748917
threshold=0.054299755021929748 1.0000000180025095e-35 0.6791779542999502 14.500000000000002 58.500000000000007 0.88966810249742379 0.65107833610720711 0.99963924459869846 59.500000000000007 0.16990566253662112 38.500000000000007 0.28677830409355115 25.500000000000004 0.92334401607513439 16.500000000000004 0.70785412192344677 62.500000000000007 17.500000000000004 40.500000000000007 0.7699727316549384 4.9120017958581085e-05 0.080540537834167494 0.65873203582663697 0.57819165034846887 0.3987402619367188 0.50547781979525463 0.75606340182311305 0.75782000099246494 0.74847610696640221 10.500000000000002 5.5000000000000009 0.49337244944199415 0.57971390242785648 15.500000000000002 0.74348949484549276 0.85135434497534113 41.500000000000007 57.500000000000007 0.3542742430227645 76.500000000000014 0.57819165034846887 78.500000000000014 3.5000000000000004 0.9999971650543823
decision_type=2 2 2 2 2 2 2 2 2 2 2 2 2 2 2 2 2 2 2 2 2 2 2 2 2 2 2 2 2 2 2 2 2 2 2 2 2 2 2 2 2 2 2 2
left_child=31 16 3 11 10 14 -6 9 -9 -7 -5 12 -3 -13 15 -4 21 18 19 -18 -20 22 37 -24 29 -26 28 -28 -23 -19 -16 42 38 39 36 -36 -35 -2 -33 40 -34 -41 -1 -44
right_child=1 2 5 4 6 7 -8 8 -10 -11 -12 13 -14 -15 30 -17 17 24 20 -21 -22 26 23 -25 25 -27 27 -29 -30 -31 -32 32 33 34 35 -37 -38 -39 -40 41 -42 -43 43 -45
leaf_value=-0.085944419977390496 0.05391928023766196 -0.0021564062684719613 -0.033821684513319364 -0.0383378620051915 0.0065023236355958155 0.01006688832673552 -0.038723282389543701 0.0078309041385052486 -0.0052638152567780188 -0.0019980172380394214 0.20141923406365503 -0.043148722876045847 0.040566566126040995 0.0090148448834402699 0.017398835575198418 0.045003264777702993 -0.033349722144049569 -0.026381192751378891 0.017005665952119796 0.0054231884335094217 -0.032455952675060476 -0.0031162561315387521 -0.079450229112535298 0.030622959911628701 0.060810439807847595 0.010893412790536091 0.044654714366221683 0.0013829167696150907 -0.02984966439055517 0.036704364494089779 -0.076222308063291666 -0.054066781197642889 -0.020324775255358002 -0.032982905522246378 -0.21858050730438286 0.022442024579464349 0.08117859617512499 0.15019346650660564 0.0818204686692455 0.14034256606269488 0.061247269535521537 0.060339125599974841 -0.053503787414300633 -0.058732523871335186
leaf_weight=0.28942040536230651 13.036508376235814 42.627304472626292 24.590663471067277 135.19771610451789 148.89353742116009 271.80080702820942 26.357395322625052 912.07678068463201 353.44381820300669 8079.1164490740985 0.56052027175655794 21.209213646645821 40.185976469195793 27.325132480014418 238.91737605675826 6.9611928970571162 98.84553315226799 39.395319690878296 101.47418786437765 70.853885321991129 26.803349199099102 752.5430906706431 6.3588165835280988 24.470486059784889 17.64063847648049 818.63093072334846 29.775248502766317 1755.2369751614158 65.09224721164901 9.2731713561470297 2.8681032847616725 0.62901402158104147 3.083063006563405 14.782606160735213 0.40415024077174067 40.550971441977254 1.4164797150679085 1.9894658848784263 6.825320839881897 1.4868501589476171 5.5714620724320412 2.630670922828358 2.3202834599151179 0.97158782184123982
leaf_count=11 3723 768 571 8774 34815 5774 1326 5887 12945 103501 39 334 520 94 4484 25 66685 71554 67309 44083 56946 114371 45 65 4738 453354 3406 141631 14102 1801 67 649 1009 2839 185 5714 88 454 11 26 24 346 2097 8
internal_value=2.84737e-05 -7.11589e-05 -0.000866962 -0.00961513 -0.0164715 -0.000475668 -0.000299518 -0.000844814 0.00417372 -0.00160534 -0.0373479 0.00661958 0.0185753 -0.0137803 0.0125115 -0.0164308 0.00207487 0.00611622 -0.00690157 -0.017161 0.00667075 0.000269861 0.0271697 0.00791939 0.0104996 0.0119464 -0.000204079 0.00210472 -0.00524451 -0.014361 0.0162883 0.0174583 0.0209295 0.0156607 0.00785806 0.0200636 -0.0230004 0.0666662 0.070354 0.0505773 0.0321883 0.0892286 -0.057544 -0.055047
internal_weight=14244.5 14163.6 10332.1 442.357 311.009 9889.78 175.251 9616.44 1265.52 8350.92 135.758 131.348 82.8133 48.5343 273.337 31.5519 3831.42 1182.92 297.977 169.699 128.278 2648.5 45.8553 30.8293 884.94 836.272 2602.65 1785.01 817.635 48.6685 241.785 80.9619 77.3806 69.9263 57.1542 40.9551 16.1991 15.026 7.45433 12.772 8.65453 4.11752 3.58129 3.29187
internal_count=1237198 1224191 179924 46670 44954 133254 36141 128107 18832 109275 8813 1716 1288 428 5147 596 1044267 766470 235023 110768 124255 277797 4287 110 531447 458092 273510 145037 128473 73355 4551 13007 10891 10231 8826 5899 2927 4177 660 1405 1033 372 2116 2105
is_linear=0
shrinkage=0.05


Tree=163
num_leaves=45
num_cat=0
split_feature=76 38 6 37 75 75 13 75 57 43 43 60 2 18 67 76 43 23 10 54 37 57 40 33 10 60 19 77 45 66 47 29 29 76 22 57 8 77 78 78 43 77 54 41
split_gain=9.3908 11.4202 18.9355 13.7693 11.1884 28.0553 23.1501 16.9005 17.0838 13.8918 11.0837 10.8675 10.8128 14.5379 11.2264 19.1283 13.0406 9.93056 15.8655 13.2071 8.74464 8.10905 10.1749 10.4152 10.8204 10.8126 8.14323 7.13272 6.4107 5.22126 4.95299 3.82949 5.40427 1.47984 1.05431 1.60096 0.932094 0.466169 0.193831 0.133861 0.109676 0.0482534 0.0319129 0.0120307
threshold=0.68323359167902364 1.5000000000000002 0.86616915464401256 6.5000000000000009 0.030522014924919259 0.18729103117916099 0.82972848415374767 0.02911550940239244 32.500000000000007 58.500000000000007 18.500000000000004 132.50000000000003 0.84273937344551098 0.93185892701148998 2.5000000000000004 0.66555195306502879 10.500000000000002 1.0000000180025095e-35 0.93405798077583324 0.99999623426245787 3.5000000000000004 37.500000000000007 1.0000000180025095e-35 0.50988206267356884 0.60826939344406139 26.500000000000004 0.87888437509536754 0.3542742430227645 -0.21357303789543022 5.5000000000000009 0.093510150266923123 1.3283147215843203 1.3255848288536074 0.83337952389320513 -1.0000000180025095e-35 15.500000000000002 0.76253134012222301 0.57819165034846887 0.12449907904534323 0.43092195823604534 5.5000000000000009 0.17962771777507108 0.99999899331580233 0.76520243287086498
decision_type=2 2 2 2 2 2 2 2 2 2 2 2 2 2 2 2 2 2 2 2 2 2 2 2 2 2 2 2 2 2 2 2 2 2 2 2 2 2 2 2 2 2 2 2
left_child=1 3 11 4 7 6 -6 8 -1 -9 -7 17 13 28 15 -14 -16 18 -3 -19 21 22 31 25 -25 -24 -23 40 -4 30 -28 32 -2 -33 35 36 -22 39 -38 -13 -5 42 -36 -42
right_child=20 2 12 27 5 10 -8 9 -10 -11 -12 37 14 -15 16 -17 -18 19 -20 -21 34 26 23 24 -26 -27 29 -29 -30 -31 -32 33 -34 -35 41 -37 38 -39 -40 -41 43 -43 -44 -45
leaf_value=-0.00064240938203381445 -0.02342326459318517 0.040650208331469914 -0.016762487688924035 -0.089261639295548867 0.0022333292416474035 -0.0024342354472669824 -0.0080695782232877832 0.026489380097012395 0.0067340805691042342 -0.0093822693271901954 0.003565829216338379 -0.059096159173886179 -0.0088521985218310093 0.067378489598754338 -0.003941099554902701 0.11170597770812773 0.0064004685304081092 0.036217226052573222 -0.0084523817491201636 0.0058781430191975521 -0.052433274256021435 -0.052822268276639488 0.16788222030487493 0.071096740896109109 0.0011547950448092697 -0.038404160502975668 0.078823448815512565 0.054953771731339418 -0.063594767457924292 0.2195768333124006 -0.052558088817091453 -0.056148426027996502 0.12332346214117421 -0.0064309954438457884 -0.051346783048974533 -0.052098396209939973 -0.050290582465384592 -0.12021143467103673 0.059612128525810965 -0.089641585395888707 -0.052529460770642578 -0.060347744160975617 -0.070461403786288762 -0.066420614313059775
leaf_weight=4624.8350411592419 4.617219237625025 66.210096954833261 15.481338945112839 0.28913852610594659 722.18109770016736 1269.370435663518 2225.0990138880625 111.28941552767901 945.36604379253095 35.630560796850659 1955.2733352462233 0.67959638239017228 279.03912927405145 3.6168568022549143 427.02058609462983 3.3294627559403116 1065.3501067469401 40.859876863558839 21.889365242975146 293.78853242407877 0.27377520264963207 1.718470843988597 0.65807501545578162 6.853720017041268 28.626734865842081 18.297089603805489 4.0942779882047944 15.240124970674513 13.839647116099059 0.53956463480926675 0.86975279134776418 16.506981354074018 0.72605033305217137 1.6459528816953923 12.572685846399732 1.4780672569545457 0.042278633191472181 0.95945909619331349 0.78523945808410645 0.75954260787693784 0.9569644034131668 1.8354843221604831 0.22222041081477151 0.18619302705519658
leaf_count=23635 8652 17802 1519 47 9818 4128 10490 340 4330 166 20842 4609 36360 12 2240 2451 68717 127390 2735 1520 15597 4924 740 3373 12258 38195 856 39 450 77 271 2381 44 970 700730 82637 3501 4 2 15 22298 21 3 9
internal_value=2.71613e-05 0.000136412 0.00341778 -0.000478983 -0.000542659 -0.0020189 -0.00554503 0.00105102 0.000609517 0.0177899 0.00120392 0.0129123 0.00118477 -0.0272008 0.00171159 -0.00743067 0.00344138 0.0135144 0.0284501 0.00958248 -0.0150626 -0.00849277 -0.0131898 -0.00132028 0.0146654 -0.0312424 0.0421922 0.0449279 -0.0388676 0.07186 0.055804 -0.040689 -0.00348313 -0.0516405 -0.04757 -0.0180961 0.0275391 -0.0932153 0.0539971 -0.0752173 -0.0617504 -0.0527663 -0.0516788 -0.054792
internal_weight=14240.9 14138.5 2232.82 11905.7 11889 6171.92 2947.28 5717.12 5570.2 146.92 3224.64 425.146 1807.68 32.9378 1774.74 282.369 1492.37 422.748 88.0995 334.648 102.364 85.1539 77.9318 54.4356 35.4805 18.9552 7.22207 16.6724 29.321 5.5036 4.96403 23.4962 5.34327 18.1529 17.2098 2.57936 1.10129 2.3986 0.827518 1.43914 1.4323 14.6304 12.7949 1.14316
internal_count=1237198 361966 265824 96142 73749 45278 20308 28471 27965 506 24970 154075 111749 1981 109768 38811 70957 149447 20537 128910 875232 72741 66613 54566 15631 38935 6128 22393 1969 1204 1127 12047 8696 3351 802491 101737 19100 4628 3503 4624 22354 700754 700733 22307
is_linear=0
shrinkage=0.05


Tree=164
num_leaves=45
num_cat=0
split_feature=65 76 54 45 43 77 56 28 54 53 44 43 56 47 43 43 74 54 44 74 74 28 40 56 43 41 63 60 62 60 61 44 29 53 54 6 61 5 43 28 42 61 43 43
split_gain=9.09854 11.1679 22.8117 14.5407 22.6804 19.1671 16.5229 23.9626 15.8045 22.5838 14.3665 16.9622 16.8187 13.8733 45.8445 26.1129 29.3669 24.3137 18.1207 15.1221 13.3964 22.284 16.1221 14.1895 15.5652 12.896 12.413 11.561 11.4031 8.47377 6.46869 10.2124 10.505 10.0698 9.70759 8.29843 12.6639 7.67833 7.78194 7.46853 6.93966 7.89639 7.30997 6.84818
threshold=1.0000000180025095e-35 0.14630926420287657 0.99999895787473358 -0.23788991908931387 7.5000000000000009 0.3542742430227645 21.500000000000004 0.43257847428321844 0.99999463067355965 0.17926877387329235 0.99931660403727718 110.50000000000001 33.500000000000007 0.94374685324473473 59.500000000000007 50.500000000000007 0.79740795442389933 0.99999898480686189 0.99954985547776476 0.75295636518626508 0.74670827989950739 0.90000000596046459 3.5000000000000004 23.500000000000004 156.50000000000003 0.51930150389671337 1.0000000180025095e-35 33.500000000000007 114.50000000000001 34.500000000000007 34.500000000000007 0.92039042218756673 0.92508000135421764 0.23330776762750924 0.99999895787473358 0.86729559302330028 29.500000000000004 0.96490147709846508 12.500000000000002 0.55664202570915233 3.5000000000000004 61.500000000000007 45.500000000000007 3.5000000000000004
decision_type=2 2 2 2 2 2 2 2 2 2 2 2 2 2 2 2 2 2 2 2 2 2 2 2 2 2 2 2 2 2 2 2 2 2 2 2 2 2 2 2 2 2 2 2
left_child=30 2 20 5 6 26 7 -5 9 -6 12 -12 -7 14 18 19 -17 -16 -4 -15 21 22 -2 29 -25 -8 28 -10 -3 -22 31 32 -1 -32 37 -36 -37 38 -33 40 41 -35 -42 -41
right_child=1 3 13 4 8 10 25 -9 27 -11 11 -13 -14 15 17 16 -18 -19 -20 -21 23 -23 -24 24 -26 -27 -28 -29 -30 -31 33 34 -34 39 35 36 -38 -39 -40 43 42 -43 -44 -45
leaf_value=0.032745864907004756 -0.0027762017053442264 -0.0040167634384843656 -0.0023283542564746184 -0.085358045492436918 0.023420148944253729 0.013168258581138494 -0.01395076654898276 -0.0061460778556195611 -0.035326468602383809 0.32704753513024176 -0.021447630551115499 0.052850356837275993 -0.016693265959159369 0.0039368860476110571 -0.0033118139793193108 -0.0016974145964445176 0.017315110421693737 -0.027343539696755372 0.0048817234911411869 0.022464299352857736 0.0050333895705280711 -0.12426735501053238 0.010029503695702172 0.0021941453689708758 0.0473373337197001 0.017257114011743461 -0.060216312526691733 -0.013311526786031119 -0.063102416021909663 0.017373648491459351 0.047429252472495888 -0.020654392930999622 -0.11683852665010147 -0.0070495021990873707 0.022310771095728873 0.0036790920783288956 -0.069012108126843094 -0.10746460934765478 0.038420327936530434 -0.013319606584656621 0.056711815341910277 -0.065675843643785203 -0.054025348309452187 0.012461898573065519
leaf_weight=1.6711618241097301 840.43065942682688 809.20017005778664 4546.6028515696526 10.66861749293548 2.9044641921141188 429.92422189190984 42.369355825242565 90.861518308720406 69.997983693196147 0.77607000740590582 69.420858979225159 8.6377137750387174 52.961610734462738 218.96771013643593 175.41475428268313 2229.5384254558012 223.46046652086079 263.12850134074688 1078.061865972355 221.58394083380699 206.28732040710747 3.5626550966408095 347.3730652690615 771.04323813132942 19.579453697428107 151.35702114448577 10.162038866469628 402.80655936208177 8.2490328589974506 427.2073872294277 16.262584044657615 7.4872439723294582 3.9431147870986933 58.77560064519821 8.247696176171301 11.037451893091204 13.106328062713144 1.1667426241378951 21.824459284714521 28.000652297389024 7.2172176152712364 6.3656373260182582 1.8780897753422321 321.47853813366464
leaf_count=602 85442 1046183 12937 92 6420 1157 197 304 473 82 220 19 158 601 597 6518 1321 1000 3058 573 580 22 27118 2296 58 446 5496 2702 1062 1183 22320 182 487 229 22 31 50 7 3559 90 87 36 227 954
internal_value=2.57122e-05 -0.000217474 0.000398593 -0.00351761 -0.00902 -0.000459453 0.0018689 -0.0144695 -0.0157674 0.0874424 0.00667596 -0.0132261 0.00989313 -0.000801019 -0.00216043 0.00204751 3.45665e-05 -0.017731 -0.000946421 0.0132556 0.00450668 0.00059432 0.000968825 0.00777962 0.0033121 0.0104317 -0.00529575 -0.0165708 -0.00461301 0.0133552 0.00659369 -0.00770082 -0.0723128 0.00881868 -0.00193097 -0.0209893 -0.035781 0.0183236 0.0233306 0.00733677 -0.0070662 -0.0127785 0.0338457 0.0103963
internal_weight=14241 13732.5 11572.2 2160.3 771.742 1388.56 295.257 101.53 476.485 3.68053 560.944 78.0586 482.886 8956.76 6063.21 2893.55 2453 438.543 5624.66 440.552 2615.48 1191.37 1187.8 1424.12 790.623 193.726 827.611 472.805 817.449 633.495 508.463 68.4842 5.61428 439.978 62.8699 32.3915 24.1438 30.4784 29.3117 423.716 74.2365 65.1412 9.09531 349.479
internal_count=1237198 1208315 143304 1065011 10716 1054295 1039 396 9677 6502 1554 239 1315 26605 17592 9013 7839 1597 15995 1174 116699 112582 112560 4117 2354 643 1052741 3175 1047245 1763 28883 4940 1089 23943 3851 103 81 3748 3741 1623 579 265 314 1044
is_linear=0
shrinkage=0.05


Tree=165
num_leaves=45
num_cat=0
split_feature=73 73 74 66 27 73 73 20 74 74 75 75 5 3 67 75 41 74 53 73 60 57 47 17 57 18 8 66 74 75 60 54 75 49 74 76 6 60 60 77 18 76 47 27
split_gain=9.21423 34.6831 22.4592 15.587 15.501 12.7093 12.2745 12.6011 10.9759 10.7216 24.6654 19.3465 11.3312 19.8435 10.4911 15.2086 10.0056 12.4406 29.4724 16.3518 9.90024 9.50622 10.8556 10.1379 8.69873 8.17087 7.43992 7.39177 7.38094 6.85869 6.71793 9.9691 7.67086 11.9067 6.78017 5.05906 4.64911 10.0369 4.55639 3.83293 3.24141 2.42733 2.35615 1.98559
threshold=307.50000000000006 287.50000000000006 0.52014156185220484 1.5000000000000002 0.80691787600517284 297.50000000000006 274.50000000000006 0.70710784196853649 0.75971346882903656 0.7993075486284057 0.78339778264036208 0.50588148610962957 0.69732204079628002 0.91112279891967785 3.5000000000000004 0.81653373059795398 0.51027804613113414 0.69837560842023683 0.85021877443604843 188.50000000000003 49.500000000000007 21.500000000000004 -0.014491433963816606 0.88949939608573925 21.500000000000004 0.59858977794647228 0.82426470518112194 4.5000000000000009 0.3987402619367188 0.0022009332789401652 32.500000000000007 0.99999899926608216 0.0088386314169607866 1.5000000000000002 0.76692600071597139 0.26594337562702602 0.93582704663276683 30.500000000000004 100.50000000000001 0.3542742430227645 0.91974705457687389 0.24487749970953815 0.96559001702592306 0.92511683702468883
decision_type=2 2 2 2 2 2 2 2 2 2 2 2 2 2 2 2 2 2 2 2 2 2 2 2 2 2 2 2 2 2 2 2 2 2 2 2 2 2 2 2 2 2 2 2
left_child=1 6 28 30 8 27 16 20 24 10 11 -6 13 -11 15 -7 17 18 -1 -19 29 23 -23 -18 38 -14 -26 35 -3 -8 31 32 33 -2 -34 -4 37 -10 -5 -32 -16 -38 -22 -41
right_child=3 2 5 4 9 14 7 -9 36 12 -12 -13 25 -15 40 -17 21 19 -20 -21 42 22 -24 -25 26 -27 -28 -29 -30 -31 39 -33 34 -35 -36 -37 41 -39 -40 43 -42 -43 -44 -45
leaf_value=2.374349787096423e-06 -0.36848139754917458 0.092541431793666834 0.073271593858137765 -0.076030189333171891 -0.080619821594328733 -0.010782610901667083 -0.23743399449670155 -0.16399059173250508 -0.21120263652756668 -0.073296012351693279 -0.55523393857019521 -0.0027039068856434894 -0.37282777206791273 -1.1797029022726118 0.090928653139855931 -0.83024451292125601 0.00038443773026510105 -0.00017715909197349358 -0.019300142265967601 0.01633389679789472 -0.051311144890578288 0.031723478258725922 0.0061794279670704068 -0.033902553641889446 -0.044500616318312015 0.010800097749959846 0.075126128667500791 -0.068108980639740371 -0.062693184497676566 -0.016023874934512072 -0.048494532309608214 -0.28943223613501795 -0.064074161552602163 0.010300951066175516 0.048504179052129934 -0.05187934190650291 0.052181764210729426 0.014216123949267226 0.064751510812850174 0.034644117016705875 -0.03415191377837079 -0.018018348835030513 -0.39740199191098041 0.073854463391631972
leaf_weight=637.03209869351986 0.35028183832719406 0.87070858912829763 34.081876911222935 7.0488532792587666 22.556941592105886 10.634653275273646 0.35872208109162862 1.9055569139877651 0.56350460901649135 4.2237088870797406 0.24628992692805596 12.317233115518773 0.13998983250485508 0.040918062797572818 4.0431508440628923 0.056923152446416547 496.01951790242629 11652.221534410019 286.78072916364408 151.90859052916676 0.063337862457047645 44.006548826810558 758.17712138120669 22.538626147892046 2.4441693641360871 16.324405921426205 2.7757989322690264 0.99194594552682147 6.3509722575759042 14.020745735456556 1.0887255494499175 0.31902889162302006 1.9043981931713458 0.50886556278737771 4.4923182494771936 0.82709514980388021 11.862444926053284 3.9925274623442419 0.62575817630022346 8.8717252016067487 0.59406240254020293 1.3740124603814372 0.21995605528354645 5.0760368779301634
leaf_count=230279 3 2661 62 26533 36947 8631 562 17 2197 7445 424 13870 12327 578 3032 406 22185 664771 2959 54021 846 21263 12062 325 20945 146 2023 291 5585 12588 14144 3 3758 799 3607 9585 61 22357 3142 40 13 13689 2 14
internal_value=2.50165e-05 0.000136854 0.0385722 -0.0144467 -0.0241052 0.0502088 -2.2873e-05 -0.0430336 0.00444329 -0.0397914 -0.056622 -0.0531006 -0.0112759 -0.0839117 0.0120962 -0.0151455 2.78517e-05 -0.000401984 -0.00598974 3.53234e-05 -0.0273141 0.00417017 0.00758073 -0.00110581 -0.0306826 0.00753827 0.0191128 0.066482 -0.0439768 -0.0215474 0.0225174 -0.0158807 -0.00385303 -0.144132 0.0149879 0.0703064 0.0298997 -0.0136644 -0.0645514 0.0418611 0.0749049 0.0448946 -0.320024 0.048914
internal_weight=14232.9 14123.7 58.4514 109.148 86.5366 51.2297 14065.3 16.5683 30.6871 55.8495 35.1205 34.8742 20.729 4.26463 15.3288 10.6916 14048.7 12727.9 923.813 11804.1 14.6628 1320.74 802.184 518.558 12.8946 16.4644 5.21997 35.9009 7.22168 14.3795 22.6114 7.57489 7.25586 0.859147 6.39672 34.909 17.7925 4.55603 7.67461 15.0365 4.63721 13.2365 0.283294 13.9478
internal_count=1237198 1052146 30266 185052 162684 22020 1021880 14015 90947 71737 51241 50817 20496 8023 12082 9037 1007865 952030 233238 718792 13998 55835 33325 22510 52643 12473 22968 9938 8246 13150 22368 8170 8167 802 7365 9647 38304 24554 29675 14198 3045 13750 848 54
is_linear=0
shrinkage=0.05


Tree=166
num_leaves=45
num_cat=0
split_feature=4 75 60 76 76 74 73 75 40 19 60 19 6 52 74 57 8 74 17 21 74 76 30 30 27 16 6 74 57 75 56 73 3 27 20 1 62 62 73 1 1 78 77 75
split_gain=9.07539 9.1754 13.6813 13.371 13.7644 15.0095 11.717 11.6258 23.4909 24.9569 28.7917 17.3561 13.448 10.1031 18.8179 14.4651 12.4591 10.0579 11.4049 9.79828 7.80647 7.85029 7.93358 13.3175 7.2156 9.53937 7.11508 6.85785 7.30631 9.01038 6.42691 5.90743 3.28499 2.31519 3.0379 2.25518 2.17353 0.429547 0.0852445 0.00922124 0.126045 0.00584046 0.00232446 5.18889e-05
threshold=0.054299755021929748 0.015524800192328993 152.50000000000003 0.63571351946577648 0.62913649275521422 0.79250337953668148 322.50000000000006 0.016216885803328699 9.5000000000000018 0.88727098703384411 76.500000000000014 0.94649675488471996 0.93419912457466137 0.0073991220289547511 0.88639957800627434 11.500000000000002 0.78474903106689464 0.95617254397737439 0.66763567924499523 1.5000000000000002 0.49337244944199415 0.24487749970953815 0.77280429005622875 0.79682460427284252 0.83796653151512157 0.86203312873840343 0.93127068877220165 0.57971390242785648 13.500000000000002 0.034713166053291562 16.500000000000004 3.5000000000000004 0.39396725594997412 0.45846603810787206 0.22792208194732669 0.83910790085792553 6.5000000000000009 37.500000000000007 3.5000000000000004 0.93127068877220165 0.92031747102737438 0.9999971650543823 0.17962771777507108 0.11855648802436757
decision_type=2 2 2 2 2 2 2 2 2 2 2 2 2 2 2 2 2 2 2 2 2 2 2 2 2 2 2 2 2 2 2 2 2 2 2 2 2 2 2 2 2 2 2 2
left_child=20 2 3 4 6 -6 -2 8 9 10 -3 -11 26 17 16 -16 -15 19 -19 -9 38 27 33 32 31 -26 -10 -22 -29 -30 -25 -5 -24 34 -23 -14 -4 -35 -1 40 -38 42 43 -40
right_child=1 7 36 24 5 -7 -8 13 12 11 -12 -13 35 14 15 -17 -18 18 -20 -21 21 22 23 30 25 -27 -28 28 29 -31 -32 -33 -34 37 -36 -37 39 -39 41 -41 -42 -43 -44 -45
leaf_value=-0.083339836567277392 0.0022499235104158637 -0.041393594045780621 -0.33379014520767297 0.059415815649924479 -0.053734577505391581 0.15125530058626913 -0.037266639515787285 -0.00038589912934559423 0.057971052502100676 0.019532107690391848 -0.19900428957504318 -0.028431815195302731 0.066825176461893732 0.032286920896560323 0.039791939044036675 -0.075642237729941872 -0.00010904038982157229 0.026215451241779677 0.00070300410095371795 -0.0045992190584304123 0.076531725537919759 -0.067413969289549361 0.032598307966711253 0.04445780003968311 0.028304849698394332 -0.054851584504848318 0.32084120506339464 0.061787636532671567 0.046436395046227472 -0.0036981536059031562 -0.046921400266439907 -0.054070696082901895 0.12435375686010537 -0.059921330730718661 0.056282009588808725 -0.012894200136158327 -0.050574899572146816 -0.098306719381519733 -0.050289650343198759 -0.15944245371703347 -0.15878827848715502 -0.058075835762383482 -0.054347599151664983 -0.051201621148221604
leaf_weight=0.2837972356869608 4198.6678526044579 34.430317181988812 0.25470711290836234 1.2176002343078405 1.2614123962675865 3.0573130929842591 18.842685739075932 7774.7387320504704 0.3824298732556588 37.189146167862418 3.163847416144562 38.269959058335189 3.0729067263096113 72.216921431438095 3.7698096358576541 9.6891417493943646 50.385702854207466 71.885219703861821 112.14332701470221 1677.6275343146108 6.8693291693925849 0.95263458618046826 1.552456957771027 2.8159254640900127 9.4847293662304519 5.4193730966144349 0.78747096657752991 9.8355391547083837 13.699919857084749 25.914711128920317 6.0761848923234538 19.692980164055257 2.6245695250481731 4.309442829877753 1.0363545574787165 1.2472110253606841 0.030744226935439656 0.87716399672081014 0.31083020289497731 0.21594806791063093 0.21573232114315033 0.91857410967349995 1.5928979422897098 0.31307422390591455
leaf_count=11 68952 7934 2 55 801 12 17626 893996 205 149 1001 156 49 13791 55 267 2208 2739 590 14357 13 805 68 163 70188 1997 2 35 46 97 371 126820 51 7888 39 47 180 1315 1365 11 1 8 28 704
internal_value=2.43164e-05 -7.06219e-05 0.00186988 0.00190666 0.00216473 0.0913819 0.00207337 -0.000906062 -0.0164702 -0.021375 -0.0546578 -0.00479335 0.0845332 -0.000717264 0.0128123 -0.0433095 0.0189732 -0.000908296 0.0106687 -0.00113369 0.0168193 0.0201203 -0.00658355 0.0166093 -0.0285153 -0.00193218 0.234911 0.0297193 0.0232164 0.0136399 -0.0179837 -0.0474625 0.0902514 -0.0488254 -0.00296269 0.0438103 -0.216502 -0.0664131 -0.0570987 -0.151899 -0.14529 -0.0547234 -0.0533343 -0.0507473
internal_weight=14229.3 14149.4 4258.36 4257.64 4221.83 4.31873 4217.51 9891 118.543 113.053 37.5942 75.4591 5.49002 9772.46 136.062 13.459 122.603 9636.39 184.029 9452.37 79.9834 76.5642 20.2447 13.0691 35.8147 14.9041 1.1699 56.3195 49.4502 39.6146 8.89211 20.9106 4.17703 7.1756 1.98899 4.32012 0.717132 5.18661 3.41917 0.462425 0.246477 3.13538 2.2168 0.623904
internal_count=1237198 1224191 286645 286451 87391 813 86578 937546 9543 9240 8935 305 303 928003 16321 322 15999 911682 3329 908353 13007 10891 10700 653 199060 72185 207 191 178 143 534 126875 119 10047 844 96 194 9203 2116 192 181 2105 2097 2069
is_linear=0
shrinkage=0.05


Tree=167
num_leaves=45
num_cat=0
split_feature=35 38 10 44 17 76 64 19 45 62 61 67 3 75 44 62 9 27 20 8 13 4 3 40 45 47 37 54 56 43 47 37 8 44 16 72 19 34 43 44 44 30 52 13
split_gain=8.98219 16.568 18.4951 19.0928 17.1539 22.1484 14.8125 13.5457 13.4778 13.3785 17.9284 15.5985 16.5561 14.5301 16.6354 13.9154 17.7619 15.0004 13.597 13.3379 17.567 14.4436 13.3124 16.3734 12.892 12.6869 19.8806 13.5126 12.372 11.989 11.5112 11.334 10.7953 10.5725 10.2658 10.2296 13.914 9.9441 9.93965 9.70878 9.23285 12.9944 10.1303 9.02595
threshold=1.0000000180025095e-35 1.5000000000000002 0.93582704663276683 0.99971183341554648 0.15694377571344378 0.2213038143741288 1.0000000180025095e-35 0.75369602441787731 -0.45943271298796645 11.500000000000002 20.500000000000004 3.5000000000000004 0.72448614239692699 0.40086525339131934 0.99929587485470883 16.500000000000004 12.500000000000002 0.62894910573959362 0.68585526943206798 0.28669276833534246 0.79008570313453685 0.42980295419692999 0.9703982174396516 4.5000000000000009 -0.58988289062240429 0.91319276552809481 2.5000000000000004 0.99999895787473358 27.500000000000004 3.5000000000000004 0.52664288881242227 5.5000000000000009 0.7228132188320161 0.93684428637238903 0.51885762810707103 3.5000000000000004 0.71087193489074718 1.5000000000000002 48.500000000000007 0.99736232710236383 0.99954985547776476 0.90023696422576915 0.0015378027780585219 0.84680575132370006
decision_type=2 2 2 2 2 2 2 2 2 2 2 2 2 2 2 2 2 2 2 2 2 2 2 2 2 2 2 2 2 2 2 2 2 2 2 2 2 2 2 2 2 2 2 2
left_child=9 4 3 25 22 8 7 -7 -6 10 -1 12 -11 24 18 16 -14 -17 -15 29 21 -21 40 39 -13 27 -27 -3 -16 -4 -5 -10 -22 -8 -12 43 -37 -26 -25 -24 42 -42 -2 -36
right_child=1 2 19 30 5 6 33 -9 31 11 34 13 15 14 28 17 -18 -19 -20 20 32 -23 23 38 37 26 -28 -29 -30 -31 -32 -33 -34 -35 35 36 -38 -39 -40 -41 41 -43 -44 -45
leaf_value=-0.088728563816539818 0.014903400278761312 0.010230203784531558 0.12155733240330409 0.042427340670138057 0.021525852102870682 0.0074256158379357165 -0.092478841545100901 -0.016453632038903411 -7.241336680998351e-05 -0.11122756585020242 -0.099133330307958289 0.033756677797513561 -0.015428821222418813 0.019179569895042797 0.0081806718780088362 -0.0080081429219846251 -0.086453707589059653 0.011271465436907284 -0.19135946221427538 -0.00087571658744908505 0.0052321853075100143 -0.060735994048854686 0.049504701410169938 -0.0020413460691929867 -0.0040221465675929768 0.0032950708043835326 0.05747693945295989 -0.015159928065020107 -0.069168743772340099 0.017273622520339635 0.23113131388524241 0.030838770757810975 -0.012661852192442553 0.021077887039639476 0.0085646203279122375 -0.05014156849503533 0.016959335507724722 -0.069706843902782784 -0.037667788223488867 -0.017360366890185663 0.0087347820576389405 -0.076066571416970499 0.057008582366610473 -0.00078570728512546606
leaf_weight=5.6680573970752439 290.7034748517699 717.79612631436942 2.9545675953612536 1.7070042841048683 74.252582333147075 69.446582734877211 2.144856972402521 410.02912973637899 5744.3860925819026 3.9434646315278306 2.5965035075087135 22.661314370017408 298.76024020381533 159.53222463718021 10.621003360084162 620.68229502418217 9.069790765554897 120.47174902659071 0.77056731283664603 17.376964885944744 234.02648223235929 23.988202544852811 17.879506519987448 47.841053487655245 622.61153069087277 33.181416252569761 34.567644278518856 56.528900936245918 10.07230877854863 41.021274964567738 1.5348030675468178 29.808454027441257 131.73079337577974 46.208813991190937 276.88748465806839 8.1785109181942044 139.5183243225315 5.8158723328642727 33.13952502181337 7.7959382783872107 14.867334120295029 6.4891248136741515 15.02358299198522 3802.6877665682459
leaf_count=101 28814 648791 41 9178 5017 133300 1045 11571 22478 1172 8152 12867 24802 6500 305 34490 1542 14444 4 2928 41741 7994 309 233 5390 120 91 192 345 56432 22 4441 22833 4924 830 101508 413 38 595 158 3638 376 5041 11992
internal_value=2.31595e-05 0.00111481 0.00629556 0.0106582 0.000128562 -0.000525937 -0.0103351 -0.012995 0.000359349 -0.00142269 0.000136789 -0.00492678 -0.00897011 0.000189682 0.0127213 -0.00858569 -0.0175215 -0.00487432 0.0181675 -0.00187967 -0.00470534 -0.0355895 0.00975015 -0.00558968 -0.00329398 0.010192 0.0309403 0.00837662 -0.0294686 0.02428 0.131767 8.71612e-05 -0.00121251 0.0160408 0.000255869 0.000316916 0.0132437 -0.00463004 -0.0166207 0.0292022 0.0147522 -0.017032 0.0169725 -0.000151085
internal_weight=14227 8106.43 1296.41 845.316 6810.02 6376.28 527.829 479.476 5848.45 6120.55 4235.54 1885.01 1052.93 832.085 180.996 1048.98 307.83 741.154 160.303 451.098 407.122 41.3652 433.74 106.656 651.089 842.074 67.7491 774.325 20.6933 43.9758 3.24181 5774.19 365.757 48.3537 4229.87 4227.27 147.697 628.427 80.9806 25.6754 327.084 21.3565 305.727 4079.58
internal_count=1237198 1012303 790363 658394 221940 182776 150840 144871 31936 224895 122996 101899 76450 25449 7154 75278 26344 48934 6504 131969 75496 10922 39164 1295 18295 649194 211 648983 650 56473 9200 26919 64574 5969 122895 114743 101921 5428 828 467 37869 4014 33855 12822
is_linear=0
shrinkage=0.05


Tree=168
num_leaves=25
num_cat=0
split_feature=21 56 76 53 35 43 52 76 54 74 13 39 47 10 8 1 44 50 64 15 28 41 46 78
split_gain=8.97965 8.96171 8.89457 10.6744 16.5662 22.015 15.1054 14.2768 17.286 16.6912 8.17179 8.11046 7.04103 11.1718 6.39245 8.73617 5.94324 2.42756 2.39963 1.2735 0.19074 0.133303 0.0498972 1.14705e-08
threshold=6.5000000000000009 50.500000000000007 0.66110557786447022 0.42606564308231526 1.0000000180025095e-35 65.500000000000014 0.0012199667568610617 0.2213038143741288 0.99999895787473358 0.76430064571946865 0.95861870050430309 2.5000000000000004 -0.24969633388024984 0.62192192673683178 0.62622550129890453 0.77836257219314586 0.96863532437395594 1.5000000000000002 1.0000000180025095e-35 0.94633257389068615 0.70785412192344677 0.6509598195552827 0.64613580925817204 0.068886077280793725
decision_type=2 2 2 2 2 2 2 2 2 2 2 2 2 2 2 2 2 2 2 2 2 2 2 2
left_child=1 2 3 4 5 -1 -6 8 -5 -9 14 18 13 -12 15 -4 -14 -16 19 21 22 -3 23 -13
right_child=-2 11 10 7 6 -7 -8 9 -10 -11 12 20 16 -15 17 -17 -18 -19 -20 -21 -22 -23 -24 -25
leaf_value=-0.013542964342384443 0.086349118480879908 0.060554399472921155 -0.028585971930320437 0.0037246165601109681 0.0083003522798190173 0.019683872206424542 0.045502595374662252 -0.01603812273420083 -0.00078148144814204365 -0.0020962941664854043 0.14684212190476681 -0.05000214591517891 0.034288885752142721 -0.052405545557514768 -0.057735096146597213 0.011686677125187119 -0.0094602327994980362 0.033212991609326982 -0.07059424458779362 -0.0062831040446486644 -0.20961307225979225 0.082935714485774609 -0.14731145099402229 -0.050102197322856173
leaf_weight=194.12526444658624 3.0117226880956869 9.0111626719803919 44.542250290115021 2758.7608020057887 569.33299591510104 67.077594454678092 28.659174340630216 286.90871285339017 9312.9141202848405 852.72769695869647 1.9495656731405682 0.0099880959933223989 9.1316767800908547 1.1007312047322555 13.95429052510087 19.301251757999921 51.790178656756325 0.77442474487895729 0.37929503595842184 0.7296091169118889 0.18165129804538083 0.7183194070084945 0.22421307861804962 0.0040167185943573722
leaf_count=13968 18 544 590867 10133 216488 43153 18243 4379 27676 3389 136 1331 25610 1846 25283 48122 188460 17491 48 3 3 4 1 2
internal_value=2.21901e-05 3.91201e-06 -3.14097e-05 9.44854e-05 0.00549473 -0.00501022 0.0100833 -0.000256719 0.000248305 -0.00560621 -0.0124585 0.044596 0.00080913 0.0749415 -0.0232607 -0.0164107 -0.00290261 -0.0529531 0.0529488 0.057429 -0.171021 0.0622068 -0.141592 -0.0500308
internal_weight=14227.3 14224.3 14213.1 14070.5 859.195 261.203 597.992 13211.3 12071.7 1139.64 142.544 11.2583 63.9722 3.0503 78.5722 63.8435 60.9219 14.7287 10.8384 10.4591 0.419869 9.72948 0.238218 0.0140048
internal_count=1237198 1237180 1235244 337429 291852 57121 234731 45577 37809 7768 897815 1936 216052 1982 681763 638989 214070 42774 599 551 1337 548 1334 1333
is_linear=0
shrinkage=0.05


Tree=169
num_leaves=45
num_cat=0
split_feature=74 75 75 44 75 66 34 43 75 74 43 21 61 43 43 43 5 17 43 74 35 44 75 16 52 74 33 44 61 56 20 17 27 3 64 54 2 64 78 47 3 78 74 47
split_gain=9.00548 8.95751 18.4409 22.5089 41.8655 38.0854 24.9315 16.9172 16.3667 15.3876 25.8661 23.1668 37.6094 33.7039 32.137 23.2519 20.554 17.0203 24.8031 19.868 15.6225 15.5928 14.0434 13.062 11.75 11.4836 12.7752 12.3712 11.1815 19.3531 10.1654 6.00439 2.08825 1.22578 9.95704e-05 3.53093e-05 7.14997e-06 8.05105e-06 4.52964e-06 3.56919e-06 2.88494e-06 2.71908e-06 2.2821e-06 1.86468e-06
threshold=0.10999672777298637 0.041720382226369764 0.18729103117916099 0.99587984875861646 0.043233790398824197 3.5000000000000004 1.0000000180025095e-35 291.50000000000006 0.065038405588831907 0.77235107975040262 79.500000000000014 1.5000000000000002 32.500000000000007 35.500000000000007 36.500000000000007 49.500000000000007 0.55612829327583324 0.16990566253662112 3.5000000000000004 0.90671793854888028 1.5000000000000002 0.99971168568543189 0.039855705960047845 0.92135426402091991 0.0021709365331390525 0.95617254397737439 0.93356561660766613 0.99940530953641049 86.500000000000014 30.500000000000004 0.72902098298072826 0.53671374917030346 0.99671053886413585 0.45206411182880407 1.0000000180025095e-35 0.99994914122396128 0.83373981714248668 1.0000000180025095e-35 0.43092195823604534 -0.075487889769932273 0.92942363023757946 0.74291585239718161 0.044573413054025651 -0.051727950591046644
decision_type=2 2 2 2 2 2 2 2 2 2 2 2 2 2 2 2 2 2 2 2 2 2 2 2 2 2 2 2 2 2 2 2 2 2 2 2 2 2 2 2 2 2 2 2
left_child=32 9 3 6 5 -5 23 -6 -8 11 17 13 20 16 -15 -14 -2 18 -11 -19 -13 24 -23 -3 -12 26 27 -4 31 -30 -28 -27 35 -34 43 41 39 38 -38 -37 -36 -1 -43 -35
right_child=1 2 25 4 7 -7 8 -9 -10 10 21 12 15 14 -16 -17 -18 19 -20 -21 -22 22 -24 -25 -26 28 30 -29 29 -31 -32 -33 33 34 40 36 37 -39 -40 -41 -42 42 -44 -45
leaf_value=-0.050034338974601335 0.020656667065588614 0.015807519821307854 0.0003118734289472963 -0.10531093897905729 -0.0077522644213460336 -0.020565950666936297 0.0057211370082451713 0.033285115500605353 -0.0084109386345611048 -0.045907004664301816 0.012965598860817988 -0.082085108286172603 0.0039895660683742949 0.049397942008297696 0.0017982427446907403 -0.020339945715777956 -0.022467680493388771 -0.0013021755979560994 0.016643025102443688 0.006576343726966998 0.021607062786441127 -0.025979841695699071 -0.33134019286245681 -0.013075111512857181 0.0468638243969886 0.036671825787024194 0.0036333957427150741 -0.011553103316362607 -0.14137370320802209 0.062959555634119466 0.022766841849425682 0.011805530269459146 0.062599588007949444 -0.050727789226870157 -0.05180528501113893 -0.050674403262968515 -0.050123958840467012 -0.050558435912112065 -0.05028338429290985 -0.050152612533837605 -0.052362013401887043 -0.050101869915051361 -0.050378722239038221 -0.05013972494583549
leaf_weight=2.9242571726376774 31.689323167939619 295.01286453154194 3510.2051428009258 20.4128567357875 1350.6123673482457 37.823257591322999 303.06593112610335 25.589447765575642 632.34947550633092 16.794533916518503 499.05104806781924 25.224758991866569 189.94638726894254 36.25369765134792 1619.4142558668227 203.32762957506475 215.73239880389292 3068.0517705970183 281.38974239104982 1082.570343048324 4.2435108509116608 17.746331549513346 0.38468127969781463 45.133914671247112 26.943866004294932 32.940828061325192 204.04273738025222 234.36103399698595 2.8833902179021598 1.937461715619065 105.21496940546604 92.297083087128158 0.69177039192163714 0.014226233788576792 0.050610433304427715 0.033393062893083081 0.50661941399584964 0.24604065432504274 3.695653491304256 1.7651222980371126 0.043074410408735275 1.5220032960933165 0.078262559254653641 0.25703566296169811
leaf_count=95918 4870 20497 441236 2775 79503 3287 21802 20618 68626 76 104715 115 1130 1285 187101 1478 3021 75253 16697 8698 145 5252 283 206 6894 2011 570 56192 113 33 273 628 67 3 46 5 413 35 800 1022 1 949 15 2541
internal_value=2.09203e-05 5.72134e-05 -0.00123613 -0.0044493 -0.00874637 -0.0502707 0.000382984 -0.0069892 -0.00383228 0.00127547 0.00284023 -0.00208365 -0.0126714 0.000268273 0.00284052 -0.0085891 -0.0169444 0.00158164 0.01312 0.000752709 -0.0671532 0.0131306 -0.0324586 0.0119751 0.014702 0.000845121 0.000375922 -0.000430719 0.0154696 -0.0592538 0.0101429 0.018346 -0.043589 0.0234858 -0.0506559 -0.0501694 -0.0502464 -0.0502804 -0.0502642 -0.0501623 -0.0520613 -0.050063 -0.0501154 -0.0501706
internal_weight=14224.5 14212.6 6893.88 2710 1434.44 58.2361 1275.56 1376.2 935.415 7318.76 4992.93 2325.83 422.742 1903.09 1655.67 393.274 247.422 4448.81 298.184 4150.62 29.4683 544.126 18.131 340.147 525.995 4183.88 4053.82 3744.57 130.059 4.82085 309.258 125.238 11.8281 1.05672 0.364947 10.7714 6.24683 4.44831 4.20227 1.79852 0.0936848 4.52452 1.60027 0.271262
internal_count=1237198 1135383 718370 217314 106183 6062 111131 100121 90428 417013 217868 199145 2868 196277 188386 2608 7891 100724 16773 83951 260 117144 5535 20703 111609 501056 498271 497428 2785 146 843 2639 101815 2658 2591 99157 2275 1248 1213 1027 47 96882 964 2544
is_linear=0
shrinkage=0.05


Tree=170
num_leaves=39
num_cat=0
split_feature=56 41 76 45 76 45 33 48 35 44 43 47 77 60 60 53 15 29 74 74 60 2 60 48 15 43 41 62 62 15 77 12 48 76 45 42 76 48
split_gain=8.83466 8.72014 12.3105 13.1385 12.9136 21.9626 13.7575 12.4489 22.4627 16.2064 9.24596 10.718 17.4379 10.6835 10.7141 13.0642 10.4056 10.0019 8.29124 8.66816 9.03595 8.73413 8.24816 6.53629 10.4154 10.0048 5.20643 4.23108 2.81779 0.769732 0.267638 0.077462 0.0341624 0.355484 0.0118601 1.27594e-05 1.16984e-05 0.000118415
threshold=3.5000000000000004 0.51027804613113414 0.48261304045459763 -0.55865731462183332 0.082331710859778681 -0.085541502036153585 0.5505102574825288 0.91112678263595059 1.5000000000000002 0.99338679920838235 9.5000000000000018 0.77827671854801139 0.71016232810857505 124.50000000000001 108.50000000000001 0.97240428877375595 0.83372825384140026 0.90000000596046459 0.75915296200172355 0.75971346882903656 37.500000000000007 0.11566332355141641 19.500000000000004 0.96695455786364881 0.94633257389068615 45.500000000000007 0.77684935927391063 11.500000000000002 5.5000000000000009 0.83372825384140026 0.71016232810857505 1.0000000180025095e-35 0.98751063528077154 0.51186502733243644 -0.58988289062240429 2.5000000000000004 0.6472327636442754 0.97035045476281334
decision_type=2 2 2 2 2 2 2 2 2 2 2 2 2 2 2 2 2 2 2 2 2 2 2 2 2 2 2 2 2 2 2 2 2 2 2 2 2 2
left_child=27 2 3 7 6 -6 -5 8 -2 -9 11 12 22 14 17 -16 -13 -12 23 20 -20 -21 -3 25 -25 -4 31 30 -14 34 32 -15 33 -1 36 -35 -29 -38
right_child=1 10 18 4 5 -7 -8 9 -10 -11 13 16 28 26 15 -17 -18 -19 19 21 -22 -23 -24 24 -26 -27 -28 29 -30 -31 -32 -33 -34 35 -36 -37 37 -39
leaf_value=0.087198014701307572 -0.0055962793455982332 -0.056959550609301662 -0.039625681097102294 0.0084890640490910951 2.475969008022421e-05 -0.012957959564538622 -0.00020001051163015768 -0.0015842012746202694 0.05381563992612879 0.026766693929460589 0.0182808150376382 -0.08023324639159729 0.054320504785131229 -0.097975248072720914 -0.080917959079012114 0.024400379107377034 0.0063588719891876661 -0.0015776687094124057 -0.056418574131336163 0.038205693947023563 0.1034569149406623 -0.0069785021902862279 0.007768091182320397 -0.038360904264278101 0.15428815561585432 0.0069193180608524626 0.071757551629710842 -0.055243151775034638 0.028056506113817228 0.053095408703802409 0.062006753164142218 -0.062519049148485009 0.093436655057741277 -0.052187686468073424 -0.069204877814884311 -0.050095827353598445 -0.050272698345045413 -0.055144785491659
leaf_weight=0.73383402823446775 183.15667601692394 4.9679815927631799 17.606256967648392 477.06658510834677 849.39228274075913 528.40850585716498 10098.045033035109 77.85451519228036 17.42283386369445 142.98008584134868 70.205579213499959 6.6184526532888395 20.225892245769501 0.25066745487538256 8.6849695492846859 4.4548985716410234 7.2915639281272888 654.69038119556399 1.1849519973598024 10.995210036785009 3.4773915582181871 391.88671392918684 528.6236887280852 43.942707965154113 0.71297362794621122 33.536409406328858 6.9536685264856715 0.085902437567710876 20.62752465903759 0.16470059752464294 5.2383468747138977 0.39963106149843952 0.7462993860244751 0.040162358433008194 0.59917038679122914 0.0089061579610643093 0.014540414083512587 0.08764822576813458
leaf_count=1 24774 42 49092 70949 49769 3617 43756 3517 26805 754 18330 24 45 11 1465 31 19 29732 2459 6801 1865 518875 6813 7527 58 368634 35 1 57 1 12 651 1 1 3 479 187 5
internal_value=2.05648e-05 -8.48194e-06 -0.00040711 -9.53215e-05 -0.000401235 -0.00495432 0.000191973 0.00858156 -0.000435613 0.0167717 0.00383966 0.00852578 0.00957592 0.000142021 -0.000465476 -0.0452112 -0.0348421 0.000345609 -0.00807221 -0.00496092 0.062824 -0.00574536 0.00716545 -0.0213082 -0.0352851 -0.00910416 0.0591053 0.0534957 0.0410594 -0.0452019 0.0673791 -0.0761862 0.0857823 0.0784858 -0.0657664 -0.051808 -0.0548131 -0.0544515
internal_weight=14219.4 14211.7 12877.7 12374.3 11952.9 1377.8 10575.1 421.414 200.58 220.835 1333.99 588.355 574.445 745.64 738.036 13.1399 13.91 724.896 503.343 407.544 4.66234 402.882 533.592 95.7983 44.6557 51.1427 7.60397 7.71951 40.8534 0.951962 6.76755 0.650299 1.5292 0.782903 0.787261 0.0490685 0.188091 0.102189
internal_count=1237198 1236507 1179252 223941 168091 53386 114705 55850 51579 4271 57255 7000 6957 50255 49558 1496 43 48062 955311 530000 4324 525676 6855 425311 7585 417726 697 691 102 197 494 662 482 481 196 480 193 192
is_linear=0
shrinkage=0.05


Tree=171
num_leaves=45
num_cat=0
split_feature=74 75 61 22 20 44 17 21 56 43 44 44 43 60 66 44 74 56 75 61 74 75 74 44 62 43 44 44 60 15 43 18 62 3 63 3 51 78 6 45 65 43 78 77
split_gain=8.60509 8.54535 12.2043 16.6954 16.4031 15.4173 12.6257 11.4366 21.398 25.4795 12.8795 20.3761 15.7673 11.075 17.4104 31.5061 18.2804 18.7443 17.3943 13.3218 13.0651 12.8256 17.4925 25.8654 12.283 19.6649 16.0114 11.717 10.9526 6.97943 4.39914 3.18483 1.99469 1.13886 4.14279e-05 4.60685e-05 2.95762e-05 7.78786e-06 5.6369e-06 3.71234e-06 3.665e-06 1.87902e-06 1.6453e-06 1.57017e-06
threshold=0.10999672777298637 0.015524800192328993 81.500000000000014 -1.0000000180025095e-35 0.50925925374031078 0.99980763608514578 0.53671374917030346 1.5000000000000002 7.5000000000000009 57.500000000000007 0.99963924459869846 0.99932577015882063 7.5000000000000009 27.500000000000004 3.5000000000000004 0.99560922963743781 0.76647658607300406 29.500000000000004 0.0048182132379731143 36.500000000000007 0.75606340182311305 0.012942303105432819 0.77554231743323909 0.99928356858150791 7.5000000000000009 138.50000000000003 0.91491297002534233 0.97103852742889574 115.50000000000001 0.60280528664588939 115.50000000000001 0.83960041403770458 1.0000000180025095e-35 0.45206411182880407 1.0000000180025095e-35 0.46630005538463598 0.017075247861971867 0.74291585239718161 0.81016731262207042 -0.6930452864594927 1.0000000180025095e-35 19.500000000000004 0.74291585239718161 -0.00048597286665678533
decision_type=2 2 2 2 2 2 2 2 2 2 2 2 2 2 2 2 2 2 2 2 2 2 2 2 2 2 2 2 2 2 2 2 2 2 2 2 2 2 2 2 2 2 2 2
left_child=32 13 7 4 29 6 -5 10 31 -10 11 -3 -12 14 15 19 20 -18 -17 -2 -16 24 23 -23 25 -15 -26 -24 -6 -4 -7 -9 33 -1 35 -35 42 39 -39 41 -40 -38 -34 -37
right_child=1 2 3 5 28 30 -8 8 9 -11 12 -13 -14 21 16 18 17 -19 -20 -21 -22 22 27 -25 26 -27 -28 -29 -30 -31 -32 -33 36 34 -36 43 37 38 40 -41 -42 -43 -44 -45
leaf_value=0.060554842283563295 0.025398100937614038 -0.00025488284990412316 0.18353273671384773 0.01831411862157593 0.011717620183863221 -0.14549643702670648 2.7134043005886278e-05 0.084593619503876089 -0.0016567157231772854 -0.016632540314894247 0.016763365738289147 -0.0089939493148295368 0.0006075889151278312 0.0050199411937021437 -0.018769903840437845 -0.019358189766013542 0.031003297166367162 -0.024380696140516273 -0.068296687083645335 -0.086077575372840082 -0.12745020271322646 0.0093741691646662042 -0.069699938061449612 -0.037968571345535024 0.025071487115652477 -0.019089388085434717 -0.0029028748967873208 0.018003755605111527 0.058971085257596423 0.06789888841156215 0.05289976407300484 0.035267786381500597 -0.050026544323877813 -0.052006013583181979 -0.052009515466697236 -0.0506924079697499 -0.050989256098092309 -0.050165461439170604 -0.050508544643031367 -0.050129134744164597 -0.050279570134515728 -0.050054097100519258 -0.050096293303126205 -0.050143298195796576
leaf_weight=0.67965448766562875 31.778850827246515 6252.6175775148713 1.7600648432271544 109.70990705421445 95.253146323906549 2.2281740636572063 675.79776034256611 6.0451268805254568 951.7347897170398 404.83144595928889 227.43155109679674 746.66025865260053 449.51551809940656 1990.1312990381407 13.961435219942361 39.49573277493846 57.692637426910551 20.779515394597638 33.606750185838337 2.9268974341453022 3.4483727043689205 100.12388201603108 3.8552977303611433 40.528779231537555 53.004562244078443 88.332884647036281 1462.142451267825 311.82348501503157 14.07474938906398 5.0464615487776427 0.3194704481015832 7.1349147838936915 2.4751463411043901 0.039388839450566593 0.046870872128238261 0.013738773056502396 0.019024847075343021 1.1834792588488197 0.18430839898064766 1.7765001799402851 3.3729880206519738 0.0074848637859759029 1.2841423529025631 0.24839489408805093
leaf_count=67 760 665925 13054 71347 425 213 6071 20 5744 4824 1139 72758 65187 48832 1411 1416 1592 846 3139 1460 481 7271 173 3683 3450 24150 115322 13869 57 699 43 22 92704 18 10 8 1 462 25 4227 735 136 867 2555
internal_value=1.95383e-05 5.42844e-05 -0.000747574 0.00479115 0.0224896 0.00218295 0.00258123 -0.0013012 -0.00550987 -0.00612586 -0.000550202 -0.00118714 0.00603539 0.00193 -0.00944631 -0.0232321 0.00605424 0.0163376 -0.0418562 0.0159968 -0.0402963 0.00250217 0.0103982 -0.00426755 0.0014995 0.00399532 -0.00192424 0.0169327 0.017801 0.0978001 -0.120618 0.0578915 -0.0435355 0.0228767 -0.0506266 -0.0504117 -0.0501621 -0.0502263 -0.05026 -0.0501379 -0.0502914 -0.0507252 -0.0500504 -0.0501721
internal_weight=14215.1 14203.8 9950.16 904.19 116.134 788.055 785.508 9045.97 1369.75 1356.57 7676.22 6999.28 676.947 4253.63 203.69 107.808 95.882 78.4722 73.1025 34.7057 17.4098 4049.94 456.331 140.653 3593.61 2078.46 1515.15 315.679 109.328 6.80653 2.54764 13.18 11.3311 1.02805 0.348393 0.301523 10.3031 6.54379 4.74078 1.80301 3.5573 0.0265097 3.75929 0.262134
internal_count=1237198 1135383 907528 91909 14235 77674 77418 815619 10610 10568 805009 738683 66326 227855 11105 6775 4330 2438 4555 2220 1892 216750 24996 10954 191754 72982 118772 14042 482 13753 256 42 101815 2658 2591 2581 99157 5586 1222 4364 760 137 93571 2563
is_linear=0
shrinkage=0.05


Tree=172
num_leaves=45
num_cat=0
split_feature=78 42 76 54 34 74 78 8 47 60 73 56 27 21 27 73 45 61 76 56 30 3 78 56 73 51 6 30 6 21 47 32 74 28 72 38 1 73 57 33 74 74 75 20
split_gain=8.47166 9.76951 9.93857 18.2716 16.936 15.5616 14.6437 23.2259 16.9274 12.009 11.791 11.7614 14.5085 13.8417 9.82378 7.90448 7.59752 6.69184 5.90134 8.48099 8.09026 5.89693 7.59444 5.41099 6.35564 5.2626 5.13129 4.43148 1.649 0.433195 0.0495897 3.71499e-09 2.51233e-09 3.44084e-10 2.13513e-10 9.89695e-11 8.4443e-11 6.81242e-11 1.17405e-10 6.83374e-11 5.44625e-11 2.22314e-11 1.8929e-11 1.92036e-12
threshold=0.013267219544436956 5.5000000000000009 0.2213038143741288 0.99999895787473358 1.0000000180025095e-35 0.6256694159269357 0.92587920922628875 0.93440860509872448 0.94374685324473473 25.500000000000004 140.50000000000003 33.500000000000007 0.9566781520843507 3.5000000000000004 0.85019686818122875 177.50000000000003 -0.15490451137284186 101.50000000000001 0.51987012477728023 29.500000000000004 0.87514045834541332 0.92001411318779003 0.92587920922628875 25.500000000000004 52.500000000000007 0.046113690335060173 0.072948999702930464 0.48364824056625372 0.86729559302330028 3.5000000000000004 0.77827671854801139 1.0000000180025095e-35 0.58769289597610996 0.85756292939186107 6.5000000000000009 1.5000000000000002 0.88067796826362621 3.5000000000000004 8.5000000000000018 0.86799004673957836 0.63915136645949244 0.92499652337813132 0.5602476959586965 0.54772728681564342
decision_type=2 2 2 2 2 2 2 2 2 2 2 2 2 2 2 2 2 2 2 2 2 2 2 2 2 2 2 2 2 2 2 2 2 2 2 2 2 2 2 2 2 2 2 2
left_child=31 2 3 4 9 -6 7 -5 -8 -2 11 13 -13 -4 15 -12 18 21 23 20 -20 28 -23 24 -3 -21 -16 -25 -18 30 -19 33 -33 34 37 40 41 38 -1 -39 -34 43 -42 -35
right_child=1 16 10 6 5 -7 8 -9 -10 -11 14 12 -14 -15 26 -17 17 29 19 25 -22 22 -24 27 -26 -27 -28 -29 -30 -31 -32 32 35 36 -36 -37 -38 39 -40 -41 42 -43 -44 -45
leaf_value=-0.05001080529676636 -0.031391722121967613 -0.032648586534627287 -0.00093541738870424752 -0.012331963725124287 -0.0067453820803576141 0.0037359530301141843 -0.0016513887263739594 0.012190972501690838 0.0030530016416030355 0.012103201602875783 -0.031206155086174719 -0.020557339513883346 0.01915556773438231 -0.078560865961103593 0.06813882358271732 0.0070476146251293621 -0.067838808929304772 0.027704371475286677 -0.042132022427009197 0.039067013576370602 0.042910683596683423 -0.064692708197841758 0.060557914411015851 -0.061416158932638291 0.044898568926936139 -0.057821532419752499 -0.058406955678297581 0.060948640408545696 -0.15120988430928528 0.1084639160093822 0.060085292899361015 -0.05004155722019852 -0.050015378306640372 -0.050006189159595905 -0.05000034031739873 -0.050015715095441254 -0.050019718182746212 -0.050001016818362047 -0.050002074138510544 -0.050007215972552865 -0.05000342901696464 -0.050011993858305806 -0.050007334911014827 -0.05000343897733836
leaf_weight=0.0046728505106956577 16.281386811263474 4.5434946818350017 1473.8870641159479 532.45015467703342 429.98442971646864 2007.3894477728754 5821.4058985114098 117.94027494266629 2847.4526922516525 627.73980654434081 26.958916499777388 155.60821061142087 26.987066696959118 5.7652413046544089 0.83611578578529844 27.057540788278857 3.0524964960809471 0.16471422262338709 3.434706151534562 1.8317707778060128 15.052800973797273 2.371012030125712 2.4721092512481846 0.76938264629189035 6.3140922566581139 5.9666736477270206 19.112372867404702 19.311987405224954 0.73613159766409797 0.74545624136044353 0.41902828216552734 0.008527927948308256 0.0015809917622391376 0.0012264268880252107 7.4049964453307666 0.0038160464391694396 0.0022463821987912524 0.99094688751620197 0.021870417905120121 0.004465672515834739 0.0057728093470359454 0.0018293237735633738 0.0067042848177152337 0.0013156949571566656
leaf_count=30 94 172 16847 1750 7641 5842 16841 360 8749 3142 424 1955 247 94 8 830 7295 116 709 84 1158 702 19 20 713 762 426 608 279 2 1 23 15 13 1105791 18 8 52226 836 113 131 9 64 31
internal_value=1.91347e-05 4.89265e-05 -4.14723e-05 0.000454588 0.00379233 0.00188691 -0.00064903 -0.00788503 -0.000106142 0.0110036 -0.00358451 -0.00271534 -0.0146879 -0.00123787 -0.0231179 -0.0120443 0.0190701 -0.0212303 0.0260851 0.00866525 0.027111 -0.0373122 -0.000760131 0.0408851 0.012448 -0.0350635 -0.0531029 0.0562604 -0.0840378 0.0832049 0.0509484 -0.0500005 -0.0500192 -0.0500004 -0.0500004 -0.0500086 -0.0500118 -0.0500011 -0.0500036 -0.050001 -0.0500066 -0.0500078 -0.0500055 -0.0500048
internal_weight=14212.5 14204 14136.9 12400.6 3081.4 2437.37 9319.25 650.39 8668.86 644.021 1736.21 1662.25 182.595 1479.65 73.9649 54.0165 67.1859 9.96095 57.2249 26.286 18.4875 8.63175 4.84312 30.939 10.8576 7.79844 19.9485 20.0814 3.78863 1.3292 0.583743 8.45997 0.0264021 8.43357 8.42695 0.0178741 0.00661783 1.02196 0.0265433 0.995413 0.0140581 0.00437145 0.0124771 0.00254212
internal_count=1237198 77890 65250 44419 16719 13483 27700 2110 25590 3236 20831 19143 2202 16941 1688 1254 12640 8414 4226 2713 1867 8295 721 1513 885 846 434 628 7574 119 117 1159308 251 1159057 1158996 228 61 53205 866 52339 210 53 195 44
is_linear=0
shrinkage=0.05


Tree=173
num_leaves=45
num_cat=0
split_feature=4 74 43 75 28 44 74 57 67 6 2 43 75 35 21 18 4 76 57 2 3 60 60 44 8 43 18 66 31 43 77 57 57 19 36 17 74 56 33 74 78 19 72 78
split_gain=8.50526 8.93833 19.5569 15.6937 15.0889 14.315 13.8547 15.682 13.5047 16.2336 17.9297 13.841 26.6309 20.2226 14.0964 25.3768 13.8843 13.5337 13.3769 12.4563 19.3709 12.2248 11.9541 11.3901 10.9208 10.8198 10.7431 10.7207 16.4794 14.5746 8.48508 6.17957 6.71514 5.5366 5.05205 4.08803 4.26739 2.25999 4.19964 2.11039 0.0822364 0.0164995 0.000268312 7.16694e-06
threshold=0.045983087271451957 0.77235107975040262 79.500000000000014 0.044432601129475897 0.85756292939186107 0.99971168568543189 0.77273736199928467 7.5000000000000009 2.5000000000000004 0.61633428931236278 0.075710531324148192 32.500000000000007 0.0020021021278705778 4.5000000000000009 1.5000000000000002 0.55578610301017772 0.37416666746139532 0.3203222811016227 35.500000000000007 0.075710531324148192 0.40905597805976873 39.500000000000007 25.500000000000004 0.99932577015882063 0.77913278341293346 41.500000000000007 0.66530054807662975 1.5000000000000002 0.87194395065307628 318.50000000000006 0.3542742430227645 31.500000000000004 32.500000000000007 0.96911758184432995 1.5000000000000002 0.63427746295928966 0.77235107975040262 19.500000000000004 0.6296936869621278 0.94412727889595982 0.9999971650543823 0.95258533954620372 1.5000000000000002 0.12449907904534323
decision_type=2 2 2 2 2 2 2 2 2 2 2 2 2 2 2 2 2 2 2 2 2 2 2 2 2 2 2 2 2 2 2 2 2 2 2 2 2 2 2 2 2 2 2 2
left_child=30 8 6 5 23 22 7 -3 9 10 25 12 13 -10 16 -16 -13 -14 -9 34 -21 -7 -4 -5 -6 -2 -12 28 -11 -29 31 39 -33 35 -8 36 -32 -37 -39 40 41 -1 -34 -44
right_child=1 2 3 4 24 21 19 18 11 27 26 14 17 -15 15 -17 -18 -19 -20 20 -22 -23 -24 -25 -26 -27 -28 29 -30 -31 33 32 42 -35 -36 37 -38 38 -40 -41 -42 -43 43 -45
leaf_value=-0.053851337897765028 -0.0030255081285485404 0.36842918044974615 -0.059282577680566967 0.0083707901470121034 -0.052826669630847291 -0.066811126834179307 -0.034943967161320907 0.040939047041191425 -0.091947675902955384 -0.010364693361858449 -0.022031872290374982 -0.0097219304779845514 -0.0034461314250120445 0.066436348741243503 -0.052071315513646292 -0.0035676710653042201 0.0034915526734137906 -0.033644558048763408 -0.12217786973283609 -0.017212486555192859 0.00029115473054733938 0.014960191933947218 0.015300398479393563 -0.017221490332945316 -0.0078250380851366888 -0.12136544509236361 0.0077313241833052888 -0.010191336543409014 0.069725197686822421 -0.058839635326162348 -0.020224638160911163 0.19920308926812907 -0.053272860153936001 -0.0076529830829865086 0.069520818026314088 0.071490979374268696 0.044618862516240046 0.065683833313330456 0.011119418994548713 0.058903794391487123 -0.085449096951796893 -0.059852152814035109 -0.050152002132430686 -0.050762348312813246
leaf_weight=3.7231831883620989 3.3403737411342709 0.35188747779330043 5.426868974797002 269.06672541990054 20.363075958035552 10.206589148915556 1.3347126356561592 23.756690519582666 14.077380975028975 16.452622814398641 33.786221061088781 214.85096350570893 744.44330546547644 2.3521076231691032 28.217488536855853 608.35203930785474 2662.2136623401871 39.04709469466161 1.3271046363720405 161.45252931365485 7531.5078435928226 8.2773842559922723 536.26281824303749 51.854637475683489 39.893167819362134 4.579576955025459 295.41155906740369 796.75947774450105 10.535812439688014 15.699066796453961 4.9972518496215326 0.56831355502299608 0.13498823426198214 7.8835912458598605 8.7099612669039725 8.3800241798162478 5.1543259024620056 7.1329628452658635 6.9744648635387421 0.42238471700102298 0.24275055527687062 1.6545188062336817 0.056824610448302337 0.31316906301071867
leaf_count=7248 20 16 1243 96572 121 2813 10 1200 2746 12703 48941 236093 9323 511 3041 3847 316773 18901 180 4512 196153 2658 113929 32014 169 92 6074 81784 28 35125 24 372 6 29 249 31 20 19 26 53 1 75 1422 31
internal_value=1.81951e-05 -5.27634e-05 0.000946901 0.00775124 -7.50099e-05 0.0130767 0.000118109 0.0369591 -0.0016314 -0.00637963 0.00288813 -0.00033627 -0.00627224 -0.0692728 0.00101512 -0.00571771 0.00250481 -0.00495114 0.032309 -3.54172e-06 -7.6195e-05 -0.0301928 0.0145532 0.00423558 -0.0230329 -0.0714536 0.00467667 -0.0101015 0.020901 -0.0111314 0.0211095 -0.0292457 0.0813118 0.0299524 0.0556398 0.0390355 0.0126988 0.0509248 0.0387081 -0.0488823 -0.0569826 -0.0556976 -0.0513648 -0.0506686
internal_weight=14207.5 14159.9 8669.79 941.351 381.178 560.174 7728.44 25.4357 5490.12 1176.56 337.118 4313.55 799.92 16.4295 3513.63 636.57 2877.06 783.49 25.0838 7703.01 7692.96 18.484 541.69 320.921 60.2562 7.91995 329.198 839.447 26.9884 812.459 47.6388 7.11613 1.0733 40.5226 10.0447 32.639 10.1516 22.4875 14.1074 6.04284 5.62045 5.3777 0.504982 0.369994
internal_count=1237198 1227841 451839 249519 128876 120643 202320 1396 776002 184767 55127 591235 31481 3257 559754 6888 552866 28224 1380 200924 200665 5471 115172 128586 290 112 55015 129640 12731 116909 9357 9208 1831 149 259 120 44 76 45 7377 7324 7323 1459 1453
is_linear=0
shrinkage=0.05


Tree=174
num_leaves=45
num_cat=0
split_feature=41 47 75 74 66 44 44 30 44 72 75 63 60 52 47 74 75 48 74 44 73 74 44 73 60 57 72 4 73 78 10 30 15 18 41 34 61 62 27 56 16 74 15 41
split_gain=8.50296 11.3175 18.998 12.3442 14.044 13.2488 12.2139 11.9963 20.4698 13.2534 11.4015 30.6141 27.5531 20.6004 11.1136 21.3883 30.1047 19.1291 26.3632 15.7493 14.9736 10.6977 11.7001 8.82733 9.72775 9.03228 12.7673 17.2188 11.2327 13.3122 9.54964 8.25642 7.70174 13.222 11.456 9.56494 8.70662 7.65714 7.24843 7.02029 6.30222 4.8396 2.54987 1.31594
threshold=0.51027804613113414 0.007385627809015324 0.00095615362139050985 0.88639957800627434 6.5000000000000009 0.99971183341554648 0.99726197019494844 0.95904389023780834 0.99970490183936367 3.5000000000000004 0.0015124853191874276 1.0000000180025095e-35 24.500000000000004 2.531549398557292e-05 0.52664288881242227 0.90671793854888028 0.054419691143513783 0.96695455786364881 0.78416258955095086 0.59556235071998842 3.5000000000000004 0.91620579917227818 0.99600154162876231 7.5000000000000009 124.50000000000001 17.500000000000004 3.5000000000000004 0.10102041065692903 313.50000000000006 0.99999872278343116 0.83503401279449474 0.64722883701324474 0.50581476092338573 0.56106334924697887 0.52283760905265819 1.5000000000000002 25.500000000000004 3.5000000000000004 0.5346878468990327 33.500000000000007 0.65751671791076671 0.68449088951691117 0.64418154954910289 0.54330441355705272
decision_type=2 2 2 2 2 2 2 2 2 2 2 2 2 2 2 2 2 2 2 2 2 2 2 2 2 2 2 2 2 2 2 2 2 2 2 2 2 2 2 2 2 2 2 2
left_child=1 2 6 7 5 -5 21 9 -9 -4 11 12 -3 -14 15 20 -17 18 -16 -19 -12 22 -1 31 25 26 27 -25 30 -30 -27 42 34 40 35 -33 -35 -36 -28 -8 -34 -26 43 -2
right_child=23 10 3 4 -6 -7 39 8 -10 -11 14 -13 13 -15 17 16 -18 19 -20 -21 -22 -23 -24 24 41 28 38 -29 29 -31 -32 32 33 36 37 -37 -38 -39 -40 -41 -42 -43 -44 -45
leaf_value=-0.073194400941137175 -0.051855799378905193 -0.09498711709588184 -0.0011170264674210297 0.00011266831517602967 -0.1531914003274607 -0.12251810795050706 -0.10536691879955001 -0.054423642089846305 0.030910263119429272 -0.044765558673413475 -0.011807697761861701 -0.10191519494925921 0.012456703694104081 -0.020069419822142883 -0.016416023602754626 0.02405371921345489 -0.00019500974491589557 0.035899347717485125 -0.0023524369326976165 -0.00023900253774651473 0.0016632264997340749 -0.15521179422478437 0.066015963806711805 0.03155630166339881 -0.074524688766619301 0.013880046720969716 0.090884492570430186 -0.019947146589095664 -0.062086597987654993 -0.50262207477936716 -0.0001473801213377377 0.07558158987492522 0.018060446742775699 -0.035041078725707608 -0.071551638298020068 -0.070815395780734217 0.012710129095556022 -0.0094069067527894606 0.013034081215387232 0.068848583882276701 -0.11733903691463243 0.070336208350769022 0.16190929383233252 0.062021654529233909
leaf_weight=2.4053251070746482 0.2671742210757192 6.4065730275501656 99.942647497225607 432.63012266897476 1.5113853115117297 2.2137800484347272 9.357094448987251 37.877448356709351 8.6285478481204319 21.055014111090713 229.59934220148011 6.3940995591692618 501.64153695625419 53.911839138126197 445.40522628819963 249.41587679659142 262.92356040001187 30.276878074572778 1323.1570579982636 7108.5775376010106 2031.6433272689471 1.0895994680518013 4.0519074663868651 18.206515948375454 0.63067050414929227 164.97321061115872 3.4542969453386858 149.34866047089872 3.5668839425279653 0.18014710210263718 458.64373638119969 6.3166446082941539 1.2124808317316809 9.7688355045502231 5.4780785476509655 1.3550787491440131 418.45245024539417 52.086386897293323 22.241758626070123 0.61634690979281082 2.9512863388308688 6.7203959227795167 0.64037735223837433 5.0258081363213023
leaf_count=29211 643 38 7239 19542 95 201 8522 98870 2797 951976 666 31 1859 510 1779 776 1008 123 4144 22825 25078 108 1627 331 253 23786 2412 1398 577 3 13792 68 23 63 51 81 3089 581 9130 908 46 449 7 482
internal_value=1.76283e-05 -0.000375875 -0.00695886 -0.00546967 -0.00104047 -0.000511642 -0.0582855 -0.017008 -0.0385911 -0.00871238 -4.1937e-05 0.00687357 0.00811139 0.00930031 -0.00037842 0.00238542 0.0116097 -0.00123902 -0.00589429 -8.57347e-05 0.000295432 -0.0102936 0.01416 0.00382131 0.000646427 0.000133477 -0.00931796 -0.0143508 0.00304487 -0.0832664 0.00356347 0.00904159 0.00834248 0.0107586 -0.00767175 0.0497231 0.0116208 -0.0153209 0.0234994 -0.0946006 -0.077911 0.0579081 0.0676745 0.0562735
internal_weight=14202.3 12870.7 621.379 603.859 436.355 434.844 17.5203 167.504 46.506 120.998 12249.4 568.354 561.96 555.553 11681 2773.58 512.339 8907.42 1768.56 7138.85 2261.24 7.54683 6.45723 1331.52 827.966 820.615 193.251 167.555 627.364 3.74703 623.617 503.555 497.621 432.385 65.2362 7.67172 428.221 57.5645 25.6961 9.97344 4.16377 7.35107 5.93336 5.29298
internal_count=1237198 1179933 1121096 1080720 19838 19743 40376 1060882 101667 959215 58837 2438 2407 2369 56399 27528 1784 28871 5923 22948 25744 30946 30838 57265 52131 51429 13271 1729 38158 580 37578 5134 4002 3221 781 149 3152 632 11542 9430 69 702 1132 1125
is_linear=0
shrinkage=0.05


Tree=175
num_leaves=45
num_cat=0
split_feature=44 74 43 60 43 74 18 20 66 77 16 62 35 74 43 75 44 74 44 75 68 43 51 44 77 43 74 75 43 74 75 42 45 19 8 74 47 74 43 60 75 47 2 13
split_gain=8.46434 13.5499 13.9943 20.9599 21.8475 17.579 13.3179 17.1839 14.7532 13.8175 14.0281 13.2388 12.2994 15.839 28.336 28.6221 51.5898 18.7333 21.4663 17.2702 15.7981 18.5428 22.3332 30.7833 19.3048 19.2087 22.2181 20.8268 14.8798 17.3631 20.7565 12.0963 17.7415 14.5737 14.4147 11.2351 10.7583 28.8666 16.6317 10.6662 9.95991 9.76476 33.8329 10.9709
threshold=0.99963924459869846 0.67476956592363857 133.50000000000003 25.500000000000004 140.50000000000003 0.79740795442389933 0.88642504811286937 0.61721614003181469 2.5000000000000004 0.84336562637060275 0.86203312873840343 12.500000000000002 1.0000000180025095e-35 0.87919462285902539 19.500000000000004 0.0036358742079331853 0.99934472136391828 0.7954693964927857 0.99950474040498227 0.018643694753539445 1.0000000180025095e-35 16.500000000000004 0.98318228747244885 0.99910738247160424 0.079371427573475192 9.5000000000000018 0.88639957800627434 0.049284429520269075 14.500000000000002 0.90671793854888028 0.00044551562000440232 2.5000000000000004 -0.052472054284564966 0.77811044454574596 0.79008570313453685 0.71113311515227629 0.65873203582663697 0.91620579917227818 3.5000000000000004 37.500000000000007 0.00018831513308522211 0.91319276552809481 0.70579832792282116 0.87026646733284008
decision_type=2 2 2 2 2 2 2 2 2 2 2 2 2 2 2 2 2 2 2 2 2 2 2 2 2 2 2 2 2 2 2 2 2 2 2 2 2 2 2 2 2 2 2 2
left_child=12 -2 6 -4 5 -5 7 8 -3 35 -11 -9 13 14 15 16 -1 18 -16 -19 31 25 24 -24 -23 26 -22 -27 36 -30 -31 41 34 -34 -33 -8 38 -38 -15 -17 -6 43 -43 -14
right_child=1 2 3 4 40 -7 9 11 -10 10 -12 -13 20 28 17 39 -18 19 -20 -21 21 22 23 -25 -26 27 -28 -29 29 30 -32 32 33 -35 -36 -37 37 -39 -40 -41 -42 42 -44 -45
leaf_value=-0.081155054747879152 -0.033998396052927038 -0.019241938134910069 -0.60536679750622557 -0.11454860750471502 -0.22097903503487748 0.054510041824876038 0.03476349076859226 -0.0083752274911085955 0.011979747112921796 -0.075372740579589093 -0.0027392026318861845 -0.051202871035470325 0.0022271656315751738 -0.0044550407721637699 -0.0026325417614907354 -0.018137132818670819 0.012213631084685893 0.017759924413507381 -0.01966594954555503 -0.00073962550538857869 -0.0069907885331214788 -0.037779162508572196 0.0046260897360470609 -0.018337594316920142 0.011407018901751179 -0.0011102371405479607 0.0087607528725047179 -0.026465326776108095 0.042540105437610387 -0.20414969747159595 0.0030759444495210633 0.0017325927087198361 0.012862753702700911 -0.016118159563985563 -0.037369539649660992 0.0098768912639912148 -0.035105740477987583 -0.00041431384708387253 0.0083918877933038157 -0.0036246512816493805 -0.0022530161900571576 -0.035519007196191589 0.0063606546495289067 -0.0051499178090727094
leaf_weight=39.399545640592123 23.473856280629889 45.534210545894211 0.15170363576089485 8.4307399124013482 0.52552726440035158 1.8806600667862756 48.436021283154332 172.52222754008471 223.82499508168007 7.0962227359414092 105.14333555474877 20.152046847322708 957.9776968696292 405.60480675062422 2256.3662333404818 237.18453162825153 23.690227793231998 203.51697351393386 201.48411439237634 331.8999943683425 382.95151711845597 20.282242787264749 819.71185365012138 177.5500115357097 1213.9198913004948 191.96179609589058 538.92985717696365 140.09880750232878 46.642219153565748 1.255850464105605 31.976786690002427 544.80029686609555 48.401761276034904 418.06612480581907 24.634952854547691 711.95572202768199 70.210653051733971 410.88097651302814 664.93306159414601 271.57731380459018 54.068119812289069 50.703397208359092 986.61789866862819 1063.4408962127386
leaf_count=412 8076 11355 152 1787 165 544 174 619 44316 30 310 89 5013 1201 149886 1567 85 8854 6440 27018 4646 602423 5051 1115 5496 5986 6642 7192 750 7 727 258989 8169 1481 9351 2602 220 1150 3824 1572 34518 228 2868 4098
internal_value=1.73403e-05 0.00367498 0.00430678 -0.0183378 -0.0169657 -0.0837146 0.00541056 -0.00145348 0.00670183 0.00904488 -0.00733138 -0.0128546 -0.000390085 -0.00226369 -0.00413107 -0.0143295 -0.0460951 -0.0021827 -0.00402887 0.00629223 0.000894398 0.0033685 0.00610235 0.000537693 0.0105987 -0.00149655 0.00221753 -0.0118077 0.00181683 0.0228625 -0.00475504 -0.00121159 -0.0058814 -0.013111 4.09532e-05 0.0114621 0.00073344 -0.00547719 0.00352445 -0.0103904 -0.00435851 0.000369938 0.00431361 -0.00165382
internal_weight=14199.9 1423.2 1399.72 65.0568 64.905 10.3114 1334.66 462.033 269.359 872.631 112.24 192.674 12776.7 5196.62 3565.12 571.852 63.0898 2993.27 2457.85 535.417 7580.05 3485.41 2231.46 997.262 1234.2 1253.94 921.881 332.061 1631.5 79.8749 33.2326 4094.64 1035.9 466.468 569.435 760.392 1551.63 481.092 1070.54 508.762 54.5936 3058.74 1037.32 2021.42
internal_count=1237198 104737 96661 37166 37014 2331 59495 56379 55671 3116 340 708 1132461 203713 195834 3636 497 192198 156326 35872 928748 638551 614085 6166 607919 24466 11288 13178 7879 1484 734 290197 277990 9650 268340 2776 6395 1370 5025 3139 34683 12207 3096 9111
is_linear=0
shrinkage=0.05


Tree=176
num_leaves=29
num_cat=0
split_feature=56 56 13 56 75 60 64 74 43 43 61 57 56 74 39 15 46 64 15 41 42 37 77 28 76 46 78 78
split_gain=8.30311 8.35449 20.0267 8.23552 21.3853 14.8712 8.74572 10.4145 18.9844 13.5383 9.48678 10.9071 8.6624 7.10123 7.08642 6.19511 4.78597 2.24621 1.24912 0.108709 0.0914866 0.0830627 0.302129 0.0796954 0.0537363 0.0337852 8.14925e-09 6.54344e-11
threshold=50.500000000000007 48.500000000000007 0.94201681017875682 46.500000000000007 0.26579961782474254 32.500000000000007 1.0000000180025095e-35 0.75340779026422677 93.500000000000014 322.50000000000006 34.500000000000007 28.500000000000004 11.500000000000002 0.69837560842023683 2.5000000000000004 0.94633257389068615 0.99999838919154427 1.0000000180025095e-35 0.94633257389068615 0.6509598195552827 1.5000000000000002 1.5000000000000002 0.71016232810857505 0.70785412192344677 0.46482154297154371 0.64613580925817204 0.068886077280793725 0.0013967284268993345
decision_type=2 2 2 2 2 2 2 2 2 2 2 2 2 2 2 2 2 2 2 2 2 2 2 2 2 2 2 2
left_child=1 3 15 6 5 -5 7 9 -9 -1 11 -8 -12 -7 17 21 20 18 19 24 -6 -3 -23 25 -2 26 27 -16
right_child=14 2 -4 4 16 13 10 8 -10 -11 12 -13 -14 -15 23 -17 -18 -19 -20 -21 -22 22 -24 -25 -26 -27 -28 -29
leaf_value=-0.0024382174177601649 0.060857963538880337 0.065970644567188458 -0.16250500231921849 -0.12255340843332413 -0.12169185452057514 -0.08144137398322325 -0.019757664488830682 -0.00028757495155642141 0.0066129693183691989 -0.034290368871349876 -0.019858875695799111 0.01172825378494763 0.0092392233791974612 0.07708204970993307 -0.050000310126388441 -0.27143664448881594 -0.31283328446663861 -0.066611217357611913 -0.0065200279428105773 0.080287950492404267 -0.083845377382707142 -0.051225951593780086 0.05768771012768982 -0.17371366197413454 0.044180137768695248 -0.13569258828491709 -0.050091674570590196 -0.050013798229064092
leaf_weight=3254.062332488942 8.1318262121285336 1.6491280524728607 2.5480675415951737 1.110345648531619 0.24205653369426616 0.74928189727870531 71.731928847840436 9050.2544045454833 1120.0651883560349 33.705691220591689 26.783807792501648 44.611568715276007 567.63116976924334 12.360984994625595 0.0074872960942692357 0.15027354657649983 0.40043036639690399 0.38470827837818511 0.72961417585611421 0.70487139787792408 0.46919342662795316 0.072882368614955229 0.50401579588651657 0.20499766587226986 0.51347734417345314 0.23270247876644135 0.0035995900398120293 0.001021899003717408
leaf_count=486026 204 47 27 32 1 85 3256 331845 289013 94468 1240 2445 25614 636 1311 1 3 48 3 4 106 415 2 3 340 1 2 20
internal_value=1.75973e-05 -1.59353e-05 -0.0651307 6.67084e-06 0.0366316 0.0531419 -3.29615e-05 -0.000318438 0.000472387 -0.00276476 0.00537248 -0.00768448 0.00792809 0.0680221 0.0436115 0.0392822 -0.174568 0.0519644 0.05649 0.0614068 -0.0967255 0.0602581 0.0439281 -0.150714 0.0598674 -0.131456 -0.0500286 -0.0500019
internal_weight=14200 14189.1 4.92437 14184.2 15.3323 14.2206 14168.8 13458.1 10170.3 3287.77 710.758 116.343 594.415 13.1103 10.9143 2.3763 1.11168 10.4645 10.0798 9.35017 0.71125 2.22603 0.576898 0.449809 8.6453 0.244811 0.0121088 0.0085092
internal_count=1237198 1235262 492 1234770 863 753 1233907 1201352 620858 580494 32555 5701 26854 721 1936 465 110 599 551 548 107 464 417 1337 544 1334 1333 1331
is_linear=0
shrinkage=0.05


Tree=177
num_leaves=45
num_cat=0
split_feature=76 53 35 30 74 38 75 75 75 74 76 45 48 41 30 27 36 74 74 8 37 33 38 47 13 3 27 74 74 11 74 9 77 60 30 66 38 75 43 45 76 64 52 77
split_gain=8.29616 13.915 16.6286 18.0187 16.8408 13.7481 12.0019 12.738 13.8273 11.6699 15.8351 18.1289 11.4537 10.8201 14.979 10.6131 10.5533 12.8409 51.0645 11.9528 10.2198 9.72696 9.17146 16.9065 14.8588 13.1491 17.9554 10.9514 10.5798 8.97764 8.20017 7.95561 7.64309 8.46526 6.94593 6.37368 10.4107 9.92269 6.11031 5.93286 5.55845 5.50675 4.77814 5.70123
threshold=0.52979936332408595 0.42606564308231526 1.5000000000000002 0.5526794195175172 0.19123829202407719 3.5000000000000004 0.0072245387483696388 0.0181177703281078 0.026646883445576423 0.60336812859337219 0.20070198694210828 -0.40249058483425354 0.62503569388920621 0.51027804613113414 0.69286194443702709 0.84231248497962963 11.500000000000002 0.72190224415528603 0.71894715964871347 0.72821971774101268 4.5000000000000009 0.45929470658302313 1.5000000000000002 0.22913071008302102 0.81892696022987377 0.90304020047187816 0.92274534702301036 0.79740795442389933 0.7699727316549384 1.0000000180025095e-35 0.43949605872518499 2.5000000000000004 0.57819165034846887 74.500000000000014 0.91321465373039257 2.5000000000000004 1.5000000000000002 0.041034462491668124 5.5000000000000009 -0.72604625514239529 0.11077337920917406 1.0000000180025095e-35 6.3033764641033397e-05 0.17962771777507108
decision_type=2 2 2 2 2 2 2 2 2 2 2 2 2 2 2 2 2 2 2 2 2 2 2 2 2 2 2 2 2 2 2 2 2 2 2 2 2 2 2 2 2 2 2 2
left_child=1 2 6 32 -5 9 12 31 -9 10 11 -3 -1 15 -15 -11 20 18 -18 -20 22 -14 25 24 -24 26 -2 -25 -27 -6 -7 -8 33 -4 -32 36 37 -19 -12 -21 -36 -37 -22 -44
right_child=16 5 3 4 29 30 7 8 -10 13 38 -13 21 14 -16 -17 17 35 19 39 42 -23 23 27 -26 28 -28 -29 -30 -31 34 -33 -34 -35 40 41 -38 -39 -40 -41 -42 -43 43 -45
leaf_value=-0.095917002512123095 -0.041377686698675385 0.064297914235870543 -0.10058363272664923 -0.035459704882612811 0.044503505561759762 -0.058454700945144322 0.057417862894820107 -0.042099084608502264 0.0043409681073522379 -0.0020827039415380389 -0.0028813883687496926 -0.0070308399085160685 0.023998910339326083 0.034153592498456717 0.0039240881871761774 0.00098430589384106734 -0.051907977038660749 -0.064400408555299896 -0.051776598461632739 0.47446983921895358 -0.049053543603296057 -0.035383422529523909 0.053538694674353939 -0.021384125709934185 0.0087541298462447386 -0.02708739828168651 0.006771932350978286 0.0092892832584403531 0.0067937684032976968 0.012378603516956322 0.076190455629366813 0.015326150007530624 0.03352104470243588 -0.014566338954216648 0.046033167162718297 -0.050321924274886944 -0.074042581486588696 0.19345429586746449 -0.062341097876744779 0.85109809671140868 -0.007200333519512183 0.054046239370023064 -0.05084732519016303 0.062976334055315039
leaf_weight=4.9074390819912415 56.853477672564622 9.0789464550232406 4.4366905544895898 9.0618655973032656 77.663836864214773 2.279831459818527 16.561498174419285 16.657688217764644 424.33067573278959 4860.4308347259648 5.7183752786240829 473.22950998851252 10.937502751961576 42.998960965778679 872.31856923503801 6721.1944351079874 1.6340097947972929 0.54786380201380724 0.079416040292926371 0.28284640039146325 17.682864654303788 18.663224883891189 24.957826025912709 66.124186976495366 71.814701282843771 29.020199775720585 29.361061247366251 51.970278264709123 111.82717358896764 30.206624729133637 9.1211477063352522 34.844521225822746 4.1042103972285977 8.0500555740777582 11.62838961184025 30.448876037009089 1.3584019357481336 1.1695745182237258 17.678095037859748 0.16588905453681946 8.4795249309117917 1.3185923799701402 2.0887004178147199 2.3244048086926341
leaf_count=12878 45656 542 30901 40098 18323 377 4590 5811 58082 14913 31 2864 2725 129 2665 19937 28106 455 1310 116 477807 6953 61102 2454 25007 6755 8784 947 6391 9289 71 5900 21 17517 28 83677 6711 514 1106 1 72 1743 223827 12
internal_value=1.69616e-05 0.000248162 0.0073287 0.0230893 0.0300079 -0.0001106 0.00333478 0.0053325 0.00258676 -0.000190538 -0.00763685 -0.00568815 -0.0251705 0.000110787 0.00534418 -0.000302818 -0.00630241 -0.0319986 0.0862377 0.513637 -0.00425316 -0.0134416 -0.00259396 0.00481062 0.0203042 -0.00960085 -0.0249799 -0.00788556 -0.000187109 0.0355077 0.0328769 0.0288869 -0.0256731 -0.0451293 0.0400006 -0.0393356 0.0293894 0.111198 -0.0478084 0.613702 0.0235846 -0.0459898 -0.037438 0.00910417
internal_weight=14195.6 13694.6 660.426 133.523 116.932 13034.2 526.903 492.394 440.988 13002.6 505.705 482.308 34.5082 12496.9 915.318 11581.6 501.03 37.0055 2.16216 0.528151 464.025 29.6007 441.929 214.867 96.7725 227.062 86.2145 118.094 140.847 107.87 31.5089 51.406 16.591 12.4867 29.2291 34.8433 3.07584 1.71744 23.3965 0.448735 20.1079 31.7675 22.096 4.41311
internal_count=1237198 255823 213088 116149 67710 42735 96939 74383 63893 42187 4543 3406 22556 37644 2794 34850 981375 122633 29533 1427 858742 9678 157096 89510 86109 67586 54440 3401 13146 27612 548 10490 48439 48418 171 93100 7680 969 1137 117 100 85420 701646 223839
is_linear=0
shrinkage=0.05


Tree=178
num_leaves=22
num_cat=0
split_feature=21 56 4 74 43 74 74 48 54 17 77 57 57 19 33 76 74 0 42 33 57
split_gain=8.18878 8.14793 8.15049 8.40359 34.8824 38.8069 26.088 14.6669 23.225 13.1807 7.54147 5.73002 5.48748 4.96759 3.87852 3.50906 2.18781 0.0106644 0.000390515 0.00022768 1.73305e-05
threshold=6.5000000000000009 3.5000000000000004 0.045983087271451957 0.7893625098381466 18.500000000000004 0.83607480913383581 0.84164048756937737 0.98751063528077154 0.99999895787473358 0.47925275564193731 0.3542742430227645 31.500000000000004 32.500000000000007 0.96911758184432995 0.59490427374839794 0.42667860534672603 0.94412727889595982 1.0000000180025095e-35 2.5000000000000004 0.25628395378589636 2.5000000000000004
decision_type=2 2 2 2 2 2 2 2 2 2 2 2 2 2 2 2 2 2 2 2 2
left_child=1 15 10 7 5 -5 -6 8 -4 -9 11 16 -13 14 -12 -1 -3 19 -19 -17 -21
right_child=-2 2 3 4 6 -7 -8 9 -10 -11 13 12 -14 -15 -16 17 -18 18 -20 20 -22
leaf_value=0.062728811169415574 0.082374750982363298 -0.056794231799626754 -0.00024193076308234016 -0.016213365429044748 0.0054058970729373339 0.00020196489401344984 0.031199075942486967 0.0048649468692292218 -0.009434070217026299 -0.0011932572317652872 0.010159658728572531 0.17506463935629507 -0.051271268236709827 -0.0064995535696740023 0.048634123657625462 -0.054940555054786483 0.059444657355369968 -0.069272950398410138 -0.066086913947420181 -0.051964488033961032 -0.05017950519975637
leaf_weight=6.7959458827958761 3.0174546141570309 5.284654077953518 1635.6192772486756 391.43431549629622 1877.1943014521912 4488.9289917716687 103.43445228044311 1247.4387858049572 1185.0290610548109 3203.4861515136895 9.1421129889786226 0.61898668150388381 0.47200375922807325 7.9060535840690127 23.104780431836843 0.16376385322291742 0.43838730569859752 0.20081254839897156 0.18458360480235569 0.036375325173139572 0.021716540265060758
leaf_count=16 18 7301 916523 5075 217683 39497 26206 7538 3612 11034 42 371 1447 29 78 5 53 1 47 1 621
internal_value=1.53588e-05 -2.15844e-06 -2.95381e-05 -9.86443e-05 0.00115656 -0.00111464 0.0067529 -0.00128297 -0.00410379 0.000504646 0.0207648 -0.0278713 0.0771432 0.0290184 0.0377265 0.0524388 -0.0478903 -0.0627197 -0.067747 -0.0539866 -0.0512972
internal_weight=14190 14186.9 14179.5 14132.6 6860.99 4880.36 1980.63 7271.57 2820.65 4450.92 46.967 6.81403 1.09099 40.1529 32.2469 7.4032 5.72304 0.607252 0.385396 0.221856 0.0580919
internal_count=1237198 1237180 1236489 1227168 288461 44572 243889 938707 920135 18572 9321 9172 1818 149 120 691 7354 675 48 627 622
is_linear=0
shrinkage=0.05


Tree=179
num_leaves=45
num_cat=0
split_feature=76 54 49 77 47 60 73 18 74 60 73 74 75 52 45 73 66 60 67 4 77 57 35 10 38 75 17 48 15 57 3 27 57 41 61 61 30 2 75 74 73 19 19 75
split_gain=8.40668 17.7975 15.1997 24.2607 20.8827 28.3569 25.6868 30.676 15.524 15.316 20.6991 19.4371 14.1789 13.8179 13.4089 25.4289 14.8898 15.5104 15.4662 23.3222 14.8615 14.8553 14.1825 22.9175 20.956 16.9681 15.2318 14.3408 13.5209 13.5056 12.85 12.4771 11.3887 24.5549 11.3086 11.4125 11.2647 15.5985 14.9122 11.2285 17.9123 14.9582 16.6328 17.2942
threshold=0.14630926420287657 0.99999895787473358 1.5000000000000002 0.74626141618161512 0.94374685324473473 23.500000000000004 61.500000000000007 0.50083613395690929 0.80591444768643317 34.500000000000007 80.500000000000014 0.75138813546832772 0.025815472311926973 1.9554667813239562e-05 -0.21357303789543022 7.5000000000000009 3.5000000000000004 33.500000000000007 4.5000000000000009 0.77913278341293346 0.3542742430227645 21.500000000000004 1.0000000180025095e-35 0.86159002780914318 1.5000000000000002 0.13156748232646129 0.44051781296730047 0.91112678263595059 0.50581476092338573 36.500000000000007 0.88562902808189403 0.90672317147254955 26.500000000000004 0.77684935927391063 54.500000000000007 45.500000000000007 0.52553966641426098 0.11566332355141641 0.022478571631221803 0.68312054501319508 158.50000000000003 0.66802722215652477 0.85120761394500744 0.081139640235750612
decision_type=2 2 2 2 2 2 2 2 2 2 2 2 2 2 2 2 2 2 2 2 2 2 2 2 2 2 2 2 2 2 2 2 2 2 2 2 2 2 2 2 2 2 2 2
left_child=1 39 4 13 6 -6 12 -8 -7 10 -5 -11 -3 -4 20 28 17 21 29 -20 36 -17 23 25 26 -22 -24 -25 32 -18 -15 -26 33 -16 35 -30 -2 38 -38 41 -41 -1 43 -43
right_child=14 2 3 9 5 8 7 -9 -10 11 -12 -13 -14 30 15 16 18 -19 19 -21 22 -23 24 27 31 -27 -28 -29 34 -31 -32 -33 -34 -35 -36 -37 37 -39 -40 40 -42 42 -44 -45
leaf_value=0.009466634368673961 -0.057242144733311177 0.0019875654169389961 -0.032840981568738867 -0.024321538317770695 -0.06127829444635044 0.0043786026517181097 -0.11279104495540181 -0.012968922098808931 0.027096391072991818 -0.042220868678512491 0.0020893251853189685 0.0050718591704359724 -0.0031261170303460029 -0.027592338799676604 -0.095554437517059512 -0.059566586572572522 -0.03504876689480492 0.001258851838215676 0.014417967250584777 -0.039505137633181336 -0.005203882312045177 0.0078567376525374346 0.016588693494339501 -0.009425161568502035 0.019374038066740439 -0.056328920846936359 -0.0061006523214182581 0.022846608256571567 0.0051481712544250661 0.037691682143498953 -0.0057913619875801141 0.056603122995383927 0.0095826116733873177 0.0324036057843494 -0.01619443947130848 0.032429330792677867 -0.06444840497252842 -0.004714409343276842 0.054691960510457306 0.0053106792150694028 0.033843705530779665 -0.048111753938680085 0.00043086002111863666 -0.0099324794884208048
leaf_weight=240.60807680581115 9.9095837481841027 2904.9433880969882 83.525097616016865 137.64372103661299 16.140071518719196 1935.4654830945656 7.9133481234312049 280.659368917346 78.238645400851965 22.470810130238533 160.91794033907354 655.55613013729453 2541.4964092113078 86.124188624322414 11.863698832374217 22.678272552360795 165.4646921257156 160.85377223960586 52.517903124512031 32.436930413000027 34.386576384305954 12.769831608213734 136.72253549098969 69.046363040804863 81.844935398548841 30.73618271946907 161.15645490586758 68.652417220175266 179.2544393256062 6.63715102361948 314.10831801826134 31.041049361228943 11.189620616810315 5.4815402030944815 46.000228318669542 48.763639712547956 3.0525017415982374 838.17902370699539 18.81557935340652 1875.713876619935 56.665851645171642 37.969657552818944 375.57499041896608 135.54744873773916
leaf_count=106036 217164 8309 275 485 63 5474 39 978 484 70 620 2258 7073 285 87 405 3296 3277 743 256 104 255 366 197 212 113 492 169 554 62 991 64 49 13 188 146 1042 857267 3728 5398 170 3848 3025 1068
internal_value=1.4888e-05 0.000541848 -0.000506433 -0.00518636 0.000373726 0.00473218 -0.0011689 -0.0157063 0.00526126 -0.000650577 -0.0100867 0.00350451 -0.000398655 -0.014343 -0.00279639 -0.00821652 -0.0157082 -0.00533896 -0.0236267 -0.00617062 -3.46702e-05 -0.035278 0.00592418 -0.00489385 0.0112658 -0.0293335 0.00431346 0.00666456 0.00300931 -0.0322435 -0.0104826 0.0296112 -0.0297454 -0.0551164 0.00642022 0.0109825 -0.00423749 -0.00362676 0.0380615 0.0040945 0.00614739 -0.000928884 -0.00548412 -0.018287
internal_weight=14186.7 11947.3 9225.2 1460.35 7764.86 2029.84 5735.01 288.573 2013.7 976.589 298.562 678.027 5446.44 483.758 2239.45 755.912 453.359 196.302 257.057 84.9548 1483.54 35.4481 613.587 202.822 410.765 65.1228 297.879 137.699 302.553 172.102 400.233 112.886 28.5349 17.3452 274.018 228.018 869.957 860.047 21.8681 2722.08 1932.38 789.7 549.092 173.517
internal_count=1237198 146949 27404 4984 22420 6021 16399 1017 5958 3433 1105 2328 15382 1551 1090249 9331 8294 3937 4357 999 1080918 660 1717 583 1134 217 858 366 1037 3358 1276 276 149 100 888 700 1079201 862037 4770 119545 5568 113977 7941 4916
is_linear=0
shrinkage=0.05


Tree=180
num_leaves=45
num_cat=0
split_feature=44 74 73 73 75 60 16 47 74 44 75 13 74 76 33 44 7 73 73 18 20 66 77 18 16 60 74 60 2 6 73 73 60 34 78 4 77 75 9 1 20 28 74 73
split_gain=8.22317 12.2202 13.2663 18.6611 16.1714 14.0373 12.186 17.5517 17.5264 28.5337 15.2335 14.2121 14.8745 15.7593 15.1888 17.8161 13.1244 13.0994 12.4875 12.0142 15.4625 13.2121 12.8386 12.4702 12.0717 12.0022 11.9642 11.3565 11.3137 19.8967 11.306 16.1053 12.138 11.0209 10.8825 13.5849 10.8109 10.5548 9.64914 9.46327 9.40643 8.65329 12.0446 7.95022
threshold=0.99963924459869846 0.67476956592363857 133.50000000000003 140.50000000000003 0.031785632706462071 77.500000000000014 0.882317215204239 0.96559001702592306 0.7893625098381466 0.99910738247160424 0.0019008918826702306 0.83935481309890758 0.53912397517524824 0.66110557786447022 0.54740682244300853 0.64528856710811444 0.81666666269302379 92.500000000000014 268.50000000000006 0.88642504811286937 0.61721614003181469 2.5000000000000004 0.84336562637060275 0.85304400324821483 0.86203312873840343 25.500000000000004 0.94412727889595982 99.500000000000014 0.81832167506217968 0.86319074034690868 307.50000000000006 289.50000000000006 40.500000000000007 1.0000000180025095e-35 0.99999872278343116 0.72821971774101268 0.079371427573475192 0.034713166053291562 7.5000000000000009 0.87226107716560375 0.45643940567970281 0.70785412192344677 0.80790581431523412 289.50000000000006
decision_type=2 2 2 2 2 2 2 2 2 2 2 2 2 2 2 2 2 2 2 2 2 2 2 2 2 2 2 2 2 2 2 2 2 2 2 2 2 2 2 2 2 2 2 2
left_child=6 43 19 4 -4 -6 11 8 9 16 -11 12 14 27 -1 -16 -8 26 -19 20 21 -3 37 -22 -24 -5 -10 -14 34 36 31 32 -9 -31 35 -13 -30 -21 -27 -15 -36 -32 -43 -2
right_child=1 2 3 25 5 -7 7 30 17 10 -12 28 13 39 15 -17 -18 18 -20 22 23 -23 24 -25 -26 38 -28 -29 29 33 41 -33 -34 -35 40 -37 -38 -39 -40 -41 -42 42 -44 -45
leaf_value=-0.039297990052129181 -0.05095064856645818 -0.017971179593281601 -0.14844973375091841 -0.35910377845882469 0.0099122178391220263 -0.21144576617266897 -0.0028250775603015366 -0.00035564758345956561 -0.0022910429933634025 0.010145497136041064 -0.023439765298857107 -0.022203477409465096 0.0093557765474936872 -0.036446725513952921 0.024025803436296012 -0.025307577236068204 -0.020463785447160137 0.034203185270011906 -0.033614909138081225 0.016026054807909883 0.0023262727222304346 0.01156860214128296 -0.068859300346979985 -0.023229604006115068 -0.0026718892332668782 0.0032483755144572628 0.0084546769429284779 -0.0076001586216551459 -0.017969293038088464 0.001836088361808216 0.034217485454916187 0.052031753511494777 0.013157898588702708 -0.0027422152245085325 0.033035321743424315 0.020402225175163061 0.016261543246082536 0.0040352215633413079 -0.06128065926866913 0.14508284503108798 -0.017120848987744245 -0.065124241262780519 0.010093945183593139 0.014657240374219711
leaf_weight=35.055782736216088 16.503131337049584 45.603797309664742 4.6628350074452083 0.23983588351438712 4.8435391310792966 0.84047870778249478 1504.7520976566411 415.80963195860386 2572.0113360577711 37.858644546485266 312.10833177319955 150.1464489023881 1133.5519982620301 25.438088635909484 38.716533286264848 34.705962960899114 113.40804191771394 44.792595804210123 8.0000100194229145 445.93896868402953 85.219819449985607 222.70962084849589 7.3720104023814192 108.52113952900709 105.15576026588678 47.5475245395088 288.04045478229727 108.17469081063541 25.321883983526277 2726.8614096616002 4.9321912713348892 18.73020519502461 276.77611835487187 2537.7630732802081 22.804603142663836 21.372684411737509 258.86593052465469 311.87327283626519 6.5969700953611428 0.73878781829830487 15.841692112386225 15.13381837680936 8.2090502344071847 6.4113754572874759
leaf_count=120333 3366 11355 960 152 1094 277 10108 1262 11389 212 1756 20595 31856 514935 6878 3437 432 445 168 1534 300 44316 30 408 310 25600 1269 11336 38577 187155 22 62 780 161750 67 4668 827 1242 9083 1915 55 88 84 4710
internal_value=1.46006e-05 0.00362387 0.00421788 -0.0178869 -0.079435 -0.0228193 -0.000387197 -0.00212845 -0.00321609 -0.00686107 -0.0198066 0.000984398 0.00554891 0.00706928 -0.0122213 0.000706486 -0.00406128 -0.000753274 0.0239263 0.00529179 -0.00122447 0.00654788 0.00875121 -0.0119885 -0.00700801 -0.00617715 -0.00120882 0.00787864 -0.000106508 0.000324792 0.00504945 0.00628198 0.00504473 -0.00037084 -0.0114937 -0.0168945 0.0132115 0.0110913 -0.00461385 -0.0313234 0.0124756 -0.0259575 -0.0386721 -0.0325939
internal_weight=14176 1420.04 1397.13 64.7312 10.3469 5.68402 12755.9 5620.56 4880.97 1968.13 349.967 7135.36 1376.38 1267.9 108.478 73.4225 1618.16 2912.84 52.7926 1332.39 462.054 268.313 870.34 193.741 112.528 54.3843 2860.05 1241.73 5758.98 5548.81 739.591 711.316 692.586 5264.62 210.165 171.519 284.188 757.812 54.1445 26.1769 38.6463 28.2751 23.3429 22.9145
internal_count=1237198 104737 96661 37166 2331 1371 1132461 28077 25779 12508 1968 1104384 690690 560042 130648 10315 10540 13271 613 59495 56379 55671 3116 708 340 34835 12658 43192 413694 388309 2298 2104 2042 348905 25385 25263 39404 2776 34683 516850 122 194 172 8076
is_linear=0
shrinkage=0.05


Tree=181
num_leaves=45
num_cat=0
split_feature=38 8 75 35 5 73 10 5 78 67 48 74 19 17 13 74 37 36 17 4 22 27 37 67 13 74 77 74 57 74 61 15 75 73 52 52 74 29 57 61 73 4 76 16
split_gain=8.22281 13.8467 18.074 15.3691 20.2222 14.7873 13.5528 12.4561 12.3139 12.0999 11.9342 16.6353 18.6898 16.5034 11.8777 11.2883 11.2479 10.9773 20.9258 20.7068 13.5789 27.1686 14.8208 13.182 25.0751 15.8986 12.5738 11.3035 10.7728 10.6787 10.5564 10.5474 13.4243 10.9251 10.4694 18.0767 10.1151 12.3273 20.0273 14.5372 9.99087 9.8009 8.86321 8.72837
threshold=1.5000000000000002 0.77346038818359386 0.16166401676364703 1.0000000180025095e-35 0.91616466641426098 79.500000000000014 0.94174209237098705 0.61938297748565685 0.23390836776912052 3.5000000000000004 0.85666097838452793 0.87164625013070463 0.87888437509536754 0.66763567924499523 0.97332859039306652 0.55775765346823336 6.5000000000000009 1.5000000000000002 0.81861472129821788 0.88303694128990184 -1.0000000180025095e-35 0.74427348375320446 4.5000000000000009 4.5000000000000009 0.84680575132370006 0.95617254397737439 0.78727023968988885 0.79186550052253923 7.5000000000000009 0.53527161791297817 52.500000000000007 0.94633257389068615 0.0022009332789401652 146.50000000000003 0.0030216533386928997 0.00050834035913510038 0.8044022211643681 1.7275924086570742 18.500000000000004 38.500000000000007 10.500000000000002 0.65261757373809826 0.67514923421191975 0.727443426847458
decision_type=2 2 2 2 2 2 2 2 2 2 2 2 2 2 2 2 2 2 2 2 2 2 2 2 2 2 2 2 2 2 2 2 2 2 2 2 2 2 2 2 2 2 2 2
left_child=16 2 15 4 5 -4 8 -8 -5 -6 11 13 30 43 -14 29 17 19 20 23 22 -22 -19 25 -25 -1 28 -28 -20 -2 -13 33 -33 -21 35 -17 37 39 -39 -12 -38 -42 -36 -3
right_child=1 10 3 6 9 -7 7 -9 -10 -11 36 12 14 -15 -16 34 -18 18 26 31 21 -23 -24 24 -26 -27 27 -29 -30 -31 -32 32 -34 -35 42 -37 40 38 -40 -41 41 -43 -44 -45
leaf_value=-0.0036559544329840699 -0.0020042778999048785 -0.046085589194244436 -0.021372075526221224 -0.017043890688645411 -0.012090150811150174 -0.083551262983173127 0.025365609943275219 -0.015425593570947081 0.012441740601991907 0.052881747146591621 -0.0063256847403935449 -0.013269256308541319 -0.045447481776591983 -0.09605822462270612 0.039688355842117683 0.013406442734828099 0.041070079812917021 0.0022641060092629035 0.035494161884215648 0.0055352374379260966 -0.008301900523689263 8.802150601113782e-05 0.035094024803894563 0.026268135473662677 0.00095482636918263605 0.024511704573367838 -0.048471243177805552 0.002780645830257179 -0.013461876913095775 -0.076822002459823444 -0.086043262964465628 -0.032312764295826933 0.017687711755465393 -0.01964866779419638 0.068306909781418804 -0.085772195578430022 0.00020467938733030835 -0.039227074716255521 -0.0042515465676366019 0.014842766612641601 -0.082024267526497163 0.022066703686374724 -0.067842531606735132 0.0051776905782107982
leaf_weight=1997.1381005177686 64.939292241226212 19.109325500713567 70.704055256478796 40.111237758455559 14.979234081294864 11.057120297928803 22.062339963851514 123.34825296978124 302.0511464108713 13.738111440513419 183.03940964126514 55.2245157996133 4.8063560972714177 10.317569928148258 27.751180586667033 617.58387284183527 16.240726040748996 1859.0130856021799 11.441154128309789 926.72800284251571 1305.149120187993 3701.533752661609 35.024971338431669 114.85486103572384 660.11661443629418 51.384380448915635 11.253429286181925 244.39208534359932 630.09078330848024 5.1472848582529869 5.4774099750302403 14.113438621163366 274.83953889086843 45.162984915077686 13.052763866468011 4.6287779511644649 150.62675377581763 52.254457409893803 188.8465835476627 145.63416332543443 2.3089994374277003 109.7305232693368 1.3158677590988634 14.684082410093877
leaf_count=7729 102915 146464 11316 263593 1068 12485 21018 23597 1191 645 6530 3753 60 116 103 352245 76782 59714 47 2610 30478 38226 36191 991 1941 148 43 801 2693 1603 649 49 738 202 362 8732 430 195 894 10534 62 3090 3940 225
internal_value=1.44511e-05 0.00276899 0.00613242 -0.000264592 -0.0171032 -0.029781 0.00355084 -0.00923657 0.00898518 0.0189918 -0.00175594 -0.0154097 -0.0034433 -0.0407092 0.02712 0.0115462 -0.000512111 -0.000568946 -0.00166881 0.00153095 -0.000734885 -0.00209908 0.0028712 -0.000848101 0.00470639 -0.00294941 -0.00885222 0.000524555 -0.0125888 -0.00749903 -0.019836 0.00685851 0.0152455 0.00436496 0.013643 0.0126686 0.000497227 -0.00324499 -0.0118319 0.00305399 0.00861484 0.0199215 0.0558385 -0.0238104
internal_weight=14173 2274.53 1304.72 598.051 110.479 81.7612 487.573 145.411 342.162 28.7173 969.811 137.37 93.2595 44.111 32.5575 706.668 11898.5 11882.2 7797.9 4084.34 6900.72 5006.68 1894.04 2823.49 774.971 2048.52 897.177 255.646 641.532 70.0866 60.7019 1260.84 288.953 971.891 636.581 622.213 832.441 569.775 241.101 328.674 262.666 112.04 14.3686 33.7934
internal_count=1237198 977815 804710 334913 25514 23801 309399 44615 264784 1713 173105 151370 4565 146805 163 469797 259383 182601 168193 14408 164609 68704 95905 10809 2932 7877 3584 844 2740 104518 4402 3599 787 2812 365279 360977 21735 18153 1089 17064 3582 3152 4302 146689
is_linear=0
shrinkage=0.05


Tree=182
num_leaves=45
num_cat=0
split_feature=76 53 74 35 20 44 75 75 75 16 76 15 2 13 74 56 49 43 17 44 5 6 29 46 74 29 67 43 76 57 35 75 56 45 62 31 44 33 76 53 74 61 75 56
split_gain=8.3949 16.5928 20.3716 22.8664 20.0922 16.4582 17.604 16.3685 14.5829 14.5294 12.6735 19.257 15.3828 16.9864 13.9182 21.8684 22.4983 18.5252 17.9058 18.7809 12.8102 12.5436 15.4188 12.424 17.0035 13.388 16.8694 12.2294 11.9102 19.4531 21.7741 17.0402 15.2407 17.5172 14.9038 13.4292 11.6621 11.0619 13.1276 11.3152 10.7344 10.7259 10.2326 16.7078
threshold=0.2213038143741288 0.85021877443604843 0.59514543181355706 1.0000000180025095e-35 0.18898809701204303 0.62552460576416646 0.06117788001925948 0.3383862816336321 0.027178506190503451 0.66078910231590282 0.044949603787714197 0.31892949342727667 0.97999200224876415 0.83438816666603099 0.7290236495815311 19.500000000000004 1.5000000000000002 5.5000000000000009 0.19157801568508151 0.87350979308673271 0.78969484567642223 0.95861870050430309 0.94165641069412243 0.64613580925817204 0.87919462285902539 1.3369342088699343 3.5000000000000004 18.500000000000004 0.51987012477728023 19.500000000000004 1.5000000000000002 0.3064602401990158 25.500000000000004 -0.15490451137284186 7.5000000000000009 0.35620719194412237 0.99711749687944906 0.46021401882171636 0.3203222811016227 0.99695233319279952 0.81162009452820072 48.500000000000007 0.016216885803328699 19.500000000000004
decision_type=2 2 2 2 2 2 2 2 2 2 2 2 2 2 2 2 2 2 2 2 2 2 2 2 2 2 2 2 2 2 2 2 2 2 2 2 2 2 2 2 2 2 2 2
left_child=1 2 4 42 7 8 -7 9 -6 -1 14 -12 13 -13 15 16 -3 -17 20 -20 -16 22 -5 28 37 26 -26 -9 29 30 31 -2 33 -31 -34 -32 -28 38 -25 -39 -40 -23 -4 -44
right_child=23 10 3 21 5 6 -8 27 -10 -11 11 12 -14 -15 18 17 -18 -19 19 -21 -22 41 -24 24 25 -27 36 -29 -30 32 35 -33 34 -35 -36 -37 -38 39 40 -41 -42 -43 43 -45
leaf_value=-0.0045021985455496356 -0.0032829717430339828 -0.010636180945505162 0.01772632115280617 0.032044787791008063 -0.062308004715282694 0.0086571092466177554 -0.034521053848569558 -0.011845570451708464 0.0046512371562048519 0.057619995025184848 -0.070550520742461001 0.0016219432494447988 0.0087310384528182967 -0.010339702586937845 0.031014007830388102 0.020859781297110126 -0.049070190698958738 -0.0041852816616348683 0.040324592451029102 0.00046559925395571391 0.0073025436736856636 0.018700032954479039 0.0081881094045199408 0.038806257362982211 -0.078460170928885034 0.0081934915424460488 0.036286919798959781 0.042491260849375261 -0.0065505634474701917 0.020992161211015541 -0.029419424170262217 -0.033934561971006999 0.02737789023271385 0.37654522987890443 -0.0028532189040778276 0.055084531253472784 -0.050541987413907655 -0.017693504281381982 -0.067692720337053258 0.018950657446205083 0.054355026887155301 0.050679636661319971 -0.028791185677890213 0.00085417777812043768
leaf_weight=145.4723936145781 148.95251222688285 172.58899389474891 59.548175938427448 77.679916653782129 8.7146869011330619 30.507489033668435 104.34935892880867 13.34047596156597 121.4806741373759 10.063354437497308 10.94877591854083 464.39381744278717 204.78739967358706 822.3959628258408 71.817527092993259 84.838987144828934 48.855113398896719 569.21943899060579 29.661714218556881 8069.0328799299896 275.35616853833199 82.279675334692001 528.66392456367612 19.876774391006624 10.663072794293841 181.76066861261097 9.9270736069261165 46.273587092757225 421.56172755798093 176.95896605779717 6.119374999566392 65.186356948179764 50.138666632587274 0.34709355700124334 218.1605077483789 20.29077653665945 6.3348840510170694 415.00557124755096 6.51783883334633 22.192984770463227 2.4897965977947933 38.482598975300789 59.107283629477024 242.59976615570486
leaf_count=111407 13894 566 165 219 4384 1160 944 39 3995 12351 140 1593 676 2747 195 223 436 2183 75 23659 778 207 1501 80 67 692 50 108 984026 25017 4262 5293 6470 488 18306 4078 36 3449 186 71 24 78 189 691
internal_value=1.42898e-05 0.000475768 0.00528186 0.00906678 -0.00329653 -0.0125111 -0.0247532 0.00805533 0.000169289 -0.000482816 -0.000220715 -0.00448215 -0.00399718 -0.00602282 0.000466191 -0.00553469 -0.0191155 -0.000936646 0.00108825 0.000611584 0.0122076 0.0141753 0.0112444 -0.00319407 -0.00854247 0.00331922 -0.0295852 0.0303317 6.3928e-05 0.00412776 -0.00733072 -0.0126137 0.0103133 0.0216882 0.00279625 0.0355045 0.00246251 -0.0138535 0.0161148 -0.0158334 -0.0339576 0.0288908 -0.00121514 -0.00495363
internal_weight=14174.9 12392.5 1568.56 1088.36 480.202 265.052 134.857 215.15 130.195 155.536 10823.9 1502.53 1491.58 1286.79 9321.37 875.503 221.444 654.058 8445.87 8098.69 347.174 727.106 606.344 1782.48 674.769 208.686 26.925 59.6141 1107.72 686.154 240.549 214.139 445.605 177.306 268.299 26.4102 16.262 466.083 28.8844 437.199 9.00764 120.762 361.255 301.707
internal_count=1237198 170709 137438 3050 134388 10483 2104 123905 8379 123758 33271 5156 5016 4340 28115 3408 1002 2406 24707 23734 973 2005 1720 1066489 4655 845 153 147 1061834 77808 27527 19187 50281 25505 24776 8340 86 3810 290 3520 210 285 1045 880
is_linear=0
shrinkage=0.05


Tree=183
num_leaves=45
num_cat=0
split_feature=41 43 43 74 13 74 4 56 74 43 74 27 60 43 56 74 77 56 31 8 76 74 44 44 44 13 16 57 74 43 40 10 43 78 51 43 66 51 41 44 74 13 76 74
split_gain=8.11224 10.7239 36.3586 29.2518 24.217 24.7619 24.043 20.7998 17.9368 31.6354 24.8154 25.0379 22.3832 21.9883 21.335 25.0544 16.7612 18.9998 18.8778 16.7602 16.8991 15.7616 15.6136 14.9819 29.0087 14.1465 12.8286 11.6718 11.287 8.74927 10.2828 13.2628 11.7836 11.451 17.8609 12.1871 11.4439 11.1147 11.4041 10.3759 10.154 9.99927 9.52251 13.9474
threshold=0.51027804613113414 33.500000000000007 49.500000000000007 0.71894715964871347 0.12599206715822223 0.81162009452820072 0.10102041065692903 27.500000000000004 0.81611493993381334 14.500000000000002 0.85965128215670017 0.87548449635505687 71.500000000000014 10.500000000000002 26.500000000000004 0.90671793854888028 0.78727023968988885 17.500000000000004 0.45575506985187536 0.78679654002189647 0.24487749970953815 0.79127698397696344 0.99873967396657626 0.99963924459869846 0.99929587485470883 0.097167581319808974 0.83268406987190258 54.500000000000007 0.75554174442240263 9.5000000000000018 3.5000000000000004 0.89323708415031444 54.500000000000007 0.99999866487549316 0.99755027816228681 24.500000000000004 5.5000000000000009 0.061576792947380693 0.59281170368194591 0.99921701334390833 0.75554174442240263 0.96922349929809581 0.29032840808060478 0.63448895195058641
decision_type=2 2 2 2 2 2 2 2 2 2 2 2 2 2 2 2 2 2 2 2 2 2 2 2 2 2 2 2 2 2 2 2 2 2 2 2 2 2 2 2 2 2 2 2
left_child=1 8 3 19 6 7 26 -6 12 10 11 -10 16 -12 15 -11 17 -1 -18 27 -21 25 -7 24 -14 -5 -4 -3 -25 42 33 37 41 34 35 -31 -34 -32 -39 -36 -35 -33 43 -2
right_child=29 2 4 21 5 22 -8 -9 9 14 13 -13 23 -15 -16 -17 18 -19 -20 20 -22 -23 -24 28 -26 -27 -28 -29 -30 30 31 32 36 40 39 -37 -38 38 -40 -41 -42 -43 -44 -45
leaf_value=-0.00040794721699997157 0.0031648877295640584 -0.016924362068579668 -0.0065347932203794453 -0.077849052712090902 0.001000194444436448 0.0028103986271759071 -0.19501017772920393 -0.0063106680554223457 -0.0026884242470794225 0.0077001669628018951 0.0013245810590362117 -0.030679312613243151 0.0031575999895033027 -0.0089525348582249979 0.021925801230629663 -0.034322185502558569 -0.060159110452080972 -0.016146579294639803 0.0023682005656386115 0.019289027749411283 -0.051431429242977195 0.027063929787910907 0.028417802607312345 -0.00026030854943552334 -0.05159761887733777 0.0092294376949934066 -0.037357672003798692 0.078546944200616142 0.042716644002473658 -0.016121799396897715 -0.1079080553922158 0.016366651066222315 -0.058853808574306159 -0.048908009969962606 -0.12526848657202472 0.00081734998517280204 0.15565068885354449 0.058407925713798395 0.0096119204729354039 -0.020782145914215101 0.017598626497835584 -0.070477172238346722 0.0013090576363047075 0.024085694351649076
leaf_weight=253.13042061589476 152.05726026768866 189.27386909872212 83.633251193091382 4.6825779087810124 3091.1574197435957 122.67065497533486 1.9669079368859446 1419.7119534537333 182.40858935821097 282.74699834067565 2922.9880471215156 142.15309933534809 405.12879431364513 633.21072113700438 247.88756652289226 40.558181406971016 12.506735414266585 790.92136222507338 346.68107143044472 75.355091066375735 9.5136661886158418 132.56437603234394 115.643858733672 25.18396358241057 25.724925636827265 1182.3227584661113 56.606271922901215 3.2564164037285073 38.836972697132069 147.77074563889505 1.3570650407800702 41.904044616586361 11.037559688241569 6.1226455569267264 4.7598223992972617 377.30090509651041 0.65890237924895778 27.504061098570901 21.205483749683708 4.7441928454522895 91.626399826258421 3.5992988775155927 265.29490217087687 167.34105831384659
leaf_count=9953 1152 32369 11309 175 611164 41942 28 268407 1118 5724 16560 686 14421 8820 4636 749 44 34081 992 1329 2557 8159 41348 862 601 60679 498 113 609 8426 12435 2412 1744 20 66 20726 60 2804 1204 27 298 43 5391 457
internal_value=1.3675e-05 -0.000370653 0.00105894 0.00760943 -0.0010797 -0.000470918 -0.0214109 -0.00130076 -0.00183138 -9.62208e-05 -0.00171324 -0.014948 -0.00590112 -0.000505345 0.01089 0.00242852 -0.00912554 -0.0123307 0.000191032 -0.00714975 0.0113614 0.0107121 0.0152366 0.00324187 -0.000111663 0.00888592 -0.0189761 -0.0153096 0.0258108 0.00373958 0.000126039 0.0144403 -0.00200846 -0.00230221 -0.00517942 -0.00394983 -0.04677 0.0332326 0.0371648 -0.0731112 0.0134329 0.00949733 0.00831044 0.0141258
internal_weight=14162.7 12838.4 6488.36 1596.97 4891.39 4749.18 142.206 4510.87 6350.07 4451.95 3880.76 324.562 1898.11 3556.2 571.193 323.305 1403.24 1044.05 359.188 277.399 84.8688 1319.57 238.315 494.875 430.854 1187.01 140.24 192.53 64.0209 1324.28 739.591 107.266 57.1998 632.325 534.576 525.072 11.6965 50.0666 48.7095 9.50402 97.749 45.5033 584.693 319.398
internal_count=1237198 1179933 1080077 105381 974696 962861 11835 879571 99856 38293 27184 1804 61563 25380 11109 6473 45070 44034 1036 36368 3886 69013 83290 16493 15022 60854 11807 32482 1471 57265 50265 20702 4259 29563 29245 29152 1804 16443 4008 93 318 2455 7000 1609
is_linear=0
shrinkage=0.05


Tree=184
num_leaves=45
num_cat=0
split_feature=38 35 10 74 77 9 20 74 5 75 61 23 36 74 74 48 18 47 45 17 17 56 56 17 61 43 60 5 44 74 36 4 33 74 75 75 61 78 5 3 4 46 41 31
split_gain=8.04089 12.777 15.9389 19.9712 18.1041 13.1135 16.4247 15.5461 13.0665 14.7388 14.623 10.5422 24.3118 13.5905 17.8807 17.6608 14.858 19.7279 14.0678 11.6149 21.5949 26.2936 15.21 11.2254 30.2299 17.27 20.3012 15.9396 15.637 17.0691 15.2815 19.8764 15.0236 14.6553 31.0069 23.136 11.0949 10.473 17.5614 15.004 12.8038 11.8485 14.9699 11.7552
threshold=1.5000000000000002 1.0000000180025095e-35 0.93582704663276683 0.61389418135066653 0.17962771777507108 4.5000000000000009 0.30901856720447546 0.3987402619367188 0.628892481327057 0.32799709978805797 55.500000000000007 1.0000000180025095e-35 3.5000000000000004 0.83336649555529141 0.82577494622058778 0.99117639425946602 0.71564128994941723 -1.0000000180025095e-35 -0.63547223643682604 0.17407773435115817 0.37217789888381964 14.500000000000002 24.500000000000004 0.39300976693630224 59.500000000000007 190.50000000000003 34.500000000000007 0.86526826024055492 0.99929587485470883 0.77791161406361209 1.5000000000000002 0.88303694128990184 0.71671482920646679 0.76218477233196347 0.14285547099856877 0.025815472311926973 102.50000000000001 0.74291585239718161 0.92805382609367382 0.97508859634399425 0.51564025878906261 0.36866659035396082 0.72019910812377941 0.75882840156555187
decision_type=2 2 2 2 2 2 2 2 2 2 2 2 2 2 2 2 2 2 2 2 2 2 2 2 2 2 2 2 2 2 2 2 2 2 2 2 2 2 2 2 2 2 2 2
left_child=11 37 4 8 -3 7 -7 -6 10 -10 -4 23 19 14 18 -16 -15 -18 -14 -13 21 -21 -22 24 25 27 -27 -1 -26 -30 31 32 -25 34 -32 -35 -33 38 41 40 -40 -2 -43 -39
right_child=1 2 3 -5 5 6 -8 -9 9 -11 -12 12 13 16 15 -17 17 -19 -20 20 22 -23 -24 30 28 26 -28 -29 29 -31 33 36 -34 35 -36 -37 -38 43 39 -41 -42 42 -44 -45
leaf_value=0.0060137513688987426 -0.0091053986374655307 -0.0032270679777063761 0.048774517269627192 0.0026968571847136589 -0.033022636314707643 0.0027699264580616735 0.034889733320387424 0.011560215709940536 -0.01840817860043744 -0.074337955838551989 -0.078716003658417688 0.035272235144755026 0.021846463701212872 0.021584839020963538 -0.24227498713500195 0.016099994985431441 0.055004439362604851 -0.064968165675744177 -0.037579939115252516 -0.099328568972568851 0.01040057201357311 -0.015643278245604453 -0.0070585328728945997 -0.016564483772779585 0.027033234686989423 0.057757212329596255 -0.0033945427073330914 -0.0026405908657215395 -0.077344534863046904 0.011183050942050512 -0.014664191829523728 0.0061899778552959557 -7.9731441023861243e-05 0.002708824129647229 0.0013254560441991888 -0.0052851284494371924 0.041841284514062334 0.0073174262519369844 -0.039649392819052429 -0.010002117467429123 0.048395462624792968 -0.060308749203837247 0.035388180206381029 -0.0048475693483531037
leaf_weight=842.83821384658495 33.322306665572455 195.14604915833092 9.436139192298695 383.46086218232153 20.48252853192389 56.94428060669452 132.20428849756718 431.10285620111972 32.169507855701795 18.583969066999543 2.9530284271468181 20.422048602858922 11.224926439267845 27.487135286509329 1.9688780928011049 0.99592300504446019 4.5109077361657937 14.254323322370508 88.289557639861187 10.568773807181968 233.04204999334752 83.888086388471947 268.43700057418368 146.53589385582927 172.26017592638141 28.894183350343496 25.593791904588784 1442.8675507710714 7.6212786731123314 19.067566250617347 681.65636079233354 1132.2356098424643 2433.4292392001362 1836.5982512643432 546.08949537399167 1784.6263003564009 22.251815274357796 381.11198049946688 5.0570635716765109 88.532793628824152 22.50629700157856 35.787105448605871 4.6134226222930002 414.64060290157795
leaf_count=90042 77849 656036 8156 102408 143 243 506 1466 14828 2872 3705 73 3562 394 90 5 55 59 998 69 876 414 1156 1628 44275 12225 24768 15628 3232 3056 8030 3253 8212 11548 10127 15551 57 1308 4688 95427 6456 447 17 1260
internal_value=1.40417e-05 0.00274225 0.0060321 -0.00159368 0.0101065 0.0141674 0.0252199 0.00953807 -0.0276498 -0.0388875 0.0183864 -0.000506475 -0.00618366 -0.0243278 -0.0344818 -0.155483 -0.00183022 -0.0361284 -0.0308768 -0.00180534 -0.00307595 -0.0250068 0.00105488 -0.000115958 0.00280452 0.00121382 0.0290333 0.000550638 0.0215157 -0.0140969 -0.000979893 0.0014241 -0.00101603 -0.00283134 -0.00755215 -0.00123079 0.00687713 -0.00153869 -0.0120918 2.73717e-05 0.0322418 -0.0311766 -0.0493809 0.000978646
internal_weight=14155.7 2268.06 1282.48 446.604 835.88 640.734 189.149 451.585 63.1426 50.7535 12.3892 11887.7 765.09 148.732 102.479 2.9648 46.2524 18.7652 99.5145 616.358 595.936 94.4569 501.479 11122.6 2539.14 2340.19 54.488 2285.71 198.949 26.6888 8583.42 3734.45 2579.97 4848.97 1227.75 3621.22 1154.49 985.572 189.819 116.096 27.5634 73.7228 40.4005 795.753
internal_count=1237198 977815 790363 131969 658394 2358 749 1609 29561 17700 11861 259383 7751 5163 4655 95 508 114 4560 2588 2515 483 2032 251632 193226 142663 36993 105670 50563 6288 58406 13150 9840 45256 18157 27099 3310 187452 184884 106571 11144 78313 464 2568
is_linear=0
shrinkage=0.05


Tree=185
num_leaves=45
num_cat=0
split_feature=76 54 49 77 44 20 47 60 73 61 56 56 74 75 73 45 73 66 60 57 77 60 45 38 62 30 75 52 52 62 34 7 8 41 44 77 56 57 66 30 2 3 60 49
split_gain=7.97373 16.5641 13.5622 21.1295 22.3952 32.5 19.7467 25.2662 22.292 23.5182 15.2984 14.7145 13.8894 12.5228 12.319 12.24 23.0545 13.1589 13.8283 13.5339 13.1509 13.1544 13.0121 12.6115 15.2699 14.6608 12.0714 11.5041 21.3376 10.6706 10.6542 12.6811 16.1966 16.9742 11.5757 11.606 10.3048 19.4677 11.818 10.083 13.3626 10.0271 9.85907 10.6353
threshold=0.14630926420287657 0.99999895787473358 1.5000000000000002 0.74626141618161512 0.99627498362059563 0.5313725769519807 0.94374685324473473 23.500000000000004 61.500000000000007 27.500000000000004 37.500000000000007 18.500000000000004 0.80591444768643317 0.025815472311926973 174.50000000000003 -0.21357303789543022 7.5000000000000009 3.5000000000000004 33.500000000000007 21.500000000000004 0.3542742430227645 30.500000000000004 -0.17857253597739184 1.5000000000000002 5.5000000000000009 0.96019801497459423 0.31626477794015329 0.00023755841286549501 6.4466714418005537e-05 114.50000000000001 1.0000000180025095e-35 0.52272728085517894 0.33095239102840429 0.5200391709804536 0.99794867662907183 -0.018545217684821477 21.500000000000004 18.500000000000004 5.5000000000000009 0.52553966641426098 0.11566332355141641 0.892947018146515 26.500000000000004 1.5000000000000002
decision_type=2 2 2 2 2 2 2 2 2 2 2 2 2 2 2 2 2 2 2 2 2 2 2 2 2 2 2 2 2 2 2 2 2 2 2 2 2 2 2 2 2 2 2 2
left_child=1 30 6 10 -5 -6 8 11 13 -10 14 -8 -9 -3 -4 20 22 18 19 -18 29 -22 -17 24 -19 -25 -12 28 -23 39 42 34 -33 -34 35 -32 37 -24 -38 -2 -41 -36 43 -1
right_child=15 2 3 4 5 -7 7 12 9 -11 26 -13 -14 -15 -16 16 17 23 -20 -21 21 27 36 25 -26 -27 -28 -29 -30 -31 31 32 33 -35 41 -37 38 -39 -40 40 -42 -43 -44 -45
leaf_value=-0.010934263758827003 -0.055536919424655974 0.0018158283126187243 -0.015480503652530795 0.011315520585383028 -0.019080255043170832 0.0031019375068807205 -0.0009408030830197543 0.004271924664562588 -0.098641211755920333 -0.012234277547296613 -0.086973256020525191 -0.097476364890076883 0.026091254440090913 -0.0029921167957086977 0.0059447128946693122 -0.054958981428025459 -0.056965312815824592 -0.014773717511233207 0.00090534340360051897 0.0074361671468409695 -0.013638099947012589 0.0083828349661871065 0.010833499791280288 -0.0015379706531808675 -0.046638642558631968 -0.055607186029421808 0.0049940897259094525 0.038176994349078341 -0.05070750285241752 -0.062166591995522137 -0.072996427359690669 -0.08122766240041418 -0.0042881061389025863 0.017607728269701927 0.020910570331266934 0.0035523077758021523 0.013980243060302752 -0.033040108621489581 -0.054980209051626421 0.035516169174790134 -0.0039822499770773515 -0.0023904147931538074 0.011462116254929071 -0.12598493907214342
leaf_weight=20.178034533131044 9.217400785164271 2898.3392757438123 385.09953268012032 278.46123168244958 268.9276306964457 427.80174293369055 6.7408225983381298 1932.51803899277 8.1006957441568357 282.58136986196041 12.089412063360216 9.5255261436104757 75.796458814293146 2542.262673266232 81.245462333783507 9.4479511269460072 22.53691020868655 70.400916201514065 160.33216157579818 12.785941600890053 78.083024155348539 486.64492031186819 58.778021201249885 89.094255587573343 80.685853010078972 14.590160613102851 5.0620313361287108 30.452641934156418 15.772701799869536 7.8279417576861752 4.9754531796331767 6.4550557268505591 757.28244948841166 100.22797294055681 187.94019700214267 1033.5949250503913 181.79293517540373 44.370625912276864 6.4325979916848146 21.982637952623236 825.96564469975829 61.207108609378338 537.33696013117924 2.2307411184731327
leaf_count=301 216984 8309 1200 870 1062 1501 21 5474 37 980 53 42 484 7073 284 80 405 415 3277 255 241 1345 186 2705 957 280 14 70 61 1081 42 50 11390 413 534 87469 562 182 27 4770 856366 184 18268 894
internal_value=1.39506e-05 0.000526819 -0.00048399 -0.00490714 -0.000669879 -0.00546007 0.000347897 0.00459272 -0.00115159 -0.0146423 -0.0134535 -0.0574717 0.00509542 -0.000430809 -0.0117479 -0.00273231 -0.00792779 -0.0150859 -0.00533382 -0.0336537 -8.78413e-05 0.00552801 0.00279021 -0.0225752 -0.0317908 -0.00914643 -0.0598303 0.00833648 0.00652778 -0.00405437 0.00396196 0.00236337 -0.00232284 -0.00172887 0.00550748 0.00318559 0.00466275 -0.00803926 0.0116235 -0.00352367 -0.00295827 0.0151863 0.010107 -0.0223873
internal_weight=14153.2 11926 9214.55 1458.69 975.191 696.729 7755.86 2024.58 5731.28 290.682 483.496 16.2663 2008.31 5440.6 466.345 2227.2 751.248 450.426 195.655 35.3229 1475.95 610.953 300.822 254.771 151.087 103.684 17.1514 532.87 502.418 864.994 2711.43 2151.68 863.965 857.51 1287.72 1038.57 291.374 103.149 188.226 857.166 847.948 249.147 559.746 22.4088
internal_count=1237198 146949 27404 4984 3433 2563 22420 6021 16399 1017 1551 63 5958 15382 1484 1090249 9331 8294 3937 660 1080918 1717 1037 4357 1372 2985 67 1476 1406 1079201 119545 100082 11853 11803 88229 87511 957 368 589 1078120 861136 718 19463 1195
is_linear=0
shrinkage=0.05


Tree=186
num_leaves=45
num_cat=0
split_feature=74 57 44 75 44 66 74 75 75 57 52 42 75 43 20 60 62 19 40 74 43 43 44 74 43 60 38 76 29 56 21 43 29 27 45 44 3 56 67 30 67 53 77 74
split_gain=7.98383 14.2491 17.1076 16.3923 13.4421 17.8525 19.1118 16.557 21.6292 15.2657 13.9156 12.4734 25.3224 12.3315 11.3721 10.9499 13.2197 16.6855 11.9555 10.5955 28.9441 36.3468 19.6342 17.3965 19.6573 11.9427 11.5356 13.2926 17.315 11.6927 10.9543 10.6158 10.4096 13.961 9.69963 9.21703 9.07364 8.68083 7.994 16.7625 7.5071 6.6305 6.31789 4.38573
threshold=0.46099589752321984 11.500000000000002 0.50547781979525463 0.38925519434202266 0.87350979308673271 5.5000000000000009 0.53912397517524824 0.14800473888730489 0.18729103117916099 12.500000000000002 0.00043713944189358701 4.5000000000000009 0.13156748232646129 79.500000000000014 0.12060606107115747 50.500000000000007 40.500000000000007 0.9034201204776765 7.5000000000000009 0.69837560842023683 283.50000000000006 5.5000000000000009 0.99243582622742232 0.53527161791297817 307.50000000000006 27.500000000000004 2.5000000000000004 0.57799388637947213 1.7275924086570742 31.500000000000004 6.5000000000000009 34.500000000000007 1.5608922839164736 0.93777653574943554 -0.43163294534596963 0.92605466808800152 0.96006992459297191 38.500000000000007 4.5000000000000009 0.94148769974708568 1.5000000000000002 0.42606564308231526 0.78727023968988885 0.49337244944199415
decision_type=2 2 2 2 2 2 2 2 2 2 2 2 2 2 2 2 2 2 2 2 2 2 2 2 2 2 2 2 2 2 2 2 2 2 2 2 2 2 2 2 2 2 2 2
left_child=1 34 3 32 5 7 14 11 9 -9 -10 13 -13 -2 43 16 17 -4 -18 20 21 35 -23 25 -25 -22 30 29 -29 -28 31 -21 33 -3 41 -6 -34 -8 40 -40 -17 -1 -39 -7
right_child=4 2 15 -5 19 6 37 8 10 -11 -12 12 -14 -15 -16 38 18 -19 -20 26 23 22 -24 24 -26 -27 27 28 -30 -31 -32 -33 36 -35 -36 -37 -38 42 39 -41 -42 -43 -44 -45
leaf_value=-0.057289264244735363 0.021385485637200163 0.0022586547444395592 -0.024131487816042921 0.059048138480054496 0.049955534245782265 -0.077015127443807466 -0.10719102407477184 0.032739291605965115 0.0038976802724381555 -0.046019470435127434 0.042215133490244743 0.066646760015593359 0.60107223338157112 -0.01206789570316096 -0.073774355329921854 0.10472656808638339 0.096862550147232065 0.021834239542490225 -0.062665927145428874 -0.0014912195399692377 0.089381429450729147 -0.010381947532473904 -0.0350508693992636 0.062298703849398777 -0.014760451033322526 -0.06812077622258203 0.023582510570838475 -0.044756184981408112 0.090813654445829534 -0.011744499049205399 0.10236746509315636 0.0014569208812371037 -0.042962178057825769 0.059751138799859285 -0.06049014568081236 0.0095739351167415734 0.036010170069631392 -0.018803119222579795 0.033118007684514977 -0.069584474528927298 -0.046800400498428596 0.11207459434469214 -0.24896605554788317 0.084145643445820636
leaf_weight=0.94814692943942014 196.49495104521588 108.35292939546912 68.924249086221835 13.722036663366678 17.245415141341255 0.46529863161595386 7.7966683157749213 7.5111769603756775 502.08945940941021 34.015522149834624 24.868124602247462 6.9204665572353852 0.22898513463360348 32.038790061433701 1.924220636472455 0.83292260509529015 5.2651077423042798 27.668377060537296 1.5116240294355519 6482.1138298023889 1.4785574764987348 278.11596955702021 113.60701072956022 31.079192226197847 11.27941151186519 6.4712850216903917 133.07679902389646 17.064622238454835 2.7323701078421427 28.426215404178947 2.6086898987778104 5772.8590791934039 19.496736077140216 11.699436336553388 18.103932530105112 78.238603019079164 4.47140581582289 6.3792299102535708 11.025174741532057 6.2112568999928035 43.84805801026414 1.4798474293104391 0.312772937119007 4.5518788063282045
leaf_count=6404 837 94651 27045 1262 72 324 986 444 51564 1968 5840 9898 1079 176 90 231 195 240 214 74955 294 38410 22525 8784 25739 9402 417 301077 144 119 5 489024 711 14734 14636 409 120 838 5987 259 24518 89 2 480
internal_value=1.37009e-05 -0.00751525 -0.00494808 0.00683038 0.000201113 0.00638733 -0.0386524 0.00758759 0.00296812 -0.0317739 0.00570595 0.0187301 0.0837635 0.0166956 0.0295657 -0.0161889 -0.00622875 -0.0109649 0.061278 -0.000192473 -0.00706552 -0.0107939 -0.0175364 0.0290415 0.0417791 -0.0388276 0.000104528 0.0126245 -0.0260449 0.0173646 -8.0653e-05 -0.000102461 0.00185515 0.00786146 -0.0479047 0.0168673 -0.0282294 -0.0713352 -0.0328171 -0.00389148 -0.0439757 0.045937 -0.0295605 0.0691994
internal_weight=14145.6 343.561 323.029 157.743 13802 825.598 21.4301 804.167 568.484 41.5267 526.958 235.683 7.14945 228.534 6.9414 165.287 103.369 96.5926 6.77673 12976.4 537.515 487.207 391.723 50.3084 42.3586 7.94984 12438.9 181.3 19.797 161.503 12257.6 12255 144.021 120.052 20.5319 95.484 23.9681 14.4887 61.9174 17.2364 44.681 2.42799 6.692 5.01718
internal_count=1237198 191296 170167 111478 1045902 74526 2720 71806 59816 2412 57404 11990 10977 1013 894 58689 27694 27285 409 971376 105635 61416 60935 44219 34523 9696 865741 301757 301221 536 563984 563979 110216 109385 21129 481 831 1826 30995 6246 24749 6493 840 804
is_linear=0
shrinkage=0.05


Tree=187
num_leaves=45
num_cat=0
split_feature=4 74 43 56 61 56 21 19 74 43 74 47 43 43 74 44 74 61 44 37 76 43 44 44 56 66 60 44 57 44 9 19 76 57 74 43 51 57 57 76 43 45 34 78
split_gain=7.92476 8.15476 13.1525 20.7461 17.4192 16.8898 14.7818 13.3229 12.4195 12.389 37.5197 25.3788 24.7155 33.1764 23.857 19.2917 23.2657 20.719 18.6044 16.9312 18.0452 16.056 13.2761 12.2201 11.5441 11.0707 15.0545 18.5079 13.0958 12.9621 12.6955 8.91098 6.84831 7.25351 5.96984 5.51249 3.9856 4.051 2.73893 0.0770335 0.0452217 0.0394553 0.0109626 0.00698387
threshold=0.045983087271451957 0.92499652337813132 9.5000000000000018 21.500000000000004 83.500000000000014 38.500000000000007 1.5000000000000002 0.9034201204776765 0.94412727889595982 19.500000000000004 0.81707632756450399 0.65873203582663697 14.500000000000002 5.5000000000000009 0.75504295984255887 0.99963924459869846 0.88639957800627434 87.500000000000014 0.99031108506432408 4.5000000000000009 0.51987012477728023 49.500000000000007 0.9887752808554876 0.99661381540391003 39.500000000000007 4.5000000000000009 48.500000000000007 0.99459548427622624 5.5000000000000009 0.9985017684434504 11.500000000000002 0.68008098006248485 0.37016848701995991 31.500000000000004 0.49337244944199415 75.500000000000014 0.96347501717398343 26.500000000000004 32.500000000000007 0.40935916975331404 3.5000000000000004 -0.18935256036336515 4.5000000000000009 0.43092195823604534
decision_type=2 2 2 2 2 2 2 2 2 2 2 2 2 2 2 2 2 2 2 2 2 2 2 2 2 2 2 2 2 2 2 2 2 2 2 2 2 2 2 2 2 2 2 2
left_child=32 9 25 7 5 -5 -6 23 -9 11 19 15 13 -13 -14 16 -2 -17 22 21 -21 -11 -12 -4 -20 28 31 -28 30 -30 -3 -27 34 39 40 36 37 -36 -35 41 -1 -34 43 -41
right_child=1 2 3 4 6 -7 -8 8 -10 10 18 12 14 -15 -16 17 -18 -19 24 20 -22 -23 -24 -25 -26 26 27 -29 29 -31 -32 -33 33 38 35 -37 -38 -39 -40 42 -42 -43 -44 -45
leaf_value=-0.076088176012659478 -0.0066026356952122436 -0.006132716008597096 -0.0099779620925385792 0.0097211756410359954 -0.098722410840061003 -0.045093481083522111 -0.0073892156762339475 -0.023237631161730138 0.013006498694223424 0.0023328578728204191 -0.0013007310947362241 0.0096945119692723944 -0.045032392469665602 -0.024217436532691712 0.00034728125785426898 0.011298628005953699 0.002505159010128424 -0.073925470626672041 0.019735933651422982 0.015349763528330312 -0.043581216816752422 -0.0023005007444236096 -0.11879223647114748 -0.049393347617981233 0.066915130303767154 -0.053367638475421135 0.030300442793369926 -0.036403181493250857 0.00025193184131393459 0.013915025624076796 -0.19138920610954194 0.037055638954331671 -0.078112195249881194 0.14556077157285929 0.061087907687594492 -0.012678365258190992 0.0084856545771298947 0.014185187095011837 -0.050533429504454247 -0.052324229900264169 -0.053790117708358176 -0.061526704747587424 -0.062677482437945881 -0.058350840109959647
leaf_weight=0.26185400810675119 1373.1717572678676 2.0892334474758623 35.494789735138056 306.77185700924815 7.1804212942745407 14.727779067324262 11.565683277848164 44.698123780618971 50.159382937597456 3069.6718540676748 81.445789795444853 88.696092800237238 30.71079845703207 385.94130260171369 508.69449670054018 394.7806860518815 1432.8195991718644 7.2627502829870982 282.30989566857602 252.91432564420927 13.693452016864397 4783.2630256254151 2.4774820475345214 44.091783703243209 13.589993440429906 2.8232042016838923 20.755645496730722 20.841148345755755 446.77728050616906 283.88621864785 1.6592367205903427 78.021337161410429 0.67305815116606027 0.68300040705662457 18.998939681798223 5.8321662396192542 7.6461967863142482 6.0759774676989755 0.24086894058109465 1.8485396425568303 1.7271134207833254 0.76745784165450348 0.4138462585237902 0.64966434612870205
leaf_count=11 25555 15 1345 5127 505 337 60 199 180 48947 13661 225 126 1184 1420 3442 12223 156 54268 168202 724490 154848 611 2129 1549 371 158 190 3968 1980 39 331 42 323 52 36 31 29 1226 5441 1388 12 760 6
internal_value=1.2538e-05 -5.49578e-05 0.00360805 -0.00270952 0.00447831 0.00721014 -0.0423731 -0.0167291 -0.00407222 -0.000449879 0.000649859 -0.00266374 -0.00955873 -0.0178803 -0.00223639 -0.000484263 -0.00195193 0.00975909 0.0160095 -6.86485e-05 0.012323 -0.000489345 -0.00476917 -0.0318145 0.0219028 0.00740285 0.0213219 -0.00311992 0.00508225 0.00556048 -0.0881353 0.0338979 0.020773 -0.0328096 0.0277466 0.0321045 0.0400866 0.0497228 0.0944356 -0.0598185 -0.0567257 -0.069276 -0.0551401 -0.0538915
internal_weight=14138.8 14093 1371.54 514.69 340.246 321.5 18.7461 174.444 94.8575 12721.4 8499.37 4222.08 1014.04 474.637 539.405 3208.03 2805.99 402.043 379.823 8119.54 266.608 7852.93 83.9233 79.5866 295.9 856.853 122.441 41.5968 734.412 730.663 3.74847 80.8445 45.8187 5.27644 40.5422 38.5533 32.7211 25.0749 0.923869 4.35257 1.98897 1.44052 2.91205 2.4982
internal_count=1237198 1227841 16934 9882 6029 5464 565 3853 379 1210907 1166576 44331 2955 1409 1546 41376 37778 3598 70089 1096487 892692 203795 14272 3474 55817 7052 1050 348 6002 5948 54 702 9357 7810 1547 148 112 81 1549 6261 1399 54 6207 5447
is_linear=0
shrinkage=0.05


Tree=188
num_leaves=45
num_cat=0
split_feature=21 76 74 8 74 38 8 43 74 27 74 74 43 60 77 53 77 74 44 37 56 3 38 8 57 57 56 13 47 61 74 61 20 43 5 74 2 17 72 52 60 5 47 44
split_gain=7.95432 13.0808 14.0453 15.2025 11.738 12.6488 21.0138 20.0345 15.4551 13.9155 31.5398 13.8979 10.3765 20.0337 12.8958 16.8792 14.0541 13.5676 27.7013 20.6886 12.3946 15.9053 16.5193 11.25 10.8934 10.3776 11.9624 10.1914 10.0864 9.79464 9.74591 9.44563 8.94329 11.7778 9.41192 8.8152 8.66979 8.54682 6.79027 6.6244 4.30256 3.43622 2.95506 2.65522
threshold=1.0000000180025095e-35 0.35139525814675421 0.74617859319909763 0.83527129888534557 0.25288052505927883 1.5000000000000002 0.88516482710838329 20.500000000000004 0.73590780803055911 0.74427348375320446 0.79425106667632439 0.69201196119866226 34.500000000000007 102.50000000000001 0.039448129013839019 0.17926877387329235 0.17962771777507108 0.61918034385026866 0.74611762996723774 3.5000000000000004 34.500000000000007 0.88002100586891185 1.0000000180025095e-35 0.63211598992347728 36.500000000000007 25.500000000000004 13.500000000000002 0.96225070953369152 0.41632551829129177 82.500000000000014 0.88639957800627434 25.500000000000004 0.81101191043853771 64.500000000000014 0.26975052058696752 0.89553041188165816 0.93127068877220165 0.63427746295928966 2.5000000000000004 5.1571714722506186e-05 104.50000000000001 0.83047896623611461 -0.33251516012753041 0.013378197374351497
decision_type=2 2 2 2 2 2 2 2 2 2 2 2 2 2 2 2 2 2 2 2 2 2 2 2 2 2 2 2 2 2 2 2 2 2 2 2 2 2 2 2 2 2 2 2
left_child=12 4 3 42 43 9 7 -7 -8 10 -6 -11 13 20 -14 16 23 18 -17 -19 24 29 -23 -16 30 26 -15 -26 35 -22 -1 36 33 -33 -34 -27 -4 -5 -38 -28 -30 -18 -3 -2
right_child=1 2 31 37 5 6 8 -9 -10 11 -12 -13 14 25 15 17 41 19 -20 -21 21 22 -24 -25 27 28 39 -29 40 -31 -32 32 34 -35 -36 -37 38 -39 -40 -41 -42 -43 -44 -45
leaf_value=-0.0042392426110792044 0.031321421776965591 0.044584798447350832 -0.08816860873075183 -0.056388246332647718 -0.012805929413321399 -0.0024931032164282971 -0.064172492587796573 0.019731321507486629 -0.0045558730522711815 -0.010217649859871548 0.0014140695488203624 0.00051711674239610702 -0.049248074017520266 -0.1612620226118377 -0.013690739926445098 0.0052161705249562373 0.039593875925357014 0.0035195625588497433 -0.029298394906942495 0.021728154581445138 0.020816501897489813 -0.063511393376379593 -0.014998720433501051 0.032217001380686283 -0.016582713547609502 -0.074571245143167736 0.051712255737829171 0.036474568893886908 0.054589475713282043 -0.15051382228096058 0.0037947443420633521 -0.0033492526523995086 -0.023858947789859725 -0.031343018878360267 0.054291737754893946 0.03857239426706853 0.061835099431945262 0.1689703958228746 -0.052461503748585187 -0.059779629694960756 0.0079932120387970155 0.072685554257435295 -0.060050409701425889 -0.05679186230077829
leaf_weight=976.73702702211858 0.92700143276760982 0.69519439334317823 6.80039498719111 0.64172453767673587 716.88439926586034 153.79159227295463 11.731296197288428 297.69035834194597 148.272142149508 314.15187189723838 855.0243840040639 7493.4213537368923 11.081870380933422 0.69935989578720992 25.913651349124848 165.90068914217409 23.619859705679119 1404.0095256942877 89.495763291139156 175.49718948610098 31.275584835972722 21.114972741597285 103.86779589217804 27.514690890107886 12.112706767786674 6.0093662376580124 35.216239924228148 35.803081319521425 6.9486568421125439 0.85703948960735843 615.27413083143051 229.09325243085777 5.7096802990240603 44.944650605697348 11.844880207926961 2.4126874651642538 2.2973519022925757 1.2216584440320728 2.9915836455693352 1.3846787515983567 17.259167917007289 11.74602406285703 22.957917124117671 11.004974175352798
leaf_count=55051 1731 58 1508 258 2590 552 76 1515 467 1855 2783 22003 948698 152 924 1174 74 6788 586 885 6298 97 1834 674 6442 2470 2045 358 15 860 14661 30633 116 48856 285 266 10 4 57 340 63 31 51837 19218
internal_value=1.28688e-05 -0.000706645 -0.0105134 -0.0461427 -0.0003839 -0.000324709 0.00664296 0.0121609 -0.00892691 -0.000778959 -0.0050711 8.51839e-05 0.0019683 -0.000690893 0.00453431 0.00484413 0.0261349 0.00381383 -0.00687839 0.0055427 -0.00171262 -0.0151282 -0.0231946 0.00995097 -0.000427322 0.0255651 0.0435802 0.0230621 0.00497142 0.0162468 -0.0011343 -0.00751974 -0.00572422 -0.00794048 0.028873 -0.0421587 -0.0508272 0.0913598 -0.00281455 0.0474943 0.0213683 0.0505846 -0.0569751 -0.0499463
internal_weight=14133.8 10332.1 329.198 25.5165 10002.9 9990.97 611.485 451.482 160.003 9379.48 1571.91 7807.57 3801.75 1866.97 1934.78 1923.7 88.7942 1834.9 255.396 1579.51 1797.04 157.115 124.983 53.4283 1639.93 69.9302 37.3003 47.9158 32.6299 32.1326 1592.01 303.682 291.592 274.038 17.5546 8.42205 12.0893 1.86338 5.28894 36.6009 24.2078 35.3659 23.6531 11.932
internal_count=1237198 186412 133622 52157 52790 31841 2610 2067 543 29231 5373 23858 1050786 90952 959834 11136 1703 9433 1760 7673 85601 9089 1931 1598 76512 5351 2537 6800 2814 7158 69712 81465 79890 79489 401 2736 1575 262 67 2385 78 105 51895 20949
is_linear=0
shrinkage=0.05


Tree=189
num_leaves=45
num_cat=0
split_feature=41 47 75 6 44 44 44 44 75 63 52 21 56 53 47 66 43 10 43 21 44 10 43 75 76 9 57 40 10 75 75 44 75 51 41 27 16 17 61 36 61 75 37 16
split_gain=8.17081 10.6371 16.6969 12.0519 16.3424 14.5923 11.4857 10.964 10.7704 26.8345 16.2624 19.3731 10.1054 10.0261 10.7331 15.5749 13.2616 10.0961 11.9543 9.38758 9.16723 9.16546 8.5499 10.9254 9.92758 13.6412 13.1403 9.63998 11.7856 12.1145 11.1283 11.7409 11.2435 9.99398 10.0512 9.79908 10.3392 9.73964 9.51497 9.38054 9.0503 8.7956 20.0239 14.251
threshold=0.51027804613113414 0.007385627809015324 0.00095615362139050985 0.50233644247055065 0.99971183341554648 0.99970456720254097 0.99946213933043559 0.99715514193022803 0.0015124853191874276 1.0000000180025095e-35 2.437027398465006e-05 2.5000000000000004 39.500000000000007 0.17926877387329235 0.96559001702592306 2.5000000000000004 49.500000000000007 0.40778534114360815 5.5000000000000009 1.0000000180025095e-35 0.99600154162876231 0.2736185491085053 9.5000000000000018 0.28677830409355115 0.35139525814675421 2.5000000000000004 22.500000000000004 3.5000000000000004 0.89323708415031444 0.0426144009072651 0.0088386314169607866 0.99967731024014383 0.013861202484218073 0.061576792947380693 0.59281170368194591 0.77365377545356762 0.64494165778160106 0.60088497400283825 33.500000000000007 5.5000000000000009 26.500000000000004 0.5429149992228971 2.5000000000000004 0.83268406987190258
decision_type=2 2 2 2 2 2 2 2 2 2 2 2 2 2 2 2 2 2 2 2 2 2 2 2 2 2 2 2 2 2 2 2 2 2 2 2 2 2 2 2 2 2 2 2
left_child=1 2 7 6 5 -5 -4 20 9 10 12 -12 -3 17 16 -16 -15 19 -19 -10 -1 -8 23 24 40 26 -26 30 33 -30 35 32 -32 -29 -35 36 -24 -37 -31 -27 -2 42 -25 -44
right_child=22 8 3 4 -6 -7 21 -9 13 -11 11 -13 -14 14 15 -17 -18 18 -20 -21 -22 -23 27 41 25 39 -28 28 29 38 31 -33 -34 34 -36 37 -38 -39 -40 -41 -42 -43 43 -45
leaf_value=-0.083350611914279824 -0.011268632124856869 0.0096249305014205859 0.025856962529665291 -0.0086289994218947379 -0.16108651186109202 0.037389214751961782 0.037471984941137702 -0.089620373473076609 0.030676115946950151 -0.092609122962792431 -0.011885686270668971 -0.16356596435445633 0.056938323133811176 0.0001266271761084225 -0.0081827800038326553 0.0058454918573302697 -0.0037603141186562366 -0.091867960072384652 0.017192022675586598 -0.071420038391762281 0.033908108794350432 -0.089678034912860943 0.039868824840052962 0.0053936562967262982 -0.052007571113416098 0.023065758074821294 0.0008693966748588417 -0.10370391998548359 0.024407973385159057 -0.051075531227497056 0.024861694478309923 0.041386011810572623 -0.0031104485196756298 0.055276692057271898 0.0094356075187981558 0.014591859002985146 -0.098902821925372697 -0.02819477181061671 0.003802004189487999 -0.073805631511691158 0.023240860978338943 0.01209572481221354 -0.011483567786721693 -0.066795230532830985
leaf_weight=2.6141480218320821 20.920740169382611 491.45207516741516 46.841718230975516 525.65475877576216 1.7289702617331375 17.810430140758513 2.156463369777156 9.9058578024930721 3.4198528405581765 6.7221296309726304 52.743530664784203 2.1926601468112485 11.550915095955132 6807.1639026276634 237.38669340312481 1188.2553554076003 3238.3833661961571 2.5563761824159874 146.9438364264347 6.5904318015454919 4.5995558934625933 4.1348783421984763 1.672209256352742 99.632454460560893 17.417802693991689 55.243930755684687 36.102506855519096 1.3254998316663194 25.13456486590303 14.945421883250903 38.675627164587695 16.745770182545584 504.99156708527119 27.639939936823112 21.075599626972462 19.841427270198892 6.8016306468907715 40.345803932799754 16.752611256925093 2.6174656090815906 206.80525625663176 94.641396469994106 28.844332321124512 19.530229812824473
leaf_count=29286 207 1857 249591 764548 8252 15195 749 9737 418 31 505 16 29 22142 904 3654 16700 46 11871 664 1353 42385 406 497 275 1500 294 12435 1599 1573 1490 1004 22613 2804 1204 2192 703 1155 1087 520 1156 2104 322 125
internal_value=1.22421e-05 -0.000373392 -0.00678691 -0.00539385 -0.00760916 -0.00712089 0.0173373 -0.0554743 -4.97294e-05 0.00669395 0.00789037 -0.0179397 0.0107114 -0.00037713 -0.00055024 0.00350961 -0.00112641 0.0120721 0.0153272 -0.0365405 -0.00858485 -0.0460952 0.0037614 0.00829136 0.0140875 0.00185479 -0.016339 0.000180531 0.0140641 -0.00151617 -0.00217815 0.00014959 -0.00112055 0.0317589 0.0354447 -0.0211772 -0.0715179 -0.0140897 -0.0220724 0.0186836 0.0200705 0.00019113 -0.00742113 -0.0338145
internal_weight=14128.5 12810.8 615.447 598.327 545.194 543.465 53.1331 17.1196 12195.4 564.661 557.939 54.9362 503.003 11630.7 11471.2 1425.64 10045.5 159.51 149.5 10.0103 7.2137 6.29134 1317.7 581.756 339.108 111.382 53.5203 735.948 106.874 56.8326 629.074 560.413 543.667 50.041 48.7155 68.6611 8.47384 60.1872 31.698 57.8614 227.726 242.648 148.007 48.3746
internal_count=1237198 1179933 1121096 1080720 787995 779743 292725 40376 58837 2438 2407 521 1886 56399 43400 4558 38842 12999 11917 1082 30639 43134 57265 7000 3952 2589 569 50265 20702 4259 29563 25107 24103 16443 4008 4456 1109 3347 2660 2020 1363 3048 944 447
is_linear=0
shrinkage=0.05


Tree=190
num_leaves=45
num_cat=0
split_feature=56 74 43 43 74 17 74 75 49 77 77 75 47 37 54 43 56 37 19 10 56 74 44 56 74 75 44 60 43 20 74 60 62 27 46 47 54 35 15 77 74 19 10 42
split_gain=7.94671 16.0146 13.0445 29.7377 18.3428 12.0891 17.5453 17.9014 15.8005 14.0558 13.5448 12.7553 11.5401 11.1329 12.3495 10.8484 10.8518 31.6726 10.7002 10.1949 10.0897 14.5694 10.4591 8.63511 8.62515 7.47018 7.39838 6.01289 5.01837 4.65496 7.73763 4.61389 4.52522 5.26754 4.46109 3.63644 1.63459 1.51202 1.2394 0.450461 0.274184 0.155592 0.143987 0.12235
threshold=5.5000000000000009 0.75138813546832772 307.50000000000006 287.50000000000006 0.53527161791297817 0.57416576147079479 0.79690662855100347 0.021428043699726344 4.5000000000000009 0.57819165034846887 0.74626141618161512 0.19881524512955942 0.91319276552809481 4.5000000000000009 0.99999899606364029 274.50000000000006 6.5000000000000009 1.5000000000000002 0.81501609086990368 0.5604878067970277 25.500000000000004 0.79622330252746398 0.99971168568543189 19.500000000000004 0.1257459053250167 0.66196861694174725 0.98934870388096052 28.500000000000004 318.50000000000006 0.32843138277530676 0.77693025054971443 68.500000000000014 31.500000000000004 0.81853973865509044 0.99999898603431547 0.65873203582663697 0.99999800764523483 1.5000000000000002 0.64418154954910289 0.71016232810857505 0.52014156185220484 0.87888437509536754 0.41421362757682806 1.5000000000000002
decision_type=2 2 2 2 2 2 2 2 2 2 2 2 2 2 2 2 2 2 2 2 2 2 2 2 2 2 2 2 2 2 2 2 2 2 2 2 2 2 2 2 2 2 2 2
left_child=1 25 3 15 18 9 7 10 -9 31 -7 28 35 26 34 16 17 -2 27 -13 22 -22 -17 -14 -18 39 -3 -5 -8 -11 -31 36 33 -28 43 -6 -4 -33 -27 41 -20 -1 -34 -15
right_child=2 13 5 4 12 6 11 8 -10 29 -12 19 23 14 -16 20 24 -19 40 -21 21 -23 -24 -25 -26 38 32 -29 -30 30 -32 37 42 -35 -36 -37 -38 -39 -40 -41 -42 -43 -44 -45
leaf_value=-0.060333768005527921 0.056410050836604067 -0.10720992339085787 -0.023797900902460367 0.090663428258761392 0.017529316066789601 -0.055705282061993246 -0.07520565415974495 -0.056818261644903167 0.030039701121762932 0.053099003396654021 -0.177660867280416 -0.19849360072617725 0.018483711679767981 -0.15336810678506849 -0.47599999033005169 -0.0074711260502232021 -0.043883125439095838 -0.096416987131442547 -0.061350610609889757 -0.031279135867847127 -0.06039501080845773 -0.28929145668894896 -0.24329184266561898 0.071843108487781193 5.7267875646370624e-05 -0.066396162314469737 0.084426203957449028 -0.058680988320844611 0.029631132480586592 -0.023079721811746039 0.054457785054810852 0.055484635009609706 -0.015787722985487914 0.037366918053403413 0.065872644806763969 -0.060788701969960612 -0.071144610152117274 -0.056390520681234957 0.070347231024969148 -0.099446582852410426 -0.087948162366383864 -0.083518434927650098 -0.062088799016220803 -0.10892309139952516
leaf_weight=2.2866284018607526 5.227189450390596 0.7994245190789141 2.5796433376240184 2.2569491049797521 3.5636279110941578 4.7002899588601377 1.2246066563529954 19.632861561448866 7.140081924529567 9.9023146778345126 4.4154571406543255 1.0759576576506322 10.064242683351038 0.21972852945327648 0.1879991516470908 11.601412903163805 11.177075345172851 9.6467828458421518 4.8929421008165264 5.9651642995640941 3.5280084442060788 0.86579379166300885 0.49004582108739292 30.741826042532921 13893.53904541936 0.19167672732351082 8.2663783373095665 0.96093531032056478 16.820005260844482 8.0529778674244863 5.3585213087499133 1.3879445831134933 0.2074730274457568 21.188333623870449 0.5486941933631897 2.5375421122789703 6.2142855429424344 0.38601177795953834 1.2230374217033384 1.6731999218463895 1.2082049304576683 1.058688369358151 0.88059079119193484 0.52438364876729793
leaf_count=3341 26 11 130165 2057 20690 165 16 325 122 29 26 47 44 1 2 9543 81433 905 98 84 3346 843 283 71 921934 526 302 7270 315 30 35 2057 60 577 1 27 167 44136 2 7 9 21 42 6007
internal_value=1.20194e-05 0.0224769 -5.05829e-05 7.46908e-05 0.0363641 -0.0185298 -0.0318357 -0.0542595 -0.0336541 0.00541575 -0.114778 0.000244863 0.0490932 0.0366153 -0.0973528 -7.17218e-05 -2.37133e-05 -0.0427087 -0.0277078 -0.0568313 -0.0406084 -0.105499 -0.0170285 0.0586828 2.19471e-05 -0.0496584 0.0429448 0.0460657 0.0225163 0.0270979 0.00790014 -0.0424173 0.046875 0.050574 -0.0422901 -0.015044 -0.0572558 0.0311407 0.0518201 -0.0782651 -0.0666177 -0.067671 -0.0532601 -0.122047
internal_weight=14126.4 39.2562 14087.2 13992.3 56.2263 94.8561 60.9744 35.8887 26.7729 33.8817 9.11575 25.0857 46.9072 32.823 1.48081 13936.1 13919.6 14.874 9.31903 7.04112 16.4853 4.3938 12.0915 40.8061 13904.7 6.43323 31.3422 3.21788 18.0446 23.3138 13.4115 10.5679 30.5428 29.4547 1.29281 6.10117 8.79393 1.77396 1.41471 5.01852 6.10115 3.34532 1.08806 0.744112
internal_count=1237198 10900 1226298 1048579 30266 177719 1100 638 447 176619 191 462 20832 7003 6011 1018313 1004298 931 9434 131 14015 4189 9826 115 1003367 3897 992 9327 331 94 65 176525 981 879 6009 20717 130332 46193 528 3369 107 3362 102 6008
is_linear=0
shrinkage=0.05


Tree=191
num_leaves=45
num_cat=0
split_feature=13 67 77 16 28 43 60 76 45 40 9 3 68 47 21 9 47 51 4 75 75 56 60 3 22 29 18 17 31 48 60 60 60 16 43 8 18 56 13 22 76 60 75 1
split_gain=7.75524 22.1622 14.7391 17.687 19.5326 22.4826 13.626 12.5169 17.9645 14.1697 13.8067 13.2968 13.3987 12.1494 12.6732 14.4165 13.5664 11.7233 12.6265 11.3986 19.9513 20.8324 25.4225 17.6801 15.8072 25.4268 14.4443 20.2504 19.8435 14.21 13.0757 18.5394 19.9931 22.8033 12.6709 12.1346 12.1343 11.2339 10.6766 9.71486 11.3115 9.66748 9.30521 9.28231
threshold=0.83438816666603099 4.5000000000000009 0.57819165034846887 0.90172171592712413 0.11751618608832361 51.500000000000007 43.500000000000007 0.35139525814675421 -0.50117004732130133 13.500000000000002 1.5000000000000002 0.94075065851211559 2.5000000000000004 -0.13780241767852627 1.5000000000000002 3.5000000000000004 0.77827671854801139 0.67865426389250116 0.46470099687576299 0.030522014924919259 0.18729103117916099 19.500000000000004 126.50000000000001 0.47242970764636999 1.0000000180025095e-35 1.3536821007728579 0.87623956799507152 0.51360607147216808 0.68766534328460704 0.9841687552213868 152.50000000000003 128.50000000000003 120.50000000000001 0.95641309022903453 307.50000000000006 0.42980295419692999 0.89668855071067821 9.5000000000000018 0.75147059559822094 1.0000000180025095e-35 0.61035662396954138 27.500000000000004 0.52690666288916643 0.86729559302330028
decision_type=2 2 2 2 2 2 2 2 2 2 2 2 2 2 2 2 2 2 2 2 2 2 2 2 2 2 2 2 2 2 2 2 2 2 2 2 2 2 2 2 2 2 2 2
left_child=1 2 13 17 5 -5 -6 9 39 10 41 12 -10 43 16 -16 -15 -4 -19 30 21 22 23 -21 36 -26 27 29 -29 -22 31 32 35 -34 37 -2 -23 -28 -12 40 -9 -3 -36 -1
right_child=19 7 3 4 6 -7 -8 8 11 -11 38 -13 -14 14 15 -17 -18 18 -20 20 26 24 -24 -25 25 -27 34 28 -30 -31 -32 -33 33 -35 42 -37 -38 -39 -40 -41 -42 -43 -44 -45
leaf_value=0.018595255374271247 -0.0082630156987177419 -0.099876090899654102 0.029298184256167377 0.0014782628349970591 -0.0061286748770402501 -0.045224442979323959 0.0088876135195957648 0.05891011108234441 -0.063707322533591459 0.11935255934823229 0.01319357930008239 0.06541600393210581 0.072815088338860537 -0.0010403031480972086 -0.0028206691679145955 -0.035067179554391259 -0.027951590866864724 0.0019226079070893383 0.016273217340398265 -0.064996212717925189 -0.0055744500660571596 -0.00032169979718087399 -0.13224494952467947 0.002559329515036974 -0.051695733932759759 -0.010612722404762021 0.039947171457194383 -0.040766487422536642 -0.0057133634766366632 0.0065084133954707527 -0.17885021099548848 0.042342454463143241 -0.027861221654926445 -0.18800159100335445 -0.11033824029137079 0.0017704036106770864 -0.01684134102376587 0.0047310210737001564 0.036130436933542238 -0.043827190300916502 -0.041501821832058784 0.0043356110259016277 -0.017890281538660211 0.15619276484267297
leaf_weight=36.432283276518319 320.73756425155443 2.2717256590152592 66.09441898856312 51.24566613137722 295.7794540040195 51.835023034363985 308.78844098001719 14.269244822740808 20.452861223306407 3.3746713672471733 106.68100834374695 2.7166761190132993 1.970319299243555 637.25766348346679 66.697860910816416 72.158743631195648 50.545887792580743 416.07168977707624 242.68041904270649 9.7958289609927061 358.17222880829991 702.93648689448014 3.5519037292519888 856.75855387752893 39.090867304455742 1030.5483180254746 23.080384313652758 42.207777820107594 929.47818295667571 758.90305415255648 1.0089611821240385 27.194567136222759 22.510395404615341 2.4665610771626225 3.7171508548781267 4984.5549226464864 132.04270789815291 1202.4210145156376 96.743462150711366 4.3985698336007308 3.4908711933686609 109.28016952347161 10.165950391325167 1.2683441957910861
leaf_count=16248 17364 184 198 175 913 234 892 8611 2716 167 24484 23 727 511851 2272 6764 428 1305 660 213 180193 62429 70 58316 510 3332 64 293 3672 3859 45 628 665 15 26 138400 571 3854 1731 24608 155006 2395 52 35
internal_value=1.18343e-05 0.00244272 0.000622607 0.00373389 -0.00188907 -0.0220066 0.00154103 0.0138759 -0.0101243 0.0174417 0.0163498 -0.0390541 -0.0517111 -0.00453369 -0.00579962 -0.019578 -0.00301798 0.00922344 0.00720929 -0.000552867 -0.00203038 -0.00516136 0.00124848 0.00179566 -0.00808963 -0.0121141 0.00057996 -0.00195736 -0.00723599 0.00263424 0.0011299 0.0011638 0.00095371 -0.0436756 0.00485617 0.00116382 -0.0029341 0.00539426 0.0241018 0.0226976 0.0391735 0.00221337 -0.0426429 0.0232244
internal_weight=14123.8 2662.51 2296.86 1432.5 707.649 103.081 604.568 365.65 47.2985 318.351 314.976 25.1399 22.4232 864.361 826.66 138.857 687.804 724.847 658.752 11461.3 6102.87 2774.72 870.106 866.554 1904.62 1069.64 3328.15 2088.76 971.686 1117.08 5358.47 5357.46 5330.27 24.977 1239.38 5305.29 834.979 1225.5 203.424 22.1587 17.7601 111.552 13.8831 37.7006
internal_count=1237198 762627 541975 4377 2214 409 1805 220652 191691 28961 28794 3466 3443 537598 521315 9036 512279 2163 1965 474571 317454 125441 58599 58529 66842 3842 192013 188017 3965 184052 157117 157072 156444 680 3996 155764 63000 3918 26215 188225 163617 2579 78 16283
is_linear=0
shrinkage=0.05


Tree=192
num_leaves=44
num_cat=0
split_feature=4 56 56 30 76 45 43 74 17 77 72 39 56 57 43 44 57 51 77 51 30 60 76 51 74 30 13 43 76 46 28 36 27 30 74 46 76 43 72 43 47 3 46
split_gain=8.01626 7.75356 7.73429 20.0926 7.84169 18.1099 29.6399 12.8852 11.5336 11.9237 11.829 6.48104 5.99459 6.39684 7.33717 6.69435 5.90537 5.69295 5.34693 3.39183 2.78654 2.16053 2.33076 4.49922 2.14006 5.30695 2.00116 1.29658 0.839837 0.751665 0.0557086 0.0489955 0.0464298 0.0433559 0.0238735 0.0181192 0.0168045 0.0142877 0.048439 0.00638095 4.40881e-05 1.51242e-05 1.99189e-09
threshold=0.054299755021929748 50.500000000000007 48.500000000000007 0.94986033439636242 0.11077337920917406 -0.085541502036153585 10.500000000000002 0.43949605872518499 0.18773496150970462 0.0060230718244431315 3.5000000000000004 2.5000000000000004 15.500000000000002 39.500000000000007 19.500000000000004 0.99935521796931404 35.500000000000007 0.54451021529349231 0.3542742430227645 0.54451021529349231 0.89488223195076 78.500000000000014 0.065820483200304508 0.8219897502975998 0.74277537426856377 0.87514045834541332 0.94201681017875682 118.50000000000001 0.14630926420287657 0.8618690030540207 0.70785412192344677 8.5000000000000018 0.94881153106689464 0.90946349501609813 0.76647658607300406 0.64613580925817204 0.023417625366675982 119.50000000000001 1.5000000000000002 92.500000000000014 0.77827671854801139 0.4024167805910111 0.18790036695711335
decision_type=2 2 2 2 2 2 2 2 2 2 2 2 2 2 2 2 2 2 2 2 2 2 2 2 2 2 2 2 2 2 2 2 2 2 2 2 2 2 2 2 2 2 2
left_child=12 2 4 26 8 7 -7 -6 9 -2 -10 24 19 14 17 18 -17 20 -16 27 -14 22 -21 -24 25 -3 33 31 -19 40 35 39 34 -4 -26 42 -34 -29 -39 -1 41 -15 -13
right_child=1 11 3 -5 5 6 -8 -9 10 -11 -12 30 13 29 15 16 -18 28 -20 21 -22 -23 23 -25 32 -27 -28 37 -30 -31 -32 -33 36 -35 -36 -37 -38 38 -40 -41 -42 -43 -44
leaf_value=-0.055532399226425534 -0.015434971827574213 0.078385046453488538 0.047205767610950716 -0.16092011080622901 -0.040599504323175023 -8.8155800165590822e-05 -0.02255065238004467 0.00016778480545504026 -0.00023254576778132765 0.0084831139182284434 0.0095100959019101174 -0.050001628268301603 -0.067427841928596091 -0.050423925504779421 -0.031315235878866504 -0.030698218708449881 -0.22286162819024657 -0.11748364323561776 0.021568482198251089 0.061086780109769402 0.061137382887308356 0.078726417047356972 0.053069626307228258 -0.066138496600363569 0.066357853642752027 -0.13407140335403708 -0.088579679898511385 0.055296336719607792 -0.067563261634214847 0.072994607523620511 -0.15870277181700188 -0.085202115639203269 0.054632193213625974 0.064029136257348046 0.059609333107982214 -0.12641253111522641 0.041809646883446218 0.050989881228602513 -0.050576130865400915 -0.066539402903448605 -0.053078876415355858 -0.051901855886483717 -0.050068073061190557
leaf_weight=0.4363635929372538 56.561361175767161 0.69602214928306405 0.5100343193739717 2.5214828243688316 19.583707820016116 324.35933871249063 268.36624481191666 1885.8994565166158 10490.651921712481 661.72882443297567 321.08981940998092 0.0066631921263259342 0.62872689178607188 0.033866419396189396 5.3743746047543928 2.9390029056154385 0.46275250090593534 1.4735940149985256 43.196639282628894 4.2458313615993557 1.2784848259261705 5.1099020566164199 1.9636720014959794 1.3260269104214328 1.6714596348560897 0.50879563111811876 0.25545764676871829 0.26006234354281332 1.9673208533292834 4.0573324396182215 0.21580592412465194 0.24584450055886009 0.74458828195929505 1.5372077226638792 6.068488899927388 0.23908610641956329 0.38901073403792452 0.057109154760837555 0.014776637839077011 0.18856977329005531 0.054641034454107285 0.035409104450309314 0.0013577756471931934
leaf_count=765 29273 229 456 20 79916 1016 3056 1001703 34867 2834 69136 1301 620 692 8159 1353 156 10 162 23 21 35 22 28 191 6 9 5 40 15 3 452 5 3 109 1 56 1 319 108 1 20 1
internal_value=1.1834e-05 -7.54346e-05 -0.000107634 -0.0634062 -8.58665e-05 -0.00262552 -0.0102584 -0.000251203 0.000464399 0.0065997 5.67936e-05 0.0427904 0.0162767 0.0095847 0.00522954 0.0109679 -0.0568389 -0.0505359 0.0157169 0.0459973 0.0187549 0.0536287 0.0366098 0.00501867 0.0511927 -0.0113355 0.0433727 -0.0342397 -0.088942 0.0692897 -0.140142 -0.0662926 0.0596825 0.0598379 0.0610667 -0.123933 0.050232 0.0498425 0.0301123 -0.0588537 -0.0520169 -0.0511793 -0.0500129
internal_weight=14119 14043.6 14033.1 4.82418 14028.2 2498.21 592.726 1905.48 11530 718.29 10811.7 10.5413 75.3503 61.5021 57.3209 51.9728 3.40176 5.34813 48.571 13.8482 1.90721 12.6454 7.53553 3.2897 10.0784 1.20482 2.3027 1.20273 3.44091 4.18125 0.462913 0.870778 8.87355 2.04724 7.73995 0.247107 1.1336 0.331948 0.0718858 0.624933 0.123917 0.0692755 0.00802097
internal_count=1237198 1224191 1222289 488 1221801 1085691 4072 1081619 136110 32107 104003 1902 13007 11249 10521 9830 1509 691 8321 1758 641 108 73 50 596 235 468 1650 50 728 1306 1325 361 459 300 1303 61 325 320 873 713 712 1302
is_linear=0
shrinkage=0.05


Tree=193
num_leaves=45
num_cat=0
split_feature=41 43 43 74 74 13 16 43 60 74 44 56 18 47 53 17 38 44 74 15 21 60 43 56 44 43 44 44 44 44 43 47 78 74 57 57 62 27 40 31 74 74 4 10
split_gain=7.62553 10.0466 36.2932 27.702 21.4089 26.2049 21.6035 19.7685 18.8715 15.9851 15.1199 16.727 26.9869 16.0529 22.3524 15.074 14.8388 13.8409 13.5682 13.4085 13.0294 12.9375 9.7478 21.4463 20.4819 15.358 9.62464 9.4006 15.3404 11.3288 8.7513 7.95742 15.9762 21.4986 14.7104 12.4806 13.0787 18.797 10.8072 10.6912 9.68712 9.66449 11.6381 10.762
threshold=0.51027804613113414 35.500000000000007 49.500000000000007 0.71894715964871347 0.82006021917769722 0.12599206715822223 0.92135426402091991 36.500000000000007 25.500000000000004 0.92499652337813132 0.99970456720254097 27.500000000000004 0.93185892701148998 0.007385627809015324 0.98739607714980815 0.41949884593486791 2.5000000000000004 0.98803517872873925 0.78458205700657235 0.62602058053016674 2.5000000000000004 98.500000000000014 9.5000000000000018 11.500000000000002 0.99929587485470883 12.500000000000002 0.99916874090618391 0.99900599555750313 0.99498869358371878 0.99971183341554648 53.500000000000007 0.65873203582663697 0.74291585239718161 0.55775765346823336 12.500000000000002 25.500000000000004 4.5000000000000009 0.82508739829063427 8.5000000000000018 0.8126426935195924 0.53912397517524824 0.66489795452513611 0.79008570313453685 0.7670542597770692
decision_type=2 2 2 2 2 2 2 2 2 2 2 2 2 2 2 2 2 2 2 2 2 2 2 2 2 2 2 2 2 2 2 2 2 2 2 2 2 2 2 2 2 2 2 2
left_child=1 9 3 7 5 6 -4 20 -7 10 13 21 -13 14 -1 19 -9 -17 -15 -5 -3 -12 27 24 -24 -25 30 28 -11 -29 -6 32 35 34 -34 38 -37 -38 40 -36 -2 42 43 -33
right_child=31 2 4 15 26 8 -8 16 -10 22 11 12 -14 18 -16 17 -18 -19 -20 -21 -22 -23 23 25 -26 -27 -28 29 -30 -31 -32 41 33 -35 39 36 37 -39 -40 -41 -42 -43 -44 -45
leaf_value=-0.00467297547732844 -0.061666965533700546 0.061148782813386038 -0.011899530415187681 0.017050083052612006 -0.049044466623011748 -0.025576096730436759 -0.059485576291345182 -0.01441217556111944 -0.00055042077585481055 0.012155516184470763 0.015289026339971029 0.0043242422513454781 -0.091004832649823314 -0.0078056881530429896 -0.031215997774599824 0.022284109976888473 0.039736205242931109 0.0050296662991442236 -0.0012854752875578938 0.049524791880817431 -0.069167293621401615 0.065381450152693282 -0.10928074286635055 -0.0074693578803814277 0.016366227102955346 0.011284701220826612 0.032585105047727124 0.018165872481083901 -0.0043443028447471875 -0.018233676301451486 0.011249998099726301 -0.048229060775979028 -0.068849786730661208 0.027488470876671452 -0.0076869917997617141 0.025328607208669279 0.01238386649422814 -0.030196090341108928 -0.11026676473787636 0.022732602847731181 -0.0036436438168191685 0.0015198660459165298 -0.060957008960592023 0.0042902361718233284
leaf_weight=231.56703972516357 7.4150640428139232 14.989878522088022 91.858312458692581 278.69634031087344 6.4163186710500204 76.610160348761383 32.215737462982815 210.84760519585166 4512.4835813561613 254.47137543857366 112.28684246993203 40.206762747843868 9.1053679393826297 1018.4242325683076 120.63718691034842 139.53541898270078 13.459906581492076 695.75397784025131 3684.4288107181578 35.877483126170773 2.1995422681995924 14.561315569553242 8.88256195576332 297.29041962365909 5.1089695946952807 172.51133578659187 60.743098672499627 223.90339320670296 315.55395506822288 23.63240529051086 96.960847655464931 12.865511550348854 7.2362567659583865 171.95279044378549 71.76846617879346 84.404806472555038 88.006861050516591 36.739090763616105 2.4804089126216686 48.338515539071523 240.54564870628303 488.66992133017561 13.140016000394096 40.335122224597853
leaf_count=78578 4830 1711 10997 54613 852 19700 189 16183 887406 1856 1449 835 46 4346 713 1274 15116 5660 11208 163 21 316 233 4326 63 2710 25692 1365 2290 162 29860 84 116 480 682 4041 14936 4883 1762 218 23172 1759 91 211
internal_value=1.13536e-05 -0.000360968 0.00106895 0.00819199 -0.000963066 -0.00158123 -0.0242552 -0.00720279 -0.000968198 -0.00173311 -0.00296673 0.0114329 -0.013278 -0.00346854 -0.0137645 0.0114252 -0.0111629 0.00791203 -0.00269746 0.0207539 0.0444737 0.0210393 0.00322584 -0.0023996 -0.0634011 -0.000582862 0.0167892 0.00655469 0.00302157 0.0146908 0.0075077 0.00363885 0.0069665 0.0159564 0.000384488 0.0011121 0.0101283 -0.000156411 -0.00641761 0.00455574 -0.00537878 -0.000911167 -0.0188183 -0.00841051
internal_weight=14115.1 12801.2 6268.65 1391.36 4877.29 4713.17 124.074 241.497 4589.09 6532.57 5231.22 176.16 49.3121 5055.06 352.204 1149.86 224.308 835.289 4702.85 314.574 17.1894 126.848 1301.35 483.793 13.9915 469.802 164.12 817.561 570.025 247.536 103.377 1313.9 758.888 299.296 127.343 459.592 209.151 124.746 250.441 120.107 247.961 555.011 66.3406 53.2006
internal_count=1237198 1179933 1069437 94741 974696 918292 11186 33031 907106 110496 97491 2646 881 94845 79291 61710 31299 6934 15554 54776 1732 1765 13005 7332 296 7036 56404 5673 4146 1527 30712 57265 55120 1496 1016 53624 23860 19819 29764 900 28002 2145 386 295
is_linear=0
shrinkage=0.05


Tree=194
num_leaves=41
num_cat=0
split_feature=4 56 64 75 47 60 60 47 75 44 61 57 6 44 56 53 76 57 74 73 62 51 57 77 57 36 77 76 75 45 45 34 42 78 76 77 77 76 78 27
split_gain=7.67564 7.52835 7.58818 9.51535 16.4224 25.5316 11.4904 9.97651 23.2122 15.3645 8.99992 9.50979 9.9098 9.06165 18.194 6.88839 5.7789 6.67115 5.19107 5.02781 3.67179 3.52366 3.73821 3.50845 2.21595 0.615062 0.228529 0.0593872 0.0317013 0.0304226 0.00777375 0.00738494 0.00450697 0.00398867 0.00246702 0.00218549 0.000419854 2.65647e-06 1.87415e-06 1.77702e-07
threshold=0.045983087271451957 3.5000000000000004 1.0000000180025095e-35 0.0015124853191874276 0.0025073399667340408 24.500000000000004 30.500000000000004 0.52664288881242227 0.0018454675724569605 0.59556235071998842 34.500000000000007 7.5000000000000009 0.95861870050430309 0.99954985547776476 19.500000000000004 0.23330776762750924 0.37016848701995991 31.500000000000004 0.49337244944199415 75.500000000000014 11.500000000000002 0.96347501717398343 26.500000000000004 0.78727023968988885 32.500000000000007 1.5000000000000002 0.71016232810857505 0.40935916975331404 0.36590217163983035 -0.18935256036336515 -0.58988289062240429 4.5000000000000009 2.5000000000000004 0.43092195823604534 0.53896898435557816 0.3542742430227645 0.17962771777507108 0.6472327636442754 0.12449907904534323 0.96884703636169445
decision_type=2 2 2 2 2 2 2 2 2 2 2 2 2 2 2 2 2 2 2 2 2 2 2 2 2 2 2 2 2 2 2 2 2 2 2 2 2 2 2 2
left_child=16 20 3 4 6 -6 -3 8 -5 -9 11 23 -13 15 -15 -12 18 27 28 21 26 22 -20 -4 -19 -22 32 29 35 -18 37 33 -2 -29 -33 36 -1 -27 39 -26
right_child=1 2 10 7 5 -7 -8 9 -10 -11 13 12 -14 14 -16 -17 17 24 19 -21 25 -23 -24 -25 38 30 -28 31 -30 -31 -32 34 -34 -35 -36 -37 -38 -39 -40 -41
leaf_value=-0.050497036490028825 0.085538416001443698 0.0166925490521137 -0.049447381451775116 -0.041922072781843282 -0.089142514249616486 0.0088318545151575053 -0.051043313845711535 0.033959406567754161 0.0019039551561387505 -0.0016535641836988087 0.041529050359615967 -0.020975795788032152 0.008663638333063722 -0.056246155940282094 0.0077505536874812432 0.0083904782313164363 -0.075145267943957289 0.1324193379519773 0.059060978948043109 -0.01215578733275335 0.052483504709823138 0.0089513688007354115 0.013720512369066021 -0.15564107776953415 -0.05008607669913117 -0.054271911332795721 0.060024333991961221 -0.052110290108326462 -0.073760026765673975 -0.060094589587218999 -0.066545081532342384 -0.062586607926245277 0.079953988868916012 -0.056950854093711645 -0.051097837671960217 -0.05597394087816792 -0.052721234508769255 -0.053862843428203661 -0.050544969146158969 -0.050337218993988513
leaf_weight=0.29906747864538263 0.72856265306131607 8.9867202341233696 1.9265678723843387 30.462804609356681 6.7287378246946892 565.11773354239949 20.641698794586773 30.388280060215038 3683.5306190461451 9005.2627122548511 16.166456009032117 53.397863682321599 59.764490322585061 16.296808977546561 34.866566320040988 522.86783938718145 0.64894085009473201 0.7141011806102141 18.49732114747167 5.7264302112162104 0.13524180650711048 7.5994080938398829 6.0273407064378253 1.3043754100799558 0.026934357372283557 0.072517350316047668 4.6820304095745087 1.6710344863222424 0.21836551565343132 0.69571031058103405 0.55766080319881439 0.32126771416369582 0.71673295135542503 0.57099381089210499 0.054679740434607993 0.5522455796599387 0.73025159537792206 0.087665216888353825 0.1791394439060241 0.0095377951269028927
leaf_count=1371 1 10745 53 9085 43 2999 42696 136 1099006 29904 22226 5006 639 772 2012 1857 42 323 52 36 1 31 29 6 1120 1 12 5441 2 12 3 5 453 6 755 6 20 185 20 86
internal_value=1.14892e-05 -5.41403e-05 -7.99176e-05 -0.000347161 0.00579843 0.00767902 -0.0304981 -0.000637084 0.00154449 -0.00153379 0.00496968 -0.00773724 -0.00532231 0.00747562 -0.012634 0.00938435 0.0207345 -0.0305363 0.0270606 0.0310058 0.0518583 0.0386997 0.0479178 -0.0923192 0.0900031 -0.0453286 0.0653893 -0.0588173 -0.0559021 -0.0673582 -0.0637564 -0.0544305 0.0827691 -0.0533431 -0.0609156 -0.0534364 -0.052075 -0.054048 -0.0504785 -0.0501518
internal_weight=14109.2 14064.7 14057.7 13351.1 601.475 571.846 29.6284 12749.6 3713.99 9035.65 706.591 116.393 113.162 590.198 51.1634 539.034 44.5428 4.89234 39.6504 37.8505 6.98041 32.1241 24.5247 3.23094 0.929713 0.853085 6.12733 3.96263 1.79993 1.34465 0.717843 2.61798 1.4453 2.24203 0.375947 1.58156 1.02932 0.160183 0.215612 0.0364722
internal_count=1237198 1227841 1227185 1194614 56483 3042 53441 1138131 1108091 30040 32571 5704 5645 26867 2784 24083 9357 7810 1547 148 656 112 81 59 1549 190 466 6261 1399 54 189 6207 454 5447 760 1397 1391 186 1226 1206
is_linear=0
shrinkage=0.05


Tree=195
num_leaves=45
num_cat=0
split_feature=76 54 43 45 78 76 8 8 52 10 23 60 77 47 43 17 43 27 3 44 60 52 62 3 4 76 44 45 57 46 51 76 33 56 75 56 17 37 53 60 19 60 45 16
split_gain=7.60482 14.7378 14.3373 16.6335 13.4382 12.8539 15.6085 17.4071 12.8316 12.7752 12.2282 12.3973 11.9448 11.8266 31.637 28.807 19.1117 18.4449 14.7254 14.1722 11.4084 19.6604 13.1919 18.7168 22.3481 13.0872 12.4792 10.8463 10.3142 10.1381 15.5429 10.7964 12.9181 14.8877 12.2393 10.103 14.886 10.2746 10.0748 14.4413 9.85504 9.61518 15.0206 11.4807
threshold=0.2213038143741288 0.99999895787473358 19.500000000000004 -0.40249058483425354 0.99999886056648768 0.059167986936059618 0.93440860509872448 0.77913278341293346 0.00030814647027752854 0.65039682388305675 1.0000000180025095e-35 88.500000000000014 0.3542742430227645 0.94374685324473473 59.500000000000007 0.63427746295928966 50.500000000000007 0.74007874727249157 0.94075065851211559 0.99156138028689389 30.500000000000004 0.0045124300866353079 26.500000000000004 0.91516974568367015 0.83558556437492382 0.62203783241970656 0.99879724447123774 -0.15490451137284186 29.500000000000004 0.36866659035396082 0.18703749809478976 0.59391413434887597 0.32270763814449316 12.500000000000002 0.0426144009072651 14.500000000000002 0.81861472129821788 2.5000000000000004 0.31625573833342641 31.500000000000004 0.87888437509536754 54.500000000000007 -0.085541502036153585 0.882317215204239
decision_type=2 2 2 2 2 2 2 2 2 2 2 2 2 2 2 2 2 2 2 2 2 2 2 2 2 2 2 2 2 2 2 2 2 2 2 2 2 2 2 2 2 2 2 2
left_child=1 2 4 10 35 13 7 9 12 -7 -4 -12 -5 14 18 -16 19 -18 -3 -15 21 22 23 40 -25 -23 -24 -10 -6 31 -31 32 34 -34 -22 36 -1 -37 -33 -40 -2 43 -43 -32
right_child=20 5 3 8 28 6 -8 -9 27 -11 11 -13 -14 16 15 -17 17 -19 -20 -21 29 25 26 24 -26 -27 -28 -29 -30 30 41 38 33 -35 -36 37 -38 -39 39 -41 -42 42 -44 -45
leaf_value=0.017862360382500095 -0.045651493098295082 0.0029978963113662933 0.038164471993124477 -0.012136152504741449 0.0043940522139228879 -0.022274622187915538 0.0094759186498816275 -0.030860894103825361 0.064236299021631402 -0.0022933136192708251 0.015145187534445131 -0.059123888131118435 0.0049218116392090181 -0.014971635677684248 0.0016675340202489679 -0.025155034017823132 -0.0094692515112320391 0.0027298419885373763 -0.0023713305644823802 0.01519073367998508 0.025217290743909566 0.10569349555909476 -0.019284035001996963 0.026459624466255695 -0.022315854898059286 -0.0054848938400480392 -0.067207590254773061 0.015873850262644738 0.031889796893845204 0.10560266367345089 0.0037602016569485246 -0.01202491095022834 -0.048012534517615127 0.016899833561244446 -0.041039127860229237 -0.0014431610369361834 -0.046797308971197563 -0.013480686648425007 0.20637475215149503 0.018531461102573876 -0.0093562216173021569 -0.00599388532015148 -0.031400542346127103 -0.011075623893957796
leaf_weight=86.958194722506278 38.390539716691137 2086.4275271184742 67.179966997359543 109.29043319541302 153.1141704916954 103.3940059794113 115.1637882553041 90.111802618950605 13.591491086385984 353.46270203124732 42.177431004805385 6.4825231742595397 1683.3624414447695 43.200332395732403 165.50208651646972 253.31136354804039 365.78120816126466 2026.6592600625008 3291.5350328460336 395.31846696138382 10.356282911523865 5.6171508861127659 37.326630515873148 54.404358114435468 41.321025585290386 5.0058387369517732 21.355932862712052 78.855670623966489 43.882319897413254 3.230972933701195 474.70529012305565 108.42086196187302 9.1694189132388129 240.80477741806237 21.317432158393444 478.64900439673102 9.9162926834651426 281.5353077558882 1.1267650438985573 11.13102385622676 36.468579360031526 396.80424345364986 68.168354442330838 179.79172442013214
leaf_count=739 76855 5908 14191 78546 413 352 363 318 2661 1118 29136 2036 5068 137 551 939 1332 6265 9390 1042 265 379 8131 19736 28534 1502 4165 3322 106 81 4244 807169 7467 88863 1952 2097 48 4631 547 9407 815 4273 622 1482
internal_value=1.1139e-05 0.000450047 0.00346266 0.00594872 -0.00125671 -0.000540657 -0.00725431 -0.0107768 0.00481865 -0.0068154 0.0243388 0.00525099 0.00388186 -2.542e-05 -0.0013191 -0.0145556 0.00262356 0.000864718 -0.000288292 0.0122193 -0.00305884 -0.0131945 -0.0162757 -0.0092411 0.0054051 0.0533032 -0.0367245 0.0229841 0.0105189 -0.00146447 -0.00390491 0.00534561 0.0107071 0.0145188 -0.0193754 -0.00396336 0.0112436 -0.00590128 -0.00716731 0.0357985 -0.0279698 -0.00422096 -0.00971869 -0.000315231
internal_weight=14109.8 12344.9 3055 2000.94 1054.06 9289.87 662.132 546.969 1885.1 456.857 115.84 48.66 1792.65 8627.74 5796.78 418.813 2830.96 2392.44 5377.96 438.519 1764.92 239.89 229.267 170.585 95.7254 10.623 58.6826 92.4472 196.996 1525.03 1122.7 402.327 281.648 249.974 31.6737 857.059 96.8745 760.184 120.679 12.2578 74.8591 1119.47 464.973 654.497
internal_count=1237198 170709 142994 134960 8034 27715 2151 1788 89597 1470 45363 31172 83614 25564 16788 1490 8776 7597 15298 1179 1066489 140117 138236 125940 48270 1881 12296 5983 519 926372 10702 915670 98547 96330 2217 7515 787 6728 817123 9954 77670 10621 4895 5726
is_linear=0
shrinkage=0.05


Tree=196
num_leaves=45
num_cat=0
split_feature=38 8 75 44 34 6 61 19 28 74 48 78 44 4 43 74 75 74 48 44 4 74 43 75 44 44 45 43 57 13 16 43 56 56 7 61 61 13 40 74 75 5 17 47
split_gain=7.49764 12.3568 15.4222 23.1082 15.321 15.2574 14.0583 12.4426 16.0365 10.7746 14.5932 13.4098 16.2475 12.7794 10.6991 10.5539 11.8689 10.4049 16.7849 18.0395 17.7837 16.4031 29.2429 25.8739 17.85 15.8681 15.6944 16.9544 15.1465 15.0148 14.6996 13.5687 12.8424 16.8737 19.1404 13.255 12.2761 12.1224 11.9406 11.8873 11.1608 10.8606 10.3721 10.3138
threshold=1.5000000000000002 0.77346038818359386 0.16166401676364703 0.99775428859790016 1.0000000180025095e-35 0.99367088079452526 58.500000000000007 0.89488223195076 0.55664202570915233 0.94412727889595982 0.88946755340042538 0.99999886056648768 0.99882909937808362 0.75255101919174205 71.500000000000014 0.79470359839972693 0.27467392447032618 0.74785458390773274 0.99117639425946602 0.99969856782995914 0.89009663462638866 0.7495290693556057 131.50000000000003 0.5602476959586965 0.99967731024014383 0.99695743547399018 -0.034940736509320051 63.500000000000007 14.500000000000002 0.84292763471603405 0.96892714500427257 7.5000000000000009 5.5000000000000009 6.5000000000000009 0.63068181276321422 53.500000000000007 35.500000000000007 0.097167581319808974 1.0000000180025095e-35 0.64587968716995414 0.034713166053291562 0.094494048506021514 0.21160864830017093 0.91319276552809481
decision_type=2 2 2 2 2 2 2 2 2 2 2 2 2 2 2 2 2 2 2 2 2 2 2 2 2 2 2 2 2 2 2 2 2 2 2 2 2 2 2 2 2 2 2 2
left_child=17 2 43 4 6 -6 -4 8 -5 10 11 12 -3 -11 -9 16 -12 18 19 26 39 22 23 24 -19 -24 37 -28 29 41 38 -22 35 34 -34 -23 -32 -1 -30 -21 -35 -20 -17 -2
right_child=1 9 3 7 5 -7 -8 14 -10 13 15 -13 -14 -15 -16 42 -18 21 28 20 31 32 25 -25 -26 -27 27 -29 30 -31 36 -33 33 40 -36 -37 -38 -39 -40 -41 -42 -43 -44 -45
leaf_value=-0.1048971403403461 0.0087416337799472044 -0.013055475409596782 0.021494469679811334 0.030954961907151048 -0.0031081720714901061 -0.027973356756844647 -0.060013941377481651 0.064960874062766696 -0.039247659461279644 -0.16840824103009597 0.0014925665604959846 0.019801210964081065 -0.054609036122524782 0.032827761980999175 -0.052231588133578546 0.0309395991559148 -0.014555919843623651 0.043101955089555916 -0.083052403292578125 -0.060416735510700752 0.024875148997342635 0.03980214410267921 0.029556575463294755 -0.028283523987682604 -0.05458010582201997 -0.10520580410311729 -0.011856419036447297 -0.038265693183631821 -0.0088137792433120501 -0.026248476107430248 0.034702086967101635 -0.079171482157834525 0.007286497524460288 0.0014936858390013977 -0.11744138972312268 -0.16673932430300931 0.0069299722405409955 -0.0055793449431312701 0.0028867831514982276 0.030141649941302962 -0.001947415300553694 0.007267836657364319 0.004033494127462455 0.028068003421158727
leaf_weight=3.0946479110717737 619.72261752429677 107.06091640890202 78.471181264142388 27.798055256574685 367.84198456169986 74.125469086031671 5.6725654414383362 23.442164395339663 11.500099294961499 0.81031241146047506 346.73518219163293 22.076179996132851 30.148198622499422 29.896019747675382 2.1239999424842599 43.101511643407093 172.53622342501899 83.624305403160861 3.4902908272854338 3.8607088587788203 5.0906749814748755 27.066796092562985 3.1977672540842814 17.890862323926285 4.953835491257677 6.8928272590569577 159.8511951139642 98.049337213102717 339.50894224990907 104.0145124335927 48.549182651564479 8.1498996556661023 5.827702101963494 5278.4754379739243 6.5138279823081575 0.79974644657977378 220.5644814439579 426.67968819066971 609.4906764807663 59.056472015928307 4256.5057039885451 71.723326034435559 211.97406359339732 77.687082014199405
leaf_count=549 469567 108718 16341 79979 215954 18341 3024 569 551 17 7993 54 46965 746 154 921 4931 1139 22 293 13 846 106 460 65 359 2772 2322 1137 544 122 131 252 62252 122 22 652 96352 2896 4547 80981 427 2760 230
internal_value=1.07959e-05 0.002655 0.00585876 -8.3881e-05 -0.0035555 -0.00727849 0.0159996 0.0280743 0.0104111 -0.00162532 -0.0025838 -0.0163666 -0.0221858 0.0275173 0.0552247 0.000251362 -0.0038398 -0.000491752 -0.00362889 -0.00958875 0.0135009 0.000207802 0.0188515 0.0265615 0.037639 -0.0624988 -0.0121459 -0.0218968 -0.000371027 -0.0139422 0.00162577 -0.0391681 -1.91497e-05 -0.000118078 -0.0585446 0.0338746 0.0119402 -0.0062945 -0.00129915 0.0245848 -4.24542e-05 0.00307652 0.00857997 0.0108945
internal_weight=14105.6 2252.72 1288.39 590.976 526.111 441.967 84.1437 64.8643 39.2982 964.339 933.632 159.285 137.209 30.7063 25.5662 774.347 519.271 11852.9 2161.17 763.833 76.1578 9691.75 116.56 106.469 88.5781 10.0906 687.675 257.901 1397.34 179.228 1218.11 13.2406 9575.19 9547.32 12.3415 27.8665 269.114 429.774 949 62.9172 9534.98 75.2136 255.076 697.41
internal_count=1237198 977815 804710 334913 253660 234295 19365 81253 80530 173105 172342 155737 155683 763 723 16605 12924 259383 112779 106979 4984 146604 2129 1664 1204 465 101995 5094 5800 993 4807 144 144475 143607 374 868 774 96901 4033 4840 143233 449 3681 469797
is_linear=0
shrinkage=0.05


Tree=197
num_leaves=45
num_cat=0
split_feature=41 43 43 74 74 13 16 75 74 43 74 56 75 74 43 74 75 43 1 57 47 44 48 74 58 27 75 75 28 44 56 44 43 20 75 75 27 74 44 43 4 57 44 17
split_gain=7.35287 9.1645 27.504 24.2985 19.7507 24.0187 19.0247 18.1513 17.8068 37.4958 18.0727 17.7044 27.5896 16.0539 27.7141 18.5844 30.4861 17.7628 21.3743 18.4866 17.023 15.876 20.8446 14.5039 12.7724 11.0601 15.6925 10.921 20.3781 14.7185 9.43312 9.13661 7.75856 9.09654 10.5914 12.3298 13.9937 8.50296 13.4045 11.9973 9.81116 15.4774 10.2939 8.05887
threshold=0.51027804613113414 33.500000000000007 49.500000000000007 0.77235107975040262 0.82006021917769722 0.12599206715822223 0.96892714500427257 0.0092347374085404738 0.7690225185272358 46.500000000000007 0.71894715964871347 39.500000000000007 0.021951004117354459 0.81611493993381334 16.500000000000004 0.85965128215670017 0.00031069125372307221 3.5000000000000004 0.77015754580497753 18.500000000000004 0.65873203582663697 0.99970456720254097 0.93904128099452755 0.67476956592363857 26.500000000000004 0.85254529118537914 0.00031069125372307221 0.73393649917705661 0.82192271947860729 0.99916874090618391 17.500000000000004 0.99954215820218428 7.5000000000000009 0.35857143998146063 0.0019008918826702306 0.045591284527031102 0.91440781950950634 0.55775765346823336 0.64528856710811444 24.500000000000004 0.80810147523880016 26.500000000000004 0.9997076070681451 0.76230832934379589
decision_type=2 2 2 2 2 2 2 2 2 2 2 2 2 2 2 2 2 2 2 2 2 2 2 2 2 2 2 2 2 2 2 2 2 2 2 2 2 2 2 2 2 2 2 2
left_child=1 13 3 8 5 6 -4 -7 10 -10 -3 30 -13 17 15 16 -15 18 24 -20 -17 22 -19 -23 -1 26 -16 29 -29 -6 -5 -27 -2 34 -34 43 -37 38 39 -35 42 -42 -39 -36
right_child=32 2 4 11 27 7 -8 -9 9 -11 -12 12 -14 14 25 20 -18 21 19 -21 -22 23 -24 -25 -26 31 -28 28 -30 -31 -32 -33 33 37 35 36 -38 40 -40 -41 41 -43 -44 -45
leaf_value=-0.090976810715852105 0.0085121363917744948 -0.0065789734058567797 -0.015919671959044156 0.03530269106949957 0.0072576837545676905 0.0052176758429790899 -0.076025839087811589 -0.002508465937524088 -0.0125988926737335 -0.17010585949627172 0.0082153594187050465 0.055325409988960961 -0.11963147767897027 -0.16062202925677369 -0.14377003227684979 0.002290299766608573 -0.010148542056699378 -0.015478030892521873 0.031785007857423046 -0.033280030173878573 -0.0049129051084123142 -0.060504362845791054 -0.0026546164106972248 0.018015484022708562 0.075559108182114698 0.017727753933857789 0.0068204942532170054 0.021524442666343086 -0.15451577180156822 0.039135038138448479 0.015270829652959804 0.048003019794381208 -0.048512695675349042 -0.069452278758504349 0.029989659314503526 0.0078185753757144157 -0.046057717459174086 0.0014325104661503439 -0.055066825622984733 0.028309381162709771 -0.030840071745255382 0.003513288685571369 0.055100509957127758 -0.10207180093315947
leaf_weight=15.841540756393217 495.45506882639597 274.00385502670156 109.66416325538876 71.940739332357907 98.397854208329818 961.82348817798538 14.960973271493001 3626.2699428877613 60.915695680221233 4.0284089546773876 837.04709777754579 3.7284622048789497 5.6953654305568762 3.3951313302661665 1.7491043483312285 2521.1439648120768 393.18900553162416 419.95165894681531 15.309133860935615 38.051626900218253 1215.7241229787469 6.2280006824676084 1291.4704921210966 105.61093433708902 1.241558405107752 119.40979878031885 158.1128109207757 4.3594596391304767 2.6390930582947476 57.296421378311265 321.00029657778828 31.49232346773465 7.6296106333923026 4.091752383808628 72.692663574844232 121.82441776957 13.375805716468902 420.32020228252736 19.006179518139561 13.466932065109402 63.290917043283116 68.02742543631939 9.1289430857905227 1.1738669754927276
leaf_count=265 5134 36368 11092 3536 25719 154510 94 752596 2839 407 44272 139 523 35 50 24864 2808 53898 99 278 3471 404 4996 1616 7 2044 4593 7834 26 22825 17297 428 1850 384 13601 20664 3549 9601 859 856 231 265 219 52
internal_value=1.04508e-05 -0.000354855 0.0009714 0.00670812 -0.0008858 -0.00147709 -0.0231353 -0.000888799 0.00307931 -0.0223689 0.00456683 0.0173141 -0.0504112 -0.00170535 -6.2701e-05 -0.00114534 -0.0114367 -0.00556039 -0.0301965 -0.014613 -5.31359e-05 -0.00460854 -0.00580125 0.0136429 -0.0788734 0.0143374 0.00517283 0.0162422 -0.0448588 0.0189887 0.0189383 0.024046 0.00357894 0.000576375 0.00935185 0.0114635 0.00248842 -0.00260713 -0.0259689 0.00552769 -0.00108383 -0.0130438 0.00257335 0.027891
internal_weight=14101.2 12791.7 6453.77 1578.36 4875.41 4712.72 124.625 4588.09 1176 64.9441 1111.05 402.365 9.42383 6337.92 4444.22 4133.45 396.584 1893.7 70.4439 53.3608 3736.87 1823.26 1711.42 111.839 17.0831 310.764 159.862 162.693 6.99855 155.694 392.941 150.902 1309.48 814.029 216.696 209.067 135.2 597.332 36.5649 17.5587 560.767 131.318 429.449 73.8665
internal_count=1237198 1179933 1080077 105381 974696 918292 11186 907106 83886 3246 80640 21495 662 99856 38293 31178 2843 61563 649 377 28335 60914 58894 2020 272 7115 4643 56404 7860 48544 20833 2472 57265 52131 39716 37866 24213 12415 2099 1240 10316 496 9820 13653
is_linear=0
shrinkage=0.05


Tree=198
num_leaves=45
num_cat=0
split_feature=4 76 21 31 37 73 16 54 77 30 74 75 35 28 20 73 52 36 74 74 37 47 54 41 66 33 74 74 74 64 52 78 56 75 8 29 76 17 42 44 28 29 9 72
split_gain=7.58861 7.77067 10.9138 12.2738 17.9274 14.4484 12.9415 11.5363 24.6902 21.1417 19.4268 14.1566 11.3969 18.7148 12.1099 11.0176 9.32795 8.95492 11.3538 26.2233 8.14266 6.66895 11.7142 8.36638 5.91306 8.80802 5.40872 6.58917 6.24758 5.08494 4.70271 5.08646 4.66978 6.15173 4.05426 3.86295 3.75654 3.00258 0.801219 0.539703 0.728963 0.116269 0.054027 0.0362903
threshold=0.054299755021929748 0.52979936332408595 1.0000000180025095e-35 0.12290209904313089 3.5000000000000004 54.500000000000007 0.69193577766418468 0.9999975384203722 0.17962771777507108 0.85019686818122875 0.60336812859337219 0.58105147084522546 1.5000000000000002 0.45783872902393347 0.30901856720447546 62.500000000000007 0.013529058578204148 11.500000000000002 0.72190224415528603 0.71894715964871347 4.5000000000000009 0.22913071008302102 0.99999623426245787 0.80816438794136058 2.5000000000000004 0.30257630348205572 0.49337244944199415 0.57971390242785648 0.63448895195058641 1.0000000180025095e-35 6.3033764641033397e-05 0.23390836776912052 14.500000000000002 0.034713166053291562 0.72821971774101268 0.74329745769500744 0.35139525814675421 0.33014288544654852 5.5000000000000009 0.95530620878895267 0.080000001937150969 1.0278325676918032 2.5000000000000004 1.5000000000000002
decision_type=2 2 2 2 2 2 2 2 2 2 2 2 2 2 2 2 2 2 2 2 2 2 2 2 2 2 2 2 2 2 2 2 2 2 2 2 2 2 2 2 2 2 2 2
left_child=26 2 7 4 5 -4 -6 8 16 -10 11 -9 14 -14 -5 -12 -2 20 19 -19 21 23 -23 -3 25 -20 -1 37 38 -26 35 -32 36 -34 -21 -22 -30 43 42 40 -39 -41 -29 -28
right_child=1 17 3 12 6 -7 -8 10 9 -11 15 -13 13 -15 -16 -17 -18 18 24 34 30 22 -24 -25 29 -27 27 28 32 -31 31 -33 33 -35 -36 -37 -38 39 -40 41 -42 -43 -44 -45
leaf_value=-0.055366971082549267 -0.018251499782753845 0.0055084819321453166 -0.0063245539924074766 -0.006134818437420632 -0.091705696358067343 -0.032208414529267697 0.027897813043854559 -0.009232024600224183 0.044630121082024889 0.010951392218273553 0.00081381327311825721 -0.11774974164168919 0.016233468200260469 0.0011971798298421538 -0.00041345138638939195 0.007732766394066011 0.048300288488825588 -0.051824835541544413 -0.078893476165607629 -0.051802951943091424 0.032622248782993704 0.066738538022648633 -0.011677919267771095 -0.029315274547669974 -0.049229472012697006 0.094310974863721836 -0.08727326662258747 -0.074827849492613313 0.062346137778387538 0.05298879572559978 -0.050925950881688546 0.061405034580810751 0.033400066306428541 -0.0016957291434631619 0.33426654163588204 -0.055718266330972294 -0.056751548544343659 0.073894756961231059 0.050220686422772956 0.084429442749394776 0.025979723568950765 0.10854346926626442 -0.093177053224147197 -0.052826388950690285
leaf_weight=2.560331270705432 75.389764549407346 216.55424656033972 134.01575505464439 1062.4428803487535 2.4144444306984942 90.201552978403242 35.753356337746482 306.38936304404115 57.936218569986522 238.11124292016029 1883.6337813697755 3.0351451784372321 242.07384214877561 1425.8303459149349 7142.4381928183739 828.40877808677033 5.6604167997613777 1.4436082853781038 1.192992422393899 0.074655818581959354 1.3539181360239378 4.8835983984420173 192.13818585497256 18.74006688294844 28.55065539008206 1.907827877276304 0.24468366801738639 0.64421105038718351 7.379029877483843 1.270812036734468 1.7975809515916115 2.2935922704637051 19.535333877960397 34.602453409172767 0.76296662592039866 14.389767740247974 0.72736018603177388 3.2556872113068493 0.11477279789482953 1.5176650696869276 1.0497191115052826 0.74538590177280628 1.0632712730186993 0.11121070634226271
leaf_count=2116 180983 148221 514 5444 1240 475 285 1954 163 843 5526 13 24885 4937 21710 2658 1536 27645 312 1290 17228 369 5950 463 82665 7181 1 23 32 1738 221277 11 2859 5695 117 456558 1016 57 578 131 40 3 28 428
internal_value=1.0842e-05 -7.31867e-05 0.000150182 -0.000672025 -0.0113452 -0.0167375 0.0203319 0.00260216 0.010848 0.0175423 0.00157302 -0.0102965 -0.000388368 0.00337949 -0.00115431 0.00292725 -0.0136036 -0.00627609 -0.0305661 0.0773057 -0.00438492 -0.00294769 -0.0097342 0.00273494 -0.0380406 0.0276733 0.0160293 0.0186042 0.0135963 -0.0448735 -0.0357104 0.012049 0.0162679 0.0109684 0.299857 -0.0481212 0.0516599 0.0649393 -0.0776584 0.0726034 0.0622124 0.0923719 -0.0862541 -0.0765092
internal_weight=14094.6 14021.1 13533.7 10135.2 262.385 224.217 38.1678 3398.56 377.098 296.047 3021.47 309.425 9872.79 1667.9 8204.88 2712.04 81.0502 487.354 35.2035 2.28123 452.151 432.316 197.022 235.294 32.9223 3.10082 73.5511 70.9908 64.0664 29.8215 19.8349 4.09117 62.2442 54.1378 0.837622 15.7437 8.10639 6.92435 1.82226 6.56846 4.30541 2.26305 1.70748 0.355894
internal_count=1237198 1224191 253166 59490 2514 989 1525 193676 183525 1006 10151 1967 56976 29822 27154 8184 182519 971025 120948 29052 850077 155003 6319 148684 91896 7493 13007 10891 10231 84403 695074 221288 9602 8554 1407 473786 1048 660 629 231 97 134 51 429
is_linear=0
shrinkage=0.05


Tree=199
num_leaves=45
num_cat=0
split_feature=76 53 74 19 2 46 20 56 47 74 48 43 43 75 75 61 17 2 56 66 47 18 76 56 17 48 46 31 16 16 45 19 27 48 35 62 43 66 76 60 5 66 56 74
split_gain=7.76475 14.663 15.2747 20.2364 19.1623 17.1768 15.3926 14.3434 13.8463 12.8726 18.2371 30.8425 17.6725 17.9263 15.0386 14.5488 14.3753 14.2301 12.8764 16.075 12.2073 12.1682 10.8162 10.5676 14.3082 11.9623 10.2799 11.785 15.7306 15.1461 13.5583 13.4585 12.7272 13.0802 11.6695 22.0435 18.6289 25.005 17.6012 16.3553 14.9336 16.4167 14.3794 12.3559
threshold=0.14630926420287657 0.85021877443604843 0.59514543181355706 0.66802722215652477 0.72746616601943981 0.99999838919154427 0.70294117927551281 15.500000000000002 0.65873203582663697 0.77235107975040262 0.98751063528077154 137.50000000000003 79.500000000000014 0.044432601129475897 0.0069609669033257613 29.500000000000004 0.16990566253662112 0.83229166269302379 7.5000000000000009 2.5000000000000004 0.15944021203530079 0.49104470014572149 0.082331710859778681 26.500000000000004 0.35018247365951544 0.96695455786364881 0.64613580925817204 0.85426780581474315 0.882317215204239 0.86203312873840343 -0.085541502036153585 0.83889505267143261 0.93189549446105968 0.97728884590586729 1.0000000180025095e-35 31.500000000000004 65.500000000000014 2.5000000000000004 0.51186502733243644 22.500000000000004 0.94185259938240062 3.5000000000000004 13.500000000000002 0.43949605872518499
decision_type=2 2 2 2 2 2 2 2 2 2 2 2 2 2 2 2 2 2 2 2 2 2 2 2 2 2 2 2 2 2 2 2 2 2 2 2 2 2 2 2 2 2 2 2
left_child=1 2 3 8 -4 6 -5 -7 22 10 11 14 16 15 -3 -14 20 -15 -12 -20 -11 -18 -1 24 -6 -25 34 28 29 30 -28 -31 -30 -34 35 40 42 -38 39 -36 -2 -42 -37 -41
right_child=26 9 4 5 23 7 -8 -9 -10 12 18 -13 13 17 -16 -17 21 -19 19 -21 -22 -23 -24 25 -26 -27 27 -29 32 31 -32 -33 33 -35 38 36 37 -39 -40 43 41 -43 -44 -45
leaf_value=0.0088895501947633439 -0.047896841475422308 0.0023947173102639215 0.022906773546628113 0.0017833531298729805 -0.0017379699723502587 0.0058274094852443885 -0.062415364085955265 -0.04164715251283594 0.059585153496566616 -0.025095354087493044 0.037511052110362347 -0.081452862114546096 -0.023767676575391389 0.024263156671935585 -0.011263086268958878 0.016652802030535013 0.013046326500376397 -0.0070251567138835628 -0.010285348771889965 0.00082068250122997407 0.018692113508701345 -0.00048903055992542287 -0.057432987249888524 -0.014181667996842765 0.018340442919554667 0.0068683496451472275 -0.001176406408924945 0.0044473657085760459 -0.031359682187159968 0.051470322235369598 -0.017215216043095539 -0.0094727872025306605 0.0041792237553685959 -0.051120221129954006 -0.094740367659623445 0.03527379627007711 -0.053045240295717867 0.026755265673972958 -0.0050776084824777391 -0.042681059485024722 -0.03290577724382051 0.02119074699307329 -0.010934947310261622 0.012534451179707851
leaf_weight=174.07391139376205 45.177441036579353 286.10825269845282 201.8117310302332 156.86352005513891 143.0196597725153 21.256103687104769 9.9277453398431117 63.257377111440292 13.20622493594419 17.675168484449387 22.24082612991333 14.200340301832282 23.465142656117678 43.592355135828257 681.97154168774273 434.20702178962529 170.99512110650539 218.42525991238654 376.92947155795991 2402.6962398083815 160.01547288894653 5737.0398601442575 6.3724483063560902 118.23880565259606 233.7440668232739 157.2533438205719 351.07560387194849 197.70299286248883 122.50722416698363 21.481273133736522 210.93256934504961 15.665781425056592 62.626460903587486 12.895173458549833 3.6685042979926257 18.196955792965582 11.017125570886718 90.075086378067226 308.20183890909595 10.370830568823292 32.305868050188224 24.783419138354702 225.06930523015149 439.80465753022827
leaf_count=89080 66571 1015 568 6385 411 88 196 345 47 52 56 373 115 165 2410 1778 501 915 1150 6695 433 16791 15933 365 625 457 2464 864 733 68 1199 92 331 110 218 368 989 9644 822874 58088 72150 21863 15280 16343
internal_value=1.01599e-05 0.000515452 0.00552902 -0.00198261 0.00944247 -0.0113429 -0.00203788 -0.0297068 0.0101643 -9.95638e-05 -0.00243736 -0.00829968 0.00120037 0.00860964 -0.00722663 0.0145804 0.000324157 -0.00181966 -0.000382147 -0.000685344 0.0143365 -9.72793e-05 0.00654738 0.00527654 0.0107187 -0.00216613 -0.00271598 -0.00648014 -0.00919019 -0.00515227 -0.00719608 0.0257692 -0.0214073 -0.00526305 0.000382397 -0.00603503 1.83864e-05 0.0180585 0.00414357 0.0104056 -0.0264184 -0.00942157 -0.00747841 0.0112624
internal_weight=14092.1 11888.6 1299.02 444.957 854.068 251.305 166.791 84.5135 193.653 10589.6 3784.15 982.28 6805.42 719.69 968.08 457.672 6085.73 262.018 2801.87 2779.63 177.691 5908.03 180.446 652.256 376.764 275.492 2203.56 994.887 797.184 599.155 562.008 37.1471 198.029 75.5216 1208.67 446.625 344.358 101.092 762.046 453.844 102.267 57.0893 243.266 450.175
internal_count=1237198 146949 114500 112074 2426 7014 6581 433 105060 32449 11699 3798 20750 2973 3425 1893 17777 1080 7901 7845 485 17292 105013 1858 1036 822 1090249 5861 4997 3823 3663 160 1174 441 1084388 186865 26281 10633 897523 74649 160584 94013 15648 74431
is_linear=0
shrinkage=0.05


end of trees

feature_importances:
s1_top1_score=992
cand_count=663
s1_top1_margin=468
s1_score_gap_to_top1=433
top1_score=373
s1_score_gap_to_median=357
s1_score_ratio_top1=314
score_diff_mean=262
s1_addr_len=227
s1_name_len=209
tfidf_score=189
score_diff_top1=184
sx_name_len=153
score_percentile=138
target_margin=133
sx_addr_len=133
target_score_ratio=126
s1_cand_rank=126
name_translit_sim=124
addr_len_ratio=120
num_toks_diff=119
name_jaro_winkler=115
s1_cand_count=113
name_addr_min=109
name_addr_combined_sim=109
addr_levenshtein=101
addr_num_shared=101
score_ratio_top1=98
name_addr_max=96
name_addr_prod=94
s1_name_words=94
name_exact_addr_missing=92
cand_rank=90
name_char_3gram_jaccard=89
addr_len_diff_abs=89
sx_name_words=88
target_second_best_base_score=83
target_best_base_score=80
addr_token_jaccard=79
name_len_ratio=77
name_levenshtein=69
addr_token_set=66
name_ratio=57
addr_jaro_winkler=56
name_addr_sum=56
name_token_set=54
addr_token_sort=52
digits_agree=48
name_token_sort=42
name_toks_only_sx=41
name_wratio=40
addr_ratio=38
addr_tok_count_diff=38
addr_toks_only_sx=37
addr_toks_only_s1=31
addr_house_num_exact=28
sx_has_digits=28
name_len_diff=27
name_token_jaccard=25
name_toks_only_s1=25
name_tok_count_diff=14
target_candidate_count=12
target_rank=11
name_len_ratio_minmax=9
s1_has_digits=8
name_exact=7
addr_house_num_conflict=7
name_len_diff_abs=6
word_count_diff=3
name_first_token_match=2
name_first_token_conflict=1

parameters:
[boosting: gbdt]
[objective: binary]
[metric: binary_logloss]
[tree_learner: serial]
[device_type: cpu]
[data_sample_strategy: bagging]
[data: ]
[valid: ]
[num_iterations: 200]
[learning_rate: 0.05]
[num_leaves: 45]
[num_threads: 6]
[seed: 42]
[deterministic: 0]
[force_col_wise: 0]
[force_row_wise: 0]
[histogram_pool_size: -1]
[max_depth: 6]
[min_data_in_leaf: 20]
[min_sum_hessian_in_leaf: 0.001]
[bagging_fraction: 0.85]
[pos_bagging_fraction: 1]
[neg_bagging_fraction: 1]
[bagging_freq: 0]
[bagging_seed: 400]
[bagging_by_query: 0]
[feature_fraction: 0.85]
[feature_fraction_bynode: 1]
[feature_fraction_seed: 30056]
[extra_trees: 0]
[extra_seed: 12879]
[early_stopping_round: 0]
[early_stopping_min_delta: 0]
[first_metric_only: 0]
[max_delta_step: 0]
[lambda_l1: 0]
[lambda_l2: 0]
[linear_lambda: 0]
[min_gain_to_split: 0]
[drop_rate: 0.1]
[max_drop: 50]
[skip_drop: 0.5]
[xgboost_dart_mode: 0]
[uniform_drop: 0]
[drop_seed: 17869]
[top_rate: 0.2]
[other_rate: 0.1]
[min_data_per_group: 100]
[max_cat_threshold: 32]
[cat_l2: 10]
[cat_smooth: 10]
[max_cat_to_onehot: 4]
[top_k: 20]
[monotone_constraints: ]
[monotone_constraints_method: basic]
[monotone_penalty: 0]
[feature_contri: ]
[forcedsplits_filename: ]
[refit_decay_rate: 0.9]
[cegb_tradeoff: 1]
[cegb_penalty_split: 0]
[cegb_penalty_feature_lazy: ]
[cegb_penalty_feature_coupled: ]
[path_smooth: 0]
[interaction_constraints: ]
[verbosity: -1]
[saved_feature_importance_type: 0]
[use_quantized_grad: 0]
[num_grad_quant_bins: 4]
[quant_train_renew_leaf: 0]
[stochastic_rounding: 1]
[linear_tree: 0]
[max_bin: 255]
[max_bin_by_feature: ]
[min_data_in_bin: 3]
[bin_construct_sample_cnt: 200000]
[data_random_seed: 175]
[is_enable_sparse: 1]
[enable_bundle: 1]
[use_missing: 1]
[zero_as_missing: 0]
[feature_pre_filter: 1]
[pre_partition: 0]
[two_round: 0]
[header: 0]
[label_column: ]
[weight_column: ]
[group_column: ]
[ignore_column: ]
[categorical_feature: ]
[forcedbins_filename: ]
[precise_float_parser: 0]
[parser_config_file: ]
[objective_seed: 16083]
[num_class: 1]
[is_unbalance: 0]
[scale_pos_weight: 3]
[sigmoid: 1]
[boost_from_average: 1]
[reg_sqrt: 0]
[alpha: 0.9]
[fair_c: 1]
[poisson_max_delta_step: 0.7]
[tweedie_variance_power: 1.5]
[lambdarank_truncation_level: 30]
[lambdarank_norm: 1]
[label_gain: ]
[lambdarank_position_bias_regularization: 0]
[eval_at: ]
[multi_error_top_k: 1]
[auc_mu_weights: ]
[num_machines: 1]
[local_listen_port: 12400]
[time_out: 120]
[machine_list_filename: ]
[machines: ]
[gpu_platform_id: -1]
[gpu_device_id: -1]
[gpu_device_id_list: ]
[gpu_use_dp: 0]
[num_gpu: 1]

end of parameters

pandas_categorical:[]
